{
  "zone activity" : {
    "transaction" : "zone activity",
    "sampleCount" : 5,
    "errorCount" : 0,
    "errorPct" : 0.0,
    "meanResTime" : 560.4,
    "medianResTime" : 564.0,
    "minResTime" : 369.0,
    "maxResTime" : 738.0,
    "pct1ResTime" : 738.0,
    "pct2ResTime" : 738.0,
    "pct3ResTime" : 738.0,
    "throughput" : 1.9538882375928095,
    "receivedKBytesPerSec" : 544.0487311938257,
    "sentKBytesPerSec" : 0.6373033899960922
  },
  "Total" : {
    "transaction" : "Total",
    "sampleCount" : 15,
    "errorCount" : 0,
    "errorPct" : 0.0,
    "meanResTime" : 389.8,
    "medianResTime" : 254.0,
    "minResTime" : 81.0,
    "maxResTime" : 1342.0,
    "pct1ResTime" : 979.6000000000003,
    "pct2ResTime" : 1342.0,
    "pct3ResTime" : 1342.0,
    "throughput" : 3.2271944922547333,
    "receivedKBytesPerSec" : 301.08800155981066,
    "sentKBytesPerSec" : 0.9213051984724613
  },
  "login" : {
    "transaction" : "login",
    "sampleCount" : 5,
    "errorCount" : 0,
    "errorPct" : 0.0,
    "meanResTime" : 504.4,
    "medianResTime" : 254.0,
    "minResTime" : 242.0,
    "maxResTime" : 1342.0,
    "pct1ResTime" : 1342.0,
    "pct2ResTime" : 1342.0,
    "pct3ResTime" : 1342.0,
    "throughput" : 1.201634222542658,
    "receivedKBytesPerSec" : 0.9411236782023553,
    "sentKBytesPerSec" : 0.2992350847152127
  },
  "create api key" : {
    "transaction" : "create api key",
    "sampleCount" : 5,
    "errorCount" : 0,
    "errorPct" : 0.0,
    "meanResTime" : 104.6,
    "medianResTime" : 87.0,
    "minResTime" : 81.0,
    "maxResTime" : 135.0,
    "pct1ResTime" : 135.0,
    "pct2ResTime" : 135.0,
    "pct3ResTime" : 135.0,
    "throughput" : 2.163565556036348,
    "receivedKBytesPerSec" : 1.4367427520553873,
    "sentKBytesPerSec" : 0.6085028126352229
  }
}