{
  "zone activity" : {
    "transaction" : "zone activity",
    "sampleCount" : 5,
    "errorCount" : 0,
    "errorPct" : 0.0,
    "meanResTime" : 854.0,
    "medianResTime" : 808.0,
    "minResTime" : 400.0,
    "maxResTime" : 1334.0,
    "pct1ResTime" : 1334.0,
    "pct2ResTime" : 1334.0,
    "pct3ResTime" : 1334.0,
    "throughput" : 1.7099863201094392,
    "receivedKBytesPerSec" : 475.59027926214094,
    "sentKBytesPerSec" : 0.557749444254446
  },
  "Total" : {
    "transaction" : "Total",
    "sampleCount" : 15,
    "errorCount" : 0,
    "errorPct" : 0.0,
    "meanResTime" : 444.73333333333335,
    "medianResTime" : 240.0,
    "minResTime" : 75.0,
    "maxResTime" : 1334.0,
    "pct1ResTime" : 1329.8,
    "pct2ResTime" : 1334.0,
    "pct3ResTime" : 1334.0,
    "throughput" : 3.2453483340545217,
    "receivedKBytesPerSec" : 302.4360395932497,
    "sentKBytesPerSec" : 0.9264877893768931
  },
  "login" : {
    "transaction" : "login",
    "sampleCount" : 5,
    "errorCount" : 0,
    "errorPct" : 0.0,
    "meanResTime" : 388.4,
    "medianResTime" : 240.0,
    "minResTime" : 229.0,
    "maxResTime" : 988.0,
    "pct1ResTime" : 988.0,
    "pct2ResTime" : 988.0,
    "pct3ResTime" : 988.0,
    "throughput" : 1.207437816952427,
    "receivedKBytesPerSec" : 0.9456690714803188,
    "sentKBytesPerSec" : 0.30068031574498916
  },
  "create api key" : {
    "transaction" : "create api key",
    "sampleCount" : 5,
    "errorCount" : 0,
    "errorPct" : 0.0,
    "meanResTime" : 91.8,
    "medianResTime" : 79.0,
    "minResTime" : 75.0,
    "maxResTime" : 124.0,
    "pct1ResTime" : 124.0,
    "pct2ResTime" : 124.0,
    "pct3ResTime" : 124.0,
    "throughput" : 1.8932222642938281,
    "receivedKBytesPerSec" : 1.2561085999621355,
    "sentKBytesPerSec" : 0.5324687618326391
  }
}