{
  "zone activity" : {
    "transaction" : "zone activity",
    "sampleCount" : 10,
    "errorCount" : 0,
    "errorPct" : 0.0,
    "meanResTime" : 145.2,
    "medianResTime" : 143.0,
    "minResTime" : 139.0,
    "maxResTime" : 157.0,
    "pct1ResTime" : 157.0,
    "pct2ResTime" : 157.0,
    "pct3ResTime" : 157.0,
    "throughput" : 1.3231013495633765,
    "receivedKBytesPerSec" : 20.642448399047368,
    "sentKBytesPerSec" : 0.43026635684043396
  },
  "Total" : {
    "transaction" : "Total",
    "sampleCount" : 30,
    "errorCount" : 0,
    "errorPct" : 0.0,
    "meanResTime" : 178.2,
    "medianResTime" : 143.0,
    "minResTime" : 73.0,
    "maxResTime" : 1073.0,
    "pct1ResTime" : 232.60000000000002,
    "pct2ResTime" : 615.9499999999994,
    "pct3ResTime" : 1073.0,
    "throughput" : 3.209929381553606,
    "receivedKBytesPerSec" : 20.414398539482132,
    "sentKBytesPerSec" : 0.9163763240958699
  },
  "login" : {
    "transaction" : "login",
    "sampleCount" : 10,
    "errorCount" : 0,
    "errorPct" : 0.0,
    "meanResTime" : 310.40000000000003,
    "medianResTime" : 224.0,
    "minResTime" : 216.0,
    "maxResTime" : 1073.0,
    "pct1ResTime" : 989.9000000000003,
    "pct2ResTime" : 1073.0,
    "pct3ResTime" : 1073.0,
    "throughput" : 1.095290251916758,
    "receivedKBytesPerSec" : 1.9702389101861992,
    "sentKBytesPerSec" : 0.27382256297918944
  },
  "create api key" : {
    "transaction" : "create api key",
    "sampleCount" : 10,
    "errorCount" : 0,
    "errorPct" : 0.0,
    "meanResTime" : 79.0,
    "medianResTime" : 75.0,
    "minResTime" : 73.0,
    "maxResTime" : 97.0,
    "pct1ResTime" : 96.8,
    "pct2ResTime" : 97.0,
    "pct3ResTime" : 97.0,
    "throughput" : 1.3285505513484788,
    "receivedKBytesPerSec" : 2.230511824099907,
    "sentKBytesPerSec" : 0.3736548425667597
  }
}