{
  "zone activity" : {
    "transaction" : "zone activity",
    "sampleCount" : 10,
    "errorCount" : 0,
    "errorPct" : 0.0,
    "meanResTime" : 50.5,
    "medianResTime" : 50.5,
    "minResTime" : 49.0,
    "maxResTime" : 53.0,
    "pct1ResTime" : 52.9,
    "pct2ResTime" : 53.0,
    "pct3ResTime" : 53.0,
    "throughput" : 1.329433661260303,
    "receivedKBytesPerSec" : 20.741242355756448,
    "sentKBytesPerSec" : 0.4323255949215634
  },
  "Total" : {
    "transaction" : "Total",
    "sampleCount" : 30,
    "errorCount" : 0,
    "errorPct" : 0.0,
    "meanResTime" : 83.66666666666666,
    "medianResTime" : 51.0,
    "minResTime" : 27.0,
    "maxResTime" : 907.0,
    "pct1ResTime" : 89.60000000000001,
    "pct2ResTime" : 462.04999999999944,
    "pct3ResTime" : 907.0,
    "throughput" : 3.3061494379545957,
    "receivedKBytesPerSec" : 21.026335546616707,
    "sentKBytesPerSec" : 0.9438453961869077
  },
  "login" : {
    "transaction" : "login",
    "sampleCount" : 10,
    "errorCount" : 0,
    "errorPct" : 0.0,
    "meanResTime" : 167.8,
    "medianResTime" : 85.0,
    "minResTime" : 81.0,
    "maxResTime" : 907.0,
    "pct1ResTime" : 826.1000000000003,
    "pct2ResTime" : 907.0,
    "pct3ResTime" : 907.0,
    "throughput" : 1.1117287381878822,
    "receivedKBytesPerSec" : 1.999808921623124,
    "sentKBytesPerSec" : 0.27793218454697055
  },
  "create api key" : {
    "transaction" : "create api key",
    "sampleCount" : 10,
    "errorCount" : 0,
    "errorPct" : 0.0,
    "meanResTime" : 32.7,
    "medianResTime" : 28.5,
    "minResTime" : 27.0,
    "maxResTime" : 52.0,
    "pct1ResTime" : 51.8,
    "pct2ResTime" : 52.0,
    "pct3ResTime" : 52.0,
    "throughput" : 1.326787846623325,
    "receivedKBytesPerSec" : 2.2275524081199416,
    "sentKBytesPerSec" : 0.37315908186281016
  }
}