{
  "zone activity" : {
    "transaction" : "zone activity",
    "sampleCount" : 5,
    "errorCount" : 0,
    "errorPct" : 0.0,
    "meanResTime" : 467.4,
    "medianResTime" : 704.0,
    "minResTime" : 89.0,
    "maxResTime" : 724.0,
    "pct1ResTime" : 724.0,
    "pct2ResTime" : 724.0,
    "pct3ResTime" : 724.0,
    "throughput" : 2.450980392156863,
    "receivedKBytesPerSec" : 681.8560431985294,
    "sentKBytesPerSec" : 0.7994408700980392
  },
  "Total" : {
    "transaction" : "Total",
    "sampleCount" : 15,
    "errorCount" : 0,
    "errorPct" : 0.0,
    "meanResTime" : 298.2,
    "medianResTime" : 68.0,
    "minResTime" : 16.0,
    "maxResTime" : 1349.0,
    "pct1ResTime" : 974.0000000000002,
    "pct2ResTime" : 1349.0,
    "pct3ResTime" : 1349.0,
    "throughput" : 3.6936715094804233,
    "receivedKBytesPerSec" : 344.3045316732332,
    "sentKBytesPerSec" : 1.0544758834031027
  },
  "login" : {
    "transaction" : "login",
    "sampleCount" : 5,
    "errorCount" : 0,
    "errorPct" : 0.0,
    "meanResTime" : 391.6,
    "medianResTime" : 68.0,
    "minResTime" : 48.0,
    "maxResTime" : 1349.0,
    "pct1ResTime" : 1349.0,
    "pct2ResTime" : 1349.0,
    "pct3ResTime" : 1349.0,
    "throughput" : 1.2645422357106728,
    "receivedKBytesPerSec" : 0.9903934307030854,
    "sentKBytesPerSec" : 0.31490065440060694
  },
  "create api key" : {
    "transaction" : "create api key",
    "sampleCount" : 5,
    "errorCount" : 0,
    "errorPct" : 0.0,
    "meanResTime" : 35.6,
    "medianResTime" : 42.0,
    "minResTime" : 16.0,
    "maxResTime" : 59.0,
    "pct1ResTime" : 59.0,
    "pct2ResTime" : 59.0,
    "pct3ResTime" : 59.0,
    "throughput" : 2.4888003982080633,
    "receivedKBytesPerSec" : 1.6517468267794924,
    "sentKBytesPerSec" : 0.6999751119960179
  }
}