{
  "zone activity" : {
    "transaction" : "zone activity",
    "sampleCount" : 5,
    "errorCount" : 0,
    "errorPct" : 0.0,
    "meanResTime" : 400.8,
    "medianResTime" : 401.0,
    "minResTime" : 380.0,
    "maxResTime" : 420.0,
    "pct1ResTime" : 420.0,
    "pct2ResTime" : 420.0,
    "pct3ResTime" : 420.0,
    "throughput" : 1.9142419601837672,
    "receivedKBytesPerSec" : 532.8643939031393,
    "sentKBytesPerSec" : 0.6243718893568146
  },
  "Total" : {
    "transaction" : "Total",
    "sampleCount" : 15,
    "errorCount" : 0,
    "errorPct" : 0.0,
    "meanResTime" : 299.0666666666666,
    "medianResTime" : 250.0,
    "minResTime" : 77.0,
    "maxResTime" : 1049.0,
    "pct1ResTime" : 671.6000000000003,
    "pct2ResTime" : 1049.0,
    "pct3ResTime" : 1049.0,
    "throughput" : 3.248862897985705,
    "receivedKBytesPerSec" : 303.02689956952565,
    "sentKBytesPerSec" : 0.9274911333116742
  },
  "login" : {
    "transaction" : "login",
    "sampleCount" : 5,
    "errorCount" : 0,
    "errorPct" : 0.0,
    "meanResTime" : 408.0,
    "medianResTime" : 250.0,
    "minResTime" : 235.0,
    "maxResTime" : 1049.0,
    "pct1ResTime" : 1049.0,
    "pct2ResTime" : 1049.0,
    "pct3ResTime" : 1049.0,
    "throughput" : 1.20598166907863,
    "receivedKBytesPerSec" : 0.944528611915099,
    "sentKBytesPerSec" : 0.3003177007959479
  },
  "create api key" : {
    "transaction" : "create api key",
    "sampleCount" : 5,
    "errorCount" : 0,
    "errorPct" : 0.0,
    "meanResTime" : 88.4,
    "medianResTime" : 82.0,
    "minResTime" : 77.0,
    "maxResTime" : 102.0,
    "pct1ResTime" : 102.0,
    "pct2ResTime" : 102.0,
    "pct3ResTime" : 102.0,
    "throughput" : 2.139495079161318,
    "receivedKBytesPerSec" : 1.4195048406076165,
    "sentKBytesPerSec" : 0.6017329910141206
  }
}