{
  "zone activity" : {
    "transaction" : "zone activity",
    "sampleCount" : 5,
    "errorCount" : 0,
    "errorPct" : 0.0,
    "meanResTime" : 296.4,
    "medianResTime" : 300.0,
    "minResTime" : 273.0,
    "maxResTime" : 318.0,
    "pct1ResTime" : 318.0,
    "pct2ResTime" : 318.0,
    "pct3ResTime" : 318.0,
    "throughput" : 1.531862745098039,
    "receivedKBytesPerSec" : 426.1660108379289,
    "sentKBytesPerSec" : 0.49965054381127455
  },
  "Total" : {
    "transaction" : "Total",
    "sampleCount" : 15,
    "errorCount" : 0,
    "errorPct" : 0.0,
    "meanResTime" : 201.66666666666663,
    "medianResTime" : 175.0,
    "minResTime" : 54.0,
    "maxResTime" : 540.0,
    "pct1ResTime" : 406.80000000000007,
    "pct2ResTime" : 540.0,
    "pct3ResTime" : 540.0,
    "throughput" : 3.386769022352676,
    "receivedKBytesPerSec" : 315.7006731203432,
    "sentKBytesPerSec" : 0.9668608179047189
  },
  "login" : {
    "transaction" : "login",
    "sampleCount" : 5,
    "errorCount" : 0,
    "errorPct" : 0.0,
    "meanResTime" : 247.2,
    "medianResTime" : 175.0,
    "minResTime" : 161.0,
    "maxResTime" : 540.0,
    "pct1ResTime" : 540.0,
    "pct2ResTime" : 540.0,
    "pct3ResTime" : 540.0,
    "throughput" : 1.224589762429586,
    "receivedKBytesPerSec" : 0.9591025287778594,
    "sentKBytesPerSec" : 0.30495155216752384
  },
  "create api key" : {
    "transaction" : "create api key",
    "sampleCount" : 5,
    "errorCount" : 0,
    "errorPct" : 0.0,
    "meanResTime" : 61.4,
    "medianResTime" : 57.0,
    "minResTime" : 54.0,
    "maxResTime" : 82.0,
    "pct1ResTime" : 82.0,
    "pct2ResTime" : 82.0,
    "pct3ResTime" : 82.0,
    "throughput" : 1.6244314489928524,
    "receivedKBytesPerSec" : 1.0774549220272904,
    "sentKBytesPerSec" : 0.45687134502923976
  }
}