{
  "zone activity" : {
    "transaction" : "zone activity",
    "sampleCount" : 5,
    "errorCount" : 0,
    "errorPct" : 0.0,
    "meanResTime" : 326.4,
    "medianResTime" : 482.0,
    "minResTime" : 76.0,
    "maxResTime" : 490.0,
    "pct1ResTime" : 490.0,
    "pct2ResTime" : 490.0,
    "pct3ResTime" : 490.0,
    "throughput" : 2.686727565824825,
    "receivedKBytesPerSec" : 747.8600634739388,
    "sentKBytesPerSec" : 0.8763349677592692
  },
  "Total" : {
    "transaction" : "Total",
    "sampleCount" : 15,
    "errorCount" : 0,
    "errorPct" : 0.0,
    "meanResTime" : 263.2,
    "medianResTime" : 66.0,
    "minResTime" : 16.0,
    "maxResTime" : 1329.0,
    "pct1ResTime" : 913.2000000000003,
    "pct2ResTime" : 1329.0,
    "pct3ResTime" : 1329.0,
    "throughput" : 3.9133837725019567,
    "receivedKBytesPerSec" : 364.98876940386117,
    "sentKBytesPerSec" : 1.117199729324289
  },
  "login" : {
    "transaction" : "login",
    "sampleCount" : 5,
    "errorCount" : 0,
    "errorPct" : 0.0,
    "meanResTime" : 425.4,
    "medianResTime" : 66.0,
    "minResTime" : 46.0,
    "maxResTime" : 1329.0,
    "pct1ResTime" : 1329.0,
    "pct2ResTime" : 1329.0,
    "pct3ResTime" : 1329.0,
    "throughput" : 1.337613697164259,
    "receivedKBytesPerSec" : 1.0476232276618513,
    "sentKBytesPerSec" : 0.33309716091492775
  },
  "create api key" : {
    "transaction" : "create api key",
    "sampleCount" : 5,
    "errorCount" : 0,
    "errorPct" : 0.0,
    "meanResTime" : 37.8,
    "medianResTime" : 44.0,
    "minResTime" : 16.0,
    "maxResTime" : 66.0,
    "pct1ResTime" : 66.0,
    "pct2ResTime" : 66.0,
    "pct3ResTime" : 66.0,
    "throughput" : 2.7114967462039044,
    "receivedKBytesPerSec" : 1.7995441296095445,
    "sentKBytesPerSec" : 0.7626084598698482
  }
}