{
  "zone activity" : {
    "transaction" : "zone activity",
    "sampleCount" : 5,
    "errorCount" : 0,
    "errorPct" : 0.0,
    "meanResTime" : 227.6,
    "medianResTime" : 229.0,
    "minResTime" : 215.0,
    "maxResTime" : 240.0,
    "pct1ResTime" : 240.0,
    "pct2ResTime" : 240.0,
    "pct3ResTime" : 240.0,
    "throughput" : 1.7972681524083394,
    "receivedKBytesPerSec" : 499.8732785540978,
    "sentKBytesPerSec" : 0.5862183231488138
  },
  "Total" : {
    "transaction" : "Total",
    "sampleCount" : 15,
    "errorCount" : 0,
    "errorPct" : 0.0,
    "meanResTime" : 172.13333333333333,
    "medianResTime" : 139.0,
    "minResTime" : 46.0,
    "maxResTime" : 620.0,
    "pct1ResTime" : 392.0000000000001,
    "pct2ResTime" : 620.0,
    "pct3ResTime" : 620.0,
    "throughput" : 3.452243958573072,
    "receivedKBytesPerSec" : 321.72216628308405,
    "sentKBytesPerSec" : 0.9855527186421175
  },
  "login" : {
    "transaction" : "login",
    "sampleCount" : 5,
    "errorCount" : 0,
    "errorPct" : 0.0,
    "meanResTime" : 236.8,
    "medianResTime" : 139.0,
    "minResTime" : 135.0,
    "maxResTime" : 620.0,
    "pct1ResTime" : 620.0,
    "pct2ResTime" : 620.0,
    "pct3ResTime" : 620.0,
    "throughput" : 1.232741617357002,
    "receivedKBytesPerSec" : 0.9654870870315582,
    "sentKBytesPerSec" : 0.3069815551035503
  },
  "create api key" : {
    "transaction" : "create api key",
    "sampleCount" : 5,
    "errorCount" : 0,
    "errorPct" : 0.0,
    "meanResTime" : 52.0,
    "medianResTime" : 50.0,
    "minResTime" : 46.0,
    "maxResTime" : 58.0,
    "pct1ResTime" : 58.0,
    "pct2ResTime" : 58.0,
    "pct3ResTime" : 58.0,
    "throughput" : 1.9105846388995034,
    "receivedKBytesPerSec" : 1.2683744507069163,
    "sentKBytesPerSec" : 0.5373519296904853
  }
}