{
  "zone activity" : {
    "transaction" : "zone activity",
    "sampleCount" : 5,
    "errorCount" : 0,
    "errorPct" : 0.0,
    "meanResTime" : 26.2,
    "medianResTime" : 26.0,
    "minResTime" : 25.0,
    "maxResTime" : 28.0,
    "pct1ResTime" : 28.0,
    "pct2ResTime" : 28.0,
    "pct3ResTime" : 28.0,
    "throughput" : 2.2624434389140275,
    "receivedKBytesPerSec" : 32.893806561085974,
    "sentKBytesPerSec" : 0.7357360011312217
  },
  "Total" : {
    "transaction" : "Total",
    "sampleCount" : 15,
    "errorCount" : 0,
    "errorPct" : 0.0,
    "meanResTime" : 116.8,
    "medianResTime" : 28.0,
    "minResTime" : 16.0,
    "maxResTime" : 1114.0,
    "pct1ResTime" : 565.6000000000004,
    "pct2ResTime" : 1114.0,
    "pct3ResTime" : 1114.0,
    "throughput" : 3.7471896077941547,
    "receivedKBytesPerSec" : 19.96720233262553,
    "sentKBytesPerSec" : 1.0685345365975518
  },
  "login" : {
    "transaction" : "login",
    "sampleCount" : 5,
    "errorCount" : 0,
    "errorPct" : 0.0,
    "meanResTime" : 293.0,
    "medianResTime" : 56.0,
    "minResTime" : 47.0,
    "maxResTime" : 1114.0,
    "pct1ResTime" : 1114.0,
    "pct2ResTime" : 1114.0,
    "pct3ResTime" : 1114.0,
    "throughput" : 1.2629451881788332,
    "receivedKBytesPerSec" : 0.9891426180853751,
    "sentKBytesPerSec" : 0.31450295213437734
  },
  "create api key" : {
    "transaction" : "create api key",
    "sampleCount" : 5,
    "errorCount" : 0,
    "errorPct" : 0.0,
    "meanResTime" : 31.2,
    "medianResTime" : 18.0,
    "minResTime" : 16.0,
    "maxResTime" : 64.0,
    "pct1ResTime" : 64.0,
    "pct2ResTime" : 64.0,
    "pct3ResTime" : 64.0,
    "throughput" : 2.229157378510923,
    "receivedKBytesPerSec" : 1.4789936747659385,
    "sentKBytesPerSec" : 0.6269505127061971
  }
}