{
  "zone activity" : {
    "transaction" : "zone activity",
    "sampleCount" : 5,
    "errorCount" : 0,
    "errorPct" : 0.0,
    "meanResTime" : 366.0,
    "medianResTime" : 438.0,
    "minResTime" : 72.0,
    "maxResTime" : 442.0,
    "pct1ResTime" : 442.0,
    "pct2ResTime" : 442.0,
    "pct3ResTime" : 442.0,
    "throughput" : 5.88235294117647,
    "receivedKBytesPerSec" : 1637.5425091911766,
    "sentKBytesPerSec" : 1.9186580882352942
  },
  "Total" : {
    "transaction" : "Total",
    "sampleCount" : 15,
    "errorCount" : 0,
    "errorPct" : 0.0,
    "meanResTime" : 453.6666666666666,
    "medianResTime" : 72.0,
    "minResTime" : 17.0,
    "maxResTime" : 2489.0,
    "pct1ResTime" : 1959.2000000000003,
    "pct2ResTime" : 2489.0,
    "pct3ResTime" : 2489.0,
    "throughput" : 3.730415319572246,
    "receivedKBytesPerSec" : 347.9598319758767,
    "sentKBytesPerSec" : 1.0649655713752797
  },
  "login" : {
    "transaction" : "login",
    "sampleCount" : 5,
    "errorCount" : 0,
    "errorPct" : 0.0,
    "meanResTime" : 962.4,
    "medianResTime" : 608.0,
    "minResTime" : 49.0,
    "maxResTime" : 2489.0,
    "pct1ResTime" : 2489.0,
    "pct2ResTime" : 2489.0,
    "pct3ResTime" : 2489.0,
    "throughput" : 1.272264631043257,
    "receivedKBytesPerSec" : 0.9964416348600509,
    "sentKBytesPerSec" : 0.31682371183206104
  },
  "create api key" : {
    "transaction" : "create api key",
    "sampleCount" : 5,
    "errorCount" : 0,
    "errorPct" : 0.0,
    "meanResTime" : 32.6,
    "medianResTime" : 36.0,
    "minResTime" : 17.0,
    "maxResTime" : 37.0,
    "pct1ResTime" : 37.0,
    "pct2ResTime" : 37.0,
    "pct3ResTime" : 37.0,
    "throughput" : 6.016847172081829,
    "receivedKBytesPerSec" : 3.9943874097472927,
    "sentKBytesPerSec" : 1.6922382671480145
  }
}