{
  "zone activity" : {
    "transaction" : "zone activity",
    "sampleCount" : 5,
    "errorCount" : 0,
    "errorPct" : 0.0,
    "meanResTime" : 838.2,
    "medianResTime" : 872.0,
    "minResTime" : 393.0,
    "maxResTime" : 1271.0,
    "pct1ResTime" : 1271.0,
    "pct2ResTime" : 1271.0,
    "pct3ResTime" : 1271.0,
    "throughput" : 1.7921146953405018,
    "receivedKBytesPerSec" : 498.5869595654122,
    "sentKBytesPerSec" : 0.5845374103942652
  },
  "Total" : {
    "transaction" : "Total",
    "sampleCount" : 15,
    "errorCount" : 0,
    "errorPct" : 0.0,
    "meanResTime" : 448.46666666666664,
    "medianResTime" : 243.0,
    "minResTime" : 80.0,
    "maxResTime" : 1271.0,
    "pct1ResTime" : 1264.4,
    "pct2ResTime" : 1271.0,
    "pct3ResTime" : 1271.0,
    "throughput" : 3.249566724436742,
    "receivedKBytesPerSec" : 302.9226636969238,
    "sentKBytesPerSec" : 0.9276920629332757
  },
  "login" : {
    "transaction" : "login",
    "sampleCount" : 5,
    "errorCount" : 0,
    "errorPct" : 0.0,
    "meanResTime" : 421.8,
    "medianResTime" : 243.0,
    "minResTime" : 238.0,
    "maxResTime" : 1143.0,
    "pct1ResTime" : 1143.0,
    "pct2ResTime" : 1143.0,
    "pct3ResTime" : 1143.0,
    "throughput" : 1.2077294685990339,
    "receivedKBytesPerSec" : 0.9458974939613527,
    "sentKBytesPerSec" : 0.3007529438405797
  },
  "create api key" : {
    "transaction" : "create api key",
    "sampleCount" : 5,
    "errorCount" : 0,
    "errorPct" : 0.0,
    "meanResTime" : 85.4,
    "medianResTime" : 82.0,
    "minResTime" : 80.0,
    "maxResTime" : 94.0,
    "pct1ResTime" : 94.0,
    "pct2ResTime" : 94.0,
    "pct3ResTime" : 94.0,
    "throughput" : 1.9984012789768186,
    "receivedKBytesPerSec" : 1.3258924110711432,
    "sentKBytesPerSec" : 0.5620503597122303
  }
}