{
  "zone activity" : {
    "transaction" : "zone activity",
    "sampleCount" : 5,
    "errorCount" : 0,
    "errorPct" : 0.0,
    "meanResTime" : 599.8,
    "medianResTime" : 674.0,
    "minResTime" : 289.0,
    "maxResTime" : 684.0,
    "pct1ResTime" : 684.0,
    "pct2ResTime" : 684.0,
    "pct3ResTime" : 684.0,
    "throughput" : 5.274261603375527,
    "receivedKBytesPerSec" : 1466.9647860627638,
    "sentKBytesPerSec" : 1.7203157964135023
  },
  "Total" : {
    "transaction" : "Total",
    "sampleCount" : 15,
    "errorCount" : 0,
    "errorPct" : 0.0,
    "meanResTime" : 607.5333333333333,
    "medianResTime" : 289.0,
    "minResTime" : 60.0,
    "maxResTime" : 2611.0,
    "pct1ResTime" : 2168.2000000000003,
    "pct2ResTime" : 2611.0,
    "pct3ResTime" : 2611.0,
    "throughput" : 3.51288056206089,
    "receivedKBytesPerSec" : 327.3812573185012,
    "sentKBytesPerSec" : 1.0028633635831383
  },
  "login" : {
    "transaction" : "login",
    "sampleCount" : 5,
    "errorCount" : 0,
    "errorPct" : 0.0,
    "meanResTime" : 1144.4,
    "medianResTime" : 874.0,
    "minResTime" : 181.0,
    "maxResTime" : 2611.0,
    "pct1ResTime" : 2611.0,
    "pct2ResTime" : 2611.0,
    "pct3ResTime" : 2611.0,
    "throughput" : 1.2761613067891782,
    "receivedKBytesPerSec" : 0.999493523481368,
    "sentKBytesPerSec" : 0.3177940754211332
  },
  "create api key" : {
    "transaction" : "create api key",
    "sampleCount" : 5,
    "errorCount" : 0,
    "errorPct" : 0.0,
    "meanResTime" : 78.4,
    "medianResTime" : 81.0,
    "minResTime" : 60.0,
    "maxResTime" : 86.0,
    "pct1ResTime" : 86.0,
    "pct2ResTime" : 86.0,
    "pct3ResTime" : 86.0,
    "throughput" : 6.613756613756613,
    "receivedKBytesPerSec" : 4.3906560019841265,
    "sentKBytesPerSec" : 1.8601190476190477
  }
}