{
  "zone activity" : {
    "transaction" : "zone activity",
    "sampleCount" : 5,
    "errorCount" : 0,
    "errorPct" : 0.0,
    "meanResTime" : 801.6,
    "medianResTime" : 981.0,
    "minResTime" : 223.0,
    "maxResTime" : 1289.0,
    "pct1ResTime" : 1289.0,
    "pct2ResTime" : 1289.0,
    "pct3ResTime" : 1289.0,
    "throughput" : 1.9723865877712032,
    "receivedKBytesPerSec" : 548.5376602564103,
    "sentKBytesPerSec" : 0.6433370315581853
  },
  "Total" : {
    "transaction" : "Total",
    "sampleCount" : 15,
    "errorCount" : 0,
    "errorPct" : 0.0,
    "meanResTime" : 400.0,
    "medianResTime" : 145.0,
    "minResTime" : 46.0,
    "maxResTime" : 1289.0,
    "pct1ResTime" : 1284.8,
    "pct2ResTime" : 1289.0,
    "pct3ResTime" : 1289.0,
    "throughput" : 3.466605038132655,
    "receivedKBytesPerSec" : 323.03590644499656,
    "sentKBytesPerSec" : 0.9896525450658655
  },
  "login" : {
    "transaction" : "login",
    "sampleCount" : 5,
    "errorCount" : 0,
    "errorPct" : 0.0,
    "meanResTime" : 334.2,
    "medianResTime" : 145.0,
    "minResTime" : 133.0,
    "maxResTime" : 1084.0,
    "pct1ResTime" : 1084.0,
    "pct2ResTime" : 1084.0,
    "pct3ResTime" : 1084.0,
    "throughput" : 1.2360939431396785,
    "receivedKBytesPerSec" : 0.9681126390605687,
    "sentKBytesPerSec" : 0.30781636279357233
  },
  "create api key" : {
    "transaction" : "create api key",
    "sampleCount" : 5,
    "errorCount" : 0,
    "errorPct" : 0.0,
    "meanResTime" : 64.2,
    "medianResTime" : 48.0,
    "minResTime" : 46.0,
    "maxResTime" : 91.0,
    "pct1ResTime" : 91.0,
    "pct2ResTime" : 91.0,
    "pct3ResTime" : 91.0,
    "throughput" : 2.077274615704196,
    "receivedKBytesPerSec" : 1.3782230213959286,
    "sentKBytesPerSec" : 0.5842334856668051
  }
}