{
  "zone activity" : {
    "transaction" : "zone activity",
    "sampleCount" : 5,
    "errorCount" : 0,
    "errorPct" : 0.0,
    "meanResTime" : 90.0,
    "medianResTime" : 81.0,
    "minResTime" : 77.0,
    "maxResTime" : 108.0,
    "pct1ResTime" : 108.0,
    "pct2ResTime" : 108.0,
    "pct3ResTime" : 108.0,
    "throughput" : 2.177700348432056,
    "receivedKBytesPerSec" : 606.1497066909843,
    "sentKBytesPerSec" : 0.710304605836237
  },
  "Total" : {
    "transaction" : "Total",
    "sampleCount" : 15,
    "errorCount" : 0,
    "errorPct" : 0.0,
    "meanResTime" : 137.73333333333332,
    "medianResTime" : 61.0,
    "minResTime" : 17.0,
    "maxResTime" : 1112.0,
    "pct1ResTime" : 567.2000000000003,
    "pct2ResTime" : 1112.0,
    "pct3ResTime" : 1112.0,
    "throughput" : 3.704618424302297,
    "receivedKBytesPerSec" : 345.50583477401824,
    "sentKBytesPerSec" : 1.0576010280316126
  },
  "login" : {
    "transaction" : "login",
    "sampleCount" : 5,
    "errorCount" : 0,
    "errorPct" : 0.0,
    "meanResTime" : 295.6,
    "medianResTime" : 61.0,
    "minResTime" : 48.0,
    "maxResTime" : 1112.0,
    "pct1ResTime" : 1112.0,
    "pct2ResTime" : 1112.0,
    "pct3ResTime" : 1112.0,
    "throughput" : 1.2651821862348178,
    "receivedKBytesPerSec" : 0.9908946419534413,
    "sentKBytesPerSec" : 0.3150600170799595
  },
  "create api key" : {
    "transaction" : "create api key",
    "sampleCount" : 5,
    "errorCount" : 0,
    "errorPct" : 0.0,
    "meanResTime" : 27.6,
    "medianResTime" : 18.0,
    "minResTime" : 17.0,
    "maxResTime" : 43.0,
    "pct1ResTime" : 43.0,
    "pct2ResTime" : 43.0,
    "pct3ResTime" : 43.0,
    "throughput" : 2.197802197802198,
    "receivedKBytesPerSec" : 1.4581902472527473,
    "sentKBytesPerSec" : 0.6181318681318682
  }
}