{
  "zone activity" : {
    "transaction" : "zone activity",
    "sampleCount" : 5,
    "errorCount" : 0,
    "errorPct" : 0.0,
    "meanResTime" : 157.6,
    "medianResTime" : 152.0,
    "minResTime" : 144.0,
    "maxResTime" : 176.0,
    "pct1ResTime" : 176.0,
    "pct2ResTime" : 176.0,
    "pct3ResTime" : 176.0,
    "throughput" : 1.6857720836142953,
    "receivedKBytesPerSec" : 469.2507928396831,
    "sentKBytesPerSec" : 0.5498514413351314
  },
  "Total" : {
    "transaction" : "Total",
    "sampleCount" : 15,
    "errorCount" : 0,
    "errorPct" : 0.0,
    "meanResTime" : 131.73333333333332,
    "medianResTime" : 93.0,
    "minResTime" : 29.0,
    "maxResTime" : 583.0,
    "pct1ResTime" : 338.8000000000002,
    "pct2ResTime" : 583.0,
    "pct3ResTime" : 583.0,
    "throughput" : 3.57824427480916,
    "receivedKBytesPerSec" : 333.7383707061069,
    "sentKBytesPerSec" : 1.0215235120467556
  },
  "login" : {
    "transaction" : "login",
    "sampleCount" : 5,
    "errorCount" : 0,
    "errorPct" : 0.0,
    "meanResTime" : 194.6,
    "medianResTime" : 93.0,
    "minResTime" : 88.0,
    "maxResTime" : 583.0,
    "pct1ResTime" : 583.0,
    "pct2ResTime" : 583.0,
    "pct3ResTime" : 583.0,
    "throughput" : 1.245019920318725,
    "receivedKBytesPerSec" : 0.9751034922808764,
    "sentKBytesPerSec" : 0.310039140313745
  },
  "create api key" : {
    "transaction" : "create api key",
    "sampleCount" : 5,
    "errorCount" : 0,
    "errorPct" : 0.0,
    "meanResTime" : 43.0,
    "medianResTime" : 30.0,
    "minResTime" : 29.0,
    "maxResTime" : 64.0,
    "pct1ResTime" : 64.0,
    "pct2ResTime" : 64.0,
    "pct3ResTime" : 64.0,
    "throughput" : 1.7241379310344827,
    "receivedKBytesPerSec" : 1.1439251077586208,
    "sentKBytesPerSec" : 0.4849137931034483
  }
}