{
  "zone activity" : {
    "transaction" : "zone activity",
    "sampleCount" : 5,
    "errorCount" : 0,
    "errorPct" : 0.0,
    "meanResTime" : 81.4,
    "medianResTime" : 82.0,
    "minResTime" : 74.0,
    "maxResTime" : 91.0,
    "pct1ResTime" : 91.0,
    "pct2ResTime" : 91.0,
    "pct3ResTime" : 91.0,
    "throughput" : 2.012072434607646,
    "receivedKBytesPerSec" : 29.25364688128773,
    "sentKBytesPerSec" : 0.6543165241448693
  },
  "Total" : {
    "transaction" : "Total",
    "sampleCount" : 15,
    "errorCount" : 0,
    "errorPct" : 0.0,
    "meanResTime" : 148.66666666666669,
    "medianResTime" : 82.0,
    "minResTime" : 41.0,
    "maxResTime" : 1026.0,
    "pct1ResTime" : 491.4000000000003,
    "pct2ResTime" : 1026.0,
    "pct3ResTime" : 1026.0,
    "throughput" : 3.5910940866650707,
    "receivedKBytesPerSec" : 19.135668542015804,
    "sentKBytesPerSec" : 1.0240229231505866
  },
  "login" : {
    "transaction" : "login",
    "sampleCount" : 5,
    "errorCount" : 0,
    "errorPct" : 0.0,
    "meanResTime" : 310.4,
    "medianResTime" : 134.0,
    "minResTime" : 124.0,
    "maxResTime" : 1026.0,
    "pct1ResTime" : 1026.0,
    "pct2ResTime" : 1026.0,
    "pct3ResTime" : 1026.0,
    "throughput" : 1.2354830738818878,
    "receivedKBytesPerSec" : 0.9676342043489005,
    "sentKBytesPerSec" : 0.3076642420311342
  },
  "create api key" : {
    "transaction" : "create api key",
    "sampleCount" : 5,
    "errorCount" : 0,
    "errorPct" : 0.0,
    "meanResTime" : 54.2,
    "medianResTime" : 57.0,
    "minResTime" : 41.0,
    "maxResTime" : 69.0,
    "pct1ResTime" : 69.0,
    "pct2ResTime" : 69.0,
    "pct3ResTime" : 69.0,
    "throughput" : 2.0193861066235863,
    "receivedKBytesPerSec" : 1.3402097637318255,
    "sentKBytesPerSec" : 0.5679523424878837
  }
}