{
  "zone activity" : {
    "transaction" : "zone activity",
    "sampleCount" : 5,
    "errorCount" : 0,
    "errorPct" : 0.0,
    "meanResTime" : 1051.4,
    "medianResTime" : 1285.0,
    "minResTime" : 221.0,
    "maxResTime" : 1724.0,
    "pct1ResTime" : 1724.0,
    "pct2ResTime" : 1724.0,
    "pct3ResTime" : 1724.0,
    "throughput" : 1.8811136192626035,
    "receivedKBytesPerSec" : 523.4048009546652,
    "sentKBytesPerSec" : 0.6135663562829196
  },
  "Total" : {
    "transaction" : "Total",
    "sampleCount" : 15,
    "errorCount" : 0,
    "errorPct" : 0.0,
    "meanResTime" : 469.6666666666667,
    "medianResTime" : 131.0,
    "minResTime" : 44.0,
    "maxResTime" : 1724.0,
    "pct1ResTime" : 1721.6,
    "pct2ResTime" : 1724.0,
    "pct3ResTime" : 1724.0,
    "throughput" : 3.4762456546929315,
    "receivedKBytesPerSec" : 324.0888434241019,
    "sentKBytesPerSec" : 0.9924047653534183
  },
  "login" : {
    "transaction" : "login",
    "sampleCount" : 5,
    "errorCount" : 0,
    "errorPct" : 0.0,
    "meanResTime" : 307.2,
    "medianResTime" : 131.0,
    "minResTime" : 121.0,
    "maxResTime" : 1021.0,
    "pct1ResTime" : 1021.0,
    "pct2ResTime" : 1021.0,
    "pct3ResTime" : 1021.0,
    "throughput" : 1.2354830738818878,
    "receivedKBytesPerSec" : 0.9676342043489005,
    "sentKBytesPerSec" : 0.3076642420311342
  },
  "create api key" : {
    "transaction" : "create api key",
    "sampleCount" : 5,
    "errorCount" : 0,
    "errorPct" : 0.0,
    "meanResTime" : 50.4,
    "medianResTime" : 46.0,
    "minResTime" : 44.0,
    "maxResTime" : 60.0,
    "pct1ResTime" : 60.0,
    "pct2ResTime" : 60.0,
    "pct3ResTime" : 60.0,
    "throughput" : 1.993620414673046,
    "receivedKBytesPerSec" : 1.3227204196570972,
    "sentKBytesPerSec" : 0.5607057416267942
  }
}