{
  "zone activity" : {
    "transaction" : "zone activity",
    "sampleCount" : 5,
    "errorCount" : 0,
    "errorPct" : 0.0,
    "meanResTime" : 896.0,
    "medianResTime" : 960.0,
    "minResTime" : 329.0,
    "maxResTime" : 1431.0,
    "pct1ResTime" : 1431.0,
    "pct2ResTime" : 1431.0,
    "pct3ResTime" : 1431.0,
    "throughput" : 1.7774617845716318,
    "receivedKBytesPerSec" : 494.31281661038037,
    "sentKBytesPerSec" : 0.5797580430145751
  },
  "Total" : {
    "transaction" : "Total",
    "sampleCount" : 15,
    "errorCount" : 0,
    "errorPct" : 0.0,
    "meanResTime" : 451.79999999999995,
    "medianResTime" : 206.0,
    "minResTime" : 70.0,
    "maxResTime" : 1431.0,
    "pct1ResTime" : 1419.6,
    "pct2ResTime" : 1431.0,
    "pct3ResTime" : 1431.0,
    "throughput" : 3.3083370092633437,
    "receivedKBytesPerSec" : 308.2792856749008,
    "sentKBytesPerSec" : 0.9444699079179533
  },
  "login" : {
    "transaction" : "login",
    "sampleCount" : 5,
    "errorCount" : 0,
    "errorPct" : 0.0,
    "meanResTime" : 377.4,
    "medianResTime" : 206.0,
    "minResTime" : 200.0,
    "maxResTime" : 1068.0,
    "pct1ResTime" : 1068.0,
    "pct2ResTime" : 1068.0,
    "pct3ResTime" : 1068.0,
    "throughput" : 1.215362177929023,
    "receivedKBytesPerSec" : 0.9518754557608168,
    "sentKBytesPerSec" : 0.3026536673553719
  },
  "create api key" : {
    "transaction" : "create api key",
    "sampleCount" : 5,
    "errorCount" : 0,
    "errorPct" : 0.0,
    "meanResTime" : 82.0,
    "medianResTime" : 71.0,
    "minResTime" : 70.0,
    "maxResTime" : 112.0,
    "pct1ResTime" : 112.0,
    "pct2ResTime" : 112.0,
    "pct3ResTime" : 112.0,
    "throughput" : 1.9500780031201248,
    "receivedKBytesPerSec" : 1.294973673946958,
    "sentKBytesPerSec" : 0.5484594383775351
  }
}