{
  "zone activity" : {
    "transaction" : "zone activity",
    "sampleCount" : 5,
    "errorCount" : 0,
    "errorPct" : 0.0,
    "meanResTime" : 293.0,
    "medianResTime" : 293.0,
    "minResTime" : 277.0,
    "maxResTime" : 309.0,
    "pct1ResTime" : 309.0,
    "pct2ResTime" : 309.0,
    "pct3ResTime" : 309.0,
    "throughput" : 1.850481125092524,
    "receivedKBytesPerSec" : 515.051784557735,
    "sentKBytesPerSec" : 0.6035748982235382
  },
  "Total" : {
    "transaction" : "Total",
    "sampleCount" : 15,
    "errorCount" : 0,
    "errorPct" : 0.0,
    "meanResTime" : 238.20000000000005,
    "medianResTime" : 177.0,
    "minResTime" : 57.0,
    "maxResTime" : 1064.0,
    "pct1ResTime" : 611.0000000000002,
    "pct2ResTime" : 1064.0,
    "pct3ResTime" : 1064.0,
    "throughput" : 3.3967391304347827,
    "receivedKBytesPerSec" : 316.7808643285779,
    "sentKBytesPerSec" : 0.9697071020153984
  },
  "login" : {
    "transaction" : "login",
    "sampleCount" : 5,
    "errorCount" : 0,
    "errorPct" : 0.0,
    "meanResTime" : 354.4,
    "medianResTime" : 177.0,
    "minResTime" : 167.0,
    "maxResTime" : 1064.0,
    "pct1ResTime" : 1064.0,
    "pct2ResTime" : 1064.0,
    "pct3ResTime" : 1064.0,
    "throughput" : 1.2306177701206005,
    "receivedKBytesPerSec" : 0.963823683238986,
    "sentKBytesPerSec" : 0.3064526673640168
  },
  "create api key" : {
    "transaction" : "create api key",
    "sampleCount" : 5,
    "errorCount" : 0,
    "errorPct" : 0.0,
    "meanResTime" : 67.2,
    "medianResTime" : 62.0,
    "minResTime" : 57.0,
    "maxResTime" : 79.0,
    "pct1ResTime" : 79.0,
    "pct2ResTime" : 79.0,
    "pct3ResTime" : 79.0,
    "throughput" : 1.9984012789768186,
    "receivedKBytesPerSec" : 1.3262827238209434,
    "sentKBytesPerSec" : 0.5620503597122303
  }
}