{
  "zone activity" : {
    "transaction" : "zone activity",
    "sampleCount" : 5,
    "errorCount" : 0,
    "errorPct" : 0.0,
    "meanResTime" : 322.2,
    "medianResTime" : 314.0,
    "minResTime" : 307.0,
    "maxResTime" : 340.0,
    "pct1ResTime" : 340.0,
    "pct2ResTime" : 340.0,
    "pct3ResTime" : 340.0,
    "throughput" : 1.7825311942959001,
    "receivedKBytesPerSec" : 496.13378732174687,
    "sentKBytesPerSec" : 0.5814115418894831
  },
  "Total" : {
    "transaction" : "Total",
    "sampleCount" : 15,
    "errorCount" : 0,
    "errorPct" : 0.0,
    "meanResTime" : 253.0666666666666,
    "medianResTime" : 189.0,
    "minResTime" : 63.0,
    "maxResTime" : 1058.0,
    "pct1ResTime" : 627.2000000000003,
    "pct2ResTime" : 1058.0,
    "pct3ResTime" : 1058.0,
    "throughput" : 3.347467083240348,
    "receivedKBytesPerSec" : 312.18247008201297,
    "sentKBytesPerSec" : 0.9556408307297478
  },
  "login" : {
    "transaction" : "login",
    "sampleCount" : 5,
    "errorCount" : 0,
    "errorPct" : 0.0,
    "meanResTime" : 364.2,
    "medianResTime" : 189.0,
    "minResTime" : 187.0,
    "maxResTime" : 1058.0,
    "pct1ResTime" : 1058.0,
    "pct2ResTime" : 1058.0,
    "pct3ResTime" : 1058.0,
    "throughput" : 1.2180267965895248,
    "receivedKBytesPerSec" : 0.9539623934226552,
    "sentKBytesPerSec" : 0.30331721985383675
  },
  "create api key" : {
    "transaction" : "create api key",
    "sampleCount" : 5,
    "errorCount" : 0,
    "errorPct" : 0.0,
    "meanResTime" : 72.8,
    "medianResTime" : 67.0,
    "minResTime" : 63.0,
    "maxResTime" : 85.0,
    "pct1ResTime" : 85.0,
    "pct2ResTime" : 85.0,
    "pct3ResTime" : 85.0,
    "throughput" : 1.927525057825752,
    "receivedKBytesPerSec" : 1.2792441692367,
    "sentKBytesPerSec" : 0.5421164225134927
  }
}