{
  "zone activity" : {
    "transaction" : "zone activity",
    "sampleCount" : 5,
    "errorCount" : 0,
    "errorPct" : 0.0,
    "meanResTime" : 128.4,
    "medianResTime" : 133.0,
    "minResTime" : 106.0,
    "maxResTime" : 153.0,
    "pct1ResTime" : 153.0,
    "pct2ResTime" : 153.0,
    "pct3ResTime" : 153.0,
    "throughput" : 2.4319066147859925,
    "receivedKBytesPerSec" : 676.4315000303989,
    "sentKBytesPerSec" : 0.7932195403696498
  },
  "Total" : {
    "transaction" : "Total",
    "sampleCount" : 15,
    "errorCount" : 0,
    "errorPct" : 0.0,
    "meanResTime" : 188.0666666666667,
    "medianResTime" : 88.0,
    "minResTime" : 19.0,
    "maxResTime" : 1339.0,
    "pct1ResTime" : 793.6000000000004,
    "pct2ResTime" : 1339.0,
    "pct3ResTime" : 1339.0,
    "throughput" : 3.664793549963352,
    "receivedKBytesPerSec" : 341.55374839665285,
    "sentKBytesPerSec" : 1.0462317523821159
  },
  "login" : {
    "transaction" : "login",
    "sampleCount" : 5,
    "errorCount" : 0,
    "errorPct" : 0.0,
    "meanResTime" : 394.8,
    "medianResTime" : 88.0,
    "minResTime" : 58.0,
    "maxResTime" : 1339.0,
    "pct1ResTime" : 1339.0,
    "pct2ResTime" : 1339.0,
    "pct3ResTime" : 1339.0,
    "throughput" : 1.2607160867372667,
    "receivedKBytesPerSec" : 0.9873967788703983,
    "sentKBytesPerSec" : 0.3139478536308623
  },
  "create api key" : {
    "transaction" : "create api key",
    "sampleCount" : 5,
    "errorCount" : 0,
    "errorPct" : 0.0,
    "meanResTime" : 41.0,
    "medianResTime" : 46.0,
    "minResTime" : 19.0,
    "maxResTime" : 61.0,
    "pct1ResTime" : 61.0,
    "pct2ResTime" : 61.0,
    "pct3ResTime" : 61.0,
    "throughput" : 2.487562189054726,
    "receivedKBytesPerSec" : 1.6518967661691544,
    "sentKBytesPerSec" : 0.6996268656716419
  }
}