{
  "zone activity" : {
    "transaction" : "zone activity",
    "sampleCount" : 5,
    "errorCount" : 0,
    "errorPct" : 0.0,
    "meanResTime" : 106.4,
    "medianResTime" : 89.0,
    "minResTime" : 85.0,
    "maxResTime" : 137.0,
    "pct1ResTime" : 137.0,
    "pct2ResTime" : 137.0,
    "pct3ResTime" : 137.0,
    "throughput" : 2.328830926874709,
    "receivedKBytesPerSec" : 647.9262488355846,
    "sentKBytesPerSec" : 0.7595991499767117
  },
  "Total" : {
    "transaction" : "Total",
    "sampleCount" : 15,
    "errorCount" : 0,
    "errorPct" : 0.0,
    "meanResTime" : 155.13333333333335,
    "medianResTime" : 59.0,
    "minResTime" : 15.0,
    "maxResTime" : 1217.0,
    "pct1ResTime" : 680.0000000000003,
    "pct2ResTime" : 1217.0,
    "pct3ResTime" : 1217.0,
    "throughput" : 3.714710252600297,
    "receivedKBytesPerSec" : 346.2929803584695,
    "sentKBytesPerSec" : 1.0604820610450718
  },
  "login" : {
    "transaction" : "login",
    "sampleCount" : 5,
    "errorCount" : 0,
    "errorPct" : 0.0,
    "meanResTime" : 338.8,
    "medianResTime" : 59.0,
    "minResTime" : 43.0,
    "maxResTime" : 1217.0,
    "pct1ResTime" : 1217.0,
    "pct2ResTime" : 1217.0,
    "pct3ResTime" : 1217.0,
    "throughput" : 1.2703252032520325,
    "receivedKBytesPerSec" : 0.9949226689532521,
    "sentKBytesPerSec" : 0.3163407488567073
  },
  "create api key" : {
    "transaction" : "create api key",
    "sampleCount" : 5,
    "errorCount" : 0,
    "errorPct" : 0.0,
    "meanResTime" : 20.2,
    "medianResTime" : 16.0,
    "minResTime" : 15.0,
    "maxResTime" : 28.0,
    "pct1ResTime" : 28.0,
    "pct2ResTime" : 28.0,
    "pct3ResTime" : 28.0,
    "throughput" : 2.3741690408357075,
    "receivedKBytesPerSec" : 1.5752055140075973,
    "sentKBytesPerSec" : 0.6677350427350428
  }
}