{
  "zone activity" : {
    "transaction" : "zone activity",
    "sampleCount" : 5,
    "errorCount" : 0,
    "errorPct" : 0.0,
    "meanResTime" : 98.4,
    "medianResTime" : 100.0,
    "minResTime" : 90.0,
    "maxResTime" : 106.0,
    "pct1ResTime" : 106.0,
    "pct2ResTime" : 106.0,
    "pct3ResTime" : 106.0,
    "throughput" : 1.8953752843062925,
    "receivedKBytesPerSec" : 527.1738325672859,
    "sentKBytesPerSec" : 0.6182181103108416
  },
  "Total" : {
    "transaction" : "Total",
    "sampleCount" : 15,
    "errorCount" : 0,
    "errorPct" : 0.0,
    "meanResTime" : 107.8,
    "medianResTime" : 48.0,
    "minResTime" : 14.0,
    "maxResTime" : 817.0,
    "pct1ResTime" : 390.40000000000026,
    "pct2ResTime" : 817.0,
    "pct3ResTime" : 817.0,
    "throughput" : 3.6855036855036856,
    "receivedKBytesPerSec" : 343.46878839066335,
    "sentKBytesPerSec" : 1.0521441185503684
  },
  "login" : {
    "transaction" : "login",
    "sampleCount" : 5,
    "errorCount" : 0,
    "errorPct" : 0.0,
    "meanResTime" : 201.4,
    "medianResTime" : 48.0,
    "minResTime" : 42.0,
    "maxResTime" : 817.0,
    "pct1ResTime" : 817.0,
    "pct2ResTime" : 817.0,
    "pct3ResTime" : 817.0,
    "throughput" : 1.2648621300278269,
    "receivedKBytesPerSec" : 0.9906439729319505,
    "sentKBytesPerSec" : 0.31498031558310147
  },
  "create api key" : {
    "transaction" : "create api key",
    "sampleCount" : 5,
    "errorCount" : 0,
    "errorPct" : 0.0,
    "meanResTime" : 23.6,
    "medianResTime" : 16.0,
    "minResTime" : 14.0,
    "maxResTime" : 38.0,
    "pct1ResTime" : 38.0,
    "pct2ResTime" : 38.0,
    "pct3ResTime" : 38.0,
    "throughput" : 1.9312475859405176,
    "receivedKBytesPerSec" : 1.281337509656238,
    "sentKBytesPerSec" : 0.5431633835457705
  }
}