{
  "zone activity" : {
    "transaction" : "zone activity",
    "sampleCount" : 5,
    "errorCount" : 0,
    "errorPct" : 0.0,
    "meanResTime" : 713.6,
    "medianResTime" : 868.0,
    "minResTime" : 79.0,
    "maxResTime" : 1263.0,
    "pct1ResTime" : 1263.0,
    "pct2ResTime" : 1263.0,
    "pct3ResTime" : 1263.0,
    "throughput" : 2.016942315449778,
    "receivedKBytesPerSec" : 560.9920204719645,
    "sentKBytesPerSec" : 0.6578698567970955
  },
  "Total" : {
    "transaction" : "Total",
    "sampleCount" : 15,
    "errorCount" : 0,
    "errorPct" : 0.0,
    "meanResTime" : 321.8,
    "medianResTime" : 54.0,
    "minResTime" : 14.0,
    "maxResTime" : 1263.0,
    "pct1ResTime" : 1261.8,
    "pct2ResTime" : 1263.0,
    "pct3ResTime" : 1263.0,
    "throughput" : 3.695491500369549,
    "receivedKBytesPerSec" : 344.4032069937177,
    "sentKBytesPerSec" : 1.0549954576250307
  },
  "login" : {
    "transaction" : "login",
    "sampleCount" : 5,
    "errorCount" : 0,
    "errorPct" : 0.0,
    "meanResTime" : 229.6,
    "medianResTime" : 54.0,
    "minResTime" : 46.0,
    "maxResTime" : 935.0,
    "pct1ResTime" : 935.0,
    "pct2ResTime" : 935.0,
    "pct3ResTime" : 935.0,
    "throughput" : 1.2677484787018256,
    "receivedKBytesPerSec" : 0.9929045702332657,
    "sentKBytesPerSec" : 0.31569908405172414
  },
  "create api key" : {
    "transaction" : "create api key",
    "sampleCount" : 5,
    "errorCount" : 0,
    "errorPct" : 0.0,
    "meanResTime" : 22.2,
    "medianResTime" : 17.0,
    "minResTime" : 14.0,
    "maxResTime" : 34.0,
    "pct1ResTime" : 34.0,
    "pct2ResTime" : 34.0,
    "pct3ResTime" : 34.0,
    "throughput" : 2.0584602717167555,
    "receivedKBytesPerSec" : 1.3657401451214493,
    "sentKBytesPerSec" : 0.5789419514203377
  }
}