{
  "zone activity" : {
    "transaction" : "zone activity",
    "sampleCount" : 5,
    "errorCount" : 0,
    "errorPct" : 0.0,
    "meanResTime" : 1419.2,
    "medianResTime" : 1957.0,
    "minResTime" : 189.0,
    "maxResTime" : 1978.0,
    "pct1ResTime" : 1978.0,
    "pct2ResTime" : 1978.0,
    "pct3ResTime" : 1978.0,
    "throughput" : 2.3331777881474567,
    "receivedKBytesPerSec" : 649.1369976376576,
    "sentKBytesPerSec" : 0.7610169738684088
  },
  "Total" : {
    "transaction" : "Total",
    "sampleCount" : 15,
    "errorCount" : 0,
    "errorPct" : 0.0,
    "meanResTime" : 635.5333333333333,
    "medianResTime" : 149.0,
    "minResTime" : 36.0,
    "maxResTime" : 1978.0,
    "pct1ResTime" : 1976.2,
    "pct2ResTime" : 1978.0,
    "pct3ResTime" : 1978.0,
    "throughput" : 3.5885167464114835,
    "receivedKBytesPerSec" : 334.52966133373207,
    "sentKBytesPerSec" : 1.024456115430622
  },
  "login" : {
    "transaction" : "login",
    "sampleCount" : 5,
    "errorCount" : 0,
    "errorPct" : 0.0,
    "meanResTime" : 436.0,
    "medianResTime" : 149.0,
    "minResTime" : 109.0,
    "maxResTime" : 1325.0,
    "pct1ResTime" : 1325.0,
    "pct2ResTime" : 1325.0,
    "pct3ResTime" : 1325.0,
    "throughput" : 1.2651821862348178,
    "receivedKBytesPerSec" : 0.9908946419534413,
    "sentKBytesPerSec" : 0.3150600170799595
  },
  "create api key" : {
    "transaction" : "create api key",
    "sampleCount" : 5,
    "errorCount" : 0,
    "errorPct" : 0.0,
    "meanResTime" : 51.4,
    "medianResTime" : 43.0,
    "minResTime" : 36.0,
    "maxResTime" : 72.0,
    "pct1ResTime" : 72.0,
    "pct2ResTime" : 72.0,
    "pct3ResTime" : 72.0,
    "throughput" : 2.454590083456063,
    "receivedKBytesPerSec" : 1.6285629909180168,
    "sentKBytesPerSec" : 0.6903534609720177
  }
}