{
  "zone activity" : {
    "transaction" : "zone activity",
    "sampleCount" : 5,
    "errorCount" : 0,
    "errorPct" : 0.0,
    "meanResTime" : 421.6,
    "medianResTime" : 419.0,
    "minResTime" : 401.0,
    "maxResTime" : 453.0,
    "pct1ResTime" : 453.0,
    "pct2ResTime" : 453.0,
    "pct3ResTime" : 453.0,
    "throughput" : 1.9025875190258752,
    "receivedKBytesPerSec" : 529.3678504328386,
    "sentKBytesPerSec" : 0.6205705384322678
  },
  "Total" : {
    "transaction" : "Total",
    "sampleCount" : 15,
    "errorCount" : 0,
    "errorPct" : 0.0,
    "meanResTime" : 327.93333333333334,
    "medianResTime" : 260.0,
    "minResTime" : 77.0,
    "maxResTime" : 1276.0,
    "pct1ResTime" : 782.2000000000003,
    "pct2ResTime" : 1276.0,
    "pct3ResTime" : 1276.0,
    "throughput" : 3.24114088159032,
    "receivedKBytesPerSec" : 302.16337713375106,
    "sentKBytesPerSec" : 0.9252866383967157
  },
  "login" : {
    "transaction" : "login",
    "sampleCount" : 5,
    "errorCount" : 0,
    "errorPct" : 0.0,
    "meanResTime" : 474.2,
    "medianResTime" : 260.0,
    "minResTime" : 234.0,
    "maxResTime" : 1276.0,
    "pct1ResTime" : 1276.0,
    "pct2ResTime" : 1276.0,
    "pct3ResTime" : 1276.0,
    "throughput" : 1.2062726176115801,
    "receivedKBytesPerSec" : 0.9447564837153197,
    "sentKBytesPerSec" : 0.30039015379975875
  },
  "create api key" : {
    "transaction" : "create api key",
    "sampleCount" : 5,
    "errorCount" : 0,
    "errorPct" : 0.0,
    "meanResTime" : 88.0,
    "medianResTime" : 83.0,
    "minResTime" : 77.0,
    "maxResTime" : 102.0,
    "pct1ResTime" : 102.0,
    "pct2ResTime" : 102.0,
    "pct3ResTime" : 102.0,
    "throughput" : 2.1358393848782575,
    "receivedKBytesPerSec" : 1.4170793731311404,
    "sentKBytesPerSec" : 0.6007048269970098
  }
}