{
  "zone activity" : {
    "transaction" : "zone activity",
    "sampleCount" : 5,
    "errorCount" : 0,
    "errorPct" : 0.0,
    "meanResTime" : 54.6,
    "medianResTime" : 52.0,
    "minResTime" : 51.0,
    "maxResTime" : 61.0,
    "pct1ResTime" : 61.0,
    "pct2ResTime" : 61.0,
    "pct3ResTime" : 61.0,
    "throughput" : 2.048340843916428,
    "receivedKBytesPerSec" : 569.7908131913151,
    "sentKBytesPerSec" : 0.6681111736993036
  },
  "Total" : {
    "transaction" : "Total",
    "sampleCount" : 15,
    "errorCount" : 0,
    "errorPct" : 0.0,
    "meanResTime" : 99.93333333333334,
    "medianResTime" : 51.0,
    "minResTime" : 12.0,
    "maxResTime" : 931.0,
    "pct1ResTime" : 409.0000000000003,
    "pct2ResTime" : 931.0,
    "pct3ResTime" : 931.0,
    "throughput" : 3.7481259370314843,
    "receivedKBytesPerSec" : 349.3485190998251,
    "sentKBytesPerSec" : 1.070021629810095
  },
  "login" : {
    "transaction" : "login",
    "sampleCount" : 5,
    "errorCount" : 0,
    "errorPct" : 0.0,
    "meanResTime" : 216.0,
    "medianResTime" : 36.0,
    "minResTime" : 33.0,
    "maxResTime" : 931.0,
    "pct1ResTime" : 931.0,
    "pct2ResTime" : 931.0,
    "pct3ResTime" : 931.0,
    "throughput" : 1.27000254000508,
    "receivedKBytesPerSec" : 0.9946699580899162,
    "sentKBytesPerSec" : 0.3162603981457963
  },
  "create api key" : {
    "transaction" : "create api key",
    "sampleCount" : 5,
    "errorCount" : 0,
    "errorPct" : 0.0,
    "meanResTime" : 29.2,
    "medianResTime" : 13.0,
    "minResTime" : 12.0,
    "maxResTime" : 58.0,
    "pct1ResTime" : 58.0,
    "pct2ResTime" : 58.0,
    "pct3ResTime" : 58.0,
    "throughput" : 2.0308692120227456,
    "receivedKBytesPerSec" : 1.347434123679935,
    "sentKBytesPerSec" : 0.5711819658813972
  }
}