{
  "zone activity" : {
    "transaction" : "zone activity",
    "sampleCount" : 5,
    "errorCount" : 0,
    "errorPct" : 0.0,
    "meanResTime" : 771.2,
    "medianResTime" : 903.0,
    "minResTime" : 174.0,
    "maxResTime" : 1301.0,
    "pct1ResTime" : 1301.0,
    "pct2ResTime" : 1301.0,
    "pct3ResTime" : 1301.0,
    "throughput" : 1.968503937007874,
    "receivedKBytesPerSec" : 547.5843534694882,
    "sentKBytesPerSec" : 0.6420706200787402
  },
  "Total" : {
    "transaction" : "Total",
    "sampleCount" : 15,
    "errorCount" : 0,
    "errorPct" : 0.0,
    "meanResTime" : 373.8666666666667,
    "medianResTime" : 116.0,
    "minResTime" : 37.0,
    "maxResTime" : 1301.0,
    "pct1ResTime" : 1300.4,
    "pct2ResTime" : 1301.0,
    "pct3ResTime" : 1301.0,
    "throughput" : 3.549455750118315,
    "receivedKBytesPerSec" : 330.83238434690014,
    "sentKBytesPerSec" : 1.013304913038334
  },
  "login" : {
    "transaction" : "login",
    "sampleCount" : 5,
    "errorCount" : 0,
    "errorPct" : 0.0,
    "meanResTime" : 296.2,
    "medianResTime" : 116.0,
    "minResTime" : 108.0,
    "maxResTime" : 1005.0,
    "pct1ResTime" : 1005.0,
    "pct2ResTime" : 1005.0,
    "pct3ResTime" : 1005.0,
    "throughput" : 1.2462612163509472,
    "receivedKBytesPerSec" : 0.976075679212363,
    "sentKBytesPerSec" : 0.3103482521186441
  },
  "create api key" : {
    "transaction" : "create api key",
    "sampleCount" : 5,
    "errorCount" : 0,
    "errorPct" : 0.0,
    "meanResTime" : 54.2,
    "medianResTime" : 40.0,
    "minResTime" : 37.0,
    "maxResTime" : 81.0,
    "pct1ResTime" : 81.0,
    "pct2ResTime" : 81.0,
    "pct3ResTime" : 81.0,
    "throughput" : 2.032520325203252,
    "receivedKBytesPerSec" : 1.3485295985772359,
    "sentKBytesPerSec" : 0.5716463414634146
  }
}