{
  "zone activity" : {
    "transaction" : "zone activity",
    "sampleCount" : 5,
    "errorCount" : 0,
    "errorPct" : 0.0,
    "meanResTime" : 318.2,
    "medianResTime" : 311.0,
    "minResTime" : 296.0,
    "maxResTime" : 346.0,
    "pct1ResTime" : 346.0,
    "pct2ResTime" : 346.0,
    "pct3ResTime" : 346.0,
    "throughput" : 2.3923444976076556,
    "receivedKBytesPerSec" : 665.6016372607656,
    "sentKBytesPerSec" : 0.7803154904306221
  },
  "Total" : {
    "transaction" : "Total",
    "sampleCount" : 15,
    "errorCount" : 0,
    "errorPct" : 0.0,
    "meanResTime" : 313.73333333333335,
    "medianResTime" : 185.0,
    "minResTime" : 58.0,
    "maxResTime" : 1458.0,
    "pct1ResTime" : 1043.4000000000003,
    "pct2ResTime" : 1458.0,
    "pct3ResTime" : 1458.0,
    "throughput" : 3.5502958579881656,
    "receivedKBytesPerSec" : 330.9684726331361,
    "sentKBytesPerSec" : 1.01354474852071
  },
  "login" : {
    "transaction" : "login",
    "sampleCount" : 5,
    "errorCount" : 0,
    "errorPct" : 0.0,
    "meanResTime" : 551.0,
    "medianResTime" : 185.0,
    "minResTime" : 171.0,
    "maxResTime" : 1458.0,
    "pct1ResTime" : 1458.0,
    "pct2ResTime" : 1458.0,
    "pct3ResTime" : 1458.0,
    "throughput" : 1.295672454003628,
    "receivedKBytesPerSec" : 1.01477471495206,
    "sentKBytesPerSec" : 0.32265280837004406
  },
  "create api key" : {
    "transaction" : "create api key",
    "sampleCount" : 5,
    "errorCount" : 0,
    "errorPct" : 0.0,
    "meanResTime" : 72.0,
    "medianResTime" : 70.0,
    "minResTime" : 58.0,
    "maxResTime" : 86.0,
    "pct1ResTime" : 86.0,
    "pct2ResTime" : 86.0,
    "pct3ResTime" : 86.0,
    "throughput" : 2.6624068157614484,
    "receivedKBytesPerSec" : 1.76696452342918,
    "sentKBytesPerSec" : 0.7488019169329074
  }
}