{
  "zone activity" : {
    "transaction" : "zone activity",
    "sampleCount" : 5,
    "errorCount" : 0,
    "errorPct" : 0.0,
    "meanResTime" : 186.0,
    "medianResTime" : 170.0,
    "minResTime" : 158.0,
    "maxResTime" : 218.0,
    "pct1ResTime" : 218.0,
    "pct2ResTime" : 218.0,
    "pct3ResTime" : 218.0,
    "throughput" : 2.168256721595837,
    "receivedKBytesPerSec" : 603.0976426983955,
    "sentKBytesPerSec" : 0.7072243603642672
  },
  "Total" : {
    "transaction" : "Total",
    "sampleCount" : 15,
    "errorCount" : 0,
    "errorPct" : 0.0,
    "meanResTime" : 199.86666666666667,
    "medianResTime" : 112.0,
    "minResTime" : 31.0,
    "maxResTime" : 1230.0,
    "pct1ResTime" : 688.8000000000003,
    "pct2ResTime" : 1230.0,
    "pct3ResTime" : 1230.0,
    "throughput" : 3.581661891117479,
    "receivedKBytesPerSec" : 333.80529190544416,
    "sentKBytesPerSec" : 1.0224991792024833
  },
  "login" : {
    "transaction" : "login",
    "sampleCount" : 5,
    "errorCount" : 0,
    "errorPct" : 0.0,
    "meanResTime" : 372.2,
    "medianResTime" : 112.0,
    "minResTime" : 93.0,
    "maxResTime" : 1230.0,
    "pct1ResTime" : 1230.0,
    "pct2ResTime" : 1230.0,
    "pct3ResTime" : 1230.0,
    "throughput" : 1.2515644555694618,
    "receivedKBytesPerSec" : 0.9802291927409261,
    "sentKBytesPerSec" : 0.3116688829787234
  },
  "create api key" : {
    "transaction" : "create api key",
    "sampleCount" : 5,
    "errorCount" : 0,
    "errorPct" : 0.0,
    "meanResTime" : 41.4,
    "medianResTime" : 34.0,
    "minResTime" : 31.0,
    "maxResTime" : 55.0,
    "pct1ResTime" : 55.0,
    "pct2ResTime" : 55.0,
    "pct3ResTime" : 55.0,
    "throughput" : 2.256317689530686,
    "receivedKBytesPerSec" : 1.4970139045577615,
    "sentKBytesPerSec" : 0.6345893501805053
  }
}