{
  "zone activity" : {
    "transaction" : "zone activity",
    "sampleCount" : 5,
    "errorCount" : 0,
    "errorPct" : 0.0,
    "meanResTime" : 223.8,
    "medianResTime" : 226.0,
    "minResTime" : 182.0,
    "maxResTime" : 256.0,
    "pct1ResTime" : 256.0,
    "pct2ResTime" : 256.0,
    "pct3ResTime" : 256.0,
    "throughput" : 2.0341741253051264,
    "receivedKBytesPerSec" : 566.1634999237184,
    "sentKBytesPerSec" : 0.6634903885272578
  },
  "Total" : {
    "transaction" : "Total",
    "sampleCount" : 15,
    "errorCount" : 0,
    "errorPct" : 0.0,
    "meanResTime" : 208.4,
    "medianResTime" : 137.0,
    "minResTime" : 37.0,
    "maxResTime" : 1142.0,
    "pct1ResTime" : 610.4000000000003,
    "pct2ResTime" : 1142.0,
    "pct3ResTime" : 1142.0,
    "throughput" : 3.539405379896177,
    "receivedKBytesPerSec" : 330.0765119897357,
    "sentKBytesPerSec" : 1.0104357155497876
  },
  "login" : {
    "transaction" : "login",
    "sampleCount" : 5,
    "errorCount" : 0,
    "errorPct" : 0.0,
    "meanResTime" : 350.6,
    "medianResTime" : 137.0,
    "minResTime" : 108.0,
    "maxResTime" : 1142.0,
    "pct1ResTime" : 1142.0,
    "pct2ResTime" : 1142.0,
    "pct3ResTime" : 1142.0,
    "throughput" : 1.245019920318725,
    "receivedKBytesPerSec" : 0.9751034922808764,
    "sentKBytesPerSec" : 0.310039140313745
  },
  "create api key" : {
    "transaction" : "create api key",
    "sampleCount" : 5,
    "errorCount" : 0,
    "errorPct" : 0.0,
    "meanResTime" : 50.8,
    "medianResTime" : 49.0,
    "minResTime" : 37.0,
    "maxResTime" : 65.0,
    "pct1ResTime" : 65.0,
    "pct2ResTime" : 65.0,
    "pct3ResTime" : 65.0,
    "throughput" : 2.126754572522331,
    "receivedKBytesPerSec" : 1.411467194810719,
    "sentKBytesPerSec" : 0.5981497235219055
  }
}