{
  "zone activity" : {
    "transaction" : "zone activity",
    "sampleCount" : 5,
    "errorCount" : 0,
    "errorPct" : 0.0,
    "meanResTime" : 423.2,
    "medianResTime" : 413.0,
    "minResTime" : 403.0,
    "maxResTime" : 449.0,
    "pct1ResTime" : 449.0,
    "pct2ResTime" : 449.0,
    "pct3ResTime" : 449.0,
    "throughput" : 1.4961101137043686,
    "receivedKBytesPerSec" : 416.114391644225,
    "sentKBytesPerSec" : 0.4879890409934171
  },
  "Total" : {
    "transaction" : "Total",
    "sampleCount" : 15,
    "errorCount" : 0,
    "errorPct" : 0.0,
    "meanResTime" : 286.7333333333333,
    "medianResTime" : 253.0,
    "minResTime" : 82.0,
    "maxResTime" : 704.0,
    "pct1ResTime" : 551.0000000000001,
    "pct2ResTime" : 704.0,
    "pct3ResTime" : 704.0,
    "throughput" : 3.209929381553606,
    "receivedKBytesPerSec" : 299.14159466616735,
    "sentKBytesPerSec" : 0.9163763240958699
  },
  "login" : {
    "transaction" : "login",
    "sampleCount" : 5,
    "errorCount" : 0,
    "errorPct" : 0.0,
    "meanResTime" : 343.2,
    "medianResTime" : 253.0,
    "minResTime" : 243.0,
    "maxResTime" : 704.0,
    "pct1ResTime" : 704.0,
    "pct2ResTime" : 704.0,
    "pct3ResTime" : 704.0,
    "throughput" : 1.1961722488038278,
    "receivedKBytesPerSec" : 0.9368458433014355,
    "sentKBytesPerSec" : 0.2978749252392345
  },
  "create api key" : {
    "transaction" : "create api key",
    "sampleCount" : 5,
    "errorCount" : 0,
    "errorPct" : 0.0,
    "meanResTime" : 93.8,
    "medianResTime" : 87.0,
    "minResTime" : 82.0,
    "maxResTime" : 109.0,
    "pct1ResTime" : 109.0,
    "pct2ResTime" : 109.0,
    "pct3ResTime" : 109.0,
    "throughput" : 1.6366612111292964,
    "receivedKBytesPerSec" : 1.0862060147299508,
    "sentKBytesPerSec" : 0.46031096563011453
  }
}