{
  "zone activity" : {
    "transaction" : "zone activity",
    "sampleCount" : 5,
    "errorCount" : 5,
    "errorPct" : 100.0,
    "meanResTime" : 30209.4,
    "medianResTime" : 30114.0,
    "minResTime" : 30105.0,
    "maxResTime" : 30364.0,
    "pct1ResTime" : 30364.0,
    "pct2ResTime" : 30364.0,
    "pct3ResTime" : 30364.0,
    "throughput" : 0.15344483658124905,
    "receivedKBytesPerSec" : 0.11598271827528003,
    "sentKBytesPerSec" : 0.033116512582476595
  },
  "Total" : {
    "transaction" : "Total",
    "sampleCount" : 15,
    "errorCount" : 15,
    "errorPct" : 100.0,
    "meanResTime" : 30180.466666666667,
    "medianResTime" : 30114.0,
    "minResTime" : 30035.0,
    "maxResTime" : 30981.0,
    "pct1ResTime" : 30610.8,
    "pct2ResTime" : 30981.0,
    "pct3ResTime" : 30981.0,
    "throughput" : 0.15925088384240532,
    "receivedKBytesPerSec" : 0.1270585665031691,
    "sentKBytesPerSec" : 0.0368578705768067
  },
  "login" : {
    "transaction" : "login",
    "sampleCount" : 5,
    "errorCount" : 5,
    "errorPct" : 100.0,
    "meanResTime" : 30294.2,
    "medianResTime" : 30125.0,
    "minResTime" : 30119.0,
    "maxResTime" : 30981.0,
    "pct1ResTime" : 30981.0,
    "pct2ResTime" : 30981.0,
    "pct3ResTime" : 30981.0,
    "throughput" : 0.14691622836658538,
    "receivedKBytesPerSec" : 0.10200921715687715,
    "sentKBytesPerSec" : 0.036585584212382095
  },
  "create api key" : {
    "transaction" : "create api key",
    "sampleCount" : 5,
    "errorCount" : 5,
    "errorPct" : 100.0,
    "meanResTime" : 30037.8,
    "medianResTime" : 30038.0,
    "minResTime" : 30035.0,
    "maxResTime" : 30040.0,
    "pct1ResTime" : 30040.0,
    "pct2ResTime" : 30040.0,
    "pct3ResTime" : 30040.0,
    "throughput" : 0.15376099391106463,
    "receivedKBytesPerSec" : 0.14505187511532075,
    "sentKBytesPerSec" : 0.035286946844824404
  }
}