{
  "zone activity" : {
    "transaction" : "zone activity",
    "sampleCount" : 5,
    "errorCount" : 0,
    "errorPct" : 0.0,
    "meanResTime" : 88.2,
    "medianResTime" : 82.0,
    "minResTime" : 74.0,
    "maxResTime" : 107.0,
    "pct1ResTime" : 107.0,
    "pct2ResTime" : 107.0,
    "pct3ResTime" : 107.0,
    "throughput" : 1.949317738791423,
    "receivedKBytesPerSec" : 542.36948708577,
    "sentKBytesPerSec" : 0.6358126218323586
  },
  "Total" : {
    "transaction" : "Total",
    "sampleCount" : 15,
    "errorCount" : 0,
    "errorPct" : 0.0,
    "meanResTime" : 111.00000000000001,
    "medianResTime" : 52.0,
    "minResTime" : 16.0,
    "maxResTime" : 901.0,
    "pct1ResTime" : 424.6000000000003,
    "pct2ResTime" : 901.0,
    "pct3ResTime" : 901.0,
    "throughput" : 3.6991368680641186,
    "receivedKBytesPerSec" : 344.8609452065352,
    "sentKBytesPerSec" : 1.0560361436498151
  },
  "login" : {
    "transaction" : "login",
    "sampleCount" : 5,
    "errorCount" : 0,
    "errorPct" : 0.0,
    "meanResTime" : 222.4,
    "medianResTime" : 52.0,
    "minResTime" : 47.0,
    "maxResTime" : 901.0,
    "pct1ResTime" : 901.0,
    "pct2ResTime" : 901.0,
    "pct3ResTime" : 901.0,
    "throughput" : 1.2619888944977284,
    "receivedKBytesPerSec" : 0.9883936458859162,
    "sentKBytesPerSec" : 0.31426481259464917
  },
  "create api key" : {
    "transaction" : "create api key",
    "sampleCount" : 5,
    "errorCount" : 0,
    "errorPct" : 0.0,
    "meanResTime" : 22.4,
    "medianResTime" : 18.0,
    "minResTime" : 16.0,
    "maxResTime" : 32.0,
    "pct1ResTime" : 32.0,
    "pct2ResTime" : 32.0,
    "pct3ResTime" : 32.0,
    "throughput" : 1.9723865877712032,
    "receivedKBytesPerSec" : 1.3086322731755424,
    "sentKBytesPerSec" : 0.5547337278106509
  }
}