{
  "zone activity" : {
    "transaction" : "zone activity",
    "sampleCount" : 5,
    "errorCount" : 0,
    "errorPct" : 0.0,
    "meanResTime" : 425.6,
    "medianResTime" : 334.0,
    "minResTime" : 314.0,
    "maxResTime" : 582.0,
    "pct1ResTime" : 582.0,
    "pct2ResTime" : 582.0,
    "pct3ResTime" : 582.0,
    "throughput" : 1.8573551263001484,
    "receivedKBytesPerSec" : 517.0328896963224,
    "sentKBytesPerSec" : 0.6058170040861812
  },
  "Total" : {
    "transaction" : "Total",
    "sampleCount" : 15,
    "errorCount" : 0,
    "errorPct" : 0.0,
    "meanResTime" : 293.0,
    "medianResTime" : 205.0,
    "minResTime" : 65.0,
    "maxResTime" : 1063.0,
    "pct1ResTime" : 774.4000000000002,
    "pct2ResTime" : 1063.0,
    "pct3ResTime" : 1063.0,
    "throughput" : 3.351206434316354,
    "receivedKBytesPerSec" : 312.57505306076854,
    "sentKBytesPerSec" : 0.9567083472966935
  },
  "login" : {
    "transaction" : "login",
    "sampleCount" : 5,
    "errorCount" : 0,
    "errorPct" : 0.0,
    "meanResTime" : 373.4,
    "medianResTime" : 205.0,
    "minResTime" : 194.0,
    "maxResTime" : 1063.0,
    "pct1ResTime" : 1063.0,
    "pct2ResTime" : 1063.0,
    "pct3ResTime" : 1063.0,
    "throughput" : 1.2212994626282363,
    "receivedKBytesPerSec" : 0.9565255556912554,
    "sentKBytesPerSec" : 0.3041321904005862
  },
  "create api key" : {
    "transaction" : "create api key",
    "sampleCount" : 5,
    "errorCount" : 0,
    "errorPct" : 0.0,
    "meanResTime" : 80.0,
    "medianResTime" : 69.0,
    "minResTime" : 65.0,
    "maxResTime" : 112.0,
    "pct1ResTime" : 112.0,
    "pct2ResTime" : 112.0,
    "pct3ResTime" : 112.0,
    "throughput" : 2.01450443190975,
    "receivedKBytesPerSec" : 1.3365764756244962,
    "sentKBytesPerSec" : 0.5665793714746172
  }
}