{
  "zone activity" : {
    "transaction" : "zone activity",
    "sampleCount" : 5,
    "errorCount" : 0,
    "errorPct" : 0.0,
    "meanResTime" : 866.0,
    "medianResTime" : 636.0,
    "minResTime" : 366.0,
    "maxResTime" : 1482.0,
    "pct1ResTime" : 1482.0,
    "pct2ResTime" : 1482.0,
    "pct3ResTime" : 1482.0,
    "throughput" : 1.562011871290222,
    "receivedKBytesPerSec" : 434.5873970048422,
    "sentKBytesPerSec" : 0.5094843408309903
  },
  "Total" : {
    "transaction" : "Total",
    "sampleCount" : 15,
    "errorCount" : 0,
    "errorPct" : 0.0,
    "meanResTime" : 427.06666666666666,
    "medianResTime" : 232.0,
    "minResTime" : 74.0,
    "maxResTime" : 1482.0,
    "pct1ResTime" : 1470.0,
    "pct2ResTime" : 1482.0,
    "pct3ResTime" : 1482.0,
    "throughput" : 3.246050638389959,
    "receivedKBytesPerSec" : 302.60715348409434,
    "sentKBytesPerSec" : 0.9266882844622375
  },
  "login" : {
    "transaction" : "login",
    "sampleCount" : 5,
    "errorCount" : 0,
    "errorPct" : 0.0,
    "meanResTime" : 330.4,
    "medianResTime" : 232.0,
    "minResTime" : 219.0,
    "maxResTime" : 733.0,
    "pct1ResTime" : 733.0,
    "pct2ResTime" : 733.0,
    "pct3ResTime" : 733.0,
    "throughput" : 1.2027904738994466,
    "receivedKBytesPerSec" : 0.9420292578782776,
    "sentKBytesPerSec" : 0.29952301840269424
  },
  "create api key" : {
    "transaction" : "create api key",
    "sampleCount" : 5,
    "errorCount" : 0,
    "errorPct" : 0.0,
    "meanResTime" : 84.8,
    "medianResTime" : 79.0,
    "minResTime" : 74.0,
    "maxResTime" : 98.0,
    "pct1ResTime" : 98.0,
    "pct2ResTime" : 98.0,
    "pct3ResTime" : 98.0,
    "throughput" : 1.7082336863682952,
    "receivedKBytesPerSec" : 1.1333730141783396,
    "sentKBytesPerSec" : 0.48044072429108303
  }
}