{
  "zone activity" : {
    "transaction" : "zone activity",
    "sampleCount" : 5,
    "errorCount" : 0,
    "errorPct" : 0.0,
    "meanResTime" : 597.0,
    "medianResTime" : 491.0,
    "minResTime" : 111.0,
    "maxResTime" : 1137.0,
    "pct1ResTime" : 1137.0,
    "pct2ResTime" : 1137.0,
    "pct3ResTime" : 1137.0,
    "throughput" : 1.8201674554058973,
    "receivedKBytesPerSec" : 506.3122838551147,
    "sentKBytesPerSec" : 0.5936874317437204
  },
  "Total" : {
    "transaction" : "Total",
    "sampleCount" : 15,
    "errorCount" : 0,
    "errorPct" : 0.0,
    "meanResTime" : 276.6,
    "medianResTime" : 57.0,
    "minResTime" : 22.0,
    "maxResTime" : 1137.0,
    "pct1ResTime" : 1134.0,
    "pct2ResTime" : 1137.0,
    "pct3ResTime" : 1137.0,
    "throughput" : 3.6656891495601176,
    "receivedKBytesPerSec" : 341.6608435667156,
    "sentKBytesPerSec" : 1.046487429740958
  },
  "login" : {
    "transaction" : "login",
    "sampleCount" : 5,
    "errorCount" : 0,
    "errorPct" : 0.0,
    "meanResTime" : 198.4,
    "medianResTime" : 57.0,
    "minResTime" : 56.0,
    "maxResTime" : 748.0,
    "pct1ResTime" : 748.0,
    "pct2ResTime" : 748.0,
    "pct3ResTime" : 748.0,
    "throughput" : 1.2645422357106728,
    "receivedKBytesPerSec" : 0.9903934307030854,
    "sentKBytesPerSec" : 0.31490065440060694
  },
  "create api key" : {
    "transaction" : "create api key",
    "sampleCount" : 5,
    "errorCount" : 0,
    "errorPct" : 0.0,
    "meanResTime" : 34.4,
    "medianResTime" : 33.0,
    "minResTime" : 22.0,
    "maxResTime" : 46.0,
    "pct1ResTime" : 46.0,
    "pct2ResTime" : 46.0,
    "pct3ResTime" : 46.0,
    "throughput" : 1.8601190476190474,
    "receivedKBytesPerSec" : 1.2352353050595237,
    "sentKBytesPerSec" : 0.5231584821428571
  }
}