{
  "zone activity" : {
    "transaction" : "zone activity",
    "sampleCount" : 5,
    "errorCount" : 5,
    "errorPct" : 100.0,
    "meanResTime" : 4976.0,
    "medianResTime" : 5528.0,
    "minResTime" : 3542.0,
    "maxResTime" : 5647.0,
    "pct1ResTime" : 5647.0,
    "pct2ResTime" : 5647.0,
    "pct3ResTime" : 5647.0,
    "throughput" : 0.8854258898530193,
    "receivedKBytesPerSec" : 246.39050602089603,
    "sentKBytesPerSec" : 0.2888010226669028
  },
  "Total" : {
    "transaction" : "Total",
    "sampleCount" : 15,
    "errorCount" : 5,
    "errorPct" : 33.333332,
    "meanResTime" : 1775.3333333333333,
    "medianResTime" : 59.0,
    "minResTime" : 15.0,
    "maxResTime" : 5647.0,
    "pct1ResTime" : 5632.6,
    "pct2ResTime" : 5647.0,
    "pct3ResTime" : 5647.0,
    "throughput" : 1.9946808510638296,
    "receivedKBytesPerSec" : 185.98412047041225,
    "sentKBytesPerSec" : 0.5694450216090425
  },
  "login" : {
    "transaction" : "login",
    "sampleCount" : 5,
    "errorCount" : 0,
    "errorPct" : 0.0,
    "meanResTime" : 317.2,
    "medianResTime" : 59.0,
    "minResTime" : 52.0,
    "maxResTime" : 1152.0,
    "pct1ResTime" : 1152.0,
    "pct2ResTime" : 1152.0,
    "pct3ResTime" : 1152.0,
    "throughput" : 1.2690355329949237,
    "receivedKBytesPerSec" : 0.993912595177665,
    "sentKBytesPerSec" : 0.31601959073604063
  },
  "create api key" : {
    "transaction" : "create api key",
    "sampleCount" : 5,
    "errorCount" : 0,
    "errorPct" : 0.0,
    "meanResTime" : 32.8,
    "medianResTime" : 26.0,
    "minResTime" : 15.0,
    "maxResTime" : 55.0,
    "pct1ResTime" : 55.0,
    "pct2ResTime" : 55.0,
    "pct3ResTime" : 55.0,
    "throughput" : 2.3223409196470044,
    "receivedKBytesPerSec" : 1.540818770320483,
    "sentKBytesPerSec" : 0.6531583836507199
  }
}