{
  "zone activity" : {
    "transaction" : "zone activity",
    "sampleCount" : 5,
    "errorCount" : 0,
    "errorPct" : 0.0,
    "meanResTime" : 694.2,
    "medianResTime" : 871.0,
    "minResTime" : 80.0,
    "maxResTime" : 1220.0,
    "pct1ResTime" : 1220.0,
    "pct2ResTime" : 1220.0,
    "pct3ResTime" : 1220.0,
    "throughput" : 2.06953642384106,
    "receivedKBytesPerSec" : 575.5489930411838,
    "sentKBytesPerSec" : 0.6750245757450332
  },
  "Total" : {
    "transaction" : "Total",
    "sampleCount" : 15,
    "errorCount" : 0,
    "errorPct" : 0.0,
    "meanResTime" : 319.6666666666667,
    "medianResTime" : 59.0,
    "minResTime" : 17.0,
    "maxResTime" : 1220.0,
    "pct1ResTime" : 1219.4,
    "pct2ResTime" : 1220.0,
    "pct3ResTime" : 1220.0,
    "throughput" : 3.7332005973120954,
    "receivedKBytesPerSec" : 347.874506128671,
    "sentKBytesPerSec" : 1.0657607173967147
  },
  "login" : {
    "transaction" : "login",
    "sampleCount" : 5,
    "errorCount" : 0,
    "errorPct" : 0.0,
    "meanResTime" : 233.0,
    "medianResTime" : 59.0,
    "minResTime" : 50.0,
    "maxResTime" : 933.0,
    "pct1ResTime" : 933.0,
    "pct2ResTime" : 933.0,
    "pct3ResTime" : 933.0,
    "throughput" : 1.2758356723653994,
    "receivedKBytesPerSec" : 0.999238485583057,
    "sentKBytesPerSec" : 0.3177129848175555
  },
  "create api key" : {
    "transaction" : "create api key",
    "sampleCount" : 5,
    "errorCount" : 0,
    "errorPct" : 0.0,
    "meanResTime" : 31.8,
    "medianResTime" : 18.0,
    "minResTime" : 17.0,
    "maxResTime" : 54.0,
    "pct1ResTime" : 54.0,
    "pct2ResTime" : 54.0,
    "pct3ResTime" : 54.0,
    "throughput" : 2.0807324178110695,
    "receivedKBytesPerSec" : 1.3805171920516022,
    "sentKBytesPerSec" : 0.5852059925093633
  }
}