{
  "zone activity" : {
    "transaction" : "zone activity",
    "sampleCount" : 5,
    "errorCount" : 0,
    "errorPct" : 0.0,
    "meanResTime" : 314.4,
    "medianResTime" : 302.0,
    "minResTime" : 264.0,
    "maxResTime" : 355.0,
    "pct1ResTime" : 355.0,
    "pct2ResTime" : 355.0,
    "pct3ResTime" : 355.0,
    "throughput" : 1.9654088050314464,
    "receivedKBytesPerSec" : 546.7394942757469,
    "sentKBytesPerSec" : 0.6410610750786163
  },
  "Total" : {
    "transaction" : "Total",
    "sampleCount" : 15,
    "errorCount" : 0,
    "errorPct" : 0.0,
    "meanResTime" : 252.73333333333335,
    "medianResTime" : 177.0,
    "minResTime" : 53.0,
    "maxResTime" : 1073.0,
    "pct1ResTime" : 642.2000000000003,
    "pct2ResTime" : 1073.0,
    "pct3ResTime" : 1073.0,
    "throughput" : 3.469010175763182,
    "receivedKBytesPerSec" : 323.34381865749305,
    "sentKBytesPerSec" : 0.9903391680157262
  },
  "login" : {
    "transaction" : "login",
    "sampleCount" : 5,
    "errorCount" : 0,
    "errorPct" : 0.0,
    "meanResTime" : 372.6,
    "medianResTime" : 177.0,
    "minResTime" : 161.0,
    "maxResTime" : 1073.0,
    "pct1ResTime" : 1073.0,
    "pct2ResTime" : 1073.0,
    "pct3ResTime" : 1073.0,
    "throughput" : 1.2607160867372667,
    "receivedKBytesPerSec" : 0.9873967788703983,
    "sentKBytesPerSec" : 0.3139478536308623
  },
  "create api key" : {
    "transaction" : "create api key",
    "sampleCount" : 5,
    "errorCount" : 0,
    "errorPct" : 0.0,
    "meanResTime" : 71.2,
    "medianResTime" : 59.0,
    "minResTime" : 53.0,
    "maxResTime" : 95.0,
    "pct1ResTime" : 95.0,
    "pct2ResTime" : 95.0,
    "pct3ResTime" : 95.0,
    "throughput" : 2.1222410865874366,
    "receivedKBytesPerSec" : 1.4080572209252973,
    "sentKBytesPerSec" : 0.5968803056027165
  }
}