{
  "zone activity" : {
    "transaction" : "zone activity",
    "sampleCount" : 5,
    "errorCount" : 0,
    "errorPct" : 0.0,
    "meanResTime" : 193.0,
    "medianResTime" : 214.0,
    "minResTime" : 155.0,
    "maxResTime" : 221.0,
    "pct1ResTime" : 221.0,
    "pct2ResTime" : 221.0,
    "pct3ResTime" : 221.0,
    "throughput" : 2.457002457002457,
    "receivedKBytesPerSec" : 683.4243511977886,
    "sentKBytesPerSec" : 0.8014050982800982
  },
  "Total" : {
    "transaction" : "Total",
    "sampleCount" : 15,
    "errorCount" : 0,
    "errorPct" : 0.0,
    "meanResTime" : 222.40000000000003,
    "medianResTime" : 112.0,
    "minResTime" : 31.0,
    "maxResTime" : 1366.0,
    "pct1ResTime" : 812.2000000000003,
    "pct2ResTime" : 1366.0,
    "pct3ResTime" : 1366.0,
    "throughput" : 3.566333808844508,
    "receivedKBytesPerSec" : 332.3834719002615,
    "sentKBytesPerSec" : 1.0181232911317164
  },
  "login" : {
    "transaction" : "login",
    "sampleCount" : 5,
    "errorCount" : 0,
    "errorPct" : 0.0,
    "meanResTime" : 422.4,
    "medianResTime" : 112.0,
    "minResTime" : 93.0,
    "maxResTime" : 1366.0,
    "pct1ResTime" : 1366.0,
    "pct2ResTime" : 1366.0,
    "pct3ResTime" : 1366.0,
    "throughput" : 1.2453300124533002,
    "receivedKBytesPerSec" : 0.9753463574097136,
    "sentKBytesPerSec" : 0.31011636052303865
  },
  "create api key" : {
    "transaction" : "create api key",
    "sampleCount" : 5,
    "errorCount" : 0,
    "errorPct" : 0.0,
    "meanResTime" : 51.8,
    "medianResTime" : 63.0,
    "minResTime" : 31.0,
    "maxResTime" : 67.0,
    "pct1ResTime" : 67.0,
    "pct2ResTime" : 67.0,
    "pct3ResTime" : 67.0,
    "throughput" : 2.553626149131767,
    "receivedKBytesPerSec" : 1.6957673646578142,
    "sentKBytesPerSec" : 0.7182073544433095
  }
}