{
  "zone activity" : {
    "transaction" : "zone activity",
    "sampleCount" : 5,
    "errorCount" : 0,
    "errorPct" : 0.0,
    "meanResTime" : 312.0,
    "medianResTime" : 291.0,
    "minResTime" : 260.0,
    "maxResTime" : 368.0,
    "pct1ResTime" : 368.0,
    "pct2ResTime" : 368.0,
    "pct3ResTime" : 368.0,
    "throughput" : 1.7135023989033584,
    "receivedKBytesPerSec" : 477.3476321538725,
    "sentKBytesPerSec" : 0.5588962902673064
  },
  "Total" : {
    "transaction" : "Total",
    "sampleCount" : 15,
    "errorCount" : 0,
    "errorPct" : 0.0,
    "meanResTime" : 236.4666666666667,
    "medianResTime" : 185.0,
    "minResTime" : 59.0,
    "maxResTime" : 742.0,
    "pct1ResTime" : 517.6000000000001,
    "pct2ResTime" : 742.0,
    "pct3ResTime" : 742.0,
    "throughput" : 3.4021320027217055,
    "receivedKBytesPerSec" : 317.5637722556135,
    "sentKBytesPerSec" : 0.9712466687457474
  },
  "login" : {
    "transaction" : "login",
    "sampleCount" : 5,
    "errorCount" : 0,
    "errorPct" : 0.0,
    "meanResTime" : 297.0,
    "medianResTime" : 185.0,
    "minResTime" : 173.0,
    "maxResTime" : 742.0,
    "pct1ResTime" : 742.0,
    "pct2ResTime" : 742.0,
    "pct3ResTime" : 742.0,
    "throughput" : 1.223391240518718,
    "receivedKBytesPerSec" : 0.9581638426718865,
    "sentKBytesPerSec" : 0.30465309212136044
  },
  "create api key" : {
    "transaction" : "create api key",
    "sampleCount" : 5,
    "errorCount" : 0,
    "errorPct" : 0.0,
    "meanResTime" : 100.4,
    "medianResTime" : 64.0,
    "minResTime" : 59.0,
    "maxResTime" : 159.0,
    "pct1ResTime" : 159.0,
    "pct2ResTime" : 159.0,
    "pct3ResTime" : 159.0,
    "throughput" : 1.7661603673613564,
    "receivedKBytesPerSec" : 1.1735307753444013,
    "sentKBytesPerSec" : 0.4967326033203815
  }
}