{
  "zone activity" : {
    "transaction" : "zone activity",
    "sampleCount" : 10,
    "errorCount" : 0,
    "errorPct" : 0.0,
    "meanResTime" : 107.0,
    "medianResTime" : 107.0,
    "minResTime" : 106.0,
    "maxResTime" : 108.0,
    "pct1ResTime" : 108.0,
    "pct2ResTime" : 108.0,
    "pct3ResTime" : 108.0,
    "throughput" : 1.3203063110641668,
    "receivedKBytesPerSec" : 20.59884143121204,
    "sentKBytesPerSec" : 0.429357423422234
  },
  "Total" : {
    "transaction" : "Total",
    "sampleCount" : 30,
    "errorCount" : 0,
    "errorPct" : 0.0,
    "meanResTime" : 140.4333333333333,
    "medianResTime" : 107.0,
    "minResTime" : 56.0,
    "maxResTime" : 1033.0,
    "pct1ResTime" : 171.0,
    "pct2ResTime" : 565.4999999999993,
    "pct3ResTime" : 1033.0,
    "throughput" : 3.2464019045557837,
    "receivedKBytesPerSec" : 20.646143883237745,
    "sentKBytesPerSec" : 0.9267885645492913
  },
  "login" : {
    "transaction" : "login",
    "sampleCount" : 10,
    "errorCount" : 0,
    "errorPct" : 0.0,
    "meanResTime" : 256.79999999999995,
    "medianResTime" : 170.0,
    "minResTime" : 167.0,
    "maxResTime" : 1033.0,
    "pct1ResTime" : 948.0000000000003,
    "pct2ResTime" : 1033.0,
    "pct3ResTime" : 1033.0,
    "throughput" : 1.102049812651532,
    "receivedKBytesPerSec" : 1.9823981981485563,
    "sentKBytesPerSec" : 0.275512453162883
  },
  "create api key" : {
    "transaction" : "create api key",
    "sampleCount" : 10,
    "errorCount" : 0,
    "errorPct" : 0.0,
    "meanResTime" : 57.49999999999999,
    "medianResTime" : 57.0,
    "minResTime" : 56.0,
    "maxResTime" : 60.0,
    "pct1ResTime" : 59.9,
    "pct2ResTime" : 60.0,
    "pct3ResTime" : 60.0,
    "throughput" : 1.3262599469496021,
    "receivedKBytesPerSec" : 2.226407078912467,
    "sentKBytesPerSec" : 0.3730106100795756
  }
}