{
  "zone activity" : {
    "transaction" : "zone activity",
    "sampleCount" : 5,
    "errorCount" : 0,
    "errorPct" : 0.0,
    "meanResTime" : 273.4,
    "medianResTime" : 87.0,
    "minResTime" : 79.0,
    "maxResTime" : 559.0,
    "pct1ResTime" : 559.0,
    "pct2ResTime" : 559.0,
    "pct3ResTime" : 559.0,
    "throughput" : 1.9069412662090006,
    "receivedKBytesPerSec" : 530.4339632198704,
    "sentKBytesPerSec" : 0.6219906083142639
  },
  "Total" : {
    "transaction" : "Total",
    "sampleCount" : 15,
    "errorCount" : 0,
    "errorPct" : 0.0,
    "meanResTime" : 170.6,
    "medianResTime" : 61.0,
    "minResTime" : 19.0,
    "maxResTime" : 825.0,
    "pct1ResTime" : 665.4000000000001,
    "pct2ResTime" : 825.0,
    "pct3ResTime" : 825.0,
    "throughput" : 3.6991368680641186,
    "receivedKBytesPerSec" : 344.7679851263872,
    "sentKBytesPerSec" : 1.0560361436498151
  },
  "login" : {
    "transaction" : "login",
    "sampleCount" : 5,
    "errorCount" : 0,
    "errorPct" : 0.0,
    "meanResTime" : 210.8,
    "medianResTime" : 61.0,
    "minResTime" : 52.0,
    "maxResTime" : 825.0,
    "pct1ResTime" : 825.0,
    "pct2ResTime" : 825.0,
    "pct3ResTime" : 825.0,
    "throughput" : 1.2645422357106728,
    "receivedKBytesPerSec" : 0.9903934307030854,
    "sentKBytesPerSec" : 0.31490065440060694
  },
  "create api key" : {
    "transaction" : "create api key",
    "sampleCount" : 5,
    "errorCount" : 0,
    "errorPct" : 0.0,
    "meanResTime" : 27.6,
    "medianResTime" : 20.0,
    "minResTime" : 19.0,
    "maxResTime" : 40.0,
    "pct1ResTime" : 40.0,
    "pct2ResTime" : 40.0,
    "pct3ResTime" : 40.0,
    "throughput" : 1.923816852635629,
    "receivedKBytesPerSec" : 1.2775346287033473,
    "sentKBytesPerSec" : 0.5410734898037707
  }
}