{
  "zone activity" : {
    "transaction" : "zone activity",
    "sampleCount" : 5,
    "errorCount" : 0,
    "errorPct" : 0.0,
    "meanResTime" : 402.2,
    "medianResTime" : 324.0,
    "minResTime" : 252.0,
    "maxResTime" : 598.0,
    "pct1ResTime" : 598.0,
    "pct2ResTime" : 598.0,
    "pct3ResTime" : 598.0,
    "throughput" : 2.011263073209976,
    "receivedKBytesPerSec" : 559.858645917136,
    "sentKBytesPerSec" : 0.6560174477071601
  },
  "Total" : {
    "transaction" : "Total",
    "sampleCount" : 15,
    "errorCount" : 0,
    "errorPct" : 0.0,
    "meanResTime" : 287.46666666666664,
    "medianResTime" : 175.0,
    "minResTime" : 53.0,
    "maxResTime" : 1188.0,
    "pct1ResTime" : 834.0000000000002,
    "pct2ResTime" : 1188.0,
    "pct3ResTime" : 1188.0,
    "throughput" : 3.4285714285714284,
    "receivedKBytesPerSec" : 319.7810267857143,
    "sentKBytesPerSec" : 0.9787946428571429
  },
  "login" : {
    "transaction" : "login",
    "sampleCount" : 5,
    "errorCount" : 0,
    "errorPct" : 0.0,
    "meanResTime" : 390.6,
    "medianResTime" : 175.0,
    "minResTime" : 156.0,
    "maxResTime" : 1188.0,
    "pct1ResTime" : 1188.0,
    "pct2ResTime" : 1188.0,
    "pct3ResTime" : 1188.0,
    "throughput" : 1.2294074256208507,
    "receivedKBytesPerSec" : 0.9628757376444553,
    "sentKBytesPerSec" : 0.3061512632161298
  },
  "create api key" : {
    "transaction" : "create api key",
    "sampleCount" : 5,
    "errorCount" : 0,
    "errorPct" : 0.0,
    "meanResTime" : 69.6,
    "medianResTime" : 56.0,
    "minResTime" : 53.0,
    "maxResTime" : 108.0,
    "pct1ResTime" : 108.0,
    "pct2ResTime" : 108.0,
    "pct3ResTime" : 108.0,
    "throughput" : 2.150537634408602,
    "receivedKBytesPerSec" : 1.426831317204301,
    "sentKBytesPerSec" : 0.6048387096774193
  }
}