{
  "zone activity" : {
    "transaction" : "zone activity",
    "sampleCount" : 5,
    "errorCount" : 0,
    "errorPct" : 0.0,
    "meanResTime" : 315.2,
    "medianResTime" : 323.0,
    "minResTime" : 280.0,
    "maxResTime" : 352.0,
    "pct1ResTime" : 352.0,
    "pct2ResTime" : 352.0,
    "pct3ResTime" : 352.0,
    "throughput" : 1.6228497241155468,
    "receivedKBytesPerSec" : 451.4748914719247,
    "sentKBytesPerSec" : 0.5293279373580007
  },
  "Total" : {
    "transaction" : "Total",
    "sampleCount" : 15,
    "errorCount" : 0,
    "errorPct" : 0.0,
    "meanResTime" : 217.93333333333337,
    "medianResTime" : 180.0,
    "minResTime" : 54.0,
    "maxResTime" : 683.0,
    "pct1ResTime" : 484.4000000000001,
    "pct2ResTime" : 683.0,
    "pct3ResTime" : 683.0,
    "throughput" : 3.3944331296673456,
    "receivedKBytesPerSec" : 316.4126587604662,
    "sentKBytesPerSec" : 0.9690487808327677
  },
  "login" : {
    "transaction" : "login",
    "sampleCount" : 5,
    "errorCount" : 0,
    "errorPct" : 0.0,
    "meanResTime" : 276.0,
    "medianResTime" : 180.0,
    "minResTime" : 159.0,
    "maxResTime" : 683.0,
    "pct1ResTime" : 683.0,
    "pct2ResTime" : 683.0,
    "pct3ResTime" : 683.0,
    "throughput" : 1.224589762429586,
    "receivedKBytesPerSec" : 0.9591025287778594,
    "sentKBytesPerSec" : 0.30495155216752384
  },
  "create api key" : {
    "transaction" : "create api key",
    "sampleCount" : 5,
    "errorCount" : 0,
    "errorPct" : 0.0,
    "meanResTime" : 62.6,
    "medianResTime" : 58.0,
    "minResTime" : 54.0,
    "maxResTime" : 74.0,
    "pct1ResTime" : 74.0,
    "pct2ResTime" : 74.0,
    "pct3ResTime" : 74.0,
    "throughput" : 1.7331022530329288,
    "receivedKBytesPerSec" : 1.149872725303293,
    "sentKBytesPerSec" : 0.4874350086655113
  }
}