{
  "zone activity" : {
    "transaction" : "zone activity",
    "sampleCount" : 10,
    "errorCount" : 0,
    "errorPct" : 0.0,
    "meanResTime" : 50.0,
    "medianResTime" : 49.0,
    "minResTime" : 48.0,
    "maxResTime" : 54.0,
    "pct1ResTime" : 53.9,
    "pct2ResTime" : 54.0,
    "pct3ResTime" : 54.0,
    "throughput" : 1.2457954403886882,
    "receivedKBytesPerSec" : 19.436355425439146,
    "sentKBytesPerSec" : 0.4051268375482746
  },
  "Total" : {
    "transaction" : "Total",
    "sampleCount" : 30,
    "errorCount" : 0,
    "errorPct" : 0.0,
    "meanResTime" : 66.73333333333333,
    "medianResTime" : 49.0,
    "minResTime" : 26.0,
    "maxResTime" : 445.0,
    "pct1ResTime" : 90.60000000000001,
    "pct2ResTime" : 255.24999999999974,
    "pct3ResTime" : 445.0,
    "throughput" : 3.303964757709251,
    "receivedKBytesPerSec" : 21.012333941354626,
    "sentKBytesPerSec" : 0.9432217098017621
  },
  "login" : {
    "transaction" : "login",
    "sampleCount" : 10,
    "errorCount" : 0,
    "errorPct" : 0.0,
    "meanResTime" : 121.3,
    "medianResTime" : 83.0,
    "minResTime" : 80.0,
    "maxResTime" : 445.0,
    "pct1ResTime" : 410.5000000000001,
    "pct2ResTime" : 445.0,
    "pct3ResTime" : 445.0,
    "throughput" : 1.110864252388358,
    "receivedKBytesPerSec" : 1.998253860253277,
    "sentKBytesPerSec" : 0.2777160630970895
  },
  "create api key" : {
    "transaction" : "create api key",
    "sampleCount" : 10,
    "errorCount" : 0,
    "errorPct" : 0.0,
    "meanResTime" : 28.9,
    "medianResTime" : 27.0,
    "minResTime" : 26.0,
    "maxResTime" : 44.0,
    "pct1ResTime" : 42.50000000000001,
    "pct2ResTime" : 44.0,
    "pct3ResTime" : 44.0,
    "throughput" : 1.2444001991040317,
    "receivedKBytesPerSec" : 2.08910974832006,
    "sentKBytesPerSec" : 0.34998755599800896
  }
}