{
  "zone activity" : {
    "transaction" : "zone activity",
    "sampleCount" : 5,
    "errorCount" : 0,
    "errorPct" : 0.0,
    "meanResTime" : 145.0,
    "medianResTime" : 142.0,
    "minResTime" : 134.0,
    "maxResTime" : 155.0,
    "pct1ResTime" : 155.0,
    "pct2ResTime" : 155.0,
    "pct3ResTime" : 155.0,
    "throughput" : 2.008032128514056,
    "receivedKBytesPerSec" : 558.5808076054217,
    "sentKBytesPerSec" : 0.6549636044176707
  },
  "Total" : {
    "transaction" : "Total",
    "sampleCount" : 15,
    "errorCount" : 0,
    "errorPct" : 0.0,
    "meanResTime" : 157.13333333333335,
    "medianResTime" : 93.0,
    "minResTime" : 28.0,
    "maxResTime" : 1048.0,
    "pct1ResTime" : 512.2000000000003,
    "pct2ResTime" : 1048.0,
    "pct3ResTime" : 1048.0,
    "throughput" : 3.601440576230492,
    "receivedKBytesPerSec" : 335.6781775210084,
    "sentKBytesPerSec" : 1.0281456332533012
  },
  "login" : {
    "transaction" : "login",
    "sampleCount" : 5,
    "errorCount" : 0,
    "errorPct" : 0.0,
    "meanResTime" : 289.8,
    "medianResTime" : 93.0,
    "minResTime" : 85.0,
    "maxResTime" : 1048.0,
    "pct1ResTime" : 1048.0,
    "pct2ResTime" : 1048.0,
    "pct3ResTime" : 1048.0,
    "throughput" : 1.2496875781054737,
    "receivedKBytesPerSec" : 0.9787592164458885,
    "sentKBytesPerSec" : 0.31120149650087475
  },
  "create api key" : {
    "transaction" : "create api key",
    "sampleCount" : 5,
    "errorCount" : 0,
    "errorPct" : 0.0,
    "meanResTime" : 36.6,
    "medianResTime" : 29.0,
    "minResTime" : 28.0,
    "maxResTime" : 50.0,
    "pct1ResTime" : 50.0,
    "pct2ResTime" : 50.0,
    "pct3ResTime" : 50.0,
    "throughput" : 2.068680182043856,
    "receivedKBytesPerSec" : 1.3725208160943319,
    "sentKBytesPerSec" : 0.5818163011998345
  }
}