{
  "zone activity" : {
    "transaction" : "zone activity",
    "sampleCount" : 5,
    "errorCount" : 0,
    "errorPct" : 0.0,
    "meanResTime" : 422.0,
    "medianResTime" : 404.0,
    "minResTime" : 395.0,
    "maxResTime" : 474.0,
    "pct1ResTime" : 474.0,
    "pct2ResTime" : 474.0,
    "pct3ResTime" : 474.0,
    "throughput" : 1.5234613040828764,
    "receivedKBytesPerSec" : 423.8608556139549,
    "sentKBytesPerSec" : 0.4969102300426569
  },
  "Total" : {
    "transaction" : "Total",
    "sampleCount" : 15,
    "errorCount" : 0,
    "errorPct" : 0.0,
    "meanResTime" : 281.40000000000003,
    "medianResTime" : 237.0,
    "minResTime" : 77.0,
    "maxResTime" : 692.0,
    "pct1ResTime" : 561.2,
    "pct2ResTime" : 692.0,
    "pct3ResTime" : 692.0,
    "throughput" : 3.2355478861087144,
    "receivedKBytesPerSec" : 301.627421605371,
    "sentKBytesPerSec" : 0.923689940142364
  },
  "login" : {
    "transaction" : "login",
    "sampleCount" : 5,
    "errorCount" : 0,
    "errorPct" : 0.0,
    "meanResTime" : 333.8,
    "medianResTime" : 237.0,
    "minResTime" : 236.0,
    "maxResTime" : 692.0,
    "pct1ResTime" : 692.0,
    "pct2ResTime" : 692.0,
    "pct3ResTime" : 692.0,
    "throughput" : 1.201345506967804,
    "receivedKBytesPerSec" : 0.9408975552618933,
    "sentKBytesPerSec" : 0.29916318777030276
  },
  "create api key" : {
    "transaction" : "create api key",
    "sampleCount" : 5,
    "errorCount" : 0,
    "errorPct" : 0.0,
    "meanResTime" : 88.4,
    "medianResTime" : 80.0,
    "minResTime" : 77.0,
    "maxResTime" : 106.0,
    "pct1ResTime" : 106.0,
    "pct2ResTime" : 106.0,
    "pct3ResTime" : 106.0,
    "throughput" : 1.665556295802798,
    "receivedKBytesPerSec" : 1.1050575657894737,
    "sentKBytesPerSec" : 0.468437708194537
  }
}