{
  "zone activity" : {
    "transaction" : "zone activity",
    "sampleCount" : 10,
    "errorCount" : 0,
    "errorPct" : 0.0,
    "meanResTime" : 78.7,
    "medianResTime" : 78.5,
    "minResTime" : 63.0,
    "maxResTime" : 107.0,
    "pct1ResTime" : 105.10000000000001,
    "pct2ResTime" : 107.0,
    "pct3ResTime" : 107.0,
    "throughput" : 1.352447930754666,
    "receivedKBytesPerSec" : 21.100300919664594,
    "sentKBytesPerSec" : 0.43980972748174196
  },
  "Total" : {
    "transaction" : "Total",
    "sampleCount" : 30,
    "errorCount" : 0,
    "errorPct" : 0.0,
    "meanResTime" : 115.20000000000005,
    "medianResTime" : 78.5,
    "minResTime" : 35.0,
    "maxResTime" : 1043.0,
    "pct1ResTime" : 139.70000000000002,
    "pct2ResTime" : 566.1499999999994,
    "pct3ResTime" : 1043.0,
    "throughput" : 3.2747516646654296,
    "receivedKBytesPerSec" : 20.826653067350726,
    "sentKBytesPerSec" : 0.934881904268093
  },
  "login" : {
    "transaction" : "login",
    "sampleCount" : 10,
    "errorCount" : 0,
    "errorPct" : 0.0,
    "meanResTime" : 221.5,
    "medianResTime" : 127.5,
    "minResTime" : 102.0,
    "maxResTime" : 1043.0,
    "pct1ResTime" : 956.3000000000003,
    "pct2ResTime" : 1043.0,
    "pct3ResTime" : 1043.0,
    "throughput" : 1.1066843736166445,
    "receivedKBytesPerSec" : 1.9907349767596283,
    "sentKBytesPerSec" : 0.27667109340416113
  },
  "create api key" : {
    "transaction" : "create api key",
    "sampleCount" : 10,
    "errorCount" : 0,
    "errorPct" : 0.0,
    "meanResTime" : 45.4,
    "medianResTime" : 43.0,
    "minResTime" : 35.0,
    "maxResTime" : 58.0,
    "pct1ResTime" : 58.0,
    "pct2ResTime" : 58.0,
    "pct3ResTime" : 58.0,
    "throughput" : 1.3553808620222283,
    "receivedKBytesPerSec" : 2.2755574003795065,
    "sentKBytesPerSec" : 0.3812008674437517
  }
}