{
  "zone activity" : {
    "transaction" : "zone activity",
    "sampleCount" : 5,
    "errorCount" : 0,
    "errorPct" : 0.0,
    "meanResTime" : 211.8,
    "medianResTime" : 178.0,
    "minResTime" : 176.0,
    "maxResTime" : 269.0,
    "pct1ResTime" : 269.0,
    "pct2ResTime" : 269.0,
    "pct3ResTime" : 269.0,
    "throughput" : 2.059308072487644,
    "receivedKBytesPerSec" : 572.7961381538304,
    "sentKBytesPerSec" : 0.6716883752059308
  },
  "Total" : {
    "transaction" : "Total",
    "sampleCount" : 15,
    "errorCount" : 0,
    "errorPct" : 0.0,
    "meanResTime" : 194.86666666666667,
    "medianResTime" : 106.0,
    "minResTime" : 33.0,
    "maxResTime" : 1131.0,
    "pct1ResTime" : 613.8000000000003,
    "pct2ResTime" : 1131.0,
    "pct3ResTime" : 1131.0,
    "throughput" : 3.564638783269962,
    "receivedKBytesPerSec" : 332.2208535081987,
    "sentKBytesPerSec" : 1.0176393922290874
  },
  "login" : {
    "transaction" : "login",
    "sampleCount" : 5,
    "errorCount" : 0,
    "errorPct" : 0.0,
    "meanResTime" : 330.0,
    "medianResTime" : 106.0,
    "minResTime" : 93.0,
    "maxResTime" : 1131.0,
    "pct1ResTime" : 1131.0,
    "pct2ResTime" : 1131.0,
    "pct3ResTime" : 1131.0,
    "throughput" : 1.2509382036527394,
    "receivedKBytesPerSec" : 0.9797387102827121,
    "sentKBytesPerSec" : 0.31151293157368026
  },
  "create api key" : {
    "transaction" : "create api key",
    "sampleCount" : 5,
    "errorCount" : 0,
    "errorPct" : 0.0,
    "meanResTime" : 42.8,
    "medianResTime" : 35.0,
    "minResTime" : 33.0,
    "maxResTime" : 58.0,
    "pct1ResTime" : 58.0,
    "pct2ResTime" : 58.0,
    "pct3ResTime" : 58.0,
    "throughput" : 2.1514629948364887,
    "receivedKBytesPerSec" : 1.428705895008606,
    "sentKBytesPerSec" : 0.6050989672977625
  }
}