{
  "zone activity" : {
    "transaction" : "zone activity",
    "sampleCount" : 5,
    "errorCount" : 0,
    "errorPct" : 0.0,
    "meanResTime" : 368.8,
    "medianResTime" : 307.0,
    "minResTime" : 300.0,
    "maxResTime" : 475.0,
    "pct1ResTime" : 475.0,
    "pct2ResTime" : 475.0,
    "pct3ResTime" : 475.0,
    "throughput" : 1.7199862401100792,
    "receivedKBytesPerSec" : 478.59423374613004,
    "sentKBytesPerSec" : 0.5610111369109048
  },
  "Total" : {
    "transaction" : "Total",
    "sampleCount" : 15,
    "errorCount" : 0,
    "errorPct" : 0.0,
    "meanResTime" : 264.0,
    "medianResTime" : 198.0,
    "minResTime" : 64.0,
    "maxResTime" : 914.0,
    "pct1ResTime" : 650.6000000000001,
    "pct2ResTime" : 914.0,
    "pct3ResTime" : 914.0,
    "throughput" : 3.3497096918267086,
    "receivedKBytesPerSec" : 312.30656298849937,
    "sentKBytesPerSec" : 0.956281054600268
  },
  "login" : {
    "transaction" : "login",
    "sampleCount" : 5,
    "errorCount" : 0,
    "errorPct" : 0.0,
    "meanResTime" : 343.4,
    "medianResTime" : 198.0,
    "minResTime" : 190.0,
    "maxResTime" : 914.0,
    "pct1ResTime" : 914.0,
    "pct2ResTime" : 914.0,
    "pct3ResTime" : 914.0,
    "throughput" : 1.2195121951219512,
    "receivedKBytesPerSec" : 0.955125762195122,
    "sentKBytesPerSec" : 0.30368711890243905
  },
  "create api key" : {
    "transaction" : "create api key",
    "sampleCount" : 5,
    "errorCount" : 0,
    "errorPct" : 0.0,
    "meanResTime" : 79.8,
    "medianResTime" : 87.0,
    "minResTime" : 64.0,
    "maxResTime" : 92.0,
    "pct1ResTime" : 92.0,
    "pct2ResTime" : 92.0,
    "pct3ResTime" : 92.0,
    "throughput" : 1.8532246108228316,
    "receivedKBytesPerSec" : 1.2302950101927355,
    "sentKBytesPerSec" : 0.5212194217939214
  }
}