{
  "zone activity" : {
    "transaction" : "zone activity",
    "sampleCount" : 5,
    "errorCount" : 0,
    "errorPct" : 0.0,
    "meanResTime" : 122.8,
    "medianResTime" : 87.0,
    "minResTime" : 84.0,
    "maxResTime" : 182.0,
    "pct1ResTime" : 182.0,
    "pct2ResTime" : 182.0,
    "pct3ResTime" : 182.0,
    "throughput" : 2.0424836601307192,
    "receivedKBytesPerSec" : 568.1830512152778,
    "sentKBytesPerSec" : 0.6662007250816994
  },
  "Total" : {
    "transaction" : "Total",
    "sampleCount" : 15,
    "errorCount" : 0,
    "errorPct" : 0.0,
    "meanResTime" : 128.73333333333335,
    "medianResTime" : 61.0,
    "minResTime" : 16.0,
    "maxResTime" : 949.0,
    "pct1ResTime" : 488.8000000000003,
    "pct2ResTime" : 949.0,
    "pct3ResTime" : 949.0,
    "throughput" : 3.697313285679073,
    "receivedKBytesPerSec" : 344.6254640898447,
    "sentKBytesPerSec" : 1.0555155441212718
  },
  "login" : {
    "transaction" : "login",
    "sampleCount" : 5,
    "errorCount" : 0,
    "errorPct" : 0.0,
    "meanResTime" : 232.8,
    "medianResTime" : 58.0,
    "minResTime" : 47.0,
    "maxResTime" : 949.0,
    "pct1ResTime" : 949.0,
    "pct2ResTime" : 949.0,
    "pct3ResTime" : 949.0,
    "throughput" : 1.2642225031605563,
    "receivedKBytesPerSec" : 0.99014301517067,
    "sentKBytesPerSec" : 0.31482103350189633
  },
  "create api key" : {
    "transaction" : "create api key",
    "sampleCount" : 5,
    "errorCount" : 0,
    "errorPct" : 0.0,
    "meanResTime" : 30.6,
    "medianResTime" : 16.0,
    "minResTime" : 16.0,
    "maxResTime" : 63.0,
    "pct1ResTime" : 63.0,
    "pct2ResTime" : 63.0,
    "pct3ResTime" : 63.0,
    "throughput" : 2.0678246484698097,
    "receivedKBytesPerSec" : 1.3719531896195203,
    "sentKBytesPerSec" : 0.581575682382134
  }
}