{
  "zone activity" : {
    "transaction" : "zone activity",
    "sampleCount" : 5,
    "errorCount" : 0,
    "errorPct" : 0.0,
    "meanResTime" : 139.4,
    "medianResTime" : 101.0,
    "minResTime" : 87.0,
    "maxResTime" : 211.0,
    "pct1ResTime" : 211.0,
    "pct2ResTime" : 211.0,
    "pct3ResTime" : 211.0,
    "throughput" : 2.2271714922048997,
    "receivedKBytesPerSec" : 619.6617483296213,
    "sentKBytesPerSec" : 0.72644070155902
  },
  "Total" : {
    "transaction" : "Total",
    "sampleCount" : 15,
    "errorCount" : 0,
    "errorPct" : 0.0,
    "meanResTime" : 160.1333333333333,
    "medianResTime" : 51.0,
    "minResTime" : 14.0,
    "maxResTime" : 1168.0,
    "pct1ResTime" : 625.6000000000004,
    "pct2ResTime" : 1168.0,
    "pct3ResTime" : 1168.0,
    "throughput" : 3.70278943470748,
    "receivedKBytesPerSec" : 345.1925450506048,
    "sentKBytesPerSec" : 1.0570788848432486
  },
  "login" : {
    "transaction" : "login",
    "sampleCount" : 5,
    "errorCount" : 0,
    "errorPct" : 0.0,
    "meanResTime" : 315.2,
    "medianResTime" : 51.0,
    "minResTime" : 44.0,
    "maxResTime" : 1168.0,
    "pct1ResTime" : 1168.0,
    "pct2ResTime" : 1168.0,
    "pct3ResTime" : 1168.0,
    "throughput" : 1.266784899923993,
    "receivedKBytesPerSec" : 0.9921498923232835,
    "sentKBytesPerSec" : 0.3154591303521662
  },
  "create api key" : {
    "transaction" : "create api key",
    "sampleCount" : 5,
    "errorCount" : 0,
    "errorPct" : 0.0,
    "meanResTime" : 25.8,
    "medianResTime" : 23.0,
    "minResTime" : 14.0,
    "maxResTime" : 43.0,
    "pct1ResTime" : 43.0,
    "pct2ResTime" : 43.0,
    "pct3ResTime" : 43.0,
    "throughput" : 2.2644927536231885,
    "receivedKBytesPerSec" : 1.5028801517210144,
    "sentKBytesPerSec" : 0.6368885869565217
  }
}