{
  "zone activity" : {
    "transaction" : "zone activity",
    "sampleCount" : 10,
    "errorCount" : 10,
    "errorPct" : 100.0,
    "meanResTime" : 52.300000000000004,
    "medianResTime" : 52.0,
    "minResTime" : 49.0,
    "maxResTime" : 56.0,
    "pct1ResTime" : 55.9,
    "pct2ResTime" : 56.0,
    "pct3ResTime" : 56.0,
    "throughput" : 1.358695652173913,
    "receivedKBytesPerSec" : 21.197907820991848,
    "sentKBytesPerSec" : 0.4418414572010869
  },
  "Total" : {
    "transaction" : "Total",
    "sampleCount" : 30,
    "errorCount" : 10,
    "errorPct" : 33.333332,
    "meanResTime" : 88.66666666666667,
    "medianResTime" : 52.0,
    "minResTime" : 29.0,
    "maxResTime" : 994.0,
    "pct1ResTime" : 89.80000000000001,
    "pct2ResTime" : 507.7999999999994,
    "pct3ResTime" : 994.0,
    "throughput" : 3.3079722130334104,
    "receivedKBytesPerSec" : 21.0380356502922,
    "sentKBytesPerSec" : 0.9443657652442385
  },
  "login" : {
    "transaction" : "login",
    "sampleCount" : 10,
    "errorCount" : 0,
    "errorPct" : 0.0,
    "meanResTime" : 179.1,
    "medianResTime" : 86.5,
    "minResTime" : 83.0,
    "maxResTime" : 994.0,
    "pct1ResTime" : 905.6000000000004,
    "pct2ResTime" : 994.0,
    "pct3ResTime" : 994.0,
    "throughput" : 1.1129660545353368,
    "receivedKBytesPerSec" : 2.0020346410684478,
    "sentKBytesPerSec" : 0.2782415136338342
  },
  "create api key" : {
    "transaction" : "create api key",
    "sampleCount" : 10,
    "errorCount" : 0,
    "errorPct" : 0.0,
    "meanResTime" : 34.6,
    "medianResTime" : 30.0,
    "minResTime" : 29.0,
    "maxResTime" : 52.0,
    "pct1ResTime" : 52.0,
    "pct2ResTime" : 52.0,
    "pct3ResTime" : 52.0,
    "throughput" : 1.3557483731019522,
    "receivedKBytesPerSec" : 2.2761744170281997,
    "sentKBytesPerSec" : 0.3813042299349241
  }
}