{
  "zone activity" : {
    "transaction" : "zone activity",
    "sampleCount" : 5,
    "errorCount" : 0,
    "errorPct" : 0.0,
    "meanResTime" : 851.0,
    "medianResTime" : 1185.0,
    "minResTime" : 74.0,
    "maxResTime" : 1398.0,
    "pct1ResTime" : 1398.0,
    "pct2ResTime" : 1398.0,
    "pct3ResTime" : 1398.0,
    "throughput" : 2.197802197802198,
    "receivedKBytesPerSec" : 611.223385989011,
    "sentKBytesPerSec" : 0.7168612637362638
  },
  "Total" : {
    "transaction" : "Total",
    "sampleCount" : 15,
    "errorCount" : 0,
    "errorPct" : 0.0,
    "meanResTime" : 387.1333333333333,
    "medianResTime" : 56.0,
    "minResTime" : 14.0,
    "maxResTime" : 1398.0,
    "pct1ResTime" : 1398.0,
    "pct2ResTime" : 1398.0,
    "pct3ResTime" : 1398.0,
    "throughput" : 3.721161002232696,
    "receivedKBytesPerSec" : 346.75430453051354,
    "sentKBytesPerSec" : 1.0623236324733318
  },
  "login" : {
    "transaction" : "login",
    "sampleCount" : 5,
    "errorCount" : 0,
    "errorPct" : 0.0,
    "meanResTime" : 289.8,
    "medianResTime" : 56.0,
    "minResTime" : 45.0,
    "maxResTime" : 1100.0,
    "pct1ResTime" : 1100.0,
    "pct2ResTime" : 1100.0,
    "pct3ResTime" : 1100.0,
    "throughput" : 1.2690355329949237,
    "receivedKBytesPerSec" : 0.993912595177665,
    "sentKBytesPerSec" : 0.31601959073604063
  },
  "create api key" : {
    "transaction" : "create api key",
    "sampleCount" : 5,
    "errorCount" : 0,
    "errorPct" : 0.0,
    "meanResTime" : 20.6,
    "medianResTime" : 15.0,
    "minResTime" : 14.0,
    "maxResTime" : 32.0,
    "pct1ResTime" : 32.0,
    "pct2ResTime" : 32.0,
    "pct3ResTime" : 32.0,
    "throughput" : 2.224199288256228,
    "receivedKBytesPerSec" : 1.4757040980871885,
    "sentKBytesPerSec" : 0.625556049822064
  }
}