{
  "zone activity" : {
    "transaction" : "zone activity",
    "sampleCount" : 5,
    "errorCount" : 0,
    "errorPct" : 0.0,
    "meanResTime" : 162.4,
    "medianResTime" : 95.0,
    "minResTime" : 85.0,
    "maxResTime" : 272.0,
    "pct1ResTime" : 272.0,
    "pct2ResTime" : 272.0,
    "pct3ResTime" : 272.0,
    "throughput" : 1.9849146486701073,
    "receivedKBytesPerSec" : 552.208295082374,
    "sentKBytesPerSec" : 0.647423332671695
  },
  "Total" : {
    "transaction" : "Total",
    "sampleCount" : 15,
    "errorCount" : 0,
    "errorPct" : 0.0,
    "meanResTime" : 135.2666666666667,
    "medianResTime" : 47.0,
    "minResTime" : 13.0,
    "maxResTime" : 910.0,
    "pct1ResTime" : 527.2000000000003,
    "pct2ResTime" : 910.0,
    "pct3ResTime" : 910.0,
    "throughput" : 3.704618424302297,
    "receivedKBytesPerSec" : 345.33121604099773,
    "sentKBytesPerSec" : 1.0576010280316126
  },
  "login" : {
    "transaction" : "login",
    "sampleCount" : 5,
    "errorCount" : 0,
    "errorPct" : 0.0,
    "meanResTime" : 220.4,
    "medianResTime" : 47.0,
    "minResTime" : 41.0,
    "maxResTime" : 910.0,
    "pct1ResTime" : 910.0,
    "pct2ResTime" : 910.0,
    "pct3ResTime" : 910.0,
    "throughput" : 1.2661433274246643,
    "receivedKBytesPerSec" : 0.9916474107368954,
    "sentKBytesPerSec" : 0.31529936376297796
  },
  "create api key" : {
    "transaction" : "create api key",
    "sampleCount" : 5,
    "errorCount" : 0,
    "errorPct" : 0.0,
    "meanResTime" : 23.0,
    "medianResTime" : 14.0,
    "minResTime" : 13.0,
    "maxResTime" : 44.0,
    "pct1ResTime" : 44.0,
    "pct2ResTime" : 44.0,
    "pct3ResTime" : 44.0,
    "throughput" : 2.016942315449778,
    "receivedKBytesPerSec" : 1.3381939542154093,
    "sentKBytesPerSec" : 0.5672650262202501
  }
}