{
  "zone activity" : {
    "transaction" : "zone activity",
    "sampleCount" : 5,
    "errorCount" : 0,
    "errorPct" : 0.0,
    "meanResTime" : 432.8,
    "medianResTime" : 428.0,
    "minResTime" : 410.0,
    "maxResTime" : 453.0,
    "pct1ResTime" : 453.0,
    "pct2ResTime" : 453.0,
    "pct3ResTime" : 453.0,
    "throughput" : 1.5328019619865114,
    "receivedKBytesPerSec" : 426.4063458001226,
    "sentKBytesPerSec" : 0.4999568899448191
  },
  "Total" : {
    "transaction" : "Total",
    "sampleCount" : 15,
    "errorCount" : 0,
    "errorPct" : 0.0,
    "meanResTime" : 308.3333333333333,
    "medianResTime" : 303.0,
    "minResTime" : 85.0,
    "maxResTime" : 832.0,
    "pct1ResTime" : 604.6000000000001,
    "pct2ResTime" : 832.0,
    "pct3ResTime" : 832.0,
    "throughput" : 3.1243490939387626,
    "receivedKBytesPerSec" : 291.225542204749,
    "sentKBytesPerSec" : 0.8919447120391585
  },
  "login" : {
    "transaction" : "login",
    "sampleCount" : 5,
    "errorCount" : 0,
    "errorPct" : 0.0,
    "meanResTime" : 389.4,
    "medianResTime" : 303.0,
    "minResTime" : 242.0,
    "maxResTime" : 832.0,
    "pct1ResTime" : 832.0,
    "pct2ResTime" : 832.0,
    "pct3ResTime" : 832.0,
    "throughput" : 1.1828720132481667,
    "receivedKBytesPerSec" : 0.9264290572510053,
    "sentKBytesPerSec" : 0.29456285486160394
  },
  "create api key" : {
    "transaction" : "create api key",
    "sampleCount" : 5,
    "errorCount" : 0,
    "errorPct" : 0.0,
    "meanResTime" : 102.8,
    "medianResTime" : 97.0,
    "minResTime" : 85.0,
    "maxResTime" : 123.0,
    "pct1ResTime" : 123.0,
    "pct2ResTime" : 123.0,
    "pct3ResTime" : 123.0,
    "throughput" : 1.7117425539198905,
    "receivedKBytesPerSec" : 1.1367040397124273,
    "sentKBytesPerSec" : 0.4814275932899692
  }
}