{
  "zone activity" : {
    "transaction" : "zone activity",
    "sampleCount" : 5,
    "errorCount" : 0,
    "errorPct" : 0.0,
    "meanResTime" : 152.8,
    "medianResTime" : 156.0,
    "minResTime" : 127.0,
    "maxResTime" : 171.0,
    "pct1ResTime" : 171.0,
    "pct2ResTime" : 171.0,
    "pct3ResTime" : 171.0,
    "throughput" : 2.101723413198823,
    "receivedKBytesPerSec" : 584.9950084068937,
    "sentKBytesPerSec" : 0.6855230664144598
  },
  "Total" : {
    "transaction" : "Total",
    "sampleCount" : 15,
    "errorCount" : 0,
    "errorPct" : 0.0,
    "meanResTime" : 174.73333333333332,
    "medianResTime" : 102.0,
    "minResTime" : 28.0,
    "maxResTime" : 1149.0,
    "pct1ResTime" : 603.0000000000003,
    "pct2ResTime" : 1149.0,
    "pct3ResTime" : 1149.0,
    "throughput" : 3.566333808844508,
    "receivedKBytesPerSec" : 332.6052068473609,
    "sentKBytesPerSec" : 1.0181232911317164
  },
  "login" : {
    "transaction" : "login",
    "sampleCount" : 5,
    "errorCount" : 0,
    "errorPct" : 0.0,
    "meanResTime" : 334.4,
    "medianResTime" : 102.0,
    "minResTime" : 90.0,
    "maxResTime" : 1149.0,
    "pct1ResTime" : 1149.0,
    "pct2ResTime" : 1149.0,
    "pct3ResTime" : 1149.0,
    "throughput" : 1.2465719272001994,
    "receivedKBytesPerSec" : 0.9763190289204687,
    "sentKBytesPerSec" : 0.3104256264023934
  },
  "create api key" : {
    "transaction" : "create api key",
    "sampleCount" : 5,
    "errorCount" : 0,
    "errorPct" : 0.0,
    "meanResTime" : 37.0,
    "medianResTime" : 37.0,
    "minResTime" : 28.0,
    "maxResTime" : 47.0,
    "pct1ResTime" : 47.0,
    "pct2ResTime" : 47.0,
    "pct3ResTime" : 47.0,
    "throughput" : 2.1920210434020166,
    "receivedKBytesPerSec" : 1.4547827159140727,
    "sentKBytesPerSec" : 0.6165059184568171
  }
}