{
  "zone activity" : {
    "transaction" : "zone activity",
    "sampleCount" : 10,
    "errorCount" : 0,
    "errorPct" : 0.0,
    "meanResTime" : 152.7,
    "medianResTime" : 152.5,
    "minResTime" : 144.0,
    "maxResTime" : 161.0,
    "pct1ResTime" : 160.8,
    "pct2ResTime" : 161.0,
    "pct3ResTime" : 161.0,
    "throughput" : 1.257071024512885,
    "receivedKBytesPerSec" : 19.612272155876806,
    "sentKBytesPerSec" : 0.40879360465116277
  },
  "Total" : {
    "transaction" : "Total",
    "sampleCount" : 30,
    "errorCount" : 0,
    "errorPct" : 0.0,
    "meanResTime" : 174.60000000000002,
    "medianResTime" : 152.5,
    "minResTime" : 76.0,
    "maxResTime" : 754.0,
    "pct1ResTime" : 247.9,
    "pct2ResTime" : 485.0499999999996,
    "pct3ResTime" : 754.0,
    "throughput" : 3.188775510204082,
    "receivedKBytesPerSec" : 20.279657273065478,
    "sentKBytesPerSec" : 0.9103372794430272
  },
  "login" : {
    "transaction" : "login",
    "sampleCount" : 10,
    "errorCount" : 0,
    "errorPct" : 0.0,
    "meanResTime" : 291.7,
    "medianResTime" : 239.0,
    "minResTime" : 226.0,
    "maxResTime" : 754.0,
    "pct1ResTime" : 705.1000000000001,
    "pct2ResTime" : 754.0,
    "pct3ResTime" : 754.0,
    "throughput" : 1.0913456291607553,
    "receivedKBytesPerSec" : 1.9631432118301866,
    "sentKBytesPerSec" : 0.2728364072901888
  },
  "create api key" : {
    "transaction" : "create api key",
    "sampleCount" : 10,
    "errorCount" : 0,
    "errorPct" : 0.0,
    "meanResTime" : 79.4,
    "medianResTime" : 79.5,
    "minResTime" : 76.0,
    "maxResTime" : 82.0,
    "pct1ResTime" : 82.0,
    "pct2ResTime" : 82.0,
    "pct3ResTime" : 82.0,
    "throughput" : 1.2674271229404308,
    "receivedKBytesPerSec" : 2.127643773764259,
    "sentKBytesPerSec" : 0.3564638783269962
  }
}