{
  "zone activity" : {
    "transaction" : "zone activity",
    "sampleCount" : 5,
    "errorCount" : 0,
    "errorPct" : 0.0,
    "meanResTime" : 540.2,
    "medianResTime" : 569.0,
    "minResTime" : 250.0,
    "maxResTime" : 800.0,
    "pct1ResTime" : 800.0,
    "pct2ResTime" : 800.0,
    "pct3ResTime" : 800.0,
    "throughput" : 2.053388090349076,
    "receivedKBytesPerSec" : 571.5425275924025,
    "sentKBytesPerSec" : 0.6697574435318275
  },
  "Total" : {
    "transaction" : "Total",
    "sampleCount" : 15,
    "errorCount" : 0,
    "errorPct" : 0.0,
    "meanResTime" : 346.4,
    "medianResTime" : 187.0,
    "minResTime" : 53.0,
    "maxResTime" : 1270.0,
    "pct1ResTime" : 988.0000000000002,
    "pct2ResTime" : 1270.0,
    "pct3ResTime" : 1270.0,
    "throughput" : 3.429355281207133,
    "receivedKBytesPerSec" : 319.83069344421585,
    "sentKBytesPerSec" : 0.9790184184956562
  },
  "login" : {
    "transaction" : "login",
    "sampleCount" : 5,
    "errorCount" : 0,
    "errorPct" : 0.0,
    "meanResTime" : 431.0,
    "medianResTime" : 187.0,
    "minResTime" : 159.0,
    "maxResTime" : 1270.0,
    "pct1ResTime" : 1270.0,
    "pct2ResTime" : 1270.0,
    "pct3ResTime" : 1270.0,
    "throughput" : 1.2291052114060963,
    "receivedKBytesPerSec" : 0.9626390425270404,
    "sentKBytesPerSec" : 0.3060760047935103
  },
  "create api key" : {
    "transaction" : "create api key",
    "sampleCount" : 5,
    "errorCount" : 0,
    "errorPct" : 0.0,
    "meanResTime" : 68.0,
    "medianResTime" : 60.0,
    "minResTime" : 53.0,
    "maxResTime" : 84.0,
    "pct1ResTime" : 84.0,
    "pct2ResTime" : 84.0,
    "pct3ResTime" : 84.0,
    "throughput" : 2.1910604732690624,
    "receivedKBytesPerSec" : 1.4537172710341806,
    "sentKBytesPerSec" : 0.6162357581069238
  }
}