{
  "zone activity" : {
    "transaction" : "zone activity",
    "sampleCount" : 5,
    "errorCount" : 0,
    "errorPct" : 0.0,
    "meanResTime" : 80.8,
    "medianResTime" : 95.0,
    "minResTime" : 54.0,
    "maxResTime" : 102.0,
    "pct1ResTime" : 102.0,
    "pct2ResTime" : 102.0,
    "pct3ResTime" : 102.0,
    "throughput" : 4.2158516020236085,
    "receivedKBytesPerSec" : 1173.4765295636594,
    "sentKBytesPerSec" : 1.3750922217537944
  },
  "Total" : {
    "transaction" : "Total",
    "sampleCount" : 15,
    "errorCount" : 0,
    "errorPct" : 0.0,
    "meanResTime" : 290.13333333333327,
    "medianResTime" : 54.0,
    "minResTime" : 12.0,
    "maxResTime" : 2181.0,
    "pct1ResTime" : 1635.0000000000005,
    "pct2ResTime" : 2181.0,
    "pct3ResTime" : 2181.0,
    "throughput" : 3.7369207772795217,
    "receivedKBytesPerSec" : 348.52454884466863,
    "sentKBytesPerSec" : 1.0668227609616343
  },
  "login" : {
    "transaction" : "login",
    "sampleCount" : 5,
    "errorCount" : 0,
    "errorPct" : 0.0,
    "meanResTime" : 761.8,
    "medianResTime" : 273.0,
    "minResTime" : 37.0,
    "maxResTime" : 2181.0,
    "pct1ResTime" : 2181.0,
    "pct2ResTime" : 2181.0,
    "pct3ResTime" : 2181.0,
    "throughput" : 1.2677484787018256,
    "receivedKBytesPerSec" : 0.9929045702332657,
    "sentKBytesPerSec" : 0.31569908405172414
  },
  "create api key" : {
    "transaction" : "create api key",
    "sampleCount" : 5,
    "errorCount" : 0,
    "errorPct" : 0.0,
    "meanResTime" : 27.8,
    "medianResTime" : 37.0,
    "minResTime" : 12.0,
    "maxResTime" : 39.0,
    "pct1ResTime" : 39.0,
    "pct2ResTime" : 39.0,
    "pct3ResTime" : 39.0,
    "throughput" : 4.222972972972973,
    "receivedKBytesPerSec" : 2.8026683910472974,
    "sentKBytesPerSec" : 1.1877111486486487
  }
}