{
  "zone activity" : {
    "transaction" : "zone activity",
    "sampleCount" : 5,
    "errorCount" : 0,
    "errorPct" : 0.0,
    "meanResTime" : 161.6,
    "medianResTime" : 163.0,
    "minResTime" : 141.0,
    "maxResTime" : 180.0,
    "pct1ResTime" : 180.0,
    "pct2ResTime" : 180.0,
    "pct3ResTime" : 180.0,
    "throughput" : 1.8450184501845017,
    "receivedKBytesPerSec" : 513.518003344096,
    "sentKBytesPerSec" : 0.6017931273062731
  },
  "Total" : {
    "transaction" : "Total",
    "sampleCount" : 15,
    "errorCount" : 0,
    "errorPct" : 0.0,
    "meanResTime" : 148.4,
    "medianResTime" : 98.0,
    "minResTime" : 30.0,
    "maxResTime" : 832.0,
    "pct1ResTime" : 440.80000000000024,
    "pct2ResTime" : 832.0,
    "pct3ResTime" : 832.0,
    "throughput" : 3.5902345619913834,
    "receivedKBytesPerSec" : 334.81742161321205,
    "sentKBytesPerSec" : 1.024946520464337
  },
  "login" : {
    "transaction" : "login",
    "sampleCount" : 5,
    "errorCount" : 0,
    "errorPct" : 0.0,
    "meanResTime" : 242.6,
    "medianResTime" : 98.0,
    "minResTime" : 86.0,
    "maxResTime" : 832.0,
    "pct1ResTime" : 832.0,
    "pct2ResTime" : 832.0,
    "pct3ResTime" : 832.0,
    "throughput" : 1.2496875781054737,
    "receivedKBytesPerSec" : 0.9787592164458885,
    "sentKBytesPerSec" : 0.31120149650087475
  },
  "create api key" : {
    "transaction" : "create api key",
    "sampleCount" : 5,
    "errorCount" : 0,
    "errorPct" : 0.0,
    "meanResTime" : 41.0,
    "medianResTime" : 31.0,
    "minResTime" : 30.0,
    "maxResTime" : 59.0,
    "pct1ResTime" : 59.0,
    "pct2ResTime" : 59.0,
    "pct3ResTime" : 59.0,
    "throughput" : 1.8960940462646947,
    "receivedKBytesPerSec" : 1.2580139599924156,
    "sentKBytesPerSec" : 0.5332764505119454
  }
}