{
  "zone activity" : {
    "transaction" : "zone activity",
    "sampleCount" : 5,
    "errorCount" : 0,
    "errorPct" : 0.0,
    "meanResTime" : 334.2,
    "medianResTime" : 220.0,
    "minResTime" : 206.0,
    "maxResTime" : 515.0,
    "pct1ResTime" : 515.0,
    "pct2ResTime" : 515.0,
    "pct3ResTime" : 515.0,
    "throughput" : 1.6244314489928524,
    "receivedKBytesPerSec" : 452.1382848034438,
    "sentKBytesPerSec" : 0.5298438515269656
  },
  "Total" : {
    "transaction" : "Total",
    "sampleCount" : 15,
    "errorCount" : 0,
    "errorPct" : 0.0,
    "meanResTime" : 207.93333333333334,
    "medianResTime" : 134.0,
    "minResTime" : 43.0,
    "maxResTime" : 626.0,
    "pct1ResTime" : 559.4000000000001,
    "pct2ResTime" : 626.0,
    "pct3ResTime" : 626.0,
    "throughput" : 3.4859400418312805,
    "receivedKBytesPerSec" : 325.1022633191959,
    "sentKBytesPerSec" : 0.995172336160818
  },
  "login" : {
    "transaction" : "login",
    "sampleCount" : 5,
    "errorCount" : 0,
    "errorPct" : 0.0,
    "meanResTime" : 236.0,
    "medianResTime" : 134.0,
    "minResTime" : 126.0,
    "maxResTime" : 626.0,
    "pct1ResTime" : 626.0,
    "pct2ResTime" : 626.0,
    "pct3ResTime" : 626.0,
    "throughput" : 1.2342631449024932,
    "receivedKBytesPerSec" : 0.9666787521599605,
    "sentKBytesPerSec" : 0.30736045112317945
  },
  "create api key" : {
    "transaction" : "create api key",
    "sampleCount" : 5,
    "errorCount" : 0,
    "errorPct" : 0.0,
    "meanResTime" : 53.6,
    "medianResTime" : 46.0,
    "minResTime" : 43.0,
    "maxResTime" : 69.0,
    "pct1ResTime" : 69.0,
    "pct2ResTime" : 69.0,
    "pct3ResTime" : 69.0,
    "throughput" : 1.6943409013893596,
    "receivedKBytesPerSec" : 1.1241554769569637,
    "sentKBytesPerSec" : 0.47653337851575733
  }
}