{
  "zone activity" : {
    "transaction" : "zone activity",
    "sampleCount" : 5,
    "errorCount" : 0,
    "errorPct" : 0.0,
    "meanResTime" : 790.8,
    "medianResTime" : 513.0,
    "minResTime" : 313.0,
    "maxResTime" : 1408.0,
    "pct1ResTime" : 1408.0,
    "pct2ResTime" : 1408.0,
    "pct3ResTime" : 1408.0,
    "throughput" : 1.5649452269170578,
    "receivedKBytesPerSec" : 435.32986111111114,
    "sentKBytesPerSec" : 0.5104411189358373
  },
  "Total" : {
    "transaction" : "Total",
    "sampleCount" : 15,
    "errorCount" : 0,
    "errorPct" : 0.0,
    "meanResTime" : 385.73333333333335,
    "medianResTime" : 198.0,
    "minResTime" : 65.0,
    "maxResTime" : 1408.0,
    "pct1ResTime" : 1407.4,
    "pct2ResTime" : 1408.0,
    "pct3ResTime" : 1408.0,
    "throughput" : 3.332592757165074,
    "receivedKBytesPerSec" : 310.62324691735165,
    "sentKBytesPerSec" : 0.9513944817818262
  },
  "login" : {
    "transaction" : "login",
    "sampleCount" : 5,
    "errorCount" : 0,
    "errorPct" : 0.0,
    "meanResTime" : 291.4,
    "medianResTime" : 198.0,
    "minResTime" : 188.0,
    "maxResTime" : 668.0,
    "pct1ResTime" : 668.0,
    "pct2ResTime" : 668.0,
    "pct3ResTime" : 668.0,
    "throughput" : 1.2135922330097086,
    "receivedKBytesPerSec" : 0.950489229368932,
    "sentKBytesPerSec" : 0.3022129095873786
  },
  "create api key" : {
    "transaction" : "create api key",
    "sampleCount" : 5,
    "errorCount" : 0,
    "errorPct" : 0.0,
    "meanResTime" : 75.0,
    "medianResTime" : 68.0,
    "minResTime" : 65.0,
    "maxResTime" : 90.0,
    "pct1ResTime" : 90.0,
    "pct2ResTime" : 90.0,
    "pct3ResTime" : 90.0,
    "throughput" : 1.6672224074691564,
    "receivedKBytesPerSec" : 1.1071398799599865,
    "sentKBytesPerSec" : 0.4689063021007002
  }
}