{
  "zone activity" : {
    "transaction" : "zone activity",
    "sampleCount" : 5,
    "errorCount" : 0,
    "errorPct" : 0.0,
    "meanResTime" : 151.6,
    "medianResTime" : 150.0,
    "minResTime" : 142.0,
    "maxResTime" : 170.0,
    "pct1ResTime" : 170.0,
    "pct2ResTime" : 170.0,
    "pct3ResTime" : 170.0,
    "throughput" : 2.029220779220779,
    "receivedKBytesPerSec" : 564.8169579443994,
    "sentKBytesPerSec" : 0.6618747463474026
  },
  "Total" : {
    "transaction" : "Total",
    "sampleCount" : 15,
    "errorCount" : 0,
    "errorPct" : 0.0,
    "meanResTime" : 162.6,
    "medianResTime" : 96.0,
    "minResTime" : 30.0,
    "maxResTime" : 1065.0,
    "pct1ResTime" : 528.0000000000003,
    "pct2ResTime" : 1065.0,
    "pct3ResTime" : 1065.0,
    "throughput" : 3.5825173155003585,
    "receivedKBytesPerSec" : 334.1156873208741,
    "sentKBytesPerSec" : 1.0227433872701217
  },
  "login" : {
    "transaction" : "login",
    "sampleCount" : 5,
    "errorCount" : 0,
    "errorPct" : 0.0,
    "meanResTime" : 298.0,
    "medianResTime" : 96.0,
    "minResTime" : 85.0,
    "maxResTime" : 1065.0,
    "pct1ResTime" : 1065.0,
    "pct2ResTime" : 1065.0,
    "pct3ResTime" : 1065.0,
    "throughput" : 1.2487512487512487,
    "receivedKBytesPerSec" : 0.9780258803696305,
    "sentKBytesPerSec" : 0.31096832854645357
  },
  "create api key" : {
    "transaction" : "create api key",
    "sampleCount" : 5,
    "errorCount" : 0,
    "errorPct" : 0.0,
    "meanResTime" : 38.2,
    "medianResTime" : 31.0,
    "minResTime" : 30.0,
    "maxResTime" : 52.0,
    "pct1ResTime" : 52.0,
    "pct2ResTime" : 52.0,
    "pct3ResTime" : 52.0,
    "throughput" : 2.1026072329688814,
    "receivedKBytesPerSec" : 1.3950306192178301,
    "sentKBytesPerSec" : 0.5913582842724978
  }
}