{
  "zone activity" : {
    "transaction" : "zone activity",
    "sampleCount" : 5,
    "errorCount" : 0,
    "errorPct" : 0.0,
    "meanResTime" : 417.4,
    "medianResTime" : 396.0,
    "minResTime" : 374.0,
    "maxResTime" : 514.0,
    "pct1ResTime" : 514.0,
    "pct2ResTime" : 514.0,
    "pct3ResTime" : 514.0,
    "throughput" : 1.893939393939394,
    "receivedKBytesPerSec" : 526.7278497869318,
    "sentKBytesPerSec" : 0.6177497632575757
  },
  "Total" : {
    "transaction" : "Total",
    "sampleCount" : 15,
    "errorCount" : 0,
    "errorPct" : 0.0,
    "meanResTime" : 338.4,
    "medianResTime" : 298.0,
    "minResTime" : 78.0,
    "maxResTime" : 1271.0,
    "pct1ResTime" : 816.8000000000003,
    "pct2ResTime" : 1271.0,
    "pct3ResTime" : 1271.0,
    "throughput" : 3.2278889606197545,
    "receivedKBytesPerSec" : 300.7955401334194,
    "sentKBytesPerSec" : 0.9215034565310953
  },
  "login" : {
    "transaction" : "login",
    "sampleCount" : 5,
    "errorCount" : 0,
    "errorPct" : 0.0,
    "meanResTime" : 485.8,
    "medianResTime" : 298.0,
    "minResTime" : 244.0,
    "maxResTime" : 1271.0,
    "pct1ResTime" : 1271.0,
    "pct2ResTime" : 1271.0,
    "pct3ResTime" : 1271.0,
    "throughput" : 1.2007684918347743,
    "receivedKBytesPerSec" : 0.9404456352065322,
    "sentKBytesPerSec" : 0.2990194974783862
  },
  "create api key" : {
    "transaction" : "create api key",
    "sampleCount" : 5,
    "errorCount" : 0,
    "errorPct" : 0.0,
    "meanResTime" : 112.0,
    "medianResTime" : 85.0,
    "minResTime" : 78.0,
    "maxResTime" : 203.0,
    "pct1ResTime" : 203.0,
    "pct2ResTime" : 203.0,
    "pct3ResTime" : 203.0,
    "throughput" : 2.109704641350211,
    "receivedKBytesPerSec" : 1.4005636867088607,
    "sentKBytesPerSec" : 0.5933544303797468
  }
}