{
  "zone activity" : {
    "transaction" : "zone activity",
    "sampleCount" : 5,
    "errorCount" : 0,
    "errorPct" : 0.0,
    "meanResTime" : 1165.0,
    "medianResTime" : 1499.0,
    "minResTime" : 409.0,
    "maxResTime" : 1526.0,
    "pct1ResTime" : 1526.0,
    "pct2ResTime" : 1526.0,
    "pct3ResTime" : 1526.0,
    "throughput" : 2.4521824423737124,
    "receivedKBytesPerSec" : 682.1272299534085,
    "sentKBytesPerSec" : 0.7998329450711132
  },
  "Total" : {
    "transaction" : "Total",
    "sampleCount" : 15,
    "errorCount" : 0,
    "errorPct" : 0.0,
    "meanResTime" : 648.3333333333331,
    "medianResTime" : 246.0,
    "minResTime" : 80.0,
    "maxResTime" : 1792.0,
    "pct1ResTime" : 1632.4,
    "pct2ResTime" : 1792.0,
    "pct3ResTime" : 1792.0,
    "throughput" : 3.240440699935191,
    "receivedKBytesPerSec" : 302.0289040559516,
    "sentKBytesPerSec" : 0.9250867492979046
  },
  "login" : {
    "transaction" : "login",
    "sampleCount" : 5,
    "errorCount" : 0,
    "errorPct" : 0.0,
    "meanResTime" : 684.4,
    "medianResTime" : 246.0,
    "minResTime" : 238.0,
    "maxResTime" : 1792.0,
    "pct1ResTime" : 1792.0,
    "pct2ResTime" : 1792.0,
    "pct3ResTime" : 1792.0,
    "throughput" : 1.2091898428053203,
    "receivedKBytesPerSec" : 0.9470412636033858,
    "sentKBytesPerSec" : 0.30111661124546557
  },
  "create api key" : {
    "transaction" : "create api key",
    "sampleCount" : 5,
    "errorCount" : 0,
    "errorPct" : 0.0,
    "meanResTime" : 95.6,
    "medianResTime" : 101.0,
    "minResTime" : 80.0,
    "maxResTime" : 110.0,
    "pct1ResTime" : 110.0,
    "pct2ResTime" : 110.0,
    "pct3ResTime" : 110.0,
    "throughput" : 2.86697247706422,
    "receivedKBytesPerSec" : 1.9027289994266054,
    "sentKBytesPerSec" : 0.8063360091743119
  }
}