{
  "zone activity" : {
    "transaction" : "zone activity",
    "sampleCount" : 5,
    "errorCount" : 0,
    "errorPct" : 0.0,
    "meanResTime" : 205.8,
    "medianResTime" : 118.0,
    "minResTime" : 68.0,
    "maxResTime" : 390.0,
    "pct1ResTime" : 390.0,
    "pct2ResTime" : 390.0,
    "pct3ResTime" : 390.0,
    "throughput" : 2.1570319240724762,
    "receivedKBytesPerSec" : 600.0433091566005,
    "sentKBytesPerSec" : 0.7035631471095772
  },
  "Total" : {
    "transaction" : "Total",
    "sampleCount" : 15,
    "errorCount" : 0,
    "errorPct" : 0.0,
    "meanResTime" : 163.39999999999998,
    "medianResTime" : 53.0,
    "minResTime" : 16.0,
    "maxResTime" : 1026.0,
    "pct1ResTime" : 644.4000000000002,
    "pct2ResTime" : 1026.0,
    "pct3ResTime" : 1026.0,
    "throughput" : 3.7165510406342914,
    "receivedKBytesPerSec" : 346.41643180128847,
    "sentKBytesPerSec" : 1.0610075724727455
  },
  "login" : {
    "transaction" : "login",
    "sampleCount" : 5,
    "errorCount" : 0,
    "errorPct" : 0.0,
    "meanResTime" : 257.0,
    "medianResTime" : 53.0,
    "minResTime" : 41.0,
    "maxResTime" : 1026.0,
    "pct1ResTime" : 1026.0,
    "pct2ResTime" : 1026.0,
    "pct3ResTime" : 1026.0,
    "throughput" : 1.2658227848101267,
    "receivedKBytesPerSec" : 0.9913963607594937,
    "sentKBytesPerSec" : 0.3152195411392405
  },
  "create api key" : {
    "transaction" : "create api key",
    "sampleCount" : 5,
    "errorCount" : 0,
    "errorPct" : 0.0,
    "meanResTime" : 27.4,
    "medianResTime" : 17.0,
    "minResTime" : 16.0,
    "maxResTime" : 46.0,
    "pct1ResTime" : 46.0,
    "pct2ResTime" : 46.0,
    "pct3ResTime" : 46.0,
    "throughput" : 2.1654395842356,
    "receivedKBytesPerSec" : 1.4379872239064528,
    "sentKBytesPerSec" : 0.6090298830662624
  }
}