{
  "zone activity" : {
    "transaction" : "zone activity",
    "sampleCount" : 5,
    "errorCount" : 0,
    "errorPct" : 0.0,
    "meanResTime" : 425.4,
    "medianResTime" : 419.0,
    "minResTime" : 398.0,
    "maxResTime" : 470.0,
    "pct1ResTime" : 470.0,
    "pct2ResTime" : 470.0,
    "pct3ResTime" : 470.0,
    "throughput" : 1.9615535504119261,
    "receivedKBytesPerSec" : 545.581983743625,
    "sentKBytesPerSec" : 0.639803599450765
  },
  "Total" : {
    "transaction" : "Total",
    "sampleCount" : 15,
    "errorCount" : 0,
    "errorPct" : 0.0,
    "meanResTime" : 333.6,
    "medianResTime" : 246.0,
    "minResTime" : 79.0,
    "maxResTime" : 1281.0,
    "pct1ResTime" : 794.4000000000003,
    "pct2ResTime" : 1281.0,
    "pct3ResTime" : 1281.0,
    "throughput" : 3.258036490008688,
    "receivedKBytesPerSec" : 303.63266826400957,
    "sentKBytesPerSec" : 0.930110026607298
  },
  "login" : {
    "transaction" : "login",
    "sampleCount" : 5,
    "errorCount" : 0,
    "errorPct" : 0.0,
    "meanResTime" : 480.2,
    "medianResTime" : 246.0,
    "minResTime" : 236.0,
    "maxResTime" : 1281.0,
    "pct1ResTime" : 1281.0,
    "pct2ResTime" : 1281.0,
    "pct3ResTime" : 1281.0,
    "throughput" : 1.2132977432661975,
    "receivedKBytesPerSec" : 0.9502585840815335,
    "sentKBytesPerSec" : 0.30213957473914094
  },
  "create api key" : {
    "transaction" : "create api key",
    "sampleCount" : 5,
    "errorCount" : 0,
    "errorPct" : 0.0,
    "meanResTime" : 95.2,
    "medianResTime" : 84.0,
    "minResTime" : 79.0,
    "maxResTime" : 119.0,
    "pct1ResTime" : 119.0,
    "pct2ResTime" : 119.0,
    "pct3ResTime" : 119.0,
    "throughput" : 2.1958717610891525,
    "receivedKBytesPerSec" : 1.4581960913482652,
    "sentKBytesPerSec" : 0.6175889328063241
  }
}