{
  "zone activity" : {
    "transaction" : "zone activity",
    "sampleCount" : 5,
    "errorCount" : 0,
    "errorPct" : 0.0,
    "meanResTime" : 118.2,
    "medianResTime" : 117.0,
    "minResTime" : 113.0,
    "maxResTime" : 129.0,
    "pct1ResTime" : 129.0,
    "pct2ResTime" : 129.0,
    "pct3ResTime" : 129.0,
    "throughput" : 2.189141856392294,
    "receivedKBytesPerSec" : 31.828070271453594,
    "sentKBytesPerSec" : 0.7118986700963224
  },
  "Total" : {
    "transaction" : "Total",
    "sampleCount" : 15,
    "errorCount" : 0,
    "errorPct" : 0.0,
    "meanResTime" : 217.8666666666667,
    "medianResTime" : 117.0,
    "minResTime" : 60.0,
    "maxResTime" : 1347.0,
    "pct1ResTime" : 801.6000000000004,
    "pct2ResTime" : 1347.0,
    "pct3ResTime" : 1347.0,
    "throughput" : 3.5161744022503516,
    "receivedKBytesPerSec" : 18.73644807782466,
    "sentKBytesPerSec" : 1.002659106891702
  },
  "login" : {
    "transaction" : "login",
    "sampleCount" : 5,
    "errorCount" : 0,
    "errorPct" : 0.0,
    "meanResTime" : 465.4,
    "medianResTime" : 183.0,
    "minResTime" : 179.0,
    "maxResTime" : 1347.0,
    "pct1ResTime" : 1347.0,
    "pct2ResTime" : 1347.0,
    "pct3ResTime" : 1347.0,
    "throughput" : 1.223091976516634,
    "receivedKBytesPerSec" : 0.9579294581702544,
    "sentKBytesPerSec" : 0.30457856837084146
  },
  "create api key" : {
    "transaction" : "create api key",
    "sampleCount" : 5,
    "errorCount" : 0,
    "errorPct" : 0.0,
    "meanResTime" : 70.0,
    "medianResTime" : 63.0,
    "minResTime" : 60.0,
    "maxResTime" : 86.0,
    "pct1ResTime" : 86.0,
    "pct2ResTime" : 86.0,
    "pct3ResTime" : 86.0,
    "throughput" : 2.2026431718061676,
    "receivedKBytesPerSec" : 1.4618323237885462,
    "sentKBytesPerSec" : 0.6194933920704846
  }
}