{
  "zone activity" : {
    "transaction" : "zone activity",
    "sampleCount" : 5,
    "errorCount" : 0,
    "errorPct" : 0.0,
    "meanResTime" : 927.4,
    "medianResTime" : 1258.0,
    "minResTime" : 212.0,
    "maxResTime" : 1423.0,
    "pct1ResTime" : 1423.0,
    "pct2ResTime" : 1423.0,
    "pct3ResTime" : 1423.0,
    "throughput" : 2.2055580061755626,
    "receivedKBytesPerSec" : 613.6120837009264,
    "sentKBytesPerSec" : 0.7193909902955448
  },
  "Total" : {
    "transaction" : "Total",
    "sampleCount" : 15,
    "errorCount" : 0,
    "errorPct" : 0.0,
    "meanResTime" : 474.2,
    "medianResTime" : 191.0,
    "minResTime" : 43.0,
    "maxResTime" : 1423.0,
    "pct1ResTime" : 1422.4,
    "pct2ResTime" : 1423.0,
    "pct3ResTime" : 1423.0,
    "throughput" : 3.494874184529357,
    "receivedKBytesPerSec" : 325.79076079042403,
    "sentKBytesPerSec" : 0.9977228710391426
  },
  "login" : {
    "transaction" : "login",
    "sampleCount" : 5,
    "errorCount" : 0,
    "errorPct" : 0.0,
    "meanResTime" : 415.0,
    "medianResTime" : 191.0,
    "minResTime" : 124.0,
    "maxResTime" : 1262.0,
    "pct1ResTime" : 1262.0,
    "pct2ResTime" : 1262.0,
    "pct3ResTime" : 1262.0,
    "throughput" : 1.2394645513138325,
    "receivedKBytesPerSec" : 0.9707525099157165,
    "sentKBytesPerSec" : 0.3086557232275657
  },
  "create api key" : {
    "transaction" : "create api key",
    "sampleCount" : 5,
    "errorCount" : 0,
    "errorPct" : 0.0,
    "meanResTime" : 80.2,
    "medianResTime" : 58.0,
    "minResTime" : 43.0,
    "maxResTime" : 131.0,
    "pct1ResTime" : 131.0,
    "pct2ResTime" : 131.0,
    "pct3ResTime" : 131.0,
    "throughput" : 2.2747952684258417,
    "receivedKBytesPerSec" : 1.5101619369881711,
    "sentKBytesPerSec" : 0.6397861692447679
  }
}