{
  "zone activity" : {
    "transaction" : "zone activity",
    "sampleCount" : 5,
    "errorCount" : 0,
    "errorPct" : 0.0,
    "meanResTime" : 328.4,
    "medianResTime" : 176.0,
    "minResTime" : 146.0,
    "maxResTime" : 586.0,
    "pct1ResTime" : 586.0,
    "pct2ResTime" : 586.0,
    "pct3ResTime" : 586.0,
    "throughput" : 1.676727028839705,
    "receivedKBytesPerSec" : 466.28468729040907,
    "sentKBytesPerSec" : 0.5469011988598256
  },
  "Total" : {
    "transaction" : "Total",
    "sampleCount" : 15,
    "errorCount" : 0,
    "errorPct" : 0.0,
    "meanResTime" : 191.26666666666668,
    "medianResTime" : 108.0,
    "minResTime" : 33.0,
    "maxResTime" : 606.0,
    "pct1ResTime" : 594.0,
    "pct2ResTime" : 606.0,
    "pct3ResTime" : 606.0,
    "throughput" : 3.5671819262782405,
    "receivedKBytesPerSec" : 332.38889714625446,
    "sentKBytesPerSec" : 1.018365413198573
  },
  "login" : {
    "transaction" : "login",
    "sampleCount" : 5,
    "errorCount" : 0,
    "errorPct" : 0.0,
    "meanResTime" : 202.4,
    "medianResTime" : 108.0,
    "minResTime" : 90.0,
    "maxResTime" : 606.0,
    "pct1ResTime" : 606.0,
    "pct2ResTime" : 606.0,
    "pct3ResTime" : 606.0,
    "throughput" : 1.244090569793481,
    "receivedKBytesPerSec" : 0.9743756220452848,
    "sentKBytesPerSec" : 0.30980771025130627
  },
  "create api key" : {
    "transaction" : "create api key",
    "sampleCount" : 5,
    "errorCount" : 0,
    "errorPct" : 0.0,
    "meanResTime" : 43.0,
    "medianResTime" : 37.0,
    "minResTime" : 33.0,
    "maxResTime" : 56.0,
    "pct1ResTime" : 56.0,
    "pct2ResTime" : 56.0,
    "pct3ResTime" : 56.0,
    "throughput" : 1.722356183258698,
    "receivedKBytesPerSec" : 1.1430793575611435,
    "sentKBytesPerSec" : 0.48441267654150877
  }
}