{
  "zone activity" : {
    "transaction" : "zone activity",
    "sampleCount" : 5,
    "errorCount" : 0,
    "errorPct" : 0.0,
    "meanResTime" : 470.0,
    "medianResTime" : 511.0,
    "minResTime" : 367.0,
    "maxResTime" : 546.0,
    "pct1ResTime" : 546.0,
    "pct2ResTime" : 546.0,
    "pct3ResTime" : 546.0,
    "throughput" : 2.101723413198823,
    "receivedKBytesPerSec" : 584.8476414722572,
    "sentKBytesPerSec" : 0.6855230664144598
  },
  "Total" : {
    "transaction" : "Total",
    "sampleCount" : 15,
    "errorCount" : 0,
    "errorPct" : 0.0,
    "meanResTime" : 338.2666666666667,
    "medianResTime" : 248.0,
    "minResTime" : 78.0,
    "maxResTime" : 1220.0,
    "pct1ResTime" : 815.6000000000003,
    "pct2ResTime" : 1220.0,
    "pct3ResTime" : 1220.0,
    "throughput" : 3.231365790607497,
    "receivedKBytesPerSec" : 301.2899376615683,
    "sentKBytesPerSec" : 0.9224960281128823
  },
  "login" : {
    "transaction" : "login",
    "sampleCount" : 5,
    "errorCount" : 0,
    "errorPct" : 0.0,
    "meanResTime" : 449.8,
    "medianResTime" : 248.0,
    "minResTime" : 231.0,
    "maxResTime" : 1220.0,
    "pct1ResTime" : 1220.0,
    "pct2ResTime" : 1220.0,
    "pct3ResTime" : 1220.0,
    "throughput" : 1.2022120702091847,
    "receivedKBytesPerSec" : 0.941576250300553,
    "sentKBytesPerSec" : 0.29937898232748256
  },
  "create api key" : {
    "transaction" : "create api key",
    "sampleCount" : 5,
    "errorCount" : 0,
    "errorPct" : 0.0,
    "meanResTime" : 95.0,
    "medianResTime" : 98.0,
    "minResTime" : 78.0,
    "maxResTime" : 109.0,
    "pct1ResTime" : 109.0,
    "pct2ResTime" : 109.0,
    "pct3ResTime" : 109.0,
    "throughput" : 2.3866348448687353,
    "receivedKBytesPerSec" : 1.584408562052506,
    "sentKBytesPerSec" : 0.6712410501193317
  }
}