{
  "zone activity" : {
    "transaction" : "zone activity",
    "sampleCount" : 5,
    "errorCount" : 0,
    "errorPct" : 0.0,
    "meanResTime" : 395.2,
    "medianResTime" : 391.0,
    "minResTime" : 390.0,
    "maxResTime" : 403.0,
    "pct1ResTime" : 403.0,
    "pct2ResTime" : 403.0,
    "pct3ResTime" : 403.0,
    "throughput" : 1.753155680224404,
    "receivedKBytesPerSec" : 487.75941225455824,
    "sentKBytesPerSec" : 0.5718300753856943
  },
  "Total" : {
    "transaction" : "Total",
    "sampleCount" : 15,
    "errorCount" : 0,
    "errorPct" : 0.0,
    "meanResTime" : 297.3999999999999,
    "medianResTime" : 242.0,
    "minResTime" : 81.0,
    "maxResTime" : 1049.0,
    "pct1ResTime" : 661.4000000000002,
    "pct2ResTime" : 1049.0,
    "pct3ResTime" : 1049.0,
    "throughput" : 3.2453483340545217,
    "receivedKBytesPerSec" : 302.5370341572912,
    "sentKBytesPerSec" : 0.9264877893768931
  },
  "login" : {
    "transaction" : "login",
    "sampleCount" : 5,
    "errorCount" : 0,
    "errorPct" : 0.0,
    "meanResTime" : 405.8,
    "medianResTime" : 242.0,
    "minResTime" : 239.0,
    "maxResTime" : 1049.0,
    "pct1ResTime" : 1049.0,
    "pct2ResTime" : 1049.0,
    "pct3ResTime" : 1049.0,
    "throughput" : 1.2054001928640308,
    "receivedKBytesPerSec" : 0.9440731979267117,
    "sentKBytesPerSec" : 0.30017289959016397
  },
  "create api key" : {
    "transaction" : "create api key",
    "sampleCount" : 5,
    "errorCount" : 0,
    "errorPct" : 0.0,
    "meanResTime" : 91.2,
    "medianResTime" : 84.0,
    "minResTime" : 81.0,
    "maxResTime" : 105.0,
    "pct1ResTime" : 105.0,
    "pct2ResTime" : 105.0,
    "pct3ResTime" : 105.0,
    "throughput" : 1.9402405898331394,
    "receivedKBytesPerSec" : 1.2884410166860691,
    "sentKBytesPerSec" : 0.5456926658905704
  }
}