{
  "zone activity" : {
    "transaction" : "zone activity",
    "sampleCount" : 5,
    "errorCount" : 0,
    "errorPct" : 0.0,
    "meanResTime" : 1263.2,
    "medianResTime" : 1574.0,
    "minResTime" : 415.0,
    "maxResTime" : 1889.0,
    "pct1ResTime" : 1889.0,
    "pct2ResTime" : 1889.0,
    "pct3ResTime" : 1889.0,
    "throughput" : 1.8450184501845017,
    "receivedKBytesPerSec" : 513.3608884916974,
    "sentKBytesPerSec" : 0.6017931273062731
  },
  "Total" : {
    "transaction" : "Total",
    "sampleCount" : 15,
    "errorCount" : 0,
    "errorPct" : 0.0,
    "meanResTime" : 600.1333333333333,
    "medianResTime" : 250.0,
    "minResTime" : 79.0,
    "maxResTime" : 1889.0,
    "pct1ResTime" : 1871.6,
    "pct2ResTime" : 1889.0,
    "pct3ResTime" : 1889.0,
    "throughput" : 3.220957698088898,
    "receivedKBytesPerSec" : 300.28804085248015,
    "sentKBytesPerSec" : 0.9195247074296757
  },
  "login" : {
    "transaction" : "login",
    "sampleCount" : 5,
    "errorCount" : 0,
    "errorPct" : 0.0,
    "meanResTime" : 446.8,
    "medianResTime" : 250.0,
    "minResTime" : 235.0,
    "maxResTime" : 1210.0,
    "pct1ResTime" : 1210.0,
    "pct2ResTime" : 1210.0,
    "pct3ResTime" : 1210.0,
    "throughput" : 1.2027904738994466,
    "receivedKBytesPerSec" : 0.9420292578782776,
    "sentKBytesPerSec" : 0.29952301840269424
  },
  "create api key" : {
    "transaction" : "create api key",
    "sampleCount" : 5,
    "errorCount" : 0,
    "errorPct" : 0.0,
    "meanResTime" : 90.4,
    "medianResTime" : 82.0,
    "minResTime" : 79.0,
    "maxResTime" : 107.0,
    "pct1ResTime" : 107.0,
    "pct2ResTime" : 107.0,
    "pct3ResTime" : 107.0,
    "throughput" : 2.073828287017835,
    "receivedKBytesPerSec" : 1.3759364630858564,
    "sentKBytesPerSec" : 0.583264205723766
  }
}