{
  "zone activity" : {
    "transaction" : "zone activity",
    "sampleCount" : 5,
    "errorCount" : 0,
    "errorPct" : 0.0,
    "meanResTime" : 547.0,
    "medianResTime" : 500.0,
    "minResTime" : 394.0,
    "maxResTime" : 727.0,
    "pct1ResTime" : 727.0,
    "pct2ResTime" : 727.0,
    "pct3ResTime" : 727.0,
    "throughput" : 1.9164430816404754,
    "receivedKBytesPerSec" : 533.052654273668,
    "sentKBytesPerSec" : 0.6250898332694519
  },
  "Total" : {
    "transaction" : "Total",
    "sampleCount" : 15,
    "errorCount" : 0,
    "errorPct" : 0.0,
    "meanResTime" : 376.3333333333333,
    "medianResTime" : 255.0,
    "minResTime" : 81.0,
    "maxResTime" : 1305.0,
    "pct1ResTime" : 958.2000000000003,
    "pct2ResTime" : 1305.0,
    "pct3ResTime" : 1305.0,
    "throughput" : 3.2355478861087144,
    "receivedKBytesPerSec" : 301.5467435558671,
    "sentKBytesPerSec" : 0.923689940142364
  },
  "login" : {
    "transaction" : "login",
    "sampleCount" : 5,
    "errorCount" : 0,
    "errorPct" : 0.0,
    "meanResTime" : 487.6,
    "medianResTime" : 255.0,
    "minResTime" : 236.0,
    "maxResTime" : 1305.0,
    "pct1ResTime" : 1305.0,
    "pct2ResTime" : 1305.0,
    "pct3ResTime" : 1305.0,
    "throughput" : 1.2039489525644114,
    "receivedKBytesPerSec" : 0.9429365819889237,
    "sentKBytesPerSec" : 0.29981150674211415
  },
  "create api key" : {
    "transaction" : "create api key",
    "sampleCount" : 5,
    "errorCount" : 0,
    "errorPct" : 0.0,
    "meanResTime" : 94.4,
    "medianResTime" : 96.0,
    "minResTime" : 81.0,
    "maxResTime" : 112.0,
    "pct1ResTime" : 112.0,
    "pct2ResTime" : 112.0,
    "pct3ResTime" : 112.0,
    "throughput" : 2.150537634408602,
    "receivedKBytesPerSec" : 1.4280913978494623,
    "sentKBytesPerSec" : 0.6048387096774193
  }
}