{
  "zone activity" : {
    "transaction" : "zone activity",
    "sampleCount" : 5,
    "errorCount" : 0,
    "errorPct" : 0.0,
    "meanResTime" : 398.8,
    "medianResTime" : 401.0,
    "minResTime" : 374.0,
    "maxResTime" : 428.0,
    "pct1ResTime" : 428.0,
    "pct2ResTime" : 428.0,
    "pct3ResTime" : 428.0,
    "throughput" : 1.4688601645123385,
    "receivedKBytesPerSec" : 408.7051768140423,
    "sentKBytesPerSec" : 0.4791008739717979
  },
  "Total" : {
    "transaction" : "Total",
    "sampleCount" : 15,
    "errorCount" : 0,
    "errorPct" : 0.0,
    "meanResTime" : 265.93333333333334,
    "medianResTime" : 249.0,
    "minResTime" : 76.0,
    "maxResTime" : 577.0,
    "pct1ResTime" : 487.6,
    "pct2ResTime" : 577.0,
    "pct3ResTime" : 577.0,
    "throughput" : 3.2251128789507635,
    "receivedKBytesPerSec" : 300.68088515910557,
    "sentKBytesPerSec" : 0.9207109358202538
  },
  "login" : {
    "transaction" : "login",
    "sampleCount" : 5,
    "errorCount" : 0,
    "errorPct" : 0.0,
    "meanResTime" : 311.6,
    "medianResTime" : 249.0,
    "minResTime" : 235.0,
    "maxResTime" : 577.0,
    "pct1ResTime" : 577.0,
    "pct2ResTime" : 577.0,
    "pct3ResTime" : 577.0,
    "throughput" : 1.201345506967804,
    "receivedKBytesPerSec" : 0.9408975552618933,
    "sentKBytesPerSec" : 0.29916318777030276
  },
  "create api key" : {
    "transaction" : "create api key",
    "sampleCount" : 5,
    "errorCount" : 0,
    "errorPct" : 0.0,
    "meanResTime" : 87.4,
    "medianResTime" : 84.0,
    "minResTime" : 76.0,
    "maxResTime" : 113.0,
    "pct1ResTime" : 113.0,
    "pct2ResTime" : 113.0,
    "pct3ResTime" : 113.0,
    "throughput" : 1.59846547314578,
    "receivedKBytesPerSec" : 1.060856577685422,
    "sentKBytesPerSec" : 0.44956841432225064
  }
}