{
  "zone activity" : {
    "transaction" : "zone activity",
    "sampleCount" : 5,
    "errorCount" : 0,
    "errorPct" : 0.0,
    "meanResTime" : 787.6,
    "medianResTime" : 737.0,
    "minResTime" : 311.0,
    "maxResTime" : 1291.0,
    "pct1ResTime" : 1291.0,
    "pct2ResTime" : 1291.0,
    "pct3ResTime" : 1291.0,
    "throughput" : 1.757469244288225,
    "receivedKBytesPerSec" : 489.22657623022843,
    "sentKBytesPerSec" : 0.5732370386643233
  },
  "Total" : {
    "transaction" : "Total",
    "sampleCount" : 15,
    "errorCount" : 0,
    "errorPct" : 0.0,
    "meanResTime" : 404.8,
    "medianResTime" : 192.0,
    "minResTime" : 63.0,
    "maxResTime" : 1291.0,
    "pct1ResTime" : 1283.8,
    "pct2ResTime" : 1291.0,
    "pct3ResTime" : 1291.0,
    "throughput" : 3.3444816053511706,
    "receivedKBytesPerSec" : 311.9475944119286,
    "sentKBytesPerSec" : 0.9547885312151616
  },
  "login" : {
    "transaction" : "login",
    "sampleCount" : 5,
    "errorCount" : 0,
    "errorPct" : 0.0,
    "meanResTime" : 347.2,
    "medianResTime" : 192.0,
    "minResTime" : 187.0,
    "maxResTime" : 952.0,
    "pct1ResTime" : 952.0,
    "pct2ResTime" : 952.0,
    "pct3ResTime" : 952.0,
    "throughput" : 1.2195121951219512,
    "receivedKBytesPerSec" : 0.955125762195122,
    "sentKBytesPerSec" : 0.30368711890243905
  },
  "create api key" : {
    "transaction" : "create api key",
    "sampleCount" : 5,
    "errorCount" : 0,
    "errorPct" : 0.0,
    "meanResTime" : 79.6,
    "medianResTime" : 75.0,
    "minResTime" : 63.0,
    "maxResTime" : 99.0,
    "pct1ResTime" : 99.0,
    "pct2ResTime" : 99.0,
    "pct3ResTime" : 99.0,
    "throughput" : 1.8968133535660092,
    "receivedKBytesPerSec" : 1.2592321462443095,
    "sentKBytesPerSec" : 0.53347875569044
  }
}