{
  "zone activity" : {
    "transaction" : "zone activity",
    "sampleCount" : 5,
    "errorCount" : 0,
    "errorPct" : 0.0,
    "meanResTime" : 1377.4,
    "medianResTime" : 1606.0,
    "minResTime" : 392.0,
    "maxResTime" : 2150.0,
    "pct1ResTime" : 2150.0,
    "pct2ResTime" : 2150.0,
    "pct3ResTime" : 2150.0,
    "throughput" : 1.707067258449983,
    "receivedKBytesPerSec" : 474.9591237410379,
    "sentKBytesPerSec" : 0.5567973284397406
  },
  "Total" : {
    "transaction" : "Total",
    "sampleCount" : 15,
    "errorCount" : 0,
    "errorPct" : 0.0,
    "meanResTime" : 618.3333333333334,
    "medianResTime" : 239.0,
    "minResTime" : 79.0,
    "maxResTime" : 2150.0,
    "pct1ResTime" : 2140.4,
    "pct2ResTime" : 2150.0,
    "pct3ResTime" : 2150.0,
    "throughput" : 3.250975292587776,
    "receivedKBytesPerSec" : 303.0751347800173,
    "sentKBytesPerSec" : 0.9280941834633724
  },
  "login" : {
    "transaction" : "login",
    "sampleCount" : 5,
    "errorCount" : 0,
    "errorPct" : 0.0,
    "meanResTime" : 388.2,
    "medianResTime" : 239.0,
    "minResTime" : 232.0,
    "maxResTime" : 997.0,
    "pct1ResTime" : 997.0,
    "pct2ResTime" : 997.0,
    "pct3ResTime" : 997.0,
    "throughput" : 1.207437816952427,
    "receivedKBytesPerSec" : 0.9456690714803188,
    "sentKBytesPerSec" : 0.30068031574498916
  },
  "create api key" : {
    "transaction" : "create api key",
    "sampleCount" : 5,
    "errorCount" : 0,
    "errorPct" : 0.0,
    "meanResTime" : 89.4,
    "medianResTime" : 79.0,
    "minResTime" : 79.0,
    "maxResTime" : 106.0,
    "pct1ResTime" : 106.0,
    "pct2ResTime" : 106.0,
    "pct3ResTime" : 106.0,
    "throughput" : 1.8825301204819278,
    "receivedKBytesPerSec" : 1.2490146131400601,
    "sentKBytesPerSec" : 0.5294615963855421
  }
}