{
  "zone activity" : {
    "transaction" : "zone activity",
    "sampleCount" : 10,
    "errorCount" : 0,
    "errorPct" : 0.0,
    "meanResTime" : 149.1,
    "medianResTime" : 151.5,
    "minResTime" : 142.0,
    "maxResTime" : 155.0,
    "pct1ResTime" : 155.0,
    "pct2ResTime" : 155.0,
    "pct3ResTime" : 155.0,
    "throughput" : 1.3653741125068268,
    "receivedKBytesPerSec" : 21.415306270480613,
    "sentKBytesPerSec" : 0.4440132611960677
  },
  "Total" : {
    "transaction" : "Total",
    "sampleCount" : 30,
    "errorCount" : 0,
    "errorPct" : 0.0,
    "meanResTime" : 197.06666666666663,
    "medianResTime" : 151.5,
    "minResTime" : 75.0,
    "maxResTime" : 1330.0,
    "pct1ResTime" : 240.8,
    "pct2ResTime" : 830.5999999999993,
    "pct3ResTime" : 1330.0,
    "throughput" : 3.2,
    "receivedKBytesPerSec" : 20.616875,
    "sentKBytesPerSec" : 0.9135416666666667
  },
  "login" : {
    "transaction" : "login",
    "sampleCount" : 10,
    "errorCount" : 0,
    "errorPct" : 0.0,
    "meanResTime" : 361.7,
    "medianResTime" : 238.0,
    "minResTime" : 223.0,
    "maxResTime" : 1330.0,
    "pct1ResTime" : 1239.2000000000003,
    "pct2ResTime" : 1330.0,
    "pct3ResTime" : 1330.0,
    "throughput" : 1.093972213105787,
    "receivedKBytesPerSec" : 2.058676225248879,
    "sentKBytesPerSec" : 0.2734930532764468
  },
  "create api key" : {
    "transaction" : "create api key",
    "sampleCount" : 10,
    "errorCount" : 0,
    "errorPct" : 0.0,
    "meanResTime" : 80.4,
    "medianResTime" : 79.5,
    "minResTime" : 75.0,
    "maxResTime" : 91.0,
    "pct1ResTime" : 91.0,
    "pct2ResTime" : 91.0,
    "pct3ResTime" : 91.0,
    "throughput" : 1.374192661811186,
    "receivedKBytesPerSec" : 2.4212093754294353,
    "sentKBytesPerSec" : 0.38649168613439605
  }
}