{
  "zone activity" : {
    "transaction" : "zone activity",
    "sampleCount" : 5,
    "errorCount" : 5,
    "errorPct" : 100.0,
    "meanResTime" : 30117.4,
    "medianResTime" : 30120.0,
    "minResTime" : 30098.0,
    "maxResTime" : 30131.0,
    "pct1ResTime" : 30131.0,
    "pct2ResTime" : 30131.0,
    "pct3ResTime" : 30131.0,
    "throughput" : 0.15291455134870632,
    "receivedKBytesPerSec" : 0.11558189721083859,
    "sentKBytesPerSec" : 0.0330020662578751
  },
  "Total" : {
    "transaction" : "Total",
    "sampleCount" : 15,
    "errorCount" : 15,
    "errorPct" : 100.0,
    "meanResTime" : 30145.533333333333,
    "medianResTime" : 30120.0,
    "minResTime" : 30035.0,
    "maxResTime" : 30862.0,
    "pct1ResTime" : 30431.2,
    "pct2ResTime" : 30862.0,
    "pct3ResTime" : 30862.0,
    "throughput" : 0.15925764702135115,
    "receivedKBytesPerSec" : 0.12706396251605848,
    "sentKBytesPerSec" : 0.03685943588287131
  },
  "login" : {
    "transaction" : "login",
    "sampleCount" : 5,
    "errorCount" : 5,
    "errorPct" : 100.0,
    "meanResTime" : 30280.0,
    "medianResTime" : 30141.0,
    "minResTime" : 30126.0,
    "maxResTime" : 30862.0,
    "pct1ResTime" : 30862.0,
    "pct2ResTime" : 30862.0,
    "pct3ResTime" : 30862.0,
    "throughput" : 0.14684287812041116,
    "receivedKBytesPerSec" : 0.10195828744493393,
    "sentKBytesPerSec" : 0.03656731828193833
  },
  "create api key" : {
    "transaction" : "create api key",
    "sampleCount" : 5,
    "errorCount" : 5,
    "errorPct" : 100.0,
    "meanResTime" : 30039.2,
    "medianResTime" : 30041.0,
    "minResTime" : 30035.0,
    "maxResTime" : 30043.0,
    "pct1ResTime" : 30043.0,
    "pct2ResTime" : 30043.0,
    "pct3ResTime" : 30043.0,
    "throughput" : 0.15314873805439844,
    "receivedKBytesPerSec" : 0.144474297813036,
    "sentKBytesPerSec" : 0.03514643890896839
  }
}