{
  "zone activity" : {
    "transaction" : "zone activity",
    "sampleCount" : 5,
    "errorCount" : 0,
    "errorPct" : 0.0,
    "meanResTime" : 291.6,
    "medianResTime" : 289.0,
    "minResTime" : 281.0,
    "maxResTime" : 304.0,
    "pct1ResTime" : 304.0,
    "pct2ResTime" : 304.0,
    "pct3ResTime" : 304.0,
    "throughput" : 1.970831690973591,
    "receivedKBytesPerSec" : 548.3034680478912,
    "sentKBytesPerSec" : 0.6428298679542768
  },
  "Total" : {
    "transaction" : "Total",
    "sampleCount" : 15,
    "errorCount" : 0,
    "errorPct" : 0.0,
    "meanResTime" : 253.6,
    "medianResTime" : 176.0,
    "minResTime" : 58.0,
    "maxResTime" : 1209.0,
    "pct1ResTime" : 666.0000000000003,
    "pct2ResTime" : 1209.0,
    "pct3ResTime" : 1209.0,
    "throughput" : 3.3829499323410013,
    "receivedKBytesPerSec" : 315.3539235171403,
    "sentKBytesPerSec" : 0.9657705373252142
  },
  "login" : {
    "transaction" : "login",
    "sampleCount" : 5,
    "errorCount" : 0,
    "errorPct" : 0.0,
    "meanResTime" : 406.8,
    "medianResTime" : 176.0,
    "minResTime" : 175.0,
    "maxResTime" : 1209.0,
    "pct1ResTime" : 1209.0,
    "pct2ResTime" : 1209.0,
    "pct3ResTime" : 1209.0,
    "throughput" : 1.2239902080783354,
    "receivedKBytesPerSec" : 0.9586329559363526,
    "sentKBytesPerSec" : 0.30480224908200737
  },
  "create api key" : {
    "transaction" : "create api key",
    "sampleCount" : 5,
    "errorCount" : 0,
    "errorPct" : 0.0,
    "meanResTime" : 62.4,
    "medianResTime" : 59.0,
    "minResTime" : 58.0,
    "maxResTime" : 69.0,
    "pct1ResTime" : 69.0,
    "pct2ResTime" : 69.0,
    "pct3ResTime" : 69.0,
    "throughput" : 2.1459227467811157,
    "receivedKBytesPerSec" : 1.4237694474248928,
    "sentKBytesPerSec" : 0.6035407725321889
  }
}