{
  "zone activity" : {
    "transaction" : "zone activity",
    "sampleCount" : 5,
    "errorCount" : 0,
    "errorPct" : 0.0,
    "meanResTime" : 288.8,
    "medianResTime" : 291.0,
    "minResTime" : 251.0,
    "maxResTime" : 310.0,
    "pct1ResTime" : 310.0,
    "pct2ResTime" : 310.0,
    "pct3ResTime" : 310.0,
    "throughput" : 1.832172957127153,
    "receivedKBytesPerSec" : 509.51549044979845,
    "sentKBytesPerSec" : 0.597603288750458
  },
  "Total" : {
    "transaction" : "Total",
    "sampleCount" : 15,
    "errorCount" : 0,
    "errorPct" : 0.0,
    "meanResTime" : 232.53333333333333,
    "medianResTime" : 187.0,
    "minResTime" : 54.0,
    "maxResTime" : 1002.0,
    "pct1ResTime" : 586.8000000000002,
    "pct2ResTime" : 1002.0,
    "pct3ResTime" : 1002.0,
    "throughput" : 3.4215328467153285,
    "receivedKBytesPerSec" : 318.81869796418795,
    "sentKBytesPerSec" : 0.976785256044708
  },
  "login" : {
    "transaction" : "login",
    "sampleCount" : 5,
    "errorCount" : 0,
    "errorPct" : 0.0,
    "meanResTime" : 342.4,
    "medianResTime" : 187.0,
    "minResTime" : 157.0,
    "maxResTime" : 1002.0,
    "pct1ResTime" : 1002.0,
    "pct2ResTime" : 1002.0,
    "pct3ResTime" : 1002.0,
    "throughput" : 1.2266928361138372,
    "receivedKBytesPerSec" : 0.9607496626594701,
    "sentKBytesPerSec" : 0.30547526680569187
  },
  "create api key" : {
    "transaction" : "create api key",
    "sampleCount" : 5,
    "errorCount" : 0,
    "errorPct" : 0.0,
    "meanResTime" : 66.4,
    "medianResTime" : 59.0,
    "minResTime" : 54.0,
    "maxResTime" : 84.0,
    "pct1ResTime" : 84.0,
    "pct2ResTime" : 84.0,
    "pct3ResTime" : 84.0,
    "throughput" : 1.9455252918287937,
    "receivedKBytesPerSec" : 1.2908104328793775,
    "sentKBytesPerSec" : 0.5471789883268483
  }
}