{
  "zone activity" : {
    "transaction" : "zone activity",
    "sampleCount" : 5,
    "errorCount" : 0,
    "errorPct" : 0.0,
    "meanResTime" : 344.6,
    "medianResTime" : 241.0,
    "minResTime" : 74.0,
    "maxResTime" : 665.0,
    "pct1ResTime" : 665.0,
    "pct2ResTime" : 665.0,
    "pct3ResTime" : 665.0,
    "throughput" : 2.007226013649137,
    "receivedKBytesPerSec" : 558.282473153352,
    "sentKBytesPerSec" : 0.6547006724207145
  },
  "Total" : {
    "transaction" : "Total",
    "sampleCount" : 15,
    "errorCount" : 0,
    "errorPct" : 0.0,
    "meanResTime" : 200.53333333333333,
    "medianResTime" : 52.0,
    "minResTime" : 14.0,
    "maxResTime" : 959.0,
    "pct1ResTime" : 782.6000000000001,
    "pct2ResTime" : 959.0,
    "pct3ResTime" : 959.0,
    "throughput" : 3.7055335968379444,
    "receivedKBytesPerSec" : 345.3347428514081,
    "sentKBytesPerSec" : 1.0578622931077075
  },
  "login" : {
    "transaction" : "login",
    "sampleCount" : 5,
    "errorCount" : 0,
    "errorPct" : 0.0,
    "meanResTime" : 231.2,
    "medianResTime" : 52.0,
    "minResTime" : 44.0,
    "maxResTime" : 959.0,
    "pct1ResTime" : 959.0,
    "pct2ResTime" : 959.0,
    "pct3ResTime" : 959.0,
    "throughput" : 1.2651821862348178,
    "receivedKBytesPerSec" : 0.9908946419534413,
    "sentKBytesPerSec" : 0.3150600170799595
  },
  "create api key" : {
    "transaction" : "create api key",
    "sampleCount" : 5,
    "errorCount" : 0,
    "errorPct" : 0.0,
    "meanResTime" : 25.8,
    "medianResTime" : 15.0,
    "minResTime" : 14.0,
    "maxResTime" : 43.0,
    "pct1ResTime" : 43.0,
    "pct2ResTime" : 43.0,
    "pct3ResTime" : 43.0,
    "throughput" : 2.025931928687196,
    "receivedKBytesPerSec" : 1.344158351904376,
    "sentKBytesPerSec" : 0.5697933549432739
  }
}