{
  "zone activity" : {
    "transaction" : "zone activity",
    "sampleCount" : 5,
    "errorCount" : 0,
    "errorPct" : 0.0,
    "meanResTime" : 159.0,
    "medianResTime" : 154.0,
    "minResTime" : 142.0,
    "maxResTime" : 175.0,
    "pct1ResTime" : 175.0,
    "pct2ResTime" : 175.0,
    "pct3ResTime" : 175.0,
    "throughput" : 1.8917896329928112,
    "receivedKBytesPerSec" : 526.181333948165,
    "sentKBytesPerSec" : 0.6170485716988271
  },
  "Total" : {
    "transaction" : "Total",
    "sampleCount" : 15,
    "errorCount" : 0,
    "errorPct" : 0.0,
    "meanResTime" : 153.93333333333334,
    "medianResTime" : 107.0,
    "minResTime" : 33.0,
    "maxResTime" : 867.0,
    "pct1ResTime" : 451.80000000000024,
    "pct2ResTime" : 867.0,
    "pct3ResTime" : 867.0,
    "throughput" : 3.5825173155003585,
    "receivedKBytesPerSec" : 333.87475370193454,
    "sentKBytesPerSec" : 1.0227433872701217
  },
  "login" : {
    "transaction" : "login",
    "sampleCount" : 5,
    "errorCount" : 0,
    "errorPct" : 0.0,
    "meanResTime" : 257.8,
    "medianResTime" : 107.0,
    "minResTime" : 94.0,
    "maxResTime" : 867.0,
    "pct1ResTime" : 867.0,
    "pct2ResTime" : 867.0,
    "pct3ResTime" : 867.0,
    "throughput" : 1.2478163214374844,
    "receivedKBytesPerSec" : 0.9772936423758424,
    "sentKBytesPerSec" : 0.3107355097329673
  },
  "create api key" : {
    "transaction" : "create api key",
    "sampleCount" : 5,
    "errorCount" : 0,
    "errorPct" : 0.0,
    "meanResTime" : 45.0,
    "medianResTime" : 41.0,
    "minResTime" : 33.0,
    "maxResTime" : 62.0,
    "pct1ResTime" : 62.0,
    "pct2ResTime" : 62.0,
    "pct3ResTime" : 62.0,
    "throughput" : 1.9447685725398676,
    "receivedKBytesPerSec" : 1.2914478802022558,
    "sentKBytesPerSec" : 0.5469661610268378
  }
}