{
  "zone activity" : {
    "transaction" : "zone activity",
    "sampleCount" : 5,
    "errorCount" : 0,
    "errorPct" : 0.0,
    "meanResTime" : 326.0,
    "medianResTime" : 300.0,
    "minResTime" : 286.0,
    "maxResTime" : 379.0,
    "pct1ResTime" : 379.0,
    "pct2ResTime" : 379.0,
    "pct3ResTime" : 379.0,
    "throughput" : 1.8261504747991235,
    "receivedKBytesPerSec" : 508.2808077291819,
    "sentKBytesPerSec" : 0.5956389243973703
  },
  "Total" : {
    "transaction" : "Total",
    "sampleCount" : 15,
    "errorCount" : 0,
    "errorPct" : 0.0,
    "meanResTime" : 249.26666666666665,
    "medianResTime" : 181.0,
    "minResTime" : 59.0,
    "maxResTime" : 1053.0,
    "pct1ResTime" : 648.6000000000003,
    "pct2ResTime" : 1053.0,
    "pct3ResTime" : 1053.0,
    "throughput" : 3.3715441672285906,
    "receivedKBytesPerSec" : 314.4318333473814,
    "sentKBytesPerSec" : 0.9625143993032143
  },
  "login" : {
    "transaction" : "login",
    "sampleCount" : 5,
    "errorCount" : 0,
    "errorPct" : 0.0,
    "meanResTime" : 354.8,
    "medianResTime" : 181.0,
    "minResTime" : 176.0,
    "maxResTime" : 1053.0,
    "pct1ResTime" : 1053.0,
    "pct2ResTime" : 1053.0,
    "pct3ResTime" : 1053.0,
    "throughput" : 1.2201073694485114,
    "receivedKBytesPerSec" : 0.9555919045876038,
    "sentKBytesPerSec" : 0.3038353312591508
  },
  "create api key" : {
    "transaction" : "create api key",
    "sampleCount" : 5,
    "errorCount" : 0,
    "errorPct" : 0.0,
    "meanResTime" : 67.0,
    "medianResTime" : 63.0,
    "minResTime" : 59.0,
    "maxResTime" : 78.0,
    "pct1ResTime" : 78.0,
    "pct2ResTime" : 78.0,
    "pct3ResTime" : 78.0,
    "throughput" : 1.968503937007874,
    "receivedKBytesPerSec" : 1.3064406988188977,
    "sentKBytesPerSec" : 0.5536417322834646
  }
}