{
  "zone activity" : {
    "transaction" : "zone activity",
    "sampleCount" : 10,
    "errorCount" : 0,
    "errorPct" : 0.0,
    "meanResTime" : 48.300000000000004,
    "medianResTime" : 48.0,
    "minResTime" : 47.0,
    "maxResTime" : 51.0,
    "pct1ResTime" : 50.9,
    "pct2ResTime" : 51.0,
    "pct3ResTime" : 51.0,
    "throughput" : 1.3902405116085081,
    "receivedKBytesPerSec" : 21.689924231892117,
    "sentKBytesPerSec" : 0.45209969762268876
  },
  "Total" : {
    "transaction" : "Total",
    "sampleCount" : 30,
    "errorCount" : 0,
    "errorPct" : 0.0,
    "meanResTime" : 98.53333333333335,
    "medianResTime" : 48.0,
    "minResTime" : 27.0,
    "maxResTime" : 1214.0,
    "pct1ResTime" : 86.9,
    "pct2ResTime" : 720.6499999999994,
    "pct3ResTime" : 1214.0,
    "throughput" : 3.3134526176275676,
    "receivedKBytesPerSec" : 21.072566338082616,
    "sentKBytesPerSec" : 0.9459303208526618
  },
  "login" : {
    "transaction" : "login",
    "sampleCount" : 10,
    "errorCount" : 0,
    "errorPct" : 0.0,
    "meanResTime" : 218.9,
    "medianResTime" : 82.5,
    "minResTime" : 79.0,
    "maxResTime" : 1214.0,
    "pct1ResTime" : 1124.3000000000002,
    "pct2ResTime" : 1214.0,
    "pct3ResTime" : 1214.0,
    "throughput" : 1.1142061281337048,
    "receivedKBytesPerSec" : 2.004265320334262,
    "sentKBytesPerSec" : 0.2785515320334262
  },
  "create api key" : {
    "transaction" : "create api key",
    "sampleCount" : 10,
    "errorCount" : 0,
    "errorPct" : 0.0,
    "meanResTime" : 28.4,
    "medianResTime" : 28.0,
    "minResTime" : 27.0,
    "maxResTime" : 32.0,
    "pct1ResTime" : 31.9,
    "pct2ResTime" : 32.0,
    "pct3ResTime" : 32.0,
    "throughput" : 1.3906271728549575,
    "receivedKBytesPerSec" : 2.3344610450563206,
    "sentKBytesPerSec" : 0.39111389236545685
  }
}