{
  "zone activity" : {
    "transaction" : "zone activity",
    "sampleCount" : 5,
    "errorCount" : 0,
    "errorPct" : 0.0,
    "meanResTime" : 408.6,
    "medianResTime" : 418.0,
    "minResTime" : 377.0,
    "maxResTime" : 422.0,
    "pct1ResTime" : 422.0,
    "pct2ResTime" : 422.0,
    "pct3ResTime" : 422.0,
    "throughput" : 1.5832805573147564,
    "receivedKBytesPerSec" : 440.6909906388537,
    "sentKBytesPerSec" : 0.516421588030399
  },
  "Total" : {
    "transaction" : "Total",
    "sampleCount" : 15,
    "errorCount" : 0,
    "errorPct" : 0.0,
    "meanResTime" : 285.6666666666667,
    "medianResTime" : 252.0,
    "minResTime" : 77.0,
    "maxResTime" : 788.0,
    "pct1ResTime" : 568.4000000000001,
    "pct2ResTime" : 788.0,
    "pct3ResTime" : 788.0,
    "throughput" : 3.2085561497326203,
    "receivedKBytesPerSec" : 299.23755013368987,
    "sentKBytesPerSec" : 0.9159842914438503
  },
  "login" : {
    "transaction" : "login",
    "sampleCount" : 5,
    "errorCount" : 0,
    "errorPct" : 0.0,
    "meanResTime" : 357.6,
    "medianResTime" : 252.0,
    "minResTime" : 229.0,
    "maxResTime" : 788.0,
    "pct1ResTime" : 788.0,
    "pct2ResTime" : 788.0,
    "pct3ResTime" : 788.0,
    "throughput" : 1.200192030724916,
    "receivedKBytesPerSec" : 0.9399941490638501,
    "sentKBytesPerSec" : 0.2988759451512242
  },
  "create api key" : {
    "transaction" : "create api key",
    "sampleCount" : 5,
    "errorCount" : 0,
    "errorPct" : 0.0,
    "meanResTime" : 90.8,
    "medianResTime" : 84.0,
    "minResTime" : 77.0,
    "maxResTime" : 108.0,
    "pct1ResTime" : 108.0,
    "pct2ResTime" : 108.0,
    "pct3ResTime" : 108.0,
    "throughput" : 1.753155680224404,
    "receivedKBytesPerSec" : 1.1631777042426368,
    "sentKBytesPerSec" : 0.4930750350631136
  }
}