{
  "zone activity" : {
    "transaction" : "zone activity",
    "sampleCount" : 5,
    "errorCount" : 0,
    "errorPct" : 0.0,
    "meanResTime" : 792.2,
    "medianResTime" : 1044.0,
    "minResTime" : 399.0,
    "maxResTime" : 1054.0,
    "pct1ResTime" : 1054.0,
    "pct2ResTime" : 1054.0,
    "pct3ResTime" : 1054.0,
    "throughput" : 2.1204410517387617,
    "receivedKBytesPerSec" : 589.9775200116624,
    "sentKBytesPerSec" : 0.6916282336726038
  },
  "Total" : {
    "transaction" : "Total",
    "sampleCount" : 15,
    "errorCount" : 0,
    "errorPct" : 0.0,
    "meanResTime" : 485.06666666666666,
    "medianResTime" : 253.0,
    "minResTime" : 79.0,
    "maxResTime" : 1495.0,
    "pct1ResTime" : 1230.4,
    "pct2ResTime" : 1495.0,
    "pct3ResTime" : 1495.0,
    "throughput" : 3.2439446366782003,
    "receivedKBytesPerSec" : 302.4224410007569,
    "sentKBytesPerSec" : 0.9260870593641869
  },
  "login" : {
    "transaction" : "login",
    "sampleCount" : 5,
    "errorCount" : 0,
    "errorPct" : 0.0,
    "meanResTime" : 565.4,
    "medianResTime" : 253.0,
    "minResTime" : 234.0,
    "maxResTime" : 1495.0,
    "pct1ResTime" : 1495.0,
    "pct2ResTime" : 1495.0,
    "pct3ResTime" : 1495.0,
    "throughput" : 1.2103606874848705,
    "receivedKBytesPerSec" : 0.9479582728152989,
    "sentKBytesPerSec" : 0.3014081790123457
  },
  "create api key" : {
    "transaction" : "create api key",
    "sampleCount" : 5,
    "errorCount" : 0,
    "errorPct" : 0.0,
    "meanResTime" : 97.6,
    "medianResTime" : 95.0,
    "minResTime" : 79.0,
    "maxResTime" : 131.0,
    "pct1ResTime" : 131.0,
    "pct2ResTime" : 131.0,
    "pct3ResTime" : 131.0,
    "throughput" : 2.4271844660194173,
    "receivedKBytesPerSec" : 1.6108540655339805,
    "sentKBytesPerSec" : 0.6826456310679612
  }
}