{
  "zone activity" : {
    "transaction" : "zone activity",
    "sampleCount" : 5,
    "errorCount" : 0,
    "errorPct" : 0.0,
    "meanResTime" : 2254.0,
    "medianResTime" : 2440.0,
    "minResTime" : 1511.0,
    "maxResTime" : 2462.0,
    "pct1ResTime" : 2462.0,
    "pct2ResTime" : 2462.0,
    "pct3ResTime" : 2462.0,
    "throughput" : 2.0242914979757085,
    "receivedKBytesPerSec" : 563.2852036943319,
    "sentKBytesPerSec" : 0.6602669534412955
  },
  "Total" : {
    "transaction" : "Total",
    "sampleCount" : 15,
    "errorCount" : 0,
    "errorPct" : 0.0,
    "meanResTime" : 1150.8,
    "medianResTime" : 674.0,
    "minResTime" : 78.0,
    "maxResTime" : 2582.0,
    "pct1ResTime" : 2510.0,
    "pct2ResTime" : 2582.0,
    "pct3ResTime" : 2582.0,
    "throughput" : 2.586652871184687,
    "receivedKBytesPerSec" : 241.170857852647,
    "sentKBytesPerSec" : 0.7384422421969304
  },
  "login" : {
    "transaction" : "login",
    "sampleCount" : 5,
    "errorCount" : 0,
    "errorPct" : 0.0,
    "meanResTime" : 1090.8,
    "medianResTime" : 674.0,
    "minResTime" : 244.0,
    "maxResTime" : 2582.0,
    "pct1ResTime" : 2582.0,
    "pct2ResTime" : 2582.0,
    "pct3ResTime" : 2582.0,
    "throughput" : 1.2042389210019266,
    "receivedKBytesPerSec" : 0.9431636861753372,
    "sentKBytesPerSec" : 0.29988371567919075
  },
  "create api key" : {
    "transaction" : "create api key",
    "sampleCount" : 5,
    "errorCount" : 0,
    "errorPct" : 0.0,
    "meanResTime" : 107.6,
    "medianResTime" : 113.0,
    "minResTime" : 78.0,
    "maxResTime" : 123.0,
    "pct1ResTime" : 123.0,
    "pct2ResTime" : 123.0,
    "pct3ResTime" : 123.0,
    "throughput" : 4.901960784313726,
    "receivedKBytesPerSec" : 3.254250919117647,
    "sentKBytesPerSec" : 1.3786764705882353
  }
}