{
  "zone activity" : {
    "transaction" : "zone activity",
    "sampleCount" : 10,
    "errorCount" : 0,
    "errorPct" : 0.0,
    "meanResTime" : 50.1,
    "medianResTime" : 49.5,
    "minResTime" : 47.0,
    "maxResTime" : 54.0,
    "pct1ResTime" : 53.8,
    "pct2ResTime" : 54.0,
    "pct3ResTime" : 54.0,
    "throughput" : 1.4929829799940282,
    "receivedKBytesPerSec" : 23.295200059719317,
    "sentKBytesPerSec" : 0.4855110667363392
  },
  "Total" : {
    "transaction" : "Total",
    "sampleCount" : 30,
    "errorCount" : 0,
    "errorPct" : 0.0,
    "meanResTime" : 135.13333333333335,
    "medianResTime" : 51.0,
    "minResTime" : 27.0,
    "maxResTime" : 1697.0,
    "pct1ResTime" : 101.10000000000002,
    "pct2ResTime" : 1201.9999999999993,
    "pct3ResTime" : 1697.0,
    "throughput" : 3.3083370092633437,
    "receivedKBytesPerSec" : 21.042186466144685,
    "sentKBytesPerSec" : 0.9444699079179533
  },
  "login" : {
    "transaction" : "login",
    "sampleCount" : 10,
    "errorCount" : 0,
    "errorPct" : 0.0,
    "meanResTime" : 319.7,
    "medianResTime" : 89.5,
    "minResTime" : 81.0,
    "maxResTime" : 1697.0,
    "pct1ResTime" : 1607.0000000000005,
    "pct2ResTime" : 1697.0,
    "pct3ResTime" : 1697.0,
    "throughput" : 1.112470797641562,
    "receivedKBytesPerSec" : 2.001143759038825,
    "sentKBytesPerSec" : 0.27811769941039044
  },
  "create api key" : {
    "transaction" : "create api key",
    "sampleCount" : 10,
    "errorCount" : 0,
    "errorPct" : 0.0,
    "meanResTime" : 35.6,
    "medianResTime" : 29.5,
    "minResTime" : 27.0,
    "maxResTime" : 52.0,
    "pct1ResTime" : 51.9,
    "pct2ResTime" : 52.0,
    "pct3ResTime" : 52.0,
    "throughput" : 1.4892032762472078,
    "receivedKBytesPerSec" : 2.5005235480268055,
    "sentKBytesPerSec" : 0.4188384214445272
  }
}