{
  "zone activity" : {
    "transaction" : "zone activity",
    "sampleCount" : 5,
    "errorCount" : 0,
    "errorPct" : 0.0,
    "meanResTime" : 337.0,
    "medianResTime" : 337.0,
    "minResTime" : 324.0,
    "maxResTime" : 352.0,
    "pct1ResTime" : 352.0,
    "pct2ResTime" : 352.0,
    "pct3ResTime" : 352.0,
    "throughput" : 2.167316861725184,
    "receivedKBytesPerSec" : 603.1321115084526,
    "sentKBytesPerSec" : 0.7069178045080191
  },
  "Total" : {
    "transaction" : "Total",
    "sampleCount" : 15,
    "errorCount" : 0,
    "errorPct" : 0.0,
    "meanResTime" : 322.5333333333333,
    "medianResTime" : 211.0,
    "minResTime" : 65.0,
    "maxResTime" : 1536.0,
    "pct1ResTime" : 991.2000000000003,
    "pct2ResTime" : 1536.0,
    "pct3ResTime" : 1536.0,
    "throughput" : 3.3163829316825115,
    "receivedKBytesPerSec" : 309.23284462745966,
    "sentKBytesPerSec" : 0.946766872098165
  },
  "login" : {
    "transaction" : "login",
    "sampleCount" : 5,
    "errorCount" : 0,
    "errorPct" : 0.0,
    "meanResTime" : 553.8,
    "medianResTime" : 211.0,
    "minResTime" : 196.0,
    "maxResTime" : 1536.0,
    "pct1ResTime" : 1536.0,
    "pct2ResTime" : 1536.0,
    "pct3ResTime" : 1536.0,
    "throughput" : 1.2186205215695831,
    "receivedKBytesPerSec" : 0.9544274006824276,
    "sentKBytesPerSec" : 0.3034650712893005
  },
  "create api key" : {
    "transaction" : "create api key",
    "sampleCount" : 5,
    "errorCount" : 0,
    "errorPct" : 0.0,
    "meanResTime" : 76.8,
    "medianResTime" : 81.0,
    "minResTime" : 65.0,
    "maxResTime" : 87.0,
    "pct1ResTime" : 87.0,
    "pct2ResTime" : 87.0,
    "pct3ResTime" : 87.0,
    "throughput" : 2.4342745861733204,
    "receivedKBytesPerSec" : 1.6155595788704968,
    "sentKBytesPerSec" : 0.6846397273612465
  }
}