{
  "zone activity" : {
    "transaction" : "zone activity",
    "sampleCount" : 5,
    "errorCount" : 0,
    "errorPct" : 0.0,
    "meanResTime" : 212.2,
    "medianResTime" : 149.0,
    "minResTime" : 139.0,
    "maxResTime" : 319.0,
    "pct1ResTime" : 319.0,
    "pct2ResTime" : 319.0,
    "pct3ResTime" : 319.0,
    "throughput" : 1.8917896329928112,
    "receivedKBytesPerSec" : 526.3815976163451,
    "sentKBytesPerSec" : 0.6170485716988271
  },
  "Total" : {
    "transaction" : "Total",
    "sampleCount" : 15,
    "errorCount" : 0,
    "errorPct" : 0.0,
    "meanResTime" : 171.0,
    "medianResTime" : 98.0,
    "minResTime" : 30.0,
    "maxResTime" : 882.0,
    "pct1ResTime" : 544.2000000000002,
    "pct2ResTime" : 882.0,
    "pct3ResTime" : 882.0,
    "throughput" : 3.586800573888092,
    "receivedKBytesPerSec" : 334.3997993633429,
    "sentKBytesPerSec" : 1.0239661794595887
  },
  "login" : {
    "transaction" : "login",
    "sampleCount" : 5,
    "errorCount" : 0,
    "errorPct" : 0.0,
    "meanResTime" : 253.4,
    "medianResTime" : 98.0,
    "minResTime" : 91.0,
    "maxResTime" : 882.0,
    "pct1ResTime" : 882.0,
    "pct2ResTime" : 882.0,
    "pct3ResTime" : 882.0,
    "throughput" : 1.2478163214374844,
    "receivedKBytesPerSec" : 0.9772936423758424,
    "sentKBytesPerSec" : 0.3107355097329673
  },
  "create api key" : {
    "transaction" : "create api key",
    "sampleCount" : 5,
    "errorCount" : 0,
    "errorPct" : 0.0,
    "meanResTime" : 47.4,
    "medianResTime" : 33.0,
    "minResTime" : 30.0,
    "maxResTime" : 81.0,
    "pct1ResTime" : 81.0,
    "pct2ResTime" : 81.0,
    "pct3ResTime" : 81.0,
    "throughput" : 1.9402405898331394,
    "receivedKBytesPerSec" : 1.2873041569654637,
    "sentKBytesPerSec" : 0.5456926658905704
  }
}