{
  "zone activity" : {
    "transaction" : "zone activity",
    "sampleCount" : 5,
    "errorCount" : 0,
    "errorPct" : 0.0,
    "meanResTime" : 1008.0,
    "medianResTime" : 1245.0,
    "minResTime" : 399.0,
    "maxResTime" : 1499.0,
    "pct1ResTime" : 1499.0,
    "pct2ResTime" : 1499.0,
    "pct3ResTime" : 1499.0,
    "throughput" : 1.9011406844106464,
    "receivedKBytesPerSec" : 528.7948550380229,
    "sentKBytesPerSec" : 0.6200986216730038
  },
  "Total" : {
    "transaction" : "Total",
    "sampleCount" : 15,
    "errorCount" : 0,
    "errorPct" : 0.0,
    "meanResTime" : 522.5333333333334,
    "medianResTime" : 250.0,
    "minResTime" : 80.0,
    "maxResTime" : 1499.0,
    "pct1ResTime" : 1498.4,
    "pct2ResTime" : 1499.0,
    "pct3ResTime" : 1499.0,
    "throughput" : 3.2453483340545217,
    "receivedKBytesPerSec" : 302.4592810201212,
    "sentKBytesPerSec" : 0.9264877893768931
  },
  "login" : {
    "transaction" : "login",
    "sampleCount" : 5,
    "errorCount" : 0,
    "errorPct" : 0.0,
    "meanResTime" : 467.0,
    "medianResTime" : 250.0,
    "minResTime" : 235.0,
    "maxResTime" : 1256.0,
    "pct1ResTime" : 1256.0,
    "pct2ResTime" : 1256.0,
    "pct3ResTime" : 1256.0,
    "throughput" : 1.207437816952427,
    "receivedKBytesPerSec" : 0.9456690714803188,
    "sentKBytesPerSec" : 0.30068031574498916
  },
  "create api key" : {
    "transaction" : "create api key",
    "sampleCount" : 5,
    "errorCount" : 0,
    "errorPct" : 0.0,
    "meanResTime" : 92.6,
    "medianResTime" : 87.0,
    "minResTime" : 80.0,
    "maxResTime" : 109.0,
    "pct1ResTime" : 109.0,
    "pct2ResTime" : 109.0,
    "pct3ResTime" : 109.0,
    "throughput" : 2.1222410865874366,
    "receivedKBytesPerSec" : 1.4093007215619695,
    "sentKBytesPerSec" : 0.5968803056027165
  }
}