{
  "zone activity" : {
    "transaction" : "zone activity",
    "sampleCount" : 5,
    "errorCount" : 0,
    "errorPct" : 0.0,
    "meanResTime" : 175.6,
    "medianResTime" : 161.0,
    "minResTime" : 152.0,
    "maxResTime" : 203.0,
    "pct1ResTime" : 203.0,
    "pct2ResTime" : 203.0,
    "pct3ResTime" : 203.0,
    "throughput" : 2.1561017680034498,
    "receivedKBytesPerSec" : 599.8637276304441,
    "sentKBytesPerSec" : 0.7032597563605002
  },
  "Total" : {
    "transaction" : "Total",
    "sampleCount" : 15,
    "errorCount" : 0,
    "errorPct" : 0.0,
    "meanResTime" : 190.73333333333332,
    "medianResTime" : 90.0,
    "minResTime" : 28.0,
    "maxResTime" : 1219.0,
    "pct1ResTime" : 673.6000000000004,
    "pct2ResTime" : 1219.0,
    "pct3ResTime" : 1219.0,
    "throughput" : 3.5859431030360986,
    "receivedKBytesPerSec" : 334.2857716501315,
    "sentKBytesPerSec" : 1.0237213871623236
  },
  "login" : {
    "transaction" : "login",
    "sampleCount" : 5,
    "errorCount" : 0,
    "errorPct" : 0.0,
    "meanResTime" : 358.4,
    "medianResTime" : 90.0,
    "minResTime" : 84.0,
    "maxResTime" : 1219.0,
    "pct1ResTime" : 1219.0,
    "pct2ResTime" : 1219.0,
    "pct3ResTime" : 1219.0,
    "throughput" : 1.252191334835963,
    "receivedKBytesPerSec" : 0.9807201665414476,
    "sentKBytesPerSec" : 0.311824990608565
  },
  "create api key" : {
    "transaction" : "create api key",
    "sampleCount" : 5,
    "errorCount" : 0,
    "errorPct" : 0.0,
    "meanResTime" : 38.2,
    "medianResTime" : 29.0,
    "minResTime" : 28.0,
    "maxResTime" : 57.0,
    "pct1ResTime" : 57.0,
    "pct2ResTime" : 57.0,
    "pct3ResTime" : 57.0,
    "throughput" : 2.2522522522522523,
    "receivedKBytesPerSec" : 1.494316582207207,
    "sentKBytesPerSec" : 0.6334459459459459
  }
}