{
  "zone activity" : {
    "transaction" : "zone activity",
    "sampleCount" : 5,
    "errorCount" : 0,
    "errorPct" : 0.0,
    "meanResTime" : 958.4,
    "medianResTime" : 952.0,
    "minResTime" : 197.0,
    "maxResTime" : 1725.0,
    "pct1ResTime" : 1725.0,
    "pct2ResTime" : 1725.0,
    "pct3ResTime" : 1725.0,
    "throughput" : 1.7018379850238257,
    "receivedKBytesPerSec" : 473.4726004084411,
    "sentKBytesPerSec" : 0.5550916865214431
  },
  "Total" : {
    "transaction" : "Total",
    "sampleCount" : 15,
    "errorCount" : 0,
    "errorPct" : 0.0,
    "meanResTime" : 417.9333333333334,
    "medianResTime" : 133.0,
    "minResTime" : 38.0,
    "maxResTime" : 1725.0,
    "pct1ResTime" : 1701.6,
    "pct2ResTime" : 1725.0,
    "pct3ResTime" : 1725.0,
    "throughput" : 3.5244360902255636,
    "receivedKBytesPerSec" : 328.5469686178336,
    "sentKBytesPerSec" : 1.0061622562265038
  },
  "login" : {
    "transaction" : "login",
    "sampleCount" : 5,
    "errorCount" : 0,
    "errorPct" : 0.0,
    "meanResTime" : 234.0,
    "medianResTime" : 133.0,
    "minResTime" : 114.0,
    "maxResTime" : 633.0,
    "pct1ResTime" : 633.0,
    "pct2ResTime" : 633.0,
    "pct3ResTime" : 633.0,
    "throughput" : 1.2569130216189042,
    "receivedKBytesPerSec" : 0.9844182063851181,
    "sentKBytesPerSec" : 0.31300080128205127
  },
  "create api key" : {
    "transaction" : "create api key",
    "sampleCount" : 5,
    "errorCount" : 0,
    "errorPct" : 0.0,
    "meanResTime" : 61.4,
    "medianResTime" : 58.0,
    "minResTime" : 38.0,
    "maxResTime" : 98.0,
    "pct1ResTime" : 98.0,
    "pct2ResTime" : 98.0,
    "pct3ResTime" : 98.0,
    "throughput" : 1.7998560115190785,
    "receivedKBytesPerSec" : 1.1941622795176385,
    "sentKBytesPerSec" : 0.5062095032397408
  }
}