{
  "zone activity" : {
    "transaction" : "zone activity",
    "sampleCount" : 5,
    "errorCount" : 0,
    "errorPct" : 0.0,
    "meanResTime" : 404.0,
    "medianResTime" : 398.0,
    "minResTime" : 378.0,
    "maxResTime" : 431.0,
    "pct1ResTime" : 431.0,
    "pct2ResTime" : 431.0,
    "pct3ResTime" : 431.0,
    "throughput" : 2.041649652919559,
    "receivedKBytesPerSec" : 567.7664193293181,
    "sentKBytesPerSec" : 0.6659286953858718
  },
  "Total" : {
    "transaction" : "Total",
    "sampleCount" : 15,
    "errorCount" : 0,
    "errorPct" : 0.0,
    "meanResTime" : 341.93333333333334,
    "medianResTime" : 259.0,
    "minResTime" : 79.0,
    "maxResTime" : 1411.0,
    "pct1ResTime" : 867.4000000000003,
    "pct2ResTime" : 1411.0,
    "pct3ResTime" : 1411.0,
    "throughput" : 3.240440699935191,
    "receivedKBytesPerSec" : 301.9428298498596,
    "sentKBytesPerSec" : 0.9250867492979046
  },
  "login" : {
    "transaction" : "login",
    "sampleCount" : 5,
    "errorCount" : 0,
    "errorPct" : 0.0,
    "meanResTime" : 530.8,
    "medianResTime" : 259.0,
    "minResTime" : 238.0,
    "maxResTime" : 1411.0,
    "pct1ResTime" : 1411.0,
    "pct2ResTime" : 1411.0,
    "pct3ResTime" : 1411.0,
    "throughput" : 1.20598166907863,
    "receivedKBytesPerSec" : 0.944528611915099,
    "sentKBytesPerSec" : 0.3003177007959479
  },
  "create api key" : {
    "transaction" : "create api key",
    "sampleCount" : 5,
    "errorCount" : 0,
    "errorPct" : 0.0,
    "meanResTime" : 91.0,
    "medianResTime" : 83.0,
    "minResTime" : 79.0,
    "maxResTime" : 106.0,
    "pct1ResTime" : 106.0,
    "pct2ResTime" : 106.0,
    "pct3ResTime" : 106.0,
    "throughput" : 2.3030861354214647,
    "receivedKBytesPerSec" : 1.528043672270843,
    "sentKBytesPerSec" : 0.647742975587287
  }
}