{
  "zone activity" : {
    "transaction" : "zone activity",
    "sampleCount" : 5,
    "errorCount" : 0,
    "errorPct" : 0.0,
    "meanResTime" : 125.4,
    "medianResTime" : 113.0,
    "minResTime" : 101.0,
    "maxResTime" : 156.0,
    "pct1ResTime" : 156.0,
    "pct2ResTime" : 156.0,
    "pct3ResTime" : 156.0,
    "throughput" : 1.939487975174554,
    "receivedKBytesPerSec" : 28.236217513576417,
    "sentKBytesPerSec" : 0.6307123981768813
  },
  "Total" : {
    "transaction" : "Total",
    "sampleCount" : 15,
    "errorCount" : 0,
    "errorPct" : 0.0,
    "meanResTime" : 181.13333333333335,
    "medianResTime" : 113.0,
    "minResTime" : 53.0,
    "maxResTime" : 1037.0,
    "pct1ResTime" : 525.8000000000003,
    "pct2ResTime" : 1037.0,
    "pct3ResTime" : 1037.0,
    "throughput" : 3.5236081747709656,
    "receivedKBytesPerSec" : 18.79877077460653,
    "sentKBytesPerSec" : 1.0047788935870332
  },
  "login" : {
    "transaction" : "login",
    "sampleCount" : 5,
    "errorCount" : 0,
    "errorPct" : 0.0,
    "meanResTime" : 347.0,
    "medianResTime" : 178.0,
    "minResTime" : 159.0,
    "maxResTime" : 1037.0,
    "pct1ResTime" : 1037.0,
    "pct2ResTime" : 1037.0,
    "pct3ResTime" : 1037.0,
    "throughput" : 1.224589762429586,
    "receivedKBytesPerSec" : 0.9591025287778594,
    "sentKBytesPerSec" : 0.30495155216752384
  },
  "create api key" : {
    "transaction" : "create api key",
    "sampleCount" : 5,
    "errorCount" : 0,
    "errorPct" : 0.0,
    "meanResTime" : 71.0,
    "medianResTime" : 60.0,
    "minResTime" : 53.0,
    "maxResTime" : 103.0,
    "pct1ResTime" : 103.0,
    "pct2ResTime" : 103.0,
    "pct3ResTime" : 103.0,
    "throughput" : 1.9546520719311962,
    "receivedKBytesPerSec" : 1.296865837568413,
    "sentKBytesPerSec" : 0.549745895230649
  }
}