{
  "zone activity" : {
    "transaction" : "zone activity",
    "sampleCount" : 5,
    "errorCount" : 0,
    "errorPct" : 0.0,
    "meanResTime" : 248.2,
    "medianResTime" : 250.0,
    "minResTime" : 173.0,
    "maxResTime" : 288.0,
    "pct1ResTime" : 288.0,
    "pct2ResTime" : 288.0,
    "pct3ResTime" : 288.0,
    "throughput" : 2.109704641350211,
    "receivedKBytesPerSec" : 587.2127999736286,
    "sentKBytesPerSec" : 0.6881263185654009
  },
  "Total" : {
    "transaction" : "Total",
    "sampleCount" : 15,
    "errorCount" : 0,
    "errorPct" : 0.0,
    "meanResTime" : 240.8,
    "medianResTime" : 161.0,
    "minResTime" : 43.0,
    "maxResTime" : 1185.0,
    "pct1ResTime" : 742.8000000000002,
    "pct2ResTime" : 1185.0,
    "pct3ResTime" : 1185.0,
    "throughput" : 3.5773908895778677,
    "receivedKBytesPerSec" : 333.6343217117816,
    "sentKBytesPerSec" : 1.0212798861197234
  },
  "login" : {
    "transaction" : "login",
    "sampleCount" : 5,
    "errorCount" : 0,
    "errorPct" : 0.0,
    "meanResTime" : 415.0,
    "medianResTime" : 161.0,
    "minResTime" : 125.0,
    "maxResTime" : 1185.0,
    "pct1ResTime" : 1185.0,
    "pct2ResTime" : 1185.0,
    "pct3ResTime" : 1185.0,
    "throughput" : 1.2866700977869274,
    "receivedKBytesPerSec" : 1.007724041430777,
    "sentKBytesPerSec" : 0.3204110106793618
  },
  "create api key" : {
    "transaction" : "create api key",
    "sampleCount" : 5,
    "errorCount" : 0,
    "errorPct" : 0.0,
    "meanResTime" : 59.2,
    "medianResTime" : 54.0,
    "minResTime" : 43.0,
    "maxResTime" : 74.0,
    "pct1ResTime" : 74.0,
    "pct2ResTime" : 74.0,
    "pct3ResTime" : 74.0,
    "throughput" : 2.261420171867933,
    "receivedKBytesPerSec" : 1.5008409656264134,
    "sentKBytesPerSec" : 0.6360244233378562
  }
}