{
  "zone activity" : {
    "transaction" : "zone activity",
    "sampleCount" : 5,
    "errorCount" : 0,
    "errorPct" : 0.0,
    "meanResTime" : 184.6,
    "medianResTime" : 169.0,
    "minResTime" : 159.0,
    "maxResTime" : 215.0,
    "pct1ResTime" : 215.0,
    "pct2ResTime" : 215.0,
    "pct3ResTime" : 215.0,
    "throughput" : 2.2094564737074682,
    "receivedKBytesPerSec" : 614.5279530766682,
    "sentKBytesPerSec" : 0.7206625607600531
  },
  "Total" : {
    "transaction" : "Total",
    "sampleCount" : 15,
    "errorCount" : 0,
    "errorPct" : 0.0,
    "meanResTime" : 202.80000000000004,
    "medianResTime" : 111.0,
    "minResTime" : 33.0,
    "maxResTime" : 1238.0,
    "pct1ResTime" : 704.6000000000004,
    "pct2ResTime" : 1238.0,
    "pct3ResTime" : 1238.0,
    "throughput" : 3.5842293906810037,
    "receivedKBytesPerSec" : 334.0294112156512,
    "sentKBytesPerSec" : 1.0232321535244924
  },
  "login" : {
    "transaction" : "login",
    "sampleCount" : 5,
    "errorCount" : 0,
    "errorPct" : 0.0,
    "meanResTime" : 380.4,
    "medianResTime" : 111.0,
    "minResTime" : 99.0,
    "maxResTime" : 1238.0,
    "pct1ResTime" : 1238.0,
    "pct2ResTime" : 1238.0,
    "pct3ResTime" : 1238.0,
    "throughput" : 1.2537612838515546,
    "receivedKBytesPerSec" : 0.9819497555165496,
    "sentKBytesPerSec" : 0.3122159447091274
  },
  "create api key" : {
    "transaction" : "create api key",
    "sampleCount" : 5,
    "errorCount" : 0,
    "errorPct" : 0.0,
    "meanResTime" : 43.4,
    "medianResTime" : 35.0,
    "minResTime" : 33.0,
    "maxResTime" : 58.0,
    "pct1ResTime" : 58.0,
    "pct2ResTime" : 58.0,
    "pct3ResTime" : 58.0,
    "throughput" : 2.297794117647059,
    "receivedKBytesPerSec" : 1.52587890625,
    "sentKBytesPerSec" : 0.6462545955882353
  }
}