{
  "zone activity" : {
    "transaction" : "zone activity",
    "sampleCount" : 5,
    "errorCount" : 0,
    "errorPct" : 0.0,
    "meanResTime" : 1342.0,
    "medianResTime" : 1628.0,
    "minResTime" : 411.0,
    "maxResTime" : 2025.0,
    "pct1ResTime" : 2025.0,
    "pct2ResTime" : 2025.0,
    "pct3ResTime" : 2025.0,
    "throughput" : 1.7755681818181817,
    "receivedKBytesPerSec" : 494.0126592462713,
    "sentKBytesPerSec" : 0.5791404030539773
  },
  "Total" : {
    "transaction" : "Total",
    "sampleCount" : 15,
    "errorCount" : 0,
    "errorPct" : 0.0,
    "meanResTime" : 617.4666666666667,
    "medianResTime" : 241.0,
    "minResTime" : 76.0,
    "maxResTime" : 2025.0,
    "pct1ResTime" : 2020.8,
    "pct2ResTime" : 2025.0,
    "pct3ResTime" : 2025.0,
    "throughput" : 3.2341526520051747,
    "receivedKBytesPerSec" : 301.50345986955585,
    "sentKBytesPerSec" : 0.9232916262397586
  },
  "login" : {
    "transaction" : "login",
    "sampleCount" : 5,
    "errorCount" : 0,
    "errorPct" : 0.0,
    "meanResTime" : 420.8,
    "medianResTime" : 241.0,
    "minResTime" : 232.0,
    "maxResTime" : 1146.0,
    "pct1ResTime" : 1146.0,
    "pct2ResTime" : 1146.0,
    "pct3ResTime" : 1146.0,
    "throughput" : 1.2068549360366883,
    "receivedKBytesPerSec" : 0.9452125573256095,
    "sentKBytesPerSec" : 0.3005351647356988
  },
  "create api key" : {
    "transaction" : "create api key",
    "sampleCount" : 5,
    "errorCount" : 0,
    "errorPct" : 0.0,
    "meanResTime" : 89.6,
    "medianResTime" : 82.0,
    "minResTime" : 76.0,
    "maxResTime" : 105.0,
    "pct1ResTime" : 105.0,
    "pct2ResTime" : 105.0,
    "pct3ResTime" : 105.0,
    "throughput" : 1.9825535289452814,
    "receivedKBytesPerSec" : 1.3153778003568597,
    "sentKBytesPerSec" : 0.5575931800158604
  }
}