{
  "zone activity" : {
    "transaction" : "zone activity",
    "sampleCount" : 5,
    "errorCount" : 0,
    "errorPct" : 0.0,
    "meanResTime" : 341.0,
    "medianResTime" : 411.0,
    "minResTime" : 63.0,
    "maxResTime" : 414.0,
    "pct1ResTime" : 414.0,
    "pct2ResTime" : 414.0,
    "pct3ResTime" : 414.0,
    "throughput" : 5.138746145940391,
    "receivedKBytesPerSec" : 1431.6747494861254,
    "sentKBytesPerSec" : 1.6761144655704008
  },
  "Total" : {
    "transaction" : "Total",
    "sampleCount" : 15,
    "errorCount" : 0,
    "errorPct" : 0.0,
    "meanResTime" : 427.33333333333326,
    "medianResTime" : 63.0,
    "minResTime" : 19.0,
    "maxResTime" : 2404.0,
    "pct1ResTime" : 1856.8000000000002,
    "pct2ResTime" : 2404.0,
    "pct3ResTime" : 2404.0,
    "throughput" : 3.711034141514102,
    "receivedKBytesPerSec" : 346.42648673305297,
    "sentKBytesPerSec" : 1.0594325983424049
  },
  "login" : {
    "transaction" : "login",
    "sampleCount" : 5,
    "errorCount" : 0,
    "errorPct" : 0.0,
    "meanResTime" : 897.0,
    "medianResTime" : 492.0,
    "minResTime" : 46.0,
    "maxResTime" : 2404.0,
    "pct1ResTime" : 2404.0,
    "pct2ResTime" : 2404.0,
    "pct3ResTime" : 2404.0,
    "throughput" : 1.2635835228708618,
    "receivedKBytesPerSec" : 0.9896425638109679,
    "sentKBytesPerSec" : 0.3146619124336619
  },
  "create api key" : {
    "transaction" : "create api key",
    "sampleCount" : 5,
    "errorCount" : 0,
    "errorPct" : 0.0,
    "meanResTime" : 44.0,
    "medianResTime" : 50.0,
    "minResTime" : 19.0,
    "maxResTime" : 52.0,
    "pct1ResTime" : 52.0,
    "pct2ResTime" : 52.0,
    "pct3ResTime" : 52.0,
    "throughput" : 5.149330587023687,
    "receivedKBytesPerSec" : 3.419477342945417,
    "sentKBytesPerSec" : 1.448249227600412
  }
}