{
  "zone activity" : {
    "transaction" : "zone activity",
    "sampleCount" : 10,
    "errorCount" : 0,
    "errorPct" : 0.0,
    "meanResTime" : 145.2,
    "medianResTime" : 144.5,
    "minResTime" : 140.0,
    "maxResTime" : 150.0,
    "pct1ResTime" : 150.0,
    "pct2ResTime" : 150.0,
    "pct3ResTime" : 150.0,
    "throughput" : 1.3751375137513753,
    "receivedKBytesPerSec" : 21.455636774614963,
    "sentKBytesPerSec" : 0.44718827351485146
  },
  "Total" : {
    "transaction" : "Total",
    "sampleCount" : 30,
    "errorCount" : 0,
    "errorPct" : 0.0,
    "meanResTime" : 194.40000000000003,
    "medianResTime" : 144.5,
    "minResTime" : 74.0,
    "maxResTime" : 1334.0,
    "pct1ResTime" : 239.60000000000002,
    "pct2ResTime" : 834.5999999999993,
    "pct3ResTime" : 1334.0,
    "throughput" : 3.2113037893384715,
    "receivedKBytesPerSec" : 20.42418479715264,
    "sentKBytesPerSec" : 0.9167686924641404
  },
  "login" : {
    "transaction" : "login",
    "sampleCount" : 10,
    "errorCount" : 0,
    "errorPct" : 0.0,
    "meanResTime" : 358.0,
    "medianResTime" : 230.0,
    "minResTime" : 219.0,
    "maxResTime" : 1334.0,
    "pct1ResTime" : 1243.2000000000003,
    "pct2ResTime" : 1334.0,
    "pct3ResTime" : 1334.0,
    "throughput" : 1.095890410958904,
    "receivedKBytesPerSec" : 1.9713184931506849,
    "sentKBytesPerSec" : 0.273972602739726
  },
  "create api key" : {
    "transaction" : "create api key",
    "sampleCount" : 10,
    "errorCount" : 0,
    "errorPct" : 0.0,
    "meanResTime" : 80.0,
    "medianResTime" : 76.5,
    "minResTime" : 74.0,
    "maxResTime" : 94.0,
    "pct1ResTime" : 94.0,
    "pct2ResTime" : 94.0,
    "pct3ResTime" : 94.0,
    "throughput" : 1.3810247203424941,
    "receivedKBytesPerSec" : 2.3186110343875157,
    "sentKBytesPerSec" : 0.3884132025963265
  }
}