{
  "zone activity" : {
    "transaction" : "zone activity",
    "sampleCount" : 5,
    "errorCount" : 0,
    "errorPct" : 0.0,
    "meanResTime" : 402.4,
    "medianResTime" : 402.0,
    "minResTime" : 386.0,
    "maxResTime" : 420.0,
    "pct1ResTime" : 420.0,
    "pct2ResTime" : 420.0,
    "pct3ResTime" : 420.0,
    "throughput" : 2.232142857142857,
    "receivedKBytesPerSec" : 621.0205078124999,
    "sentKBytesPerSec" : 0.7280622209821428
  },
  "Total" : {
    "transaction" : "Total",
    "sampleCount" : 15,
    "errorCount" : 0,
    "errorPct" : 0.0,
    "meanResTime" : 376.26666666666665,
    "medianResTime" : 245.0,
    "minResTime" : 74.0,
    "maxResTime" : 1689.0,
    "pct1ResTime" : 1143.0000000000005,
    "pct2ResTime" : 1689.0,
    "pct3ResTime" : 1689.0,
    "throughput" : 3.236245954692557,
    "receivedKBytesPerSec" : 301.68723031283713,
    "sentKBytesPerSec" : 0.9238892259978425
  },
  "login" : {
    "transaction" : "login",
    "sampleCount" : 5,
    "errorCount" : 0,
    "errorPct" : 0.0,
    "meanResTime" : 635.2,
    "medianResTime" : 245.0,
    "minResTime" : 225.0,
    "maxResTime" : 1689.0,
    "pct1ResTime" : 1689.0,
    "pct2ResTime" : 1689.0,
    "pct3ResTime" : 1689.0,
    "throughput" : 1.20598166907863,
    "receivedKBytesPerSec" : 0.944528611915099,
    "sentKBytesPerSec" : 0.3003177007959479
  },
  "create api key" : {
    "transaction" : "create api key",
    "sampleCount" : 5,
    "errorCount" : 0,
    "errorPct" : 0.0,
    "meanResTime" : 91.2,
    "medianResTime" : 90.0,
    "minResTime" : 74.0,
    "maxResTime" : 120.0,
    "pct1ResTime" : 120.0,
    "pct2ResTime" : 120.0,
    "pct3ResTime" : 120.0,
    "throughput" : 2.5826446280991737,
    "receivedKBytesPerSec" : 1.7140286027892562,
    "sentKBytesPerSec" : 0.7263688016528926
  }
}