{
  "zone activity" : {
    "transaction" : "zone activity",
    "sampleCount" : 5,
    "errorCount" : 0,
    "errorPct" : 0.0,
    "meanResTime" : 1690.8,
    "medianResTime" : 2234.0,
    "minResTime" : 409.0,
    "maxResTime" : 2262.0,
    "pct1ResTime" : 2262.0,
    "pct2ResTime" : 2262.0,
    "pct3ResTime" : 2262.0,
    "throughput" : 2.1079258010118043,
    "receivedKBytesPerSec" : 586.5332360613406,
    "sentKBytesPerSec" : 0.6875461108768972
  },
  "Total" : {
    "transaction" : "Total",
    "sampleCount" : 15,
    "errorCount" : 0,
    "errorPct" : 0.0,
    "meanResTime" : 786.0666666666667,
    "medianResTime" : 254.0,
    "minResTime" : 83.0,
    "maxResTime" : 2262.0,
    "pct1ResTime" : 2254.8,
    "pct2ResTime" : 2262.0,
    "pct3ResTime" : 2262.0,
    "throughput" : 3.2474561593418487,
    "receivedKBytesPerSec" : 302.76947120588875,
    "sentKBytesPerSec" : 0.9270895350725266
  },
  "login" : {
    "transaction" : "login",
    "sampleCount" : 5,
    "errorCount" : 0,
    "errorPct" : 0.0,
    "meanResTime" : 567.4,
    "medianResTime" : 254.0,
    "minResTime" : 242.0,
    "maxResTime" : 1484.0,
    "pct1ResTime" : 1484.0,
    "pct2ResTime" : 1484.0,
    "pct3ResTime" : 1484.0,
    "throughput" : 1.2135922330097086,
    "receivedKBytesPerSec" : 0.950489229368932,
    "sentKBytesPerSec" : 0.3022129095873786
  },
  "create api key" : {
    "transaction" : "create api key",
    "sampleCount" : 5,
    "errorCount" : 0,
    "errorPct" : 0.0,
    "meanResTime" : 100.0,
    "medianResTime" : 100.0,
    "minResTime" : 83.0,
    "maxResTime" : 129.0,
    "pct1ResTime" : 129.0,
    "pct2ResTime" : 129.0,
    "pct3ResTime" : 129.0,
    "throughput" : 2.407318247472316,
    "receivedKBytesPerSec" : 1.5981395943668752,
    "sentKBytesPerSec" : 0.6770582571015888
  }
}