{
  "zone activity" : {
    "transaction" : "zone activity",
    "sampleCount" : 5,
    "errorCount" : 0,
    "errorPct" : 0.0,
    "meanResTime" : 113.6,
    "medianResTime" : 97.0,
    "minResTime" : 94.0,
    "maxResTime" : 143.0,
    "pct1ResTime" : 143.0,
    "pct2ResTime" : 143.0,
    "pct3ResTime" : 143.0,
    "throughput" : 1.850481125092524,
    "receivedKBytesPerSec" : 514.8392683660252,
    "sentKBytesPerSec" : 0.6035748982235382
  },
  "Total" : {
    "transaction" : "Total",
    "sampleCount" : 15,
    "errorCount" : 0,
    "errorPct" : 0.0,
    "meanResTime" : 113.39999999999999,
    "medianResTime" : 57.0,
    "minResTime" : 17.0,
    "maxResTime" : 745.0,
    "pct1ResTime" : 383.8000000000002,
    "pct2ResTime" : 745.0,
    "pct3ResTime" : 745.0,
    "throughput" : 3.672869735553379,
    "receivedKBytesPerSec" : 342.392281617287,
    "sentKBytesPerSec" : 1.0485373561459355
  },
  "login" : {
    "transaction" : "login",
    "sampleCount" : 5,
    "errorCount" : 0,
    "errorPct" : 0.0,
    "meanResTime" : 196.0,
    "medianResTime" : 57.0,
    "minResTime" : 52.0,
    "maxResTime" : 745.0,
    "pct1ResTime" : 745.0,
    "pct2ResTime" : 745.0,
    "pct3ResTime" : 745.0,
    "throughput" : 1.2610340479192939,
    "receivedKBytesPerSec" : 0.9876458070617907,
    "sentKBytesPerSec" : 0.3140270334174023
  },
  "create api key" : {
    "transaction" : "create api key",
    "sampleCount" : 5,
    "errorCount" : 0,
    "errorPct" : 0.0,
    "meanResTime" : 30.6,
    "medianResTime" : 28.0,
    "minResTime" : 17.0,
    "maxResTime" : 46.0,
    "pct1ResTime" : 46.0,
    "pct2ResTime" : 46.0,
    "pct3ResTime" : 46.0,
    "throughput" : 1.8782870022539444,
    "receivedKBytesPerSec" : 1.2465662565740045,
    "sentKBytesPerSec" : 0.5282682193839219
  }
}