{
  "zone activity" : {
    "transaction" : "zone activity",
    "sampleCount" : 5,
    "errorCount" : 0,
    "errorPct" : 0.0,
    "meanResTime" : 90.8,
    "medianResTime" : 92.0,
    "minResTime" : 86.0,
    "maxResTime" : 95.0,
    "pct1ResTime" : 95.0,
    "pct2ResTime" : 95.0,
    "pct3ResTime" : 95.0,
    "throughput" : 2.0234722784297854,
    "receivedKBytesPerSec" : 562.9173411574261,
    "sentKBytesPerSec" : 0.6599997470659652
  },
  "Total" : {
    "transaction" : "Total",
    "sampleCount" : 15,
    "errorCount" : 0,
    "errorPct" : 0.0,
    "meanResTime" : 116.86666666666666,
    "medianResTime" : 50.0,
    "minResTime" : 13.0,
    "maxResTime" : 977.0,
    "pct1ResTime" : 447.8000000000003,
    "pct2ResTime" : 977.0,
    "pct3ResTime" : 977.0,
    "throughput" : 3.6991368680641186,
    "receivedKBytesPerSec" : 344.8094077527744,
    "sentKBytesPerSec" : 1.0560361436498151
  },
  "login" : {
    "transaction" : "login",
    "sampleCount" : 5,
    "errorCount" : 0,
    "errorPct" : 0.0,
    "meanResTime" : 236.6,
    "medianResTime" : 50.0,
    "minResTime" : 43.0,
    "maxResTime" : 977.0,
    "pct1ResTime" : 977.0,
    "pct2ResTime" : 977.0,
    "pct3ResTime" : 977.0,
    "throughput" : 1.2661433274246643,
    "receivedKBytesPerSec" : 0.9916474107368954,
    "sentKBytesPerSec" : 0.31529936376297796
  },
  "create api key" : {
    "transaction" : "create api key",
    "sampleCount" : 5,
    "errorCount" : 0,
    "errorPct" : 0.0,
    "meanResTime" : 23.2,
    "medianResTime" : 17.0,
    "minResTime" : 13.0,
    "maxResTime" : 36.0,
    "pct1ResTime" : 36.0,
    "pct2ResTime" : 36.0,
    "pct3ResTime" : 36.0,
    "throughput" : 2.054231717337716,
    "receivedKBytesPerSec" : 1.3629345983976993,
    "sentKBytesPerSec" : 0.5777526705012325
  }
}