{
  "zone activity" : {
    "transaction" : "zone activity",
    "sampleCount" : 5,
    "errorCount" : 0,
    "errorPct" : 0.0,
    "meanResTime" : 205.2,
    "medianResTime" : 195.0,
    "minResTime" : 176.0,
    "maxResTime" : 234.0,
    "pct1ResTime" : 234.0,
    "pct2ResTime" : 234.0,
    "pct3ResTime" : 234.0,
    "throughput" : 2.2552999548940007,
    "receivedKBytesPerSec" : 627.3297424729363,
    "sentKBytesPerSec" : 0.7356154149751917
  },
  "Total" : {
    "transaction" : "Total",
    "sampleCount" : 15,
    "errorCount" : 0,
    "errorPct" : 0.0,
    "meanResTime" : 215.53333333333333,
    "medianResTime" : 104.0,
    "minResTime" : 34.0,
    "maxResTime" : 1268.0,
    "pct1ResTime" : 735.8000000000003,
    "pct2ResTime" : 1268.0,
    "pct3ResTime" : 1268.0,
    "throughput" : 3.575685339690107,
    "receivedKBytesPerSec" : 333.26015904350413,
    "sentKBytesPerSec" : 1.0207929827175208
  },
  "login" : {
    "transaction" : "login",
    "sampleCount" : 5,
    "errorCount" : 0,
    "errorPct" : 0.0,
    "meanResTime" : 390.6,
    "medianResTime" : 104.0,
    "minResTime" : 97.0,
    "maxResTime" : 1268.0,
    "pct1ResTime" : 1268.0,
    "pct2ResTime" : 1268.0,
    "pct3ResTime" : 1268.0,
    "throughput" : 1.255335174491589,
    "receivedKBytesPerSec" : 0.983182431584233,
    "sentKBytesPerSec" : 0.31260788036655784
  },
  "create api key" : {
    "transaction" : "create api key",
    "sampleCount" : 5,
    "errorCount" : 0,
    "errorPct" : 0.0,
    "meanResTime" : 50.8,
    "medianResTime" : 38.0,
    "minResTime" : 34.0,
    "maxResTime" : 78.0,
    "pct1ResTime" : 78.0,
    "pct2ResTime" : 78.0,
    "pct3ResTime" : 78.0,
    "throughput" : 2.3540489642184554,
    "receivedKBytesPerSec" : 1.5632356403013181,
    "sentKBytesPerSec" : 0.6620762711864406
  }
}