{
  "zone activity" : {
    "transaction" : "zone activity",
    "sampleCount" : 5,
    "errorCount" : 0,
    "errorPct" : 0.0,
    "meanResTime" : 255.8,
    "medianResTime" : 115.0,
    "minResTime" : 93.0,
    "maxResTime" : 491.0,
    "pct1ResTime" : 491.0,
    "pct2ResTime" : 491.0,
    "pct3ResTime" : 491.0,
    "throughput" : 2.025931928687196,
    "receivedKBytesPerSec" : 563.5727151286467,
    "sentKBytesPerSec" : 0.660802015802269
  },
  "Total" : {
    "transaction" : "Total",
    "sampleCount" : 15,
    "errorCount" : 0,
    "errorPct" : 0.0,
    "meanResTime" : 170.53333333333333,
    "medianResTime" : 51.0,
    "minResTime" : 14.0,
    "maxResTime" : 946.0,
    "pct1ResTime" : 673.0000000000002,
    "pct2ResTime" : 946.0,
    "pct3ResTime" : 946.0,
    "throughput" : 3.690944881889764,
    "receivedKBytesPerSec" : 344.02874323326773,
    "sentKBytesPerSec" : 1.053697480930118
  },
  "login" : {
    "transaction" : "login",
    "sampleCount" : 5,
    "errorCount" : 0,
    "errorPct" : 0.0,
    "meanResTime" : 226.2,
    "medianResTime" : 49.0,
    "minResTime" : 41.0,
    "maxResTime" : 946.0,
    "pct1ResTime" : 946.0,
    "pct2ResTime" : 946.0,
    "pct3ResTime" : 946.0,
    "throughput" : 1.2642225031605563,
    "receivedKBytesPerSec" : 0.99014301517067,
    "sentKBytesPerSec" : 0.31482103350189633
  },
  "create api key" : {
    "transaction" : "create api key",
    "sampleCount" : 5,
    "errorCount" : 0,
    "errorPct" : 0.0,
    "meanResTime" : 29.6,
    "medianResTime" : 17.0,
    "minResTime" : 14.0,
    "maxResTime" : 51.0,
    "pct1ResTime" : 51.0,
    "pct2ResTime" : 51.0,
    "pct3ResTime" : 51.0,
    "throughput" : 2.050020500205002,
    "receivedKBytesPerSec" : 1.360941343788438,
    "sentKBytesPerSec" : 0.5765682656826568
  }
}