{
  "zone activity" : {
    "transaction" : "zone activity",
    "sampleCount" : 5,
    "errorCount" : 0,
    "errorPct" : 0.0,
    "meanResTime" : 440.2,
    "medianResTime" : 438.0,
    "minResTime" : 400.0,
    "maxResTime" : 484.0,
    "pct1ResTime" : 484.0,
    "pct2ResTime" : 484.0,
    "pct3ResTime" : 484.0,
    "throughput" : 2.5113008538422905,
    "receivedKBytesPerSec" : 698.5585525489703,
    "sentKBytesPerSec" : 0.8191157081868408
  },
  "Total" : {
    "transaction" : "Total",
    "sampleCount" : 15,
    "errorCount" : 0,
    "errorPct" : 0.0,
    "meanResTime" : 425.4000000000001,
    "medianResTime" : 242.0,
    "minResTime" : 78.0,
    "maxResTime" : 1950.0,
    "pct1ResTime" : 1404.0000000000005,
    "pct2ResTime" : 1950.0,
    "pct3ResTime" : 1950.0,
    "throughput" : 3.230669825543829,
    "receivedKBytesPerSec" : 301.1127301852251,
    "sentKBytesPerSec" : 0.9222973427740685
  },
  "login" : {
    "transaction" : "login",
    "sampleCount" : 5,
    "errorCount" : 0,
    "errorPct" : 0.0,
    "meanResTime" : 740.8,
    "medianResTime" : 242.0,
    "minResTime" : 234.0,
    "maxResTime" : 1950.0,
    "pct1ResTime" : 1950.0,
    "pct2ResTime" : 1950.0,
    "pct3ResTime" : 1950.0,
    "throughput" : 1.205109664979513,
    "receivedKBytesPerSec" : 0.9438456555796577,
    "sentKBytesPerSec" : 0.3001005513376717
  },
  "create api key" : {
    "transaction" : "create api key",
    "sampleCount" : 5,
    "errorCount" : 0,
    "errorPct" : 0.0,
    "meanResTime" : 95.2,
    "medianResTime" : 100.0,
    "minResTime" : 78.0,
    "maxResTime" : 111.0,
    "pct1ResTime" : 111.0,
    "pct2ResTime" : 111.0,
    "pct3ResTime" : 111.0,
    "throughput" : 2.94811320754717,
    "receivedKBytesPerSec" : 1.9577314268867925,
    "sentKBytesPerSec" : 0.8291568396226415
  }
}