{
  "zone activity" : {
    "transaction" : "zone activity",
    "sampleCount" : 5,
    "errorCount" : 0,
    "errorPct" : 0.0,
    "meanResTime" : 1116.2,
    "medianResTime" : 1460.0,
    "minResTime" : 300.0,
    "maxResTime" : 1466.0,
    "pct1ResTime" : 1466.0,
    "pct2ResTime" : 1466.0,
    "pct3ResTime" : 1466.0,
    "throughput" : 2.7337342810278837,
    "receivedKBytesPerSec" : 760.4944428307818,
    "sentKBytesPerSec" : 0.8916672361946419
  },
  "Total" : {
    "transaction" : "Total",
    "sampleCount" : 15,
    "errorCount" : 0,
    "errorPct" : 0.0,
    "meanResTime" : 631.6666666666667,
    "medianResTime" : 199.0,
    "minResTime" : 63.0,
    "maxResTime" : 1938.0,
    "pct1ResTime" : 1654.8000000000002,
    "pct2ResTime" : 1938.0,
    "pct3ResTime" : 1938.0,
    "throughput" : 3.348961821835231,
    "receivedKBytesPerSec" : 312.163141535499,
    "sentKBytesPerSec" : 0.956067551350748
  },
  "login" : {
    "transaction" : "login",
    "sampleCount" : 5,
    "errorCount" : 0,
    "errorPct" : 0.0,
    "meanResTime" : 703.0,
    "medianResTime" : 199.0,
    "minResTime" : 184.0,
    "maxResTime" : 1938.0,
    "pct1ResTime" : 1938.0,
    "pct2ResTime" : 1938.0,
    "pct3ResTime" : 1938.0,
    "throughput" : 1.2156576707999027,
    "receivedKBytesPerSec" : 0.952106886700705,
    "sentKBytesPerSec" : 0.3027272520058351
  },
  "create api key" : {
    "transaction" : "create api key",
    "sampleCount" : 5,
    "errorCount" : 0,
    "errorPct" : 0.0,
    "meanResTime" : 75.8,
    "medianResTime" : 83.0,
    "minResTime" : 63.0,
    "maxResTime" : 85.0,
    "pct1ResTime" : 85.0,
    "pct2ResTime" : 85.0,
    "pct3ResTime" : 85.0,
    "throughput" : 3.071253071253071,
    "receivedKBytesPerSec" : 2.0383042843980346,
    "sentKBytesPerSec" : 0.8637899262899263
  }
}