{
  "zone activity" : {
    "transaction" : "zone activity",
    "sampleCount" : 5,
    "errorCount" : 0,
    "errorPct" : 0.0,
    "meanResTime" : 109.6,
    "medianResTime" : 99.0,
    "minResTime" : 84.0,
    "maxResTime" : 140.0,
    "pct1ResTime" : 140.0,
    "pct2ResTime" : 140.0,
    "pct3ResTime" : 140.0,
    "throughput" : 1.9569471624266144,
    "receivedKBytesPerSec" : 544.3267643101761,
    "sentKBytesPerSec" : 0.6383011252446184
  },
  "Total" : {
    "transaction" : "Total",
    "sampleCount" : 15,
    "errorCount" : 0,
    "errorPct" : 0.0,
    "meanResTime" : 111.79999999999998,
    "medianResTime" : 46.0,
    "minResTime" : 13.0,
    "maxResTime" : 821.0,
    "pct1ResTime" : 412.40000000000026,
    "pct2ResTime" : 821.0,
    "pct3ResTime" : 821.0,
    "throughput" : 3.70278943470748,
    "receivedKBytesPerSec" : 345.09708251049125,
    "sentKBytesPerSec" : 1.0570788848432486
  },
  "login" : {
    "transaction" : "login",
    "sampleCount" : 5,
    "errorCount" : 0,
    "errorPct" : 0.0,
    "meanResTime" : 199.40000000000003,
    "medianResTime" : 42.0,
    "minResTime" : 39.0,
    "maxResTime" : 821.0,
    "pct1ResTime" : 821.0,
    "pct2ResTime" : 821.0,
    "pct3ResTime" : 821.0,
    "throughput" : 1.2658227848101267,
    "receivedKBytesPerSec" : 0.9913963607594937,
    "sentKBytesPerSec" : 0.3152195411392405
  },
  "create api key" : {
    "transaction" : "create api key",
    "sampleCount" : 5,
    "errorCount" : 0,
    "errorPct" : 0.0,
    "meanResTime" : 26.4,
    "medianResTime" : 14.0,
    "minResTime" : 13.0,
    "maxResTime" : 46.0,
    "pct1ResTime" : 46.0,
    "pct2ResTime" : 46.0,
    "pct3ResTime" : 46.0,
    "throughput" : 1.976284584980237,
    "receivedKBytesPerSec" : 1.311218502964427,
    "sentKBytesPerSec" : 0.5558300395256918
  }
}