{
  "zone activity" : {
    "transaction" : "zone activity",
    "sampleCount" : 10,
    "errorCount" : 10,
    "errorPct" : 100.0,
    "meanResTime" : 107.9,
    "medianResTime" : 108.0,
    "minResTime" : 105.0,
    "maxResTime" : 111.0,
    "pct1ResTime" : 111.0,
    "pct2ResTime" : 111.0,
    "pct3ResTime" : 111.0,
    "throughput" : 1.318217769575534,
    "receivedKBytesPerSec" : 20.56625692064329,
    "sentKBytesPerSec" : 0.4286782395201687
  },
  "Total" : {
    "transaction" : "Total",
    "sampleCount" : 30,
    "errorCount" : 10,
    "errorPct" : 33.333332,
    "meanResTime" : 141.1,
    "medianResTime" : 108.0,
    "minResTime" : 56.0,
    "maxResTime" : 1050.0,
    "pct1ResTime" : 172.0,
    "pct2ResTime" : 572.0499999999994,
    "pct3ResTime" : 1050.0,
    "throughput" : 3.2453483340545217,
    "receivedKBytesPerSec" : 20.639443490372134,
    "sentKBytesPerSec" : 0.9264877893768931
  },
  "login" : {
    "transaction" : "login",
    "sampleCount" : 10,
    "errorCount" : 0,
    "errorPct" : 0.0,
    "meanResTime" : 258.6,
    "medianResTime" : 170.5,
    "minResTime" : 167.0,
    "maxResTime" : 1050.0,
    "pct1ResTime" : 963.1000000000004,
    "pct2ResTime" : 1050.0,
    "pct3ResTime" : 1050.0,
    "throughput" : 1.1015642211940955,
    "receivedKBytesPerSec" : 1.9815247025776603,
    "sentKBytesPerSec" : 0.2753910552985239
  },
  "create api key" : {
    "transaction" : "create api key",
    "sampleCount" : 10,
    "errorCount" : 0,
    "errorPct" : 0.0,
    "meanResTime" : 56.8,
    "medianResTime" : 56.0,
    "minResTime" : 56.0,
    "maxResTime" : 59.0,
    "pct1ResTime" : 59.0,
    "pct2ResTime" : 59.0,
    "pct3ResTime" : 59.0,
    "throughput" : 1.3243279035889286,
    "receivedKBytesPerSec" : 2.22316373659118,
    "sentKBytesPerSec" : 0.37246722288438616
  }
}