{
  "zone activity" : {
    "transaction" : "zone activity",
    "sampleCount" : 5,
    "errorCount" : 0,
    "errorPct" : 0.0,
    "meanResTime" : 432.0,
    "medianResTime" : 418.0,
    "minResTime" : 393.0,
    "maxResTime" : 471.0,
    "pct1ResTime" : 471.0,
    "pct2ResTime" : 471.0,
    "pct3ResTime" : 471.0,
    "throughput" : 1.820830298616169,
    "receivedKBytesPerSec" : 506.5756156682447,
    "sentKBytesPerSec" : 0.5939036325564457
  },
  "Total" : {
    "transaction" : "Total",
    "sampleCount" : 15,
    "errorCount" : 0,
    "errorPct" : 0.0,
    "meanResTime" : 321.53333333333336,
    "medianResTime" : 245.0,
    "minResTime" : 77.0,
    "maxResTime" : 1211.0,
    "pct1ResTime" : 767.0000000000002,
    "pct2ResTime" : 1211.0,
    "pct3ResTime" : 1211.0,
    "throughput" : 3.228583727938011,
    "receivedKBytesPerSec" : 300.9664311369996,
    "sentKBytesPerSec" : 0.9217017999354283
  },
  "login" : {
    "transaction" : "login",
    "sampleCount" : 5,
    "errorCount" : 0,
    "errorPct" : 0.0,
    "meanResTime" : 444.2,
    "medianResTime" : 245.0,
    "minResTime" : 230.0,
    "maxResTime" : 1211.0,
    "pct1ResTime" : 1211.0,
    "pct2ResTime" : 1211.0,
    "pct3ResTime" : 1211.0,
    "throughput" : 1.2048192771084338,
    "receivedKBytesPerSec" : 0.9436182228915662,
    "sentKBytesPerSec" : 0.3000282379518072
  },
  "create api key" : {
    "transaction" : "create api key",
    "sampleCount" : 5,
    "errorCount" : 0,
    "errorPct" : 0.0,
    "meanResTime" : 88.4,
    "medianResTime" : 83.0,
    "minResTime" : 77.0,
    "maxResTime" : 102.0,
    "pct1ResTime" : 102.0,
    "pct2ResTime" : 102.0,
    "pct3ResTime" : 102.0,
    "throughput" : 2.044989775051125,
    "receivedKBytesPerSec" : 1.3568027862985685,
    "sentKBytesPerSec" : 0.5751533742331288
  }
}