{
  "zone activity" : {
    "transaction" : "zone activity",
    "sampleCount" : 5,
    "errorCount" : 0,
    "errorPct" : 0.0,
    "meanResTime" : 151.0,
    "medianResTime" : 149.0,
    "minResTime" : 138.0,
    "maxResTime" : 172.0,
    "pct1ResTime" : 172.0,
    "pct2ResTime" : 172.0,
    "pct3ResTime" : 172.0,
    "throughput" : 2.1486892995272884,
    "receivedKBytesPerSec" : 597.7485764933391,
    "sentKBytesPerSec" : 0.7008420176192522
  },
  "Total" : {
    "transaction" : "Total",
    "sampleCount" : 15,
    "errorCount" : 0,
    "errorPct" : 0.0,
    "meanResTime" : 182.39999999999998,
    "medianResTime" : 105.0,
    "minResTime" : 28.0,
    "maxResTime" : 1195.0,
    "pct1ResTime" : 652.0000000000003,
    "pct2ResTime" : 1195.0,
    "pct3ResTime" : 1195.0,
    "throughput" : 3.557874762808349,
    "receivedKBytesPerSec" : 331.64002275557397,
    "sentKBytesPerSec" : 1.0157083876897532
  },
  "login" : {
    "transaction" : "login",
    "sampleCount" : 5,
    "errorCount" : 0,
    "errorPct" : 0.0,
    "meanResTime" : 355.2,
    "medianResTime" : 105.0,
    "minResTime" : 85.0,
    "maxResTime" : 1195.0,
    "pct1ResTime" : 1195.0,
    "pct2ResTime" : 1195.0,
    "pct3ResTime" : 1195.0,
    "throughput" : 1.2478163214374844,
    "receivedKBytesPerSec" : 0.9772936423758424,
    "sentKBytesPerSec" : 0.3107355097329673
  },
  "create api key" : {
    "transaction" : "create api key",
    "sampleCount" : 5,
    "errorCount" : 0,
    "errorPct" : 0.0,
    "meanResTime" : 41.0,
    "medianResTime" : 36.0,
    "minResTime" : 28.0,
    "maxResTime" : 54.0,
    "pct1ResTime" : 54.0,
    "pct2ResTime" : 54.0,
    "pct3ResTime" : 54.0,
    "throughput" : 2.247191011235955,
    "receivedKBytesPerSec" : 1.4909585674157302,
    "sentKBytesPerSec" : 0.6320224719101123
  }
}