{
  "zone activity" : {
    "transaction" : "zone activity",
    "sampleCount" : 5,
    "errorCount" : 0,
    "errorPct" : 0.0,
    "meanResTime" : 89.0,
    "medianResTime" : 86.0,
    "minResTime" : 75.0,
    "maxResTime" : 104.0,
    "pct1ResTime" : 104.0,
    "pct2ResTime" : 104.0,
    "pct3ResTime" : 104.0,
    "throughput" : 2.1729682746631895,
    "receivedKBytesPerSec" : 604.7812092568448,
    "sentKBytesPerSec" : 0.7087611364624076
  },
  "Total" : {
    "transaction" : "Total",
    "sampleCount" : 15,
    "errorCount" : 0,
    "errorPct" : 0.0,
    "meanResTime" : 132.13333333333333,
    "medianResTime" : 58.0,
    "minResTime" : 17.0,
    "maxResTime" : 1016.0,
    "pct1ResTime" : 546.8000000000003,
    "pct2ResTime" : 1016.0,
    "pct3ResTime" : 1016.0,
    "throughput" : 3.8197097020626436,
    "receivedKBytesPerSec" : 356.2095647918258,
    "sentKBytesPerSec" : 1.0904574898141075
  },
  "login" : {
    "transaction" : "login",
    "sampleCount" : 5,
    "errorCount" : 0,
    "errorPct" : 0.0,
    "meanResTime" : 281.4,
    "medianResTime" : 58.0,
    "minResTime" : 49.0,
    "maxResTime" : 1016.0,
    "pct1ResTime" : 1016.0,
    "pct2ResTime" : 1016.0,
    "pct3ResTime" : 1016.0,
    "throughput" : 1.3054830287206267,
    "receivedKBytesPerSec" : 1.0224583877284594,
    "sentKBytesPerSec" : 0.3250958714099217
  },
  "create api key" : {
    "transaction" : "create api key",
    "sampleCount" : 5,
    "errorCount" : 0,
    "errorPct" : 0.0,
    "meanResTime" : 26.0,
    "medianResTime" : 18.0,
    "minResTime" : 17.0,
    "maxResTime" : 39.0,
    "pct1ResTime" : 39.0,
    "pct2ResTime" : 39.0,
    "pct3ResTime" : 39.0,
    "throughput" : 2.1949078138718177,
    "receivedKBytesPerSec" : 1.4562698913520633,
    "sentKBytesPerSec" : 0.6173178226514486
  }
}