{
  "zone activity" : {
    "transaction" : "zone activity",
    "sampleCount" : 5,
    "errorCount" : 0,
    "errorPct" : 0.0,
    "meanResTime" : 703.6,
    "medianResTime" : 615.0,
    "minResTime" : 377.0,
    "maxResTime" : 1069.0,
    "pct1ResTime" : 1069.0,
    "pct2ResTime" : 1069.0,
    "pct3ResTime" : 1069.0,
    "throughput" : 1.7624250969333803,
    "receivedKBytesPerSec" : 490.56896038949594,
    "sentKBytesPerSec" : 0.5748534984138174
  },
  "Total" : {
    "transaction" : "Total",
    "sampleCount" : 15,
    "errorCount" : 0,
    "errorPct" : 0.0,
    "meanResTime" : 401.20000000000005,
    "medianResTime" : 237.0,
    "minResTime" : 77.0,
    "maxResTime" : 1111.0,
    "pct1ResTime" : 1085.8,
    "pct2ResTime" : 1111.0,
    "pct3ResTime" : 1111.0,
    "throughput" : 3.2390412437918377,
    "receivedKBytesPerSec" : 302.08972987745625,
    "sentKBytesPerSec" : 0.9246872300798963
  },
  "login" : {
    "transaction" : "login",
    "sampleCount" : 5,
    "errorCount" : 0,
    "errorPct" : 0.0,
    "meanResTime" : 411.8,
    "medianResTime" : 237.0,
    "minResTime" : 230.0,
    "maxResTime" : 1111.0,
    "pct1ResTime" : 1111.0,
    "pct2ResTime" : 1111.0,
    "pct3ResTime" : 1111.0,
    "throughput" : 1.2027904738994466,
    "receivedKBytesPerSec" : 0.9420292578782776,
    "sentKBytesPerSec" : 0.29952301840269424
  },
  "create api key" : {
    "transaction" : "create api key",
    "sampleCount" : 5,
    "errorCount" : 0,
    "errorPct" : 0.0,
    "meanResTime" : 88.2,
    "medianResTime" : 80.0,
    "minResTime" : 77.0,
    "maxResTime" : 104.0,
    "pct1ResTime" : 104.0,
    "pct2ResTime" : 104.0,
    "pct3ResTime" : 104.0,
    "throughput" : 1.95160031225605,
    "receivedKBytesPerSec" : 1.2948410665495707,
    "sentKBytesPerSec" : 0.5488875878220141
  }
}