{
  "zone activity" : {
    "transaction" : "zone activity",
    "sampleCount" : 5,
    "errorCount" : 0,
    "errorPct" : 0.0,
    "meanResTime" : 419.4,
    "medianResTime" : 409.0,
    "minResTime" : 392.0,
    "maxResTime" : 457.0,
    "pct1ResTime" : 457.0,
    "pct2ResTime" : 457.0,
    "pct3ResTime" : 457.0,
    "throughput" : 1.7711654268508679,
    "receivedKBytesPerSec" : 492.7935706695005,
    "sentKBytesPerSec" : 0.5777043482111229
  },
  "Total" : {
    "transaction" : "Total",
    "sampleCount" : 15,
    "errorCount" : 0,
    "errorPct" : 0.0,
    "meanResTime" : 307.53333333333325,
    "medianResTime" : 244.0,
    "minResTime" : 78.0,
    "maxResTime" : 1122.0,
    "pct1ResTime" : 723.0000000000002,
    "pct2ResTime" : 1122.0,
    "pct3ResTime" : 1122.0,
    "throughput" : 3.229974160206718,
    "receivedKBytesPerSec" : 301.1174953569121,
    "sentKBytesPerSec" : 0.9220987430017227
  },
  "login" : {
    "transaction" : "login",
    "sampleCount" : 5,
    "errorCount" : 0,
    "errorPct" : 0.0,
    "meanResTime" : 417.0,
    "medianResTime" : 244.0,
    "minResTime" : 232.0,
    "maxResTime" : 1122.0,
    "pct1ResTime" : 1122.0,
    "pct2ResTime" : 1122.0,
    "pct3ResTime" : 1122.0,
    "throughput" : 1.2045290291496025,
    "receivedKBytesPerSec" : 0.9433908997831848,
    "sentKBytesPerSec" : 0.29995595940737174
  },
  "create api key" : {
    "transaction" : "create api key",
    "sampleCount" : 5,
    "errorCount" : 0,
    "errorPct" : 0.0,
    "meanResTime" : 86.2,
    "medianResTime" : 82.0,
    "minResTime" : 78.0,
    "maxResTime" : 98.0,
    "pct1ResTime" : 98.0,
    "pct2ResTime" : 98.0,
    "pct3ResTime" : 98.0,
    "throughput" : 1.9849146486701073,
    "receivedKBytesPerSec" : 1.3169443479555378,
    "sentKBytesPerSec" : 0.5582572449384676
  }
}