{
  "zone activity" : {
    "transaction" : "zone activity",
    "sampleCount" : 5,
    "errorCount" : 0,
    "errorPct" : 0.0,
    "meanResTime" : 415.2,
    "medianResTime" : 409.0,
    "minResTime" : 390.0,
    "maxResTime" : 439.0,
    "pct1ResTime" : 439.0,
    "pct2ResTime" : 439.0,
    "pct3ResTime" : 439.0,
    "throughput" : 1.934984520123839,
    "receivedKBytesPerSec" : 538.1751281927244,
    "sentKBytesPerSec" : 0.6311375290247678
  },
  "Total" : {
    "transaction" : "Total",
    "sampleCount" : 15,
    "errorCount" : 0,
    "errorPct" : 0.0,
    "meanResTime" : 329.66666666666663,
    "medianResTime" : 258.0,
    "minResTime" : 80.0,
    "maxResTime" : 1243.0,
    "pct1ResTime" : 760.6000000000004,
    "pct2ResTime" : 1243.0,
    "pct3ResTime" : 1243.0,
    "throughput" : 3.301782962799912,
    "receivedKBytesPerSec" : 307.6993021544134,
    "sentKBytesPerSec" : 0.9425988471274488
  },
  "login" : {
    "transaction" : "login",
    "sampleCount" : 5,
    "errorCount" : 0,
    "errorPct" : 0.0,
    "meanResTime" : 477.4,
    "medianResTime" : 258.0,
    "minResTime" : 234.0,
    "maxResTime" : 1243.0,
    "pct1ResTime" : 1243.0,
    "pct2ResTime" : 1243.0,
    "pct3ResTime" : 1243.0,
    "throughput" : 1.2281994595922379,
    "receivedKBytesPerSec" : 0.961929654875952,
    "sentKBytesPerSec" : 0.3058504513633014
  },
  "create api key" : {
    "transaction" : "create api key",
    "sampleCount" : 5,
    "errorCount" : 0,
    "errorPct" : 0.0,
    "meanResTime" : 96.4,
    "medianResTime" : 84.0,
    "minResTime" : 80.0,
    "maxResTime" : 126.0,
    "pct1ResTime" : 126.0,
    "pct2ResTime" : 126.0,
    "pct3ResTime" : 126.0,
    "throughput" : 2.158894645941278,
    "receivedKBytesPerSec" : 1.4323759984887738,
    "sentKBytesPerSec" : 0.6071891191709845
  }
}