{
  "zone activity" : {
    "transaction" : "zone activity",
    "sampleCount" : 5,
    "errorCount" : 0,
    "errorPct" : 0.0,
    "meanResTime" : 214.2,
    "medianResTime" : 78.0,
    "minResTime" : 76.0,
    "maxResTime" : 424.0,
    "pct1ResTime" : 424.0,
    "pct2ResTime" : 424.0,
    "pct3ResTime" : 424.0,
    "throughput" : 1.9069412662090006,
    "receivedKBytesPerSec" : 530.3475549437453,
    "sentKBytesPerSec" : 0.6219906083142639
  },
  "Total" : {
    "transaction" : "Total",
    "sampleCount" : 15,
    "errorCount" : 0,
    "errorPct" : 0.0,
    "meanResTime" : 124.93333333333332,
    "medianResTime" : 54.0,
    "minResTime" : 17.0,
    "maxResTime" : 478.0,
    "pct1ResTime" : 445.6,
    "pct2ResTime" : 478.0,
    "pct3ResTime" : 478.0,
    "throughput" : 3.6845983787767134,
    "receivedKBytesPerSec" : 343.3565923605994,
    "sentKBytesPerSec" : 1.0518856699828052
  },
  "login" : {
    "transaction" : "login",
    "sampleCount" : 5,
    "errorCount" : 0,
    "errorPct" : 0.0,
    "meanResTime" : 141.0,
    "medianResTime" : 54.0,
    "minResTime" : 49.0,
    "maxResTime" : 478.0,
    "pct1ResTime" : 478.0,
    "pct2ResTime" : 478.0,
    "pct3ResTime" : 478.0,
    "throughput" : 1.2591286829513977,
    "receivedKBytesPerSec" : 0.9861535192646689,
    "sentKBytesPerSec" : 0.31355255288340467
  },
  "create api key" : {
    "transaction" : "create api key",
    "sampleCount" : 5,
    "errorCount" : 0,
    "errorPct" : 0.0,
    "meanResTime" : 19.6,
    "medianResTime" : 18.0,
    "minResTime" : 17.0,
    "maxResTime" : 23.0,
    "pct1ResTime" : 23.0,
    "pct2ResTime" : 23.0,
    "pct3ResTime" : 23.0,
    "throughput" : 1.9364833462432223,
    "receivedKBytesPerSec" : 1.2848113139039505,
    "sentKBytesPerSec" : 0.5446359411309063
  }
}