{
  "zone activity" : {
    "transaction" : "zone activity",
    "sampleCount" : 5,
    "errorCount" : 0,
    "errorPct" : 0.0,
    "meanResTime" : 305.4,
    "medianResTime" : 305.0,
    "minResTime" : 304.0,
    "maxResTime" : 307.0,
    "pct1ResTime" : 307.0,
    "pct2ResTime" : 307.0,
    "pct3ResTime" : 307.0,
    "throughput" : 1.8953752843062925,
    "receivedKBytesPerSec" : 527.1597653288476,
    "sentKBytesPerSec" : 0.6182181103108416
  },
  "Total" : {
    "transaction" : "Total",
    "sampleCount" : 15,
    "errorCount" : 0,
    "errorPct" : 0.0,
    "meanResTime" : 257.46666666666664,
    "medianResTime" : 185.0,
    "minResTime" : 61.0,
    "maxResTime" : 1176.0,
    "pct1ResTime" : 654.6000000000004,
    "pct2ResTime" : 1176.0,
    "pct3ResTime" : 1176.0,
    "throughput" : 3.3639829558196905,
    "receivedKBytesPerSec" : 313.4971493748599,
    "sentKBytesPerSec" : 0.9603558112805562
  },
  "login" : {
    "transaction" : "login",
    "sampleCount" : 5,
    "errorCount" : 0,
    "errorPct" : 0.0,
    "meanResTime" : 396.4,
    "medianResTime" : 185.0,
    "minResTime" : 178.0,
    "maxResTime" : 1176.0,
    "pct1ResTime" : 1176.0,
    "pct2ResTime" : 1176.0,
    "pct3ResTime" : 1176.0,
    "throughput" : 1.223091976516634,
    "receivedKBytesPerSec" : 0.9579294581702544,
    "sentKBytesPerSec" : 0.30457856837084146
  },
  "create api key" : {
    "transaction" : "create api key",
    "sampleCount" : 5,
    "errorCount" : 0,
    "errorPct" : 0.0,
    "meanResTime" : 70.6,
    "medianResTime" : 65.0,
    "minResTime" : 61.0,
    "maxResTime" : 83.0,
    "pct1ResTime" : 83.0,
    "pct2ResTime" : 83.0,
    "pct3ResTime" : 83.0,
    "throughput" : 2.0559210526315788,
    "receivedKBytesPerSec" : 1.365260074013158,
    "sentKBytesPerSec" : 0.5782277960526316
  }
}