{
  "zone activity" : {
    "transaction" : "zone activity",
    "sampleCount" : 5,
    "errorCount" : 0,
    "errorPct" : 0.0,
    "meanResTime" : 441.8,
    "medianResTime" : 412.0,
    "minResTime" : 405.0,
    "maxResTime" : 504.0,
    "pct1ResTime" : 504.0,
    "pct2ResTime" : 504.0,
    "pct3ResTime" : 504.0,
    "throughput" : 1.7111567419575633,
    "receivedKBytesPerSec" : 476.0428029816906,
    "sentKBytesPerSec" : 0.5581312029431895
  },
  "Total" : {
    "transaction" : "Total",
    "sampleCount" : 15,
    "errorCount" : 0,
    "errorPct" : 0.0,
    "meanResTime" : 305.0666666666667,
    "medianResTime" : 239.0,
    "minResTime" : 77.0,
    "maxResTime" : 974.0,
    "pct1ResTime" : 692.0000000000002,
    "pct2ResTime" : 974.0,
    "pct3ResTime" : 974.0,
    "throughput" : 3.257328990228013,
    "receivedKBytesPerSec" : 303.6331093919652,
    "sentKBytesPerSec" : 0.9299080483170467
  },
  "login" : {
    "transaction" : "login",
    "sampleCount" : 5,
    "errorCount" : 0,
    "errorPct" : 0.0,
    "meanResTime" : 387.4,
    "medianResTime" : 239.0,
    "minResTime" : 232.0,
    "maxResTime" : 974.0,
    "pct1ResTime" : 974.0,
    "pct2ResTime" : 974.0,
    "pct3ResTime" : 974.0,
    "throughput" : 1.2138868657441126,
    "receivedKBytesPerSec" : 0.9507199866472446,
    "sentKBytesPerSec" : 0.30228628004369995
  },
  "create api key" : {
    "transaction" : "create api key",
    "sampleCount" : 5,
    "errorCount" : 0,
    "errorPct" : 0.0,
    "meanResTime" : 86.0,
    "medianResTime" : 79.0,
    "minResTime" : 77.0,
    "maxResTime" : 104.0,
    "pct1ResTime" : 104.0,
    "pct2ResTime" : 104.0,
    "pct3ResTime" : 104.0,
    "throughput" : 1.9069412662090006,
    "receivedKBytesPerSec" : 1.2652108361937453,
    "sentKBytesPerSec" : 0.5363272311212814
  }
}