{
  "zone activity" : {
    "transaction" : "zone activity",
    "sampleCount" : 5,
    "errorCount" : 0,
    "errorPct" : 0.0,
    "meanResTime" : 178.0,
    "medianResTime" : 170.0,
    "minResTime" : 146.0,
    "maxResTime" : 206.0,
    "pct1ResTime" : 206.0,
    "pct2ResTime" : 206.0,
    "pct3ResTime" : 206.0,
    "throughput" : 2.239140170174653,
    "receivedKBytesPerSec" : 622.7805397727273,
    "sentKBytesPerSec" : 0.7303445476936856
  },
  "Total" : {
    "transaction" : "Total",
    "sampleCount" : 15,
    "errorCount" : 0,
    "errorPct" : 0.0,
    "meanResTime" : 205.0666666666667,
    "medianResTime" : 120.0,
    "minResTime" : 31.0,
    "maxResTime" : 1274.0,
    "pct1ResTime" : 732.8000000000003,
    "pct2ResTime" : 1274.0,
    "pct3ResTime" : 1274.0,
    "throughput" : 3.561253561253561,
    "receivedKBytesPerSec" : 331.8856466642925,
    "sentKBytesPerSec" : 1.0166729730531814
  },
  "login" : {
    "transaction" : "login",
    "sampleCount" : 5,
    "errorCount" : 0,
    "errorPct" : 0.0,
    "meanResTime" : 391.4,
    "medianResTime" : 120.0,
    "minResTime" : 89.0,
    "maxResTime" : 1274.0,
    "pct1ResTime" : 1274.0,
    "pct2ResTime" : 1274.0,
    "pct3ResTime" : 1274.0,
    "throughput" : 1.2487512487512487,
    "receivedKBytesPerSec" : 0.9780258803696305,
    "sentKBytesPerSec" : 0.31096832854645357
  },
  "create api key" : {
    "transaction" : "create api key",
    "sampleCount" : 5,
    "errorCount" : 0,
    "errorPct" : 0.0,
    "meanResTime" : 45.8,
    "medianResTime" : 36.0,
    "minResTime" : 31.0,
    "maxResTime" : 65.0,
    "pct1ResTime" : 65.0,
    "pct2ResTime" : 65.0,
    "pct3ResTime" : 65.0,
    "throughput" : 2.3342670401493932,
    "receivedKBytesPerSec" : 1.5487314717553688,
    "sentKBytesPerSec" : 0.6565126050420168
  }
}