{
  "zone activity" : {
    "transaction" : "zone activity",
    "sampleCount" : 5,
    "errorCount" : 0,
    "errorPct" : 0.0,
    "meanResTime" : 152.4,
    "medianResTime" : 152.0,
    "minResTime" : 144.0,
    "maxResTime" : 164.0,
    "pct1ResTime" : 164.0,
    "pct2ResTime" : 164.0,
    "pct3ResTime" : 164.0,
    "throughput" : 2.234137622877569,
    "receivedKBytesPerSec" : 32.48183017761394,
    "sentKBytesPerSec" : 0.7265310824396782
  },
  "Total" : {
    "transaction" : "Total",
    "sampleCount" : 15,
    "errorCount" : 0,
    "errorPct" : 0.0,
    "meanResTime" : 254.4666666666667,
    "medianResTime" : 152.0,
    "minResTime" : 76.0,
    "maxResTime" : 1419.0,
    "pct1ResTime" : 874.2000000000003,
    "pct2ResTime" : 1419.0,
    "pct3ResTime" : 1419.0,
    "throughput" : 3.4372135655362053,
    "receivedKBytesPerSec" : 18.315469967346473,
    "sentKBytesPerSec" : 0.9801429307974335
  },
  "login" : {
    "transaction" : "login",
    "sampleCount" : 5,
    "errorCount" : 0,
    "errorPct" : 0.0,
    "meanResTime" : 528.8,
    "medianResTime" : 256.0,
    "minResTime" : 224.0,
    "maxResTime" : 1419.0,
    "pct1ResTime" : 1419.0,
    "pct2ResTime" : 1419.0,
    "pct3ResTime" : 1419.0,
    "throughput" : 1.2077294685990339,
    "receivedKBytesPerSec" : 0.9458974939613527,
    "sentKBytesPerSec" : 0.3007529438405797
  },
  "create api key" : {
    "transaction" : "create api key",
    "sampleCount" : 5,
    "errorCount" : 0,
    "errorPct" : 0.0,
    "meanResTime" : 82.2,
    "medianResTime" : 82.0,
    "minResTime" : 76.0,
    "maxResTime" : 91.0,
    "pct1ResTime" : 91.0,
    "pct2ResTime" : 91.0,
    "pct3ResTime" : 91.0,
    "throughput" : 2.2820629849383844,
    "receivedKBytesPerSec" : 1.5145410200821543,
    "sentKBytesPerSec" : 0.6418302145139206
  }
}