{
  "zone activity" : {
    "transaction" : "zone activity",
    "sampleCount" : 5,
    "errorCount" : 0,
    "errorPct" : 0.0,
    "meanResTime" : 721.8,
    "medianResTime" : 973.0,
    "minResTime" : 69.0,
    "maxResTime" : 1252.0,
    "pct1ResTime" : 1252.0,
    "pct2ResTime" : 1252.0,
    "pct3ResTime" : 1252.0,
    "throughput" : 2.1385799828913603,
    "receivedKBytesPerSec" : 595.2131729843884,
    "sentKBytesPerSec" : 0.6975446428571428
  },
  "Total" : {
    "transaction" : "Total",
    "sampleCount" : 15,
    "errorCount" : 0,
    "errorPct" : 0.0,
    "meanResTime" : 338.8,
    "medianResTime" : 73.0,
    "minResTime" : 16.0,
    "maxResTime" : 1252.0,
    "pct1ResTime" : 1246.0,
    "pct2ResTime" : 1252.0,
    "pct3ResTime" : 1252.0,
    "throughput" : 3.707365299060801,
    "receivedKBytesPerSec" : 345.73570926532375,
    "sentKBytesPerSec" : 1.0583852107019278
  },
  "login" : {
    "transaction" : "login",
    "sampleCount" : 5,
    "errorCount" : 0,
    "errorPct" : 0.0,
    "meanResTime" : 240.2,
    "medianResTime" : 55.0,
    "minResTime" : 45.0,
    "maxResTime" : 982.0,
    "pct1ResTime" : 982.0,
    "pct2ResTime" : 982.0,
    "pct3ResTime" : 982.0,
    "throughput" : 1.2645422357106728,
    "receivedKBytesPerSec" : 0.9903934307030854,
    "sentKBytesPerSec" : 0.31490065440060694
  },
  "create api key" : {
    "transaction" : "create api key",
    "sampleCount" : 5,
    "errorCount" : 0,
    "errorPct" : 0.0,
    "meanResTime" : 54.4,
    "medianResTime" : 16.0,
    "minResTime" : 16.0,
    "maxResTime" : 113.0,
    "pct1ResTime" : 113.0,
    "pct2ResTime" : 113.0,
    "pct3ResTime" : 113.0,
    "throughput" : 2.092050209205021,
    "receivedKBytesPerSec" : 1.3900692991631798,
    "sentKBytesPerSec" : 0.5883891213389121
  }
}