{
  "zone activity" : {
    "transaction" : "zone activity",
    "sampleCount" : 5,
    "errorCount" : 0,
    "errorPct" : 0.0,
    "meanResTime" : 138.4,
    "medianResTime" : 135.0,
    "minResTime" : 127.0,
    "maxResTime" : 149.0,
    "pct1ResTime" : 149.0,
    "pct2ResTime" : 149.0,
    "pct3ResTime" : 149.0,
    "throughput" : 2.1561017680034498,
    "receivedKBytesPerSec" : 600.8701891979301,
    "sentKBytesPerSec" : 0.7032597563605002
  },
  "Total" : {
    "transaction" : "Total",
    "sampleCount" : 15,
    "errorCount" : 0,
    "errorPct" : 0.0,
    "meanResTime" : 174.53333333333336,
    "medianResTime" : 112.0,
    "minResTime" : 31.0,
    "maxResTime" : 1139.0,
    "pct1ResTime" : 611.0000000000003,
    "pct2ResTime" : 1139.0,
    "pct3ResTime" : 1139.0,
    "throughput" : 3.5910940866650707,
    "receivedKBytesPerSec" : 335.32519040280107,
    "sentKBytesPerSec" : 1.0251918990902562
  },
  "login" : {
    "transaction" : "login",
    "sampleCount" : 5,
    "errorCount" : 0,
    "errorPct" : 0.0,
    "meanResTime" : 340.8,
    "medianResTime" : 112.0,
    "minResTime" : 94.0,
    "maxResTime" : 1139.0,
    "pct1ResTime" : 1139.0,
    "pct2ResTime" : 1139.0,
    "pct3ResTime" : 1139.0,
    "throughput" : 1.252191334835963,
    "receivedKBytesPerSec" : 0.9807201665414476,
    "sentKBytesPerSec" : 0.311824990608565
  },
  "create api key" : {
    "transaction" : "create api key",
    "sampleCount" : 5,
    "errorCount" : 0,
    "errorPct" : 0.0,
    "meanResTime" : 44.4,
    "medianResTime" : 40.0,
    "minResTime" : 31.0,
    "maxResTime" : 57.0,
    "pct1ResTime" : 57.0,
    "pct2ResTime" : 57.0,
    "pct3ResTime" : 57.0,
    "throughput" : 2.2163120567375887,
    "receivedKBytesPerSec" : 1.4713368517287235,
    "sentKBytesPerSec" : 0.6233377659574468
  }
}