{
  "zone activity" : {
    "transaction" : "zone activity",
    "sampleCount" : 5,
    "errorCount" : 0,
    "errorPct" : 0.0,
    "meanResTime" : 160.4,
    "medianResTime" : 162.0,
    "minResTime" : 150.0,
    "maxResTime" : 165.0,
    "pct1ResTime" : 165.0,
    "pct2ResTime" : 165.0,
    "pct3ResTime" : 165.0,
    "throughput" : 2.052545155993432,
    "receivedKBytesPerSec" : 570.8392664716749,
    "sentKBytesPerSec" : 0.6694825020525452
  },
  "Total" : {
    "transaction" : "Total",
    "sampleCount" : 15,
    "errorCount" : 0,
    "errorPct" : 0.0,
    "meanResTime" : 176.33333333333334,
    "medianResTime" : 105.0,
    "minResTime" : 35.0,
    "maxResTime" : 1102.0,
    "pct1ResTime" : 556.6000000000004,
    "pct2ResTime" : 1102.0,
    "pct3ResTime" : 1102.0,
    "throughput" : 3.575685339690107,
    "receivedKBytesPerSec" : 333.2063840882002,
    "sentKBytesPerSec" : 1.0207929827175208
  },
  "login" : {
    "transaction" : "login",
    "sampleCount" : 5,
    "errorCount" : 0,
    "errorPct" : 0.0,
    "meanResTime" : 319.8,
    "medianResTime" : 105.0,
    "minResTime" : 96.0,
    "maxResTime" : 1102.0,
    "pct1ResTime" : 1102.0,
    "pct2ResTime" : 1102.0,
    "pct3ResTime" : 1102.0,
    "throughput" : 1.2475049900199602,
    "receivedKBytesPerSec" : 0.9770498066367266,
    "sentKBytesPerSec" : 0.31065798091317365
  },
  "create api key" : {
    "transaction" : "create api key",
    "sampleCount" : 5,
    "errorCount" : 0,
    "errorPct" : 0.0,
    "meanResTime" : 48.8,
    "medianResTime" : 49.0,
    "minResTime" : 35.0,
    "maxResTime" : 65.0,
    "pct1ResTime" : 65.0,
    "pct2ResTime" : 65.0,
    "pct3ResTime" : 65.0,
    "throughput" : 2.1159542953872195,
    "receivedKBytesPerSec" : 1.4051258992805755,
    "sentKBytesPerSec" : 0.5951121455776556
  }
}