{
  "zone activity" : {
    "transaction" : "zone activity",
    "sampleCount" : 5,
    "errorCount" : 0,
    "errorPct" : 0.0,
    "meanResTime" : 73.2,
    "medianResTime" : 66.0,
    "minResTime" : 58.0,
    "maxResTime" : 92.0,
    "pct1ResTime" : 92.0,
    "pct2ResTime" : 92.0,
    "pct3ResTime" : 92.0,
    "throughput" : 2.319109461966605,
    "receivedKBytesPerSec" : 645.5340836618738,
    "sentKBytesPerSec" : 0.7564282815398886
  },
  "Total" : {
    "transaction" : "Total",
    "sampleCount" : 15,
    "errorCount" : 0,
    "errorPct" : 0.0,
    "meanResTime" : 127.20000000000002,
    "medianResTime" : 58.0,
    "minResTime" : 12.0,
    "maxResTime" : 1012.0,
    "pct1ResTime" : 568.0000000000002,
    "pct2ResTime" : 1012.0,
    "pct3ResTime" : 1012.0,
    "throughput" : 3.896103896103896,
    "receivedKBytesPerSec" : 363.37789163961037,
    "sentKBytesPerSec" : 1.1122666396103895
  },
  "login" : {
    "transaction" : "login",
    "sampleCount" : 5,
    "errorCount" : 0,
    "errorPct" : 0.0,
    "meanResTime" : 280.0,
    "medianResTime" : 45.0,
    "minResTime" : 33.0,
    "maxResTime" : 1012.0,
    "pct1ResTime" : 1012.0,
    "pct2ResTime" : 1012.0,
    "pct3ResTime" : 1012.0,
    "throughput" : 1.3262599469496021,
    "receivedKBytesPerSec" : 1.0387309350132625,
    "sentKBytesPerSec" : 0.33026981100795755
  },
  "create api key" : {
    "transaction" : "create api key",
    "sampleCount" : 5,
    "errorCount" : 0,
    "errorPct" : 0.0,
    "meanResTime" : 28.4,
    "medianResTime" : 12.0,
    "minResTime" : 12.0,
    "maxResTime" : 59.0,
    "pct1ResTime" : 59.0,
    "pct2ResTime" : 59.0,
    "pct3ResTime" : 59.0,
    "throughput" : 2.3255813953488373,
    "receivedKBytesPerSec" : 1.54296875,
    "sentKBytesPerSec" : 0.6540697674418605
  }
}