{
  "zone activity" : {
    "transaction" : "zone activity",
    "sampleCount" : 5,
    "errorCount" : 0,
    "errorPct" : 0.0,
    "meanResTime" : 312.4,
    "medianResTime" : 313.0,
    "minResTime" : 303.0,
    "maxResTime" : 325.0,
    "pct1ResTime" : 325.0,
    "pct2ResTime" : 325.0,
    "pct3ResTime" : 325.0,
    "throughput" : 2.780867630700779,
    "receivedKBytesPerSec" : 773.688429852614,
    "sentKBytesPerSec" : 0.9070408092324805
  },
  "Total" : {
    "transaction" : "Total",
    "sampleCount" : 15,
    "errorCount" : 0,
    "errorPct" : 0.0,
    "meanResTime" : 363.40000000000003,
    "medianResTime" : 191.0,
    "minResTime" : 58.0,
    "maxResTime" : 1843.0,
    "pct1ResTime" : 1302.4000000000003,
    "pct2ResTime" : 1843.0,
    "pct3ResTime" : 1843.0,
    "throughput" : 3.377617653681603,
    "receivedKBytesPerSec" : 314.8678507092997,
    "sentKBytesPerSec" : 0.9642482689709525
  },
  "login" : {
    "transaction" : "login",
    "sampleCount" : 5,
    "errorCount" : 0,
    "errorPct" : 0.0,
    "meanResTime" : 666.8,
    "medianResTime" : 191.0,
    "minResTime" : 175.0,
    "maxResTime" : 1843.0,
    "pct1ResTime" : 1843.0,
    "pct2ResTime" : 1843.0,
    "pct3ResTime" : 1843.0,
    "throughput" : 1.2275963663147558,
    "receivedKBytesPerSec" : 0.9614573103363613,
    "sentKBytesPerSec" : 0.30570026700220965
  },
  "create api key" : {
    "transaction" : "create api key",
    "sampleCount" : 5,
    "errorCount" : 0,
    "errorPct" : 0.0,
    "meanResTime" : 111.0,
    "medianResTime" : 91.0,
    "minResTime" : 58.0,
    "maxResTime" : 174.0,
    "pct1ResTime" : 174.0,
    "pct2ResTime" : 174.0,
    "pct3ResTime" : 174.0,
    "throughput" : 3.134796238244514,
    "receivedKBytesPerSec" : 2.0817006269592477,
    "sentKBytesPerSec" : 0.8816614420062696
  }
}