{
  "zone activity" : {
    "transaction" : "zone activity",
    "sampleCount" : 5,
    "errorCount" : 0,
    "errorPct" : 0.0,
    "meanResTime" : 244.6,
    "medianResTime" : 214.0,
    "minResTime" : 182.0,
    "maxResTime" : 316.0,
    "pct1ResTime" : 316.0,
    "pct2ResTime" : 316.0,
    "pct3ResTime" : 316.0,
    "throughput" : 2.1404109589041096,
    "receivedKBytesPerSec" : 595.7445118525258,
    "sentKBytesPerSec" : 0.6981418557363014
  },
  "Total" : {
    "transaction" : "Total",
    "sampleCount" : 15,
    "errorCount" : 0,
    "errorPct" : 0.0,
    "meanResTime" : 233.59999999999997,
    "medianResTime" : 130.0,
    "minResTime" : 39.0,
    "maxResTime" : 1257.0,
    "pct1ResTime" : 723.6000000000004,
    "pct2ResTime" : 1257.0,
    "pct3ResTime" : 1257.0,
    "throughput" : 3.506311360448808,
    "receivedKBytesPerSec" : 326.99686258181396,
    "sentKBytesPerSec" : 1.00098797627396
  },
  "login" : {
    "transaction" : "login",
    "sampleCount" : 5,
    "errorCount" : 0,
    "errorPct" : 0.0,
    "meanResTime" : 398.6,
    "medianResTime" : 130.0,
    "minResTime" : 118.0,
    "maxResTime" : 1257.0,
    "pct1ResTime" : 1257.0,
    "pct2ResTime" : 1257.0,
    "pct3ResTime" : 1257.0,
    "throughput" : 1.245019920318725,
    "receivedKBytesPerSec" : 0.9751034922808764,
    "sentKBytesPerSec" : 0.310039140313745
  },
  "create api key" : {
    "transaction" : "create api key",
    "sampleCount" : 5,
    "errorCount" : 0,
    "errorPct" : 0.0,
    "meanResTime" : 57.6,
    "medianResTime" : 44.0,
    "minResTime" : 39.0,
    "maxResTime" : 84.0,
    "pct1ResTime" : 84.0,
    "pct2ResTime" : 84.0,
    "pct3ResTime" : 84.0,
    "throughput" : 2.253267237494367,
    "receivedKBytesPerSec" : 1.4949900011266337,
    "sentKBytesPerSec" : 0.6337314105452907
  }
}