{
  "zone activity" : {
    "transaction" : "zone activity",
    "sampleCount" : 5,
    "errorCount" : 0,
    "errorPct" : 0.0,
    "meanResTime" : 946.2,
    "medianResTime" : 1144.0,
    "minResTime" : 89.0,
    "maxResTime" : 1679.0,
    "pct1ResTime" : 1679.0,
    "pct2ResTime" : 1679.0,
    "pct3ResTime" : 1679.0,
    "throughput" : 1.9076688286913392,
    "receivedKBytesPerSec" : 530.8144404568867,
    "sentKBytesPerSec" : 0.6222279187333078
  },
  "Total" : {
    "transaction" : "Total",
    "sampleCount" : 15,
    "errorCount" : 0,
    "errorPct" : 0.0,
    "meanResTime" : 389.06666666666666,
    "medianResTime" : 52.0,
    "minResTime" : 14.0,
    "maxResTime" : 1679.0,
    "pct1ResTime" : 1677.2,
    "pct2ResTime" : 1679.0,
    "pct3ResTime" : 1679.0,
    "throughput" : 3.698224852071006,
    "receivedKBytesPerSec" : 344.79734883505915,
    "sentKBytesPerSec" : 1.055775779709073
  },
  "login" : {
    "transaction" : "login",
    "sampleCount" : 5,
    "errorCount" : 0,
    "errorPct" : 0.0,
    "meanResTime" : 200.4,
    "medianResTime" : 52.0,
    "minResTime" : 47.0,
    "maxResTime" : 793.0,
    "pct1ResTime" : 793.0,
    "pct2ResTime" : 793.0,
    "pct3ResTime" : 793.0,
    "throughput" : 1.2661433274246643,
    "receivedKBytesPerSec" : 0.9916474107368954,
    "sentKBytesPerSec" : 0.31529936376297796
  },
  "create api key" : {
    "transaction" : "create api key",
    "sampleCount" : 5,
    "errorCount" : 0,
    "errorPct" : 0.0,
    "meanResTime" : 20.6,
    "medianResTime" : 15.0,
    "minResTime" : 14.0,
    "maxResTime" : 30.0,
    "pct1ResTime" : 30.0,
    "pct2ResTime" : 30.0,
    "pct3ResTime" : 30.0,
    "throughput" : 1.941747572815534,
    "receivedKBytesPerSec" : 1.2883040048543688,
    "sentKBytesPerSec" : 0.5461165048543689
  }
}