{
  "zone activity" : {
    "transaction" : "zone activity",
    "sampleCount" : 5,
    "errorCount" : 0,
    "errorPct" : 0.0,
    "meanResTime" : 1243.0,
    "medianResTime" : 1555.0,
    "minResTime" : 344.0,
    "maxResTime" : 1885.0,
    "pct1ResTime" : 1885.0,
    "pct2ResTime" : 1885.0,
    "pct3ResTime" : 1885.0,
    "throughput" : 1.8719580681392738,
    "receivedKBytesPerSec" : 520.6862335033695,
    "sentKBytesPerSec" : 0.6105800730063647
  },
  "Total" : {
    "transaction" : "Total",
    "sampleCount" : 15,
    "errorCount" : 0,
    "errorPct" : 0.0,
    "meanResTime" : 572.6666666666667,
    "medianResTime" : 211.0,
    "minResTime" : 65.0,
    "maxResTime" : 1885.0,
    "pct1ResTime" : 1884.4,
    "pct2ResTime" : 1885.0,
    "pct3ResTime" : 1885.0,
    "throughput" : 3.3200531208499338,
    "receivedKBytesPerSec" : 309.4265732210049,
    "sentKBytesPerSec" : 0.9478146442009739
  },
  "login" : {
    "transaction" : "login",
    "sampleCount" : 5,
    "errorCount" : 0,
    "errorPct" : 0.0,
    "meanResTime" : 384.0,
    "medianResTime" : 211.0,
    "minResTime" : 194.0,
    "maxResTime" : 1103.0,
    "pct1ResTime" : 1103.0,
    "pct2ResTime" : 1103.0,
    "pct3ResTime" : 1103.0,
    "throughput" : 1.2180267965895248,
    "receivedKBytesPerSec" : 0.9539623934226552,
    "sentKBytesPerSec" : 0.30331721985383675
  },
  "create api key" : {
    "transaction" : "create api key",
    "sampleCount" : 5,
    "errorCount" : 0,
    "errorPct" : 0.0,
    "meanResTime" : 91.0,
    "medianResTime" : 71.0,
    "minResTime" : 65.0,
    "maxResTime" : 126.0,
    "pct1ResTime" : 126.0,
    "pct2ResTime" : 126.0,
    "pct3ResTime" : 126.0,
    "throughput" : 2.028397565922921,
    "receivedKBytesPerSec" : 1.3469827586206897,
    "sentKBytesPerSec" : 0.5704868154158216
  }
}