{
  "zone activity" : {
    "transaction" : "zone activity",
    "sampleCount" : 10,
    "errorCount" : 0,
    "errorPct" : 0.0,
    "meanResTime" : 108.69999999999999,
    "medianResTime" : 104.0,
    "minResTime" : 94.0,
    "maxResTime" : 162.0,
    "pct1ResTime" : 157.10000000000002,
    "pct2ResTime" : 162.0,
    "pct3ResTime" : 162.0,
    "throughput" : 1.4784151389710232,
    "receivedKBytesPerSec" : 23.188306198255468,
    "sentKBytesPerSec" : 0.48077367312241276
  },
  "Total" : {
    "transaction" : "Total",
    "sampleCount" : 30,
    "errorCount" : 0,
    "errorPct" : 0.0,
    "meanResTime" : 190.53333333333336,
    "medianResTime" : 105.0,
    "minResTime" : 51.0,
    "maxResTime" : 1739.0,
    "pct1ResTime" : 202.00000000000003,
    "pct2ResTime" : 1242.8999999999994,
    "pct3ResTime" : 1739.0,
    "throughput" : 3.2601608346011735,
    "receivedKBytesPerSec" : 21.004583752173442,
    "sentKBytesPerSec" : 0.930716488263421
  },
  "login" : {
    "transaction" : "login",
    "sampleCount" : 10,
    "errorCount" : 0,
    "errorPct" : 0.0,
    "meanResTime" : 392.29999999999995,
    "medianResTime" : 164.5,
    "minResTime" : 149.0,
    "maxResTime" : 1739.0,
    "pct1ResTime" : 1648.8000000000002,
    "pct2ResTime" : 1739.0,
    "pct3ResTime" : 1739.0,
    "throughput" : 1.1046062078868883,
    "receivedKBytesPerSec" : 2.078687658787142,
    "sentKBytesPerSec" : 0.27615155197172203
  },
  "create api key" : {
    "transaction" : "create api key",
    "sampleCount" : 10,
    "errorCount" : 0,
    "errorPct" : 0.0,
    "meanResTime" : 70.6,
    "medianResTime" : 54.0,
    "minResTime" : 51.0,
    "maxResTime" : 164.0,
    "pct1ResTime" : 155.8,
    "pct2ResTime" : 164.0,
    "pct3ResTime" : 164.0,
    "throughput" : 1.4812620352540364,
    "receivedKBytesPerSec" : 2.6100010646570877,
    "sentKBytesPerSec" : 0.4166049474151977
  }
}