{
  "zone activity" : {
    "transaction" : "zone activity",
    "sampleCount" : 10,
    "errorCount" : 0,
    "errorPct" : 0.0,
    "meanResTime" : 122.30000000000001,
    "medianResTime" : 122.0,
    "minResTime" : 115.0,
    "maxResTime" : 130.0,
    "pct1ResTime" : 130.0,
    "pct2ResTime" : 130.0,
    "pct3ResTime" : 130.0,
    "throughput" : 1.3344008540165466,
    "receivedKBytesPerSec" : 20.82004144982653,
    "sentKBytesPerSec" : 0.4339409027221778
  },
  "Total" : {
    "transaction" : "Total",
    "sampleCount" : 30,
    "errorCount" : 0,
    "errorPct" : 0.0,
    "meanResTime" : 157.59999999999997,
    "medianResTime" : 122.0,
    "minResTime" : 62.0,
    "maxResTime" : 1117.0,
    "pct1ResTime" : 199.5,
    "pct2ResTime" : 616.4999999999993,
    "pct3ResTime" : 1117.0,
    "throughput" : 3.237293622531564,
    "receivedKBytesPerSec" : 20.589482505125716,
    "sentKBytesPerSec" : 0.9241883160677674
  },
  "login" : {
    "transaction" : "login",
    "sampleCount" : 10,
    "errorCount" : 0,
    "errorPct" : 0.0,
    "meanResTime" : 282.8999999999999,
    "medianResTime" : 192.0,
    "minResTime" : 178.0,
    "maxResTime" : 1117.0,
    "pct1ResTime" : 1026.0000000000005,
    "pct2ResTime" : 1117.0,
    "pct3ResTime" : 1117.0,
    "throughput" : 1.100594320933304,
    "receivedKBytesPerSec" : 1.9797800187101033,
    "sentKBytesPerSec" : 0.275148580233326
  },
  "create api key" : {
    "transaction" : "create api key",
    "sampleCount" : 10,
    "errorCount" : 0,
    "errorPct" : 0.0,
    "meanResTime" : 67.60000000000001,
    "medianResTime" : 65.0,
    "minResTime" : 62.0,
    "maxResTime" : 82.0,
    "pct1ResTime" : 81.6,
    "pct2ResTime" : 82.0,
    "pct3ResTime" : 82.0,
    "throughput" : 1.3388673182487616,
    "receivedKBytesPerSec" : 2.2478327085285845,
    "sentKBytesPerSec" : 0.3765564332574642
  }
}