{
  "zone activity" : {
    "transaction" : "zone activity",
    "sampleCount" : 5,
    "errorCount" : 0,
    "errorPct" : 0.0,
    "meanResTime" : 1026.2,
    "medianResTime" : 1230.0,
    "minResTime" : 95.0,
    "maxResTime" : 1785.0,
    "pct1ResTime" : 1785.0,
    "pct2ResTime" : 1785.0,
    "pct3ResTime" : 1785.0,
    "throughput" : 1.8946570670708602,
    "receivedKBytesPerSec" : 527.2838018662372,
    "sentKBytesPerSec" : 0.6179838480485033
  },
  "Total" : {
    "transaction" : "Total",
    "sampleCount" : 15,
    "errorCount" : 0,
    "errorPct" : 0.0,
    "meanResTime" : 421.8,
    "medianResTime" : 61.0,
    "minResTime" : 19.0,
    "maxResTime" : 1785.0,
    "pct1ResTime" : 1782.6,
    "pct2ResTime" : 1785.0,
    "pct3ResTime" : 1785.0,
    "throughput" : 3.6746692797648213,
    "receivedKBytesPerSec" : 342.66003950269476,
    "sentKBytesPerSec" : 1.0490510932141108
  },
  "login" : {
    "transaction" : "login",
    "sampleCount" : 5,
    "errorCount" : 0,
    "errorPct" : 0.0,
    "meanResTime" : 206.6,
    "medianResTime" : 61.0,
    "minResTime" : 52.0,
    "maxResTime" : 796.0,
    "pct1ResTime" : 796.0,
    "pct2ResTime" : 796.0,
    "pct3ResTime" : 796.0,
    "throughput" : 1.2610340479192939,
    "receivedKBytesPerSec" : 0.9876458070617907,
    "sentKBytesPerSec" : 0.3140270334174023
  },
  "create api key" : {
    "transaction" : "create api key",
    "sampleCount" : 5,
    "errorCount" : 0,
    "errorPct" : 0.0,
    "meanResTime" : 32.6,
    "medianResTime" : 20.0,
    "minResTime" : 19.0,
    "maxResTime" : 52.0,
    "pct1ResTime" : 52.0,
    "pct2ResTime" : 52.0,
    "pct3ResTime" : 52.0,
    "throughput" : 1.9171779141104295,
    "receivedKBytesPerSec" : 1.273125958588957,
    "sentKBytesPerSec" : 0.5392062883435582
  }
}