{
  "zone activity" : {
    "transaction" : "zone activity",
    "sampleCount" : 5,
    "errorCount" : 0,
    "errorPct" : 0.0,
    "meanResTime" : 163.4,
    "medianResTime" : 161.0,
    "minResTime" : 138.0,
    "maxResTime" : 193.0,
    "pct1ResTime" : 193.0,
    "pct2ResTime" : 193.0,
    "pct3ResTime" : 193.0,
    "throughput" : 1.686909581646424,
    "receivedKBytesPerSec" : 469.55161152580973,
    "sentKBytesPerSec" : 0.5502224612010796
  },
  "Total" : {
    "transaction" : "Total",
    "sampleCount" : 15,
    "errorCount" : 0,
    "errorPct" : 0.0,
    "meanResTime" : 134.2,
    "medianResTime" : 101.0,
    "minResTime" : 31.0,
    "maxResTime" : 598.0,
    "pct1ResTime" : 355.0000000000001,
    "pct2ResTime" : 598.0,
    "pct3ResTime" : 598.0,
    "throughput" : 3.5519772673454892,
    "receivedKBytesPerSec" : 331.2773798247691,
    "sentKBytesPerSec" : 1.0140247602415344
  },
  "login" : {
    "transaction" : "login",
    "sampleCount" : 5,
    "errorCount" : 0,
    "errorPct" : 0.0,
    "meanResTime" : 198.0,
    "medianResTime" : 101.0,
    "minResTime" : 89.0,
    "maxResTime" : 598.0,
    "pct1ResTime" : 598.0,
    "pct2ResTime" : 598.0,
    "pct3ResTime" : 598.0,
    "throughput" : 1.242544731610338,
    "receivedKBytesPerSec" : 0.973164916749503,
    "sentKBytesPerSec" : 0.30942276031312127
  },
  "create api key" : {
    "transaction" : "create api key",
    "sampleCount" : 5,
    "errorCount" : 0,
    "errorPct" : 0.0,
    "meanResTime" : 41.2,
    "medianResTime" : 35.0,
    "minResTime" : 31.0,
    "maxResTime" : 55.0,
    "pct1ResTime" : 55.0,
    "pct2ResTime" : 55.0,
    "pct3ResTime" : 55.0,
    "throughput" : 1.7403411068569439,
    "receivedKBytesPerSec" : 1.1546755351548903,
    "sentKBytesPerSec" : 0.48947093630351546
  }
}