{
  "zone activity" : {
    "transaction" : "zone activity",
    "sampleCount" : 5,
    "errorCount" : 0,
    "errorPct" : 0.0,
    "meanResTime" : 329.6,
    "medianResTime" : 338.0,
    "minResTime" : 305.0,
    "maxResTime" : 341.0,
    "pct1ResTime" : 341.0,
    "pct2ResTime" : 341.0,
    "pct3ResTime" : 341.0,
    "throughput" : 1.812250815512867,
    "receivedKBytesPerSec" : 504.05384933399785,
    "sentKBytesPerSec" : 0.591105246466111
  },
  "Total" : {
    "transaction" : "Total",
    "sampleCount" : 15,
    "errorCount" : 0,
    "errorPct" : 0.0,
    "meanResTime" : 259.0,
    "medianResTime" : 199.0,
    "minResTime" : 63.0,
    "maxResTime" : 1080.0,
    "pct1ResTime" : 636.6000000000003,
    "pct2ResTime" : 1080.0,
    "pct3ResTime" : 1080.0,
    "throughput" : 3.312720848056537,
    "receivedKBytesPerSec" : 308.72746659673146,
    "sentKBytesPerSec" : 0.945721413979682
  },
  "login" : {
    "transaction" : "login",
    "sampleCount" : 5,
    "errorCount" : 0,
    "errorPct" : 0.0,
    "meanResTime" : 374.2,
    "medianResTime" : 199.0,
    "minResTime" : 193.0,
    "maxResTime" : 1080.0,
    "pct1ResTime" : 1080.0,
    "pct2ResTime" : 1080.0,
    "pct3ResTime" : 1080.0,
    "throughput" : 1.215362177929023,
    "receivedKBytesPerSec" : 0.9518754557608168,
    "sentKBytesPerSec" : 0.3026536673553719
  },
  "create api key" : {
    "transaction" : "create api key",
    "sampleCount" : 5,
    "errorCount" : 0,
    "errorPct" : 0.0,
    "meanResTime" : 73.2,
    "medianResTime" : 71.0,
    "minResTime" : 63.0,
    "maxResTime" : 83.0,
    "pct1ResTime" : 83.0,
    "pct2ResTime" : 83.0,
    "pct3ResTime" : 83.0,
    "throughput" : 1.988862370723946,
    "receivedKBytesPerSec" : 1.3195635690135243,
    "sentKBytesPerSec" : 0.5593675417661098
  }
}