{
  "zone activity" : {
    "transaction" : "zone activity",
    "sampleCount" : 5,
    "errorCount" : 0,
    "errorPct" : 0.0,
    "meanResTime" : 946.4,
    "medianResTime" : 903.0,
    "minResTime" : 217.0,
    "maxResTime" : 1664.0,
    "pct1ResTime" : 1664.0,
    "pct2ResTime" : 1664.0,
    "pct3ResTime" : 1664.0,
    "throughput" : 1.6239038648911985,
    "receivedKBytesPerSec" : 451.7155021922702,
    "sentKBytesPerSec" : 0.5296717684313088
  },
  "Total" : {
    "transaction" : "Total",
    "sampleCount" : 15,
    "errorCount" : 0,
    "errorPct" : 0.0,
    "meanResTime" : 421.73333333333335,
    "medianResTime" : 157.0,
    "minResTime" : 42.0,
    "maxResTime" : 1664.0,
    "pct1ResTime" : 1655.0,
    "pct2ResTime" : 1664.0,
    "pct3ResTime" : 1664.0,
    "throughput" : 3.3852403520649967,
    "receivedKBytesPerSec" : 315.5198283401038,
    "sentKBytesPerSec" : 0.966424410403972
  },
  "login" : {
    "transaction" : "login",
    "sampleCount" : 5,
    "errorCount" : 0,
    "errorPct" : 0.0,
    "meanResTime" : 256.6,
    "medianResTime" : 157.0,
    "minResTime" : 122.0,
    "maxResTime" : 682.0,
    "pct1ResTime" : 682.0,
    "pct2ResTime" : 682.0,
    "pct3ResTime" : 682.0,
    "throughput" : 1.2269938650306749,
    "receivedKBytesPerSec" : 0.9609854294478527,
    "sentKBytesPerSec" : 0.3055502300613497
  },
  "create api key" : {
    "transaction" : "create api key",
    "sampleCount" : 5,
    "errorCount" : 0,
    "errorPct" : 0.0,
    "meanResTime" : 62.2,
    "medianResTime" : 57.0,
    "minResTime" : 42.0,
    "maxResTime" : 80.0,
    "pct1ResTime" : 80.0,
    "pct2ResTime" : 80.0,
    "pct3ResTime" : 80.0,
    "throughput" : 1.7409470752089136,
    "receivedKBytesPerSec" : 1.1560976671309193,
    "sentKBytesPerSec" : 0.489641364902507
  }
}