{
  "zone activity" : {
    "transaction" : "zone activity",
    "sampleCount" : 5,
    "errorCount" : 0,
    "errorPct" : 0.0,
    "meanResTime" : 688.4,
    "medianResTime" : 880.0,
    "minResTime" : 87.0,
    "maxResTime" : 1193.0,
    "pct1ResTime" : 1193.0,
    "pct2ResTime" : 1193.0,
    "pct3ResTime" : 1193.0,
    "throughput" : 2.0946795140343526,
    "receivedKBytesPerSec" : 582.7075205540427,
    "sentKBytesPerSec" : 0.6832255446166736
  },
  "Total" : {
    "transaction" : "Total",
    "sampleCount" : 15,
    "errorCount" : 0,
    "errorPct" : 0.0,
    "meanResTime" : 329.6,
    "medianResTime" : 58.0,
    "minResTime" : 16.0,
    "maxResTime" : 1193.0,
    "pct1ResTime" : 1192.4,
    "pct2ResTime" : 1193.0,
    "pct3ResTime" : 1193.0,
    "throughput" : 3.690944881889764,
    "receivedKBytesPerSec" : 344.0345103346457,
    "sentKBytesPerSec" : 1.053697480930118
  },
  "login" : {
    "transaction" : "login",
    "sampleCount" : 5,
    "errorCount" : 0,
    "errorPct" : 0.0,
    "meanResTime" : 271.2,
    "medianResTime" : 58.0,
    "minResTime" : 46.0,
    "maxResTime" : 1058.0,
    "pct1ResTime" : 1058.0,
    "pct2ResTime" : 1058.0,
    "pct3ResTime" : 1058.0,
    "throughput" : 1.2629451881788332,
    "receivedKBytesPerSec" : 0.9891426180853751,
    "sentKBytesPerSec" : 0.31450295213437734
  },
  "create api key" : {
    "transaction" : "create api key",
    "sampleCount" : 5,
    "errorCount" : 0,
    "errorPct" : 0.0,
    "meanResTime" : 29.2,
    "medianResTime" : 31.0,
    "minResTime" : 16.0,
    "maxResTime" : 43.0,
    "pct1ResTime" : 43.0,
    "pct2ResTime" : 43.0,
    "pct3ResTime" : 43.0,
    "throughput" : 2.1204410517387617,
    "receivedKBytesPerSec" : 1.4068629399915182,
    "sentKBytesPerSec" : 0.5963740458015266
  }
}