{
  "zone activity" : {
    "transaction" : "zone activity",
    "sampleCount" : 5,
    "errorCount" : 0,
    "errorPct" : 0.0,
    "meanResTime" : 1452.2,
    "medianResTime" : 1882.0,
    "minResTime" : 379.0,
    "maxResTime" : 2054.0,
    "pct1ResTime" : 2054.0,
    "pct2ResTime" : 2054.0,
    "pct3ResTime" : 2054.0,
    "throughput" : 1.9592476489028212,
    "receivedKBytesPerSec" : 545.111294450431,
    "sentKBytesPerSec" : 0.6390514792319749
  },
  "Total" : {
    "transaction" : "Total",
    "sampleCount" : 15,
    "errorCount" : 0,
    "errorPct" : 0.0,
    "meanResTime" : 677.4,
    "medianResTime" : 237.0,
    "minResTime" : 77.0,
    "maxResTime" : 2054.0,
    "pct1ResTime" : 2053.4,
    "pct2ResTime" : 2054.0,
    "pct3ResTime" : 2054.0,
    "throughput" : 3.2758244158113126,
    "receivedKBytesPerSec" : 305.38489230727237,
    "sentKBytesPerSec" : 0.9351881551648832
  },
  "login" : {
    "transaction" : "login",
    "sampleCount" : 5,
    "errorCount" : 0,
    "errorPct" : 0.0,
    "meanResTime" : 496.6,
    "medianResTime" : 237.0,
    "minResTime" : 227.0,
    "maxResTime" : 1342.0,
    "pct1ResTime" : 1342.0,
    "pct2ResTime" : 1342.0,
    "pct3ResTime" : 1342.0,
    "throughput" : 1.2132977432661975,
    "receivedKBytesPerSec" : 0.9502585840815335,
    "sentKBytesPerSec" : 0.30213957473914094
  },
  "create api key" : {
    "transaction" : "create api key",
    "sampleCount" : 5,
    "errorCount" : 0,
    "errorPct" : 0.0,
    "meanResTime" : 83.4,
    "medianResTime" : 78.0,
    "minResTime" : 77.0,
    "maxResTime" : 93.0,
    "pct1ResTime" : 93.0,
    "pct2ResTime" : 93.0,
    "pct3ResTime" : 93.0,
    "throughput" : 2.1920210434020166,
    "receivedKBytesPerSec" : 1.4543545868040333,
    "sentKBytesPerSec" : 0.6165059184568171
  }
}