{
  "zone activity" : {
    "transaction" : "zone activity",
    "sampleCount" : 10,
    "errorCount" : 0,
    "errorPct" : 0.0,
    "meanResTime" : 105.3,
    "medianResTime" : 107.0,
    "minResTime" : 94.0,
    "maxResTime" : 110.0,
    "pct1ResTime" : 110.0,
    "pct2ResTime" : 110.0,
    "pct3ResTime" : 110.0,
    "throughput" : 1.3218770654329146,
    "receivedKBytesPerSec" : 20.62334765366821,
    "sentKBytesPerSec" : 0.42986822538003966
  },
  "Total" : {
    "transaction" : "Total",
    "sampleCount" : 30,
    "errorCount" : 0,
    "errorPct" : 0.0,
    "meanResTime" : 140.66666666666666,
    "medianResTime" : 107.0,
    "minResTime" : 51.0,
    "maxResTime" : 1053.0,
    "pct1ResTime" : 182.00000000000003,
    "pct2ResTime" : 587.1499999999994,
    "pct3ResTime" : 1053.0,
    "throughput" : 3.2425421530479897,
    "receivedKBytesPerSec" : 20.621597019563335,
    "sentKBytesPerSec" : 0.9256866758538693
  },
  "login" : {
    "transaction" : "login",
    "sampleCount" : 10,
    "errorCount" : 0,
    "errorPct" : 0.0,
    "meanResTime" : 259.7,
    "medianResTime" : 171.5,
    "minResTime" : 151.0,
    "maxResTime" : 1053.0,
    "pct1ResTime" : 968.3000000000003,
    "pct2ResTime" : 1053.0,
    "pct3ResTime" : 1053.0,
    "throughput" : 1.101079057476327,
    "receivedKBytesPerSec" : 1.980651976436908,
    "sentKBytesPerSec" : 0.2752697643690817
  },
  "create api key" : {
    "transaction" : "create api key",
    "sampleCount" : 10,
    "errorCount" : 0,
    "errorPct" : 0.0,
    "meanResTime" : 57.0,
    "medianResTime" : 57.5,
    "minResTime" : 51.0,
    "maxResTime" : 61.0,
    "pct1ResTime" : 60.9,
    "pct2ResTime" : 61.0,
    "pct3ResTime" : 61.0,
    "throughput" : 1.328374070138151,
    "receivedKBytesPerSec" : 2.229956080632306,
    "sentKBytesPerSec" : 0.373605207226355
  }
}