{
  "zone activity" : {
    "transaction" : "zone activity",
    "sampleCount" : 5,
    "errorCount" : 0,
    "errorPct" : 0.0,
    "meanResTime" : 1134.0,
    "medianResTime" : 1032.0,
    "minResTime" : 322.0,
    "maxResTime" : 2012.0,
    "pct1ResTime" : 2012.0,
    "pct2ResTime" : 2012.0,
    "pct3ResTime" : 2012.0,
    "throughput" : 1.5234613040828764,
    "receivedKBytesPerSec" : 423.8403245924741,
    "sentKBytesPerSec" : 0.4969102300426569
  },
  "Total" : {
    "transaction" : "Total",
    "sampleCount" : 15,
    "errorCount" : 0,
    "errorPct" : 0.0,
    "meanResTime" : 491.0,
    "medianResTime" : 193.0,
    "minResTime" : 61.0,
    "maxResTime" : 2012.0,
    "pct1ResTime" : 1993.4,
    "pct2ResTime" : 2012.0,
    "pct3ResTime" : 2012.0,
    "throughput" : 3.328894806924101,
    "receivedKBytesPerSec" : 310.31432915834444,
    "sentKBytesPerSec" : 0.9503387843985797
  },
  "login" : {
    "transaction" : "login",
    "sampleCount" : 5,
    "errorCount" : 0,
    "errorPct" : 0.0,
    "meanResTime" : 267.0,
    "medianResTime" : 193.0,
    "minResTime" : 186.0,
    "maxResTime" : 548.0,
    "pct1ResTime" : 548.0,
    "pct2ResTime" : 548.0,
    "pct3ResTime" : 548.0,
    "throughput" : 1.2159533073929962,
    "receivedKBytesPerSec" : 0.9523384302042801,
    "sentKBytesPerSec" : 0.30280087244649806
  },
  "create api key" : {
    "transaction" : "create api key",
    "sampleCount" : 5,
    "errorCount" : 0,
    "errorPct" : 0.0,
    "meanResTime" : 72.0,
    "medianResTime" : 63.0,
    "minResTime" : 61.0,
    "maxResTime" : 107.0,
    "pct1ResTime" : 107.0,
    "pct2ResTime" : 107.0,
    "pct3ResTime" : 107.0,
    "throughput" : 1.6239038648911985,
    "receivedKBytesPerSec" : 1.077104985384865,
    "sentKBytesPerSec" : 0.45672296200064955
  }
}