{
  "zone activity" : {
    "transaction" : "zone activity",
    "sampleCount" : 5,
    "errorCount" : 0,
    "errorPct" : 0.0,
    "meanResTime" : 689.8,
    "medianResTime" : 804.0,
    "minResTime" : 77.0,
    "maxResTime" : 1244.0,
    "pct1ResTime" : 1244.0,
    "pct2ResTime" : 1244.0,
    "pct3ResTime" : 1244.0,
    "throughput" : 1.9896538002387585,
    "receivedKBytesPerSec" : 553.3514785614803,
    "sentKBytesPerSec" : 0.6489691106247513
  },
  "Total" : {
    "transaction" : "Total",
    "sampleCount" : 15,
    "errorCount" : 0,
    "errorPct" : 0.0,
    "meanResTime" : 312.4,
    "medianResTime" : 54.0,
    "minResTime" : 19.0,
    "maxResTime" : 1244.0,
    "pct1ResTime" : 1243.4,
    "pct2ResTime" : 1244.0,
    "pct3ResTime" : 1244.0,
    "throughput" : 3.6900369003690034,
    "receivedKBytesPerSec" : 343.8641124692497,
    "sentKBytesPerSec" : 1.0534382687576875
  },
  "login" : {
    "transaction" : "login",
    "sampleCount" : 5,
    "errorCount" : 0,
    "errorPct" : 0.0,
    "meanResTime" : 220.6,
    "medianResTime" : 54.0,
    "minResTime" : 49.0,
    "maxResTime" : 884.0,
    "pct1ResTime" : 884.0,
    "pct2ResTime" : 884.0,
    "pct3ResTime" : 884.0,
    "throughput" : 1.2616704516780217,
    "receivedKBytesPerSec" : 0.9881442404743881,
    "sentKBytesPerSec" : 0.3141855128690386
  },
  "create api key" : {
    "transaction" : "create api key",
    "sampleCount" : 5,
    "errorCount" : 0,
    "errorPct" : 0.0,
    "meanResTime" : 26.8,
    "medianResTime" : 22.0,
    "minResTime" : 19.0,
    "maxResTime" : 38.0,
    "pct1ResTime" : 38.0,
    "pct2ResTime" : 38.0,
    "pct3ResTime" : 38.0,
    "throughput" : 2.015316404675534,
    "receivedKBytesPerSec" : 1.3379024334945586,
    "sentKBytesPerSec" : 0.566807738814994
  }
}