{
  "zone activity" : {
    "transaction" : "zone activity",
    "sampleCount" : 5,
    "errorCount" : 0,
    "errorPct" : 0.0,
    "meanResTime" : 809.2,
    "medianResTime" : 955.0,
    "minResTime" : 207.0,
    "maxResTime" : 1341.0,
    "pct1ResTime" : 1341.0,
    "pct2ResTime" : 1341.0,
    "pct3ResTime" : 1341.0,
    "throughput" : 1.9319938176197837,
    "receivedKBytesPerSec" : 537.4938870508114,
    "sentKBytesPerSec" : 0.6301620459814529
  },
  "Total" : {
    "transaction" : "Total",
    "sampleCount" : 15,
    "errorCount" : 0,
    "errorPct" : 0.0,
    "meanResTime" : 393.0666666666666,
    "medianResTime" : 136.0,
    "minResTime" : 39.0,
    "maxResTime" : 1341.0,
    "pct1ResTime" : 1330.2,
    "pct2ResTime" : 1341.0,
    "pct3ResTime" : 1341.0,
    "throughput" : 3.4916201117318435,
    "receivedKBytesPerSec" : 325.4812798242551,
    "sentKBytesPerSec" : 0.9967938925744878
  },
  "login" : {
    "transaction" : "login",
    "sampleCount" : 5,
    "errorCount" : 0,
    "errorPct" : 0.0,
    "meanResTime" : 321.0,
    "medianResTime" : 136.0,
    "minResTime" : 125.0,
    "maxResTime" : 1062.0,
    "pct1ResTime" : 1062.0,
    "pct2ResTime" : 1062.0,
    "pct3ResTime" : 1062.0,
    "throughput" : 1.2367054167697256,
    "receivedKBytesPerSec" : 0.9685915471184764,
    "sentKBytesPerSec" : 0.30796863405886715
  },
  "create api key" : {
    "transaction" : "create api key",
    "sampleCount" : 5,
    "errorCount" : 0,
    "errorPct" : 0.0,
    "meanResTime" : 49.0,
    "medianResTime" : 44.0,
    "minResTime" : 39.0,
    "maxResTime" : 59.0,
    "pct1ResTime" : 59.0,
    "pct2ResTime" : 59.0,
    "pct3ResTime" : 59.0,
    "throughput" : 2.037489812550937,
    "receivedKBytesPerSec" : 1.3518267369600652,
    "sentKBytesPerSec" : 0.5730440097799511
  }
}