{
  "zone activity" : {
    "transaction" : "zone activity",
    "sampleCount" : 5,
    "errorCount" : 0,
    "errorPct" : 0.0,
    "meanResTime" : 710.8,
    "medianResTime" : 987.0,
    "minResTime" : 145.0,
    "maxResTime" : 1140.0,
    "pct1ResTime" : 1140.0,
    "pct2ResTime" : 1140.0,
    "pct3ResTime" : 1140.0,
    "throughput" : 2.175805047867711,
    "receivedKBytesPerSec" : 605.6616827132289,
    "sentKBytesPerSec" : 0.7096864120974761
  },
  "Total" : {
    "transaction" : "Total",
    "sampleCount" : 15,
    "errorCount" : 0,
    "errorPct" : 0.0,
    "meanResTime" : 362.06666666666666,
    "medianResTime" : 100.0,
    "minResTime" : 30.0,
    "maxResTime" : 1140.0,
    "pct1ResTime" : 1134.0,
    "pct2ResTime" : 1140.0,
    "pct3ResTime" : 1140.0,
    "throughput" : 3.7462537462537466,
    "receivedKBytesPerSec" : 349.41157475337167,
    "sentKBytesPerSec" : 1.0694871534715287
  },
  "login" : {
    "transaction" : "login",
    "sampleCount" : 5,
    "errorCount" : 0,
    "errorPct" : 0.0,
    "meanResTime" : 333.2,
    "medianResTime" : 100.0,
    "minResTime" : 90.0,
    "maxResTime" : 1054.0,
    "pct1ResTime" : 1054.0,
    "pct2ResTime" : 1054.0,
    "pct3ResTime" : 1054.0,
    "throughput" : 1.3095861707700367,
    "receivedKBytesPerSec" : 1.0256719814038764,
    "sentKBytesPerSec" : 0.32611764994761655
  },
  "create api key" : {
    "transaction" : "create api key",
    "sampleCount" : 5,
    "errorCount" : 0,
    "errorPct" : 0.0,
    "meanResTime" : 42.2,
    "medianResTime" : 31.0,
    "minResTime" : 30.0,
    "maxResTime" : 60.0,
    "pct1ResTime" : 60.0,
    "pct2ResTime" : 60.0,
    "pct3ResTime" : 60.0,
    "throughput" : 2.254283137962128,
    "receivedKBytesPerSec" : 1.495664027276826,
    "sentKBytesPerSec" : 0.6340171325518486
  }
}