{
  "zone activity" : {
    "transaction" : "zone activity",
    "sampleCount" : 5,
    "errorCount" : 0,
    "errorPct" : 0.0,
    "meanResTime" : 926.4,
    "medianResTime" : 1301.0,
    "minResTime" : 80.0,
    "maxResTime" : 1310.0,
    "pct1ResTime" : 1310.0,
    "pct2ResTime" : 1310.0,
    "pct3ResTime" : 1310.0,
    "throughput" : 2.8620492272467084,
    "receivedKBytesPerSec" : 796.136009945621,
    "sentKBytesPerSec" : 0.93351996279336
  },
  "Total" : {
    "transaction" : "Total",
    "sampleCount" : 15,
    "errorCount" : 0,
    "errorPct" : 0.0,
    "meanResTime" : 486.46666666666664,
    "medianResTime" : 61.0,
    "minResTime" : 18.0,
    "maxResTime" : 1602.0,
    "pct1ResTime" : 1426.8000000000002,
    "pct2ResTime" : 1602.0,
    "pct3ResTime" : 1602.0,
    "throughput" : 3.7369207772795217,
    "receivedKBytesPerSec" : 348.30218259529147,
    "sentKBytesPerSec" : 1.0668227609616343
  },
  "login" : {
    "transaction" : "login",
    "sampleCount" : 5,
    "errorCount" : 0,
    "errorPct" : 0.0,
    "meanResTime" : 501.4,
    "medianResTime" : 61.0,
    "minResTime" : 51.0,
    "maxResTime" : 1602.0,
    "pct1ResTime" : 1602.0,
    "pct2ResTime" : 1602.0,
    "pct3ResTime" : 1602.0,
    "throughput" : 1.277791975466394,
    "receivedKBytesPerSec" : 1.0007706682852031,
    "sentKBytesPerSec" : 0.31820015014055714
  },
  "create api key" : {
    "transaction" : "create api key",
    "sampleCount" : 5,
    "errorCount" : 0,
    "errorPct" : 0.0,
    "meanResTime" : 31.6,
    "medianResTime" : 36.0,
    "minResTime" : 18.0,
    "maxResTime" : 43.0,
    "pct1ResTime" : 43.0,
    "pct2ResTime" : 43.0,
    "pct3ResTime" : 43.0,
    "throughput" : 2.913752913752914,
    "receivedKBytesPerSec" : 1.9343449519230769,
    "sentKBytesPerSec" : 0.819493006993007
  }
}