{
  "zone activity" : {
    "transaction" : "zone activity",
    "sampleCount" : 5,
    "errorCount" : 0,
    "errorPct" : 0.0,
    "meanResTime" : 472.8,
    "medianResTime" : 140.0,
    "minResTime" : 134.0,
    "maxResTime" : 976.0,
    "pct1ResTime" : 976.0,
    "pct2ResTime" : 976.0,
    "pct3ResTime" : 976.0,
    "throughput" : 1.6616816218012629,
    "receivedKBytesPerSec" : 462.5021420114656,
    "sentKBytesPerSec" : 0.5419938102359588
  },
  "Total" : {
    "transaction" : "Total",
    "sampleCount" : 15,
    "errorCount" : 0,
    "errorPct" : 0.0,
    "meanResTime" : 232.99999999999997,
    "medianResTime" : 93.0,
    "minResTime" : 29.0,
    "maxResTime" : 976.0,
    "pct1ResTime" : 975.4,
    "pct2ResTime" : 976.0,
    "pct3ResTime" : 976.0,
    "throughput" : 3.5953978906999042,
    "receivedKBytesPerSec" : 335.3073690675935,
    "sentKBytesPerSec" : 1.0264205566874403
  },
  "login" : {
    "transaction" : "login",
    "sampleCount" : 5,
    "errorCount" : 0,
    "errorPct" : 0.0,
    "meanResTime" : 187.6,
    "medianResTime" : 93.0,
    "minResTime" : 87.0,
    "maxResTime" : 559.0,
    "pct1ResTime" : 559.0,
    "pct2ResTime" : 559.0,
    "pct3ResTime" : 559.0,
    "throughput" : 1.2490632025980515,
    "receivedKBytesPerSec" : 0.978270203597302,
    "sentKBytesPerSec" : 0.3110460123657257
  },
  "create api key" : {
    "transaction" : "create api key",
    "sampleCount" : 5,
    "errorCount" : 0,
    "errorPct" : 0.0,
    "meanResTime" : 38.6,
    "medianResTime" : 33.0,
    "minResTime" : 29.0,
    "maxResTime" : 55.0,
    "pct1ResTime" : 55.0,
    "pct2ResTime" : 55.0,
    "pct3ResTime" : 55.0,
    "throughput" : 1.7053206002728514,
    "receivedKBytesPerSec" : 1.131440249829468,
    "sentKBytesPerSec" : 0.4796214188267394
  }
}