{
  "zone activity" : {
    "transaction" : "zone activity",
    "sampleCount" : 5,
    "errorCount" : 0,
    "errorPct" : 0.0,
    "meanResTime" : 970.4,
    "medianResTime" : 1303.0,
    "minResTime" : 134.0,
    "maxResTime" : 1564.0,
    "pct1ResTime" : 1564.0,
    "pct2ResTime" : 1564.0,
    "pct3ResTime" : 1564.0,
    "throughput" : 2.089427496865859,
    "receivedKBytesPerSec" : 581.2742406236941,
    "sentKBytesPerSec" : 0.6815124843292938
  },
  "Total" : {
    "transaction" : "Total",
    "sampleCount" : 15,
    "errorCount" : 0,
    "errorPct" : 0.0,
    "meanResTime" : 438.59999999999997,
    "medianResTime" : 106.0,
    "minResTime" : 29.0,
    "maxResTime" : 1564.0,
    "pct1ResTime" : 1562.8,
    "pct2ResTime" : 1564.0,
    "pct3ResTime" : 1564.0,
    "throughput" : 3.61271676300578,
    "receivedKBytesPerSec" : 336.75906377950383,
    "sentKBytesPerSec" : 1.031364779022158
  },
  "login" : {
    "transaction" : "login",
    "sampleCount" : 5,
    "errorCount" : 0,
    "errorPct" : 0.0,
    "meanResTime" : 306.4,
    "medianResTime" : 106.0,
    "minResTime" : 85.0,
    "maxResTime" : 1072.0,
    "pct1ResTime" : 1072.0,
    "pct2ResTime" : 1072.0,
    "pct3ResTime" : 1072.0,
    "throughput" : 1.2543903662819869,
    "receivedKBytesPerSec" : 0.9824424548419468,
    "sentKBytesPerSec" : 0.31237260097842445
  },
  "create api key" : {
    "transaction" : "create api key",
    "sampleCount" : 5,
    "errorCount" : 0,
    "errorPct" : 0.0,
    "meanResTime" : 39.0,
    "medianResTime" : 34.0,
    "minResTime" : 29.0,
    "maxResTime" : 51.0,
    "pct1ResTime" : 51.0,
    "pct2ResTime" : 51.0,
    "pct3ResTime" : 51.0,
    "throughput" : 2.150537634408602,
    "receivedKBytesPerSec" : 1.4272513440860215,
    "sentKBytesPerSec" : 0.6048387096774193
  }
}