{
  "zone activity" : {
    "transaction" : "zone activity",
    "sampleCount" : 5,
    "errorCount" : 0,
    "errorPct" : 0.0,
    "meanResTime" : 566.8,
    "medianResTime" : 298.0,
    "minResTime" : 83.0,
    "maxResTime" : 1177.0,
    "pct1ResTime" : 1177.0,
    "pct2ResTime" : 1177.0,
    "pct3ResTime" : 1177.0,
    "throughput" : 1.6823687752355316,
    "receivedKBytesPerSec" : 467.99424840174964,
    "sentKBytesPerSec" : 0.548741377860027
  },
  "Total" : {
    "transaction" : "Total",
    "sampleCount" : 15,
    "errorCount" : 0,
    "errorPct" : 0.0,
    "meanResTime" : 247.46666666666667,
    "medianResTime" : 64.0,
    "minResTime" : 16.0,
    "maxResTime" : 1177.0,
    "pct1ResTime" : 1174.6,
    "pct2ResTime" : 1177.0,
    "pct3ResTime" : 1177.0,
    "throughput" : 3.6665851869958446,
    "receivedKBytesPerSec" : 341.75319107492055,
    "sentKBytesPerSec" : 1.0467432320948422
  },
  "login" : {
    "transaction" : "login",
    "sampleCount" : 5,
    "errorCount" : 0,
    "errorPct" : 0.0,
    "meanResTime" : 152.0,
    "medianResTime" : 64.0,
    "minResTime" : 47.0,
    "maxResTime" : 500.0,
    "pct1ResTime" : 500.0,
    "pct2ResTime" : 500.0,
    "pct3ResTime" : 500.0,
    "throughput" : 1.2597631645250693,
    "receivedKBytesPerSec" : 0.9866504472159234,
    "sentKBytesPerSec" : 0.31371055366591083
  },
  "create api key" : {
    "transaction" : "create api key",
    "sampleCount" : 5,
    "errorCount" : 0,
    "errorPct" : 0.0,
    "meanResTime" : 23.6,
    "medianResTime" : 18.0,
    "minResTime" : 16.0,
    "maxResTime" : 34.0,
    "pct1ResTime" : 34.0,
    "pct2ResTime" : 34.0,
    "pct3ResTime" : 34.0,
    "throughput" : 1.7140898183064792,
    "receivedKBytesPerSec" : 1.1372584204662326,
    "sentKBytesPerSec" : 0.4820877613986973
  }
}