{
  "zone activity" : {
    "transaction" : "zone activity",
    "sampleCount" : 5,
    "errorCount" : 0,
    "errorPct" : 0.0,
    "meanResTime" : 953.6,
    "medianResTime" : 1292.0,
    "minResTime" : 71.0,
    "maxResTime" : 1567.0,
    "pct1ResTime" : 1567.0,
    "pct2ResTime" : 1567.0,
    "pct3ResTime" : 1567.0,
    "throughput" : 2.1431633090441493,
    "receivedKBytesPerSec" : 596.2673797149592,
    "sentKBytesPerSec" : 0.6990395949421345
  },
  "Total" : {
    "transaction" : "Total",
    "sampleCount" : 15,
    "errorCount" : 0,
    "errorPct" : 0.0,
    "meanResTime" : 412.2666666666667,
    "medianResTime" : 66.0,
    "minResTime" : 14.0,
    "maxResTime" : 1567.0,
    "pct1ResTime" : 1558.6,
    "pct2ResTime" : 1567.0,
    "pct3ResTime" : 1567.0,
    "throughput" : 3.7267080745341614,
    "receivedKBytesPerSec" : 347.41047166149065,
    "sentKBytesPerSec" : 1.0639072204968942
  },
  "login" : {
    "transaction" : "login",
    "sampleCount" : 5,
    "errorCount" : 0,
    "errorPct" : 0.0,
    "meanResTime" : 247.4,
    "medianResTime" : 54.0,
    "minResTime" : 40.0,
    "maxResTime" : 996.0,
    "pct1ResTime" : 996.0,
    "pct2ResTime" : 996.0,
    "pct3ResTime" : 996.0,
    "throughput" : 1.27000254000508,
    "receivedKBytesPerSec" : 0.9946699580899162,
    "sentKBytesPerSec" : 0.3162603981457963
  },
  "create api key" : {
    "transaction" : "create api key",
    "sampleCount" : 5,
    "errorCount" : 0,
    "errorPct" : 0.0,
    "meanResTime" : 35.8,
    "medianResTime" : 17.0,
    "minResTime" : 14.0,
    "maxResTime" : 66.0,
    "pct1ResTime" : 66.0,
    "pct2ResTime" : 66.0,
    "pct3ResTime" : 66.0,
    "throughput" : 2.134016218523261,
    "receivedKBytesPerSec" : 1.4167033450704225,
    "sentKBytesPerSec" : 0.6001920614596671
  }
}