{
  "zone activity" : {
    "transaction" : "zone activity",
    "sampleCount" : 5,
    "errorCount" : 0,
    "errorPct" : 0.0,
    "meanResTime" : 99.4,
    "medianResTime" : 82.0,
    "minResTime" : 69.0,
    "maxResTime" : 137.0,
    "pct1ResTime" : 137.0,
    "pct2ResTime" : 137.0,
    "pct3ResTime" : 137.0,
    "throughput" : 1.717032967032967,
    "receivedKBytesPerSec" : 24.966397128262365,
    "sentKBytesPerSec" : 0.5583710722870879
  },
  "Total" : {
    "transaction" : "Total",
    "sampleCount" : 15,
    "errorCount" : 0,
    "errorPct" : 0.0,
    "meanResTime" : 125.13333333333337,
    "medianResTime" : 82.0,
    "minResTime" : 39.0,
    "maxResTime" : 604.0,
    "pct1ResTime" : 331.00000000000017,
    "pct2ResTime" : 604.0,
    "pct3ResTime" : 604.0,
    "throughput" : 3.606636210627555,
    "receivedKBytesPerSec" : 19.220365472469343,
    "sentKBytesPerSec" : 1.0284548569367638
  },
  "login" : {
    "transaction" : "login",
    "sampleCount" : 5,
    "errorCount" : 0,
    "errorPct" : 0.0,
    "meanResTime" : 225.2,
    "medianResTime" : 136.0,
    "minResTime" : 116.0,
    "maxResTime" : 604.0,
    "pct1ResTime" : 604.0,
    "pct2ResTime" : 604.0,
    "pct3ResTime" : 604.0,
    "throughput" : 1.2373174956693886,
    "receivedKBytesPerSec" : 0.9690709292254391,
    "sentKBytesPerSec" : 0.3081210560504825
  },
  "create api key" : {
    "transaction" : "create api key",
    "sampleCount" : 5,
    "errorCount" : 0,
    "errorPct" : 0.0,
    "meanResTime" : 50.8,
    "medianResTime" : 50.0,
    "minResTime" : 39.0,
    "maxResTime" : 64.0,
    "pct1ResTime" : 64.0,
    "pct2ResTime" : 64.0,
    "pct3ResTime" : 64.0,
    "throughput" : 1.717032967032967,
    "receivedKBytesPerSec" : 1.139881846668956,
    "sentKBytesPerSec" : 0.482915521978022
  }
}