{
  "zone activity" : {
    "transaction" : "zone activity",
    "sampleCount" : 5,
    "errorCount" : 0,
    "errorPct" : 0.0,
    "meanResTime" : 181.0,
    "medianResTime" : 161.0,
    "minResTime" : 154.0,
    "maxResTime" : 220.0,
    "pct1ResTime" : 220.0,
    "pct2ResTime" : 220.0,
    "pct3ResTime" : 220.0,
    "throughput" : 2.021018593371059,
    "receivedKBytesPerSec" : 562.2943455689167,
    "sentKBytesPerSec" : 0.6591994240097009
  },
  "Total" : {
    "transaction" : "Total",
    "sampleCount" : 15,
    "errorCount" : 0,
    "errorPct" : 0.0,
    "meanResTime" : 171.46666666666667,
    "medianResTime" : 93.0,
    "minResTime" : 28.0,
    "maxResTime" : 1063.0,
    "pct1ResTime" : 557.2000000000003,
    "pct2ResTime" : 1063.0,
    "pct3ResTime" : 1063.0,
    "throughput" : 3.5859431030360986,
    "receivedKBytesPerSec" : 334.2934758247669,
    "sentKBytesPerSec" : 1.0237213871623236
  },
  "login" : {
    "transaction" : "login",
    "sampleCount" : 5,
    "errorCount" : 0,
    "errorPct" : 0.0,
    "meanResTime" : 297.4,
    "medianResTime" : 93.0,
    "minResTime" : 85.0,
    "maxResTime" : 1063.0,
    "pct1ResTime" : 1063.0,
    "pct2ResTime" : 1063.0,
    "pct3ResTime" : 1063.0,
    "throughput" : 1.2531328320802004,
    "receivedKBytesPerSec" : 0.9814575501253132,
    "sentKBytesPerSec" : 0.3120594454887218
  },
  "create api key" : {
    "transaction" : "create api key",
    "sampleCount" : 5,
    "errorCount" : 0,
    "errorPct" : 0.0,
    "meanResTime" : 36.0,
    "medianResTime" : 29.0,
    "minResTime" : 28.0,
    "maxResTime" : 50.0,
    "pct1ResTime" : 50.0,
    "pct2ResTime" : 50.0,
    "pct3ResTime" : 50.0,
    "throughput" : 2.1070375052675936,
    "receivedKBytesPerSec" : 1.3979700010535185,
    "sentKBytesPerSec" : 0.5926042983565107
  }
}