{
  "zone activity" : {
    "transaction" : "zone activity",
    "sampleCount" : 5,
    "errorCount" : 0,
    "errorPct" : 0.0,
    "meanResTime" : 415.4,
    "medianResTime" : 416.0,
    "minResTime" : 405.0,
    "maxResTime" : 424.0,
    "pct1ResTime" : 424.0,
    "pct2ResTime" : 424.0,
    "pct3ResTime" : 424.0,
    "throughput" : 1.7686593562079944,
    "receivedKBytesPerSec" : 492.0355058365759,
    "sentKBytesPerSec" : 0.5768869384506544
  },
  "Total" : {
    "transaction" : "Total",
    "sampleCount" : 15,
    "errorCount" : 0,
    "errorPct" : 0.0,
    "meanResTime" : 305.8666666666667,
    "medianResTime" : 248.0,
    "minResTime" : 77.0,
    "maxResTime" : 1112.0,
    "pct1ResTime" : 699.2000000000003,
    "pct2ResTime" : 1112.0,
    "pct3ResTime" : 1112.0,
    "throughput" : 3.2334554860961413,
    "receivedKBytesPerSec" : 301.4049953519077,
    "sentKBytesPerSec" : 0.923092598081483
  },
  "login" : {
    "transaction" : "login",
    "sampleCount" : 5,
    "errorCount" : 0,
    "errorPct" : 0.0,
    "meanResTime" : 418.4,
    "medianResTime" : 248.0,
    "minResTime" : 236.0,
    "maxResTime" : 1112.0,
    "pct1ResTime" : 1112.0,
    "pct2ResTime" : 1112.0,
    "pct3ResTime" : 1112.0,
    "throughput" : 1.207437816952427,
    "receivedKBytesPerSec" : 0.9456690714803188,
    "sentKBytesPerSec" : 0.30068031574498916
  },
  "create api key" : {
    "transaction" : "create api key",
    "sampleCount" : 5,
    "errorCount" : 0,
    "errorPct" : 0.0,
    "meanResTime" : 83.8,
    "medianResTime" : 81.0,
    "minResTime" : 77.0,
    "maxResTime" : 91.0,
    "pct1ResTime" : 91.0,
    "pct2ResTime" : 91.0,
    "pct3ResTime" : 91.0,
    "throughput" : 1.986491855383393,
    "receivedKBytesPerSec" : 1.3179907876440207,
    "sentKBytesPerSec" : 0.5587008343265792
  }
}