{
  "zone activity" : {
    "transaction" : "zone activity",
    "sampleCount" : 5,
    "errorCount" : 0,
    "errorPct" : 0.0,
    "meanResTime" : 1373.8,
    "medianResTime" : 1540.0,
    "minResTime" : 692.0,
    "maxResTime" : 1557.0,
    "pct1ResTime" : 1557.0,
    "pct2ResTime" : 1557.0,
    "pct3ResTime" : 1557.0,
    "throughput" : 3.2113037893384715,
    "receivedKBytesPerSec" : 893.1570377729608,
    "sentKBytesPerSec" : 1.0474369781631343
  },
  "Total" : {
    "transaction" : "Total",
    "sampleCount" : 15,
    "errorCount" : 0,
    "errorPct" : 0.0,
    "meanResTime" : 761.9333333333333,
    "medianResTime" : 505.0,
    "minResTime" : 15.0,
    "maxResTime" : 2237.0,
    "pct1ResTime" : 1829.0000000000002,
    "pct2ResTime" : 2237.0,
    "pct3ResTime" : 2237.0,
    "throughput" : 3.331852509995558,
    "receivedKBytesPerSec" : 310.5021899988894,
    "sentKBytesPerSec" : 0.9511831547090183
  },
  "login" : {
    "transaction" : "login",
    "sampleCount" : 5,
    "errorCount" : 0,
    "errorPct" : 0.0,
    "meanResTime" : 868.6,
    "medianResTime" : 505.0,
    "minResTime" : 49.0,
    "maxResTime" : 2237.0,
    "pct1ResTime" : 2237.0,
    "pct2ResTime" : 2237.0,
    "pct3ResTime" : 2237.0,
    "throughput" : 1.3227513227513228,
    "receivedKBytesPerSec" : 1.0359829695767195,
    "sentKBytesPerSec" : 0.3293960813492064
  },
  "create api key" : {
    "transaction" : "create api key",
    "sampleCount" : 5,
    "errorCount" : 0,
    "errorPct" : 0.0,
    "meanResTime" : 43.4,
    "medianResTime" : 45.0,
    "minResTime" : 15.0,
    "maxResTime" : 68.0,
    "pct1ResTime" : 68.0,
    "pct2ResTime" : 68.0,
    "pct3ResTime" : 68.0,
    "throughput" : 5.482456140350877,
    "receivedKBytesPerSec" : 3.639622738486842,
    "sentKBytesPerSec" : 1.541940789473684
  }
}