{
  "zone activity" : {
    "transaction" : "zone activity",
    "sampleCount" : 5,
    "errorCount" : 0,
    "errorPct" : 0.0,
    "meanResTime" : 1405.4,
    "medianResTime" : 1597.0,
    "minResTime" : 322.0,
    "maxResTime" : 2269.0,
    "pct1ResTime" : 2269.0,
    "pct2ResTime" : 2269.0,
    "pct3ResTime" : 2269.0,
    "throughput" : 1.6857720836142953,
    "receivedKBytesPerSec" : 469.07102105107884,
    "sentKBytesPerSec" : 0.5498514413351314
  },
  "Total" : {
    "transaction" : "Total",
    "sampleCount" : 15,
    "errorCount" : 0,
    "errorPct" : 0.0,
    "meanResTime" : 600.1999999999999,
    "medianResTime" : 193.0,
    "minResTime" : 61.0,
    "maxResTime" : 2269.0,
    "pct1ResTime" : 2257.0,
    "pct2ResTime" : 2269.0,
    "pct3ResTime" : 2269.0,
    "throughput" : 3.3482142857142856,
    "receivedKBytesPerSec" : 312.1647426060268,
    "sentKBytesPerSec" : 0.9558541434151785
  },
  "login" : {
    "transaction" : "login",
    "sampleCount" : 5,
    "errorCount" : 0,
    "errorPct" : 0.0,
    "meanResTime" : 323.4,
    "medianResTime" : 193.0,
    "minResTime" : 183.0,
    "maxResTime" : 842.0,
    "pct1ResTime" : 842.0,
    "pct2ResTime" : 842.0,
    "pct3ResTime" : 842.0,
    "throughput" : 1.2212994626282363,
    "receivedKBytesPerSec" : 0.9565255556912554,
    "sentKBytesPerSec" : 0.3041321904005862
  },
  "create api key" : {
    "transaction" : "create api key",
    "sampleCount" : 5,
    "errorCount" : 0,
    "errorPct" : 0.0,
    "meanResTime" : 71.8,
    "medianResTime" : 62.0,
    "minResTime" : 61.0,
    "maxResTime" : 89.0,
    "pct1ResTime" : 89.0,
    "pct2ResTime" : 89.0,
    "pct3ResTime" : 89.0,
    "throughput" : 1.8228217280349983,
    "receivedKBytesPerSec" : 1.2093994941669706,
    "sentKBytesPerSec" : 0.5126686110098433
  }
}