{
  "zone activity" : {
    "transaction" : "zone activity",
    "sampleCount" : 5,
    "errorCount" : 0,
    "errorPct" : 0.0,
    "meanResTime" : 462.4,
    "medianResTime" : 413.0,
    "minResTime" : 400.0,
    "maxResTime" : 559.0,
    "pct1ResTime" : 559.0,
    "pct2ResTime" : 559.0,
    "pct3ResTime" : 559.0,
    "throughput" : 1.7799928800284799,
    "receivedKBytesPerSec" : 495.18011302954784,
    "sentKBytesPerSec" : 0.5805836151655394
  },
  "Total" : {
    "transaction" : "Total",
    "sampleCount" : 15,
    "errorCount" : 0,
    "errorPct" : 0.0,
    "meanResTime" : 320.3333333333333,
    "medianResTime" : 241.0,
    "minResTime" : 76.0,
    "maxResTime" : 1124.0,
    "pct1ResTime" : 785.0000000000002,
    "pct2ResTime" : 1124.0,
    "pct3ResTime" : 1124.0,
    "throughput" : 3.244646333549643,
    "receivedKBytesPerSec" : 302.4430750459658,
    "sentKBytesPerSec" : 0.9262873810296344
  },
  "login" : {
    "transaction" : "login",
    "sampleCount" : 5,
    "errorCount" : 0,
    "errorPct" : 0.0,
    "meanResTime" : 414.0,
    "medianResTime" : 241.0,
    "minResTime" : 228.0,
    "maxResTime" : 1124.0,
    "pct1ResTime" : 1124.0,
    "pct2ResTime" : 1124.0,
    "pct3ResTime" : 1124.0,
    "throughput" : 1.2091898428053203,
    "receivedKBytesPerSec" : 0.9470412636033858,
    "sentKBytesPerSec" : 0.30111661124546557
  },
  "create api key" : {
    "transaction" : "create api key",
    "sampleCount" : 5,
    "errorCount" : 0,
    "errorPct" : 0.0,
    "meanResTime" : 84.6,
    "medianResTime" : 81.0,
    "minResTime" : 76.0,
    "maxResTime" : 97.0,
    "pct1ResTime" : 97.0,
    "pct2ResTime" : 97.0,
    "pct3ResTime" : 97.0,
    "throughput" : 1.996805111821086,
    "receivedKBytesPerSec" : 1.3248333915734825,
    "sentKBytesPerSec" : 0.5616014376996805
  }
}