{
  "zone activity" : {
    "transaction" : "zone activity",
    "sampleCount" : 10,
    "errorCount" : 0,
    "errorPct" : 0.0,
    "meanResTime" : 148.7,
    "medianResTime" : 149.0,
    "minResTime" : 139.0,
    "maxResTime" : 156.0,
    "pct1ResTime" : 156.0,
    "pct2ResTime" : 156.0,
    "pct3ResTime" : 156.0,
    "throughput" : 1.299545159194282,
    "receivedKBytesPerSec" : 20.27493502274204,
    "sentKBytesPerSec" : 0.42260599415204675
  },
  "Total" : {
    "transaction" : "Total",
    "sampleCount" : 30,
    "errorCount" : 0,
    "errorPct" : 0.0,
    "meanResTime" : 180.29999999999998,
    "medianResTime" : 149.0,
    "minResTime" : 74.0,
    "maxResTime" : 1033.0,
    "pct1ResTime" : 241.0,
    "pct2ResTime" : 607.2999999999995,
    "pct3ResTime" : 1033.0,
    "throughput" : 3.1942078364565587,
    "receivedKBytesPerSec" : 20.314205241162693,
    "sentKBytesPerSec" : 0.9118881095613288
  },
  "login" : {
    "transaction" : "login",
    "sampleCount" : 10,
    "errorCount" : 0,
    "errorPct" : 0.0,
    "meanResTime" : 313.8,
    "medianResTime" : 236.5,
    "minResTime" : 219.0,
    "maxResTime" : 1033.0,
    "pct1ResTime" : 955.6000000000003,
    "pct2ResTime" : 1033.0,
    "pct3ResTime" : 1033.0,
    "throughput" : 1.092537965694308,
    "receivedKBytesPerSec" : 1.965288020321206,
    "sentKBytesPerSec" : 0.27313449142357693
  },
  "create api key" : {
    "transaction" : "create api key",
    "sampleCount" : 10,
    "errorCount" : 0,
    "errorPct" : 0.0,
    "meanResTime" : 78.4,
    "medianResTime" : 79.0,
    "minResTime" : 74.0,
    "maxResTime" : 82.0,
    "pct1ResTime" : 82.0,
    "pct2ResTime" : 82.0,
    "pct3ResTime" : 82.0,
    "throughput" : 1.3109596224436288,
    "receivedKBytesPerSec" : 2.20072225681699,
    "sentKBytesPerSec" : 0.3687073938122706
  }
}