{
  "zone activity" : {
    "transaction" : "zone activity",
    "sampleCount" : 5,
    "errorCount" : 0,
    "errorPct" : 0.0,
    "meanResTime" : 399.2,
    "medianResTime" : 401.0,
    "minResTime" : 378.0,
    "maxResTime" : 417.0,
    "pct1ResTime" : 417.0,
    "pct2ResTime" : 417.0,
    "pct3ResTime" : 417.0,
    "throughput" : 1.8684603886397608,
    "receivedKBytesPerSec" : 520.0330337957772,
    "sentKBytesPerSec" : 0.6094392283258595
  },
  "Total" : {
    "transaction" : "Total",
    "sampleCount" : 15,
    "errorCount" : 0,
    "errorPct" : 0.0,
    "meanResTime" : 319.3333333333333,
    "medianResTime" : 256.0,
    "minResTime" : 80.0,
    "maxResTime" : 1255.0,
    "pct1ResTime" : 752.2000000000003,
    "pct2ResTime" : 1255.0,
    "pct3ResTime" : 1255.0,
    "throughput" : 3.2615786040443573,
    "receivedKBytesPerSec" : 304.1621650086975,
    "sentKBytesPerSec" : 0.9311212355946945
  },
  "login" : {
    "transaction" : "login",
    "sampleCount" : 5,
    "errorCount" : 0,
    "errorPct" : 0.0,
    "meanResTime" : 469.8,
    "medianResTime" : 256.0,
    "minResTime" : 236.0,
    "maxResTime" : 1255.0,
    "pct1ResTime" : 1255.0,
    "pct2ResTime" : 1255.0,
    "pct3ResTime" : 1255.0,
    "throughput" : 1.208313194780087,
    "receivedKBytesPerSec" : 0.9463546701304979,
    "sentKBytesPerSec" : 0.30089830534074435
  },
  "create api key" : {
    "transaction" : "create api key",
    "sampleCount" : 5,
    "errorCount" : 0,
    "errorPct" : 0.0,
    "meanResTime" : 89.0,
    "medianResTime" : 85.0,
    "minResTime" : 80.0,
    "maxResTime" : 99.0,
    "pct1ResTime" : 99.0,
    "pct2ResTime" : 99.0,
    "pct3ResTime" : 99.0,
    "throughput" : 2.0781379883624274,
    "receivedKBytesPerSec" : 1.3787958489193681,
    "sentKBytesPerSec" : 0.5844763092269326
  }
}