{
  "zone activity" : {
    "transaction" : "zone activity",
    "sampleCount" : 10,
    "errorCount" : 0,
    "errorPct" : 0.0,
    "meanResTime" : 50.4,
    "medianResTime" : 50.0,
    "minResTime" : 48.0,
    "maxResTime" : 56.0,
    "pct1ResTime" : 55.6,
    "pct2ResTime" : 56.0,
    "pct3ResTime" : 56.0,
    "throughput" : 1.2501562695336916,
    "receivedKBytesPerSec" : 19.50439117389674,
    "sentKBytesPerSec" : 0.40654495874484314
  },
  "Total" : {
    "transaction" : "Total",
    "sampleCount" : 30,
    "errorCount" : 0,
    "errorPct" : 0.0,
    "meanResTime" : 70.59999999999998,
    "medianResTime" : 50.0,
    "minResTime" : 28.0,
    "maxResTime" : 505.0,
    "pct1ResTime" : 90.60000000000001,
    "pct2ResTime" : 288.8499999999997,
    "pct3ResTime" : 505.0,
    "throughput" : 3.303600925008259,
    "receivedKBytesPerSec" : 21.01012760158573,
    "sentKBytesPerSec" : 0.9431178421979959
  },
  "login" : {
    "transaction" : "login",
    "sampleCount" : 10,
    "errorCount" : 0,
    "errorPct" : 0.0,
    "meanResTime" : 128.6,
    "medianResTime" : 83.0,
    "minResTime" : 80.0,
    "maxResTime" : 505.0,
    "pct1ResTime" : 465.70000000000016,
    "pct2ResTime" : 505.0,
    "pct3ResTime" : 505.0,
    "throughput" : 1.1109876680368849,
    "receivedKBytesPerSec" : 1.998475863792912,
    "sentKBytesPerSec" : 0.2777469170092212
  },
  "create api key" : {
    "transaction" : "create api key",
    "sampleCount" : 10,
    "errorCount" : 0,
    "errorPct" : 0.0,
    "meanResTime" : 32.800000000000004,
    "medianResTime" : 29.0,
    "minResTime" : 28.0,
    "maxResTime" : 52.0,
    "pct1ResTime" : 51.400000000000006,
    "pct2ResTime" : 52.0,
    "pct3ResTime" : 52.0,
    "throughput" : 1.2489072061945796,
    "receivedKBytesPerSec" : 2.096798114150119,
    "sentKBytesPerSec" : 0.35125515174222555
  }
}