{
  "zone activity" : {
    "transaction" : "zone activity",
    "sampleCount" : 5,
    "errorCount" : 0,
    "errorPct" : 0.0,
    "meanResTime" : 541.0,
    "medianResTime" : 500.0,
    "minResTime" : 403.0,
    "maxResTime" : 693.0,
    "pct1ResTime" : 693.0,
    "pct2ResTime" : 693.0,
    "pct3ResTime" : 693.0,
    "throughput" : 1.94325689856199,
    "receivedKBytesPerSec" : 540.6812481781967,
    "sentKBytesPerSec" : 0.6338357462106491
  },
  "Total" : {
    "transaction" : "Total",
    "sampleCount" : 15,
    "errorCount" : 0,
    "errorPct" : 0.0,
    "meanResTime" : 368.8666666666667,
    "medianResTime" : 247.0,
    "minResTime" : 77.0,
    "maxResTime" : 1287.0,
    "pct1ResTime" : 930.6000000000003,
    "pct2ResTime" : 1287.0,
    "pct3ResTime" : 1287.0,
    "throughput" : 3.250975292587776,
    "receivedKBytesPerSec" : 303.07894451668835,
    "sentKBytesPerSec" : 0.9280941834633724
  },
  "login" : {
    "transaction" : "login",
    "sampleCount" : 5,
    "errorCount" : 0,
    "errorPct" : 0.0,
    "meanResTime" : 477.4,
    "medianResTime" : 247.0,
    "minResTime" : 228.0,
    "maxResTime" : 1287.0,
    "pct1ResTime" : 1287.0,
    "pct2ResTime" : 1287.0,
    "pct3ResTime" : 1287.0,
    "throughput" : 1.2103606874848705,
    "receivedKBytesPerSec" : 0.9479582728152989,
    "sentKBytesPerSec" : 0.3014081790123457
  },
  "create api key" : {
    "transaction" : "create api key",
    "sampleCount" : 5,
    "errorCount" : 0,
    "errorPct" : 0.0,
    "meanResTime" : 88.2,
    "medianResTime" : 80.0,
    "minResTime" : 77.0,
    "maxResTime" : 106.0,
    "pct1ResTime" : 106.0,
    "pct2ResTime" : 106.0,
    "pct3ResTime" : 106.0,
    "throughput" : 2.189141856392294,
    "receivedKBytesPerSec" : 1.4524443137040282,
    "sentKBytesPerSec" : 0.6156961471103328
  }
}