{
  "zone activity" : {
    "transaction" : "zone activity",
    "sampleCount" : 5,
    "errorCount" : 0,
    "errorPct" : 0.0,
    "meanResTime" : 1299.0,
    "medianResTime" : 1591.0,
    "minResTime" : 81.0,
    "maxResTime" : 2120.0,
    "pct1ResTime" : 2120.0,
    "pct2ResTime" : 2120.0,
    "pct3ResTime" : 2120.0,
    "throughput" : 1.924557351809084,
    "receivedKBytesPerSec" : 535.4257632072748,
    "sentKBytesPerSec" : 0.6277364799846036
  },
  "Total" : {
    "transaction" : "Total",
    "sampleCount" : 15,
    "errorCount" : 0,
    "errorPct" : 0.0,
    "meanResTime" : 507.9333333333332,
    "medianResTime" : 49.0,
    "minResTime" : 15.0,
    "maxResTime" : 2120.0,
    "pct1ResTime" : 2114.0,
    "pct2ResTime" : 2120.0,
    "pct3ResTime" : 2120.0,
    "throughput" : 3.700962250185048,
    "receivedKBytesPerSec" : 344.996906226869,
    "sentKBytesPerSec" : 1.0565572569701456
  },
  "login" : {
    "transaction" : "login",
    "sampleCount" : 5,
    "errorCount" : 0,
    "errorPct" : 0.0,
    "meanResTime" : 195.8,
    "medianResTime" : 49.0,
    "minResTime" : 42.0,
    "maxResTime" : 782.0,
    "pct1ResTime" : 782.0,
    "pct2ResTime" : 782.0,
    "pct3ResTime" : 782.0,
    "throughput" : 1.2648621300278269,
    "receivedKBytesPerSec" : 0.9906439729319505,
    "sentKBytesPerSec" : 0.31498031558310147
  },
  "create api key" : {
    "transaction" : "create api key",
    "sampleCount" : 5,
    "errorCount" : 0,
    "errorPct" : 0.0,
    "meanResTime" : 29.0,
    "medianResTime" : 16.0,
    "minResTime" : 15.0,
    "maxResTime" : 49.0,
    "pct1ResTime" : 49.0,
    "pct2ResTime" : 49.0,
    "pct3ResTime" : 49.0,
    "throughput" : 1.937984496124031,
    "receivedKBytesPerSec" : 1.2869428294573644,
    "sentKBytesPerSec" : 0.5450581395348837
  }
}