{
  "zone activity" : {
    "transaction" : "zone activity",
    "sampleCount" : 5,
    "errorCount" : 0,
    "errorPct" : 0.0,
    "meanResTime" : 1046.4,
    "medianResTime" : 1470.0,
    "minResTime" : 148.0,
    "maxResTime" : 1546.0,
    "pct1ResTime" : 1546.0,
    "pct2ResTime" : 1546.0,
    "pct3ResTime" : 1546.0,
    "throughput" : 2.3180343069077423,
    "receivedKBytesPerSec" : 644.8332282974038,
    "sentKBytesPerSec" : 0.7560775961984237
  },
  "Total" : {
    "transaction" : "Total",
    "sampleCount" : 15,
    "errorCount" : 0,
    "errorPct" : 0.0,
    "meanResTime" : 500.0666666666666,
    "medianResTime" : 145.0,
    "minResTime" : 29.0,
    "maxResTime" : 1546.0,
    "pct1ResTime" : 1541.2,
    "pct2ResTime" : 1546.0,
    "pct3ResTime" : 1546.0,
    "throughput" : 3.6284470246734397,
    "receivedKBytesPerSec" : 338.20504316340106,
    "sentKBytesPerSec" : 1.0358554819787131
  },
  "login" : {
    "transaction" : "login",
    "sampleCount" : 5,
    "errorCount" : 0,
    "errorPct" : 0.0,
    "meanResTime" : 410.8,
    "medianResTime" : 145.0,
    "minResTime" : 89.0,
    "maxResTime" : 1299.0,
    "pct1ResTime" : 1299.0,
    "pct2ResTime" : 1299.0,
    "pct3ResTime" : 1299.0,
    "throughput" : 1.2642225031605563,
    "receivedKBytesPerSec" : 0.99014301517067,
    "sentKBytesPerSec" : 0.31482103350189633
  },
  "create api key" : {
    "transaction" : "create api key",
    "sampleCount" : 5,
    "errorCount" : 0,
    "errorPct" : 0.0,
    "meanResTime" : 43.0,
    "medianResTime" : 38.0,
    "minResTime" : 29.0,
    "maxResTime" : 61.0,
    "pct1ResTime" : 61.0,
    "pct2ResTime" : 61.0,
    "pct3ResTime" : 61.0,
    "throughput" : 2.399232245681382,
    "receivedKBytesPerSec" : 1.5923029630518233,
    "sentKBytesPerSec" : 0.6747840690978887
  }
}