{
  "zone activity" : {
    "transaction" : "zone activity",
    "sampleCount" : 5,
    "errorCount" : 0,
    "errorPct" : 0.0,
    "meanResTime" : 416.8,
    "medianResTime" : 423.0,
    "minResTime" : 404.0,
    "maxResTime" : 428.0,
    "pct1ResTime" : 428.0,
    "pct2ResTime" : 428.0,
    "pct3ResTime" : 428.0,
    "throughput" : 1.4641288433382138,
    "receivedKBytesPerSec" : 407.2162678440703,
    "sentKBytesPerSec" : 0.47755765007320644
  },
  "Total" : {
    "transaction" : "Total",
    "sampleCount" : 15,
    "errorCount" : 0,
    "errorPct" : 0.0,
    "meanResTime" : 274.33333333333337,
    "medianResTime" : 250.0,
    "minResTime" : 83.0,
    "maxResTime" : 582.0,
    "pct1ResTime" : 489.6,
    "pct2ResTime" : 582.0,
    "pct3ResTime" : 582.0,
    "throughput" : 3.2037590773173856,
    "receivedKBytesPerSec" : 298.5640651697992,
    "sentKBytesPerSec" : 0.9146148147159333
  },
  "login" : {
    "transaction" : "login",
    "sampleCount" : 5,
    "errorCount" : 0,
    "errorPct" : 0.0,
    "meanResTime" : 317.6,
    "medianResTime" : 250.0,
    "minResTime" : 245.0,
    "maxResTime" : 582.0,
    "pct1ResTime" : 582.0,
    "pct2ResTime" : 582.0,
    "pct3ResTime" : 582.0,
    "throughput" : 1.199040767386091,
    "receivedKBytesPerSec" : 0.9390924760191847,
    "sentKBytesPerSec" : 0.2985892535971223
  },
  "create api key" : {
    "transaction" : "create api key",
    "sampleCount" : 5,
    "errorCount" : 0,
    "errorPct" : 0.0,
    "meanResTime" : 88.6,
    "medianResTime" : 83.0,
    "minResTime" : 83.0,
    "maxResTime" : 109.0,
    "pct1ResTime" : 109.0,
    "pct2ResTime" : 109.0,
    "pct3ResTime" : 109.0,
    "throughput" : 1.6066838046272494,
    "receivedKBytesPerSec" : 1.065997047718509,
    "sentKBytesPerSec" : 0.45187982005141386
  }
}