{
  "zone activity" : {
    "transaction" : "zone activity",
    "sampleCount" : 5,
    "errorCount" : 0,
    "errorPct" : 0.0,
    "meanResTime" : 351.4,
    "medianResTime" : 359.0,
    "minResTime" : 318.0,
    "maxResTime" : 380.0,
    "pct1ResTime" : 380.0,
    "pct2ResTime" : 380.0,
    "pct3ResTime" : 380.0,
    "throughput" : 1.8429782528566163,
    "receivedKBytesPerSec" : 512.7547053538518,
    "sentKBytesPerSec" : 0.6011276723184666
  },
  "Total" : {
    "transaction" : "Total",
    "sampleCount" : 15,
    "errorCount" : 0,
    "errorPct" : 0.0,
    "meanResTime" : 264.8666666666667,
    "medianResTime" : 198.0,
    "minResTime" : 61.0,
    "maxResTime" : 1089.0,
    "pct1ResTime" : 663.6000000000003,
    "pct2ResTime" : 1089.0,
    "pct3ResTime" : 1089.0,
    "throughput" : 3.3497096918267086,
    "receivedKBytesPerSec" : 312.2681808982805,
    "sentKBytesPerSec" : 0.956281054600268
  },
  "login" : {
    "transaction" : "login",
    "sampleCount" : 5,
    "errorCount" : 0,
    "errorPct" : 0.0,
    "meanResTime" : 372.0,
    "medianResTime" : 198.0,
    "minResTime" : 184.0,
    "maxResTime" : 1089.0,
    "pct1ResTime" : 1089.0,
    "pct2ResTime" : 1089.0,
    "pct3ResTime" : 1089.0,
    "throughput" : 1.220703125,
    "receivedKBytesPerSec" : 0.9560585021972656,
    "sentKBytesPerSec" : 0.3039836883544922
  },
  "create api key" : {
    "transaction" : "create api key",
    "sampleCount" : 5,
    "errorCount" : 0,
    "errorPct" : 0.0,
    "meanResTime" : 71.2,
    "medianResTime" : 66.0,
    "minResTime" : 61.0,
    "maxResTime" : 85.0,
    "pct1ResTime" : 85.0,
    "pct2ResTime" : 85.0,
    "pct3ResTime" : 85.0,
    "throughput" : 2.0096463022508035,
    "receivedKBytesPerSec" : 1.3333532204581993,
    "sentKBytesPerSec" : 0.5652130225080386
  }
}