{
  "zone activity" : {
    "transaction" : "zone activity",
    "sampleCount" : 5,
    "errorCount" : 0,
    "errorPct" : 0.0,
    "meanResTime" : 542.8,
    "medianResTime" : 426.0,
    "minResTime" : 401.0,
    "maxResTime" : 741.0,
    "pct1ResTime" : 741.0,
    "pct2ResTime" : 741.0,
    "pct3ResTime" : 741.0,
    "throughput" : 1.8096272167933405,
    "receivedKBytesPerSec" : 503.5068596181687,
    "sentKBytesPerSec" : 0.5902495023525154
  },
  "Total" : {
    "transaction" : "Total",
    "sampleCount" : 15,
    "errorCount" : 0,
    "errorPct" : 0.0,
    "meanResTime" : 360.8,
    "medianResTime" : 248.0,
    "minResTime" : 81.0,
    "maxResTime" : 1178.0,
    "pct1ResTime" : 915.8000000000002,
    "pct2ResTime" : 1178.0,
    "pct3ResTime" : 1178.0,
    "throughput" : 3.2147449635662237,
    "receivedKBytesPerSec" : 299.70506389305615,
    "sentKBytesPerSec" : 0.9177510849764251
  },
  "login" : {
    "transaction" : "login",
    "sampleCount" : 5,
    "errorCount" : 0,
    "errorPct" : 0.0,
    "meanResTime" : 434.8,
    "medianResTime" : 248.0,
    "minResTime" : 228.0,
    "maxResTime" : 1178.0,
    "pct1ResTime" : 1178.0,
    "pct2ResTime" : 1178.0,
    "pct3ResTime" : 1178.0,
    "throughput" : 1.203659123736158,
    "receivedKBytesPerSec" : 0.9427095871449206,
    "sentKBytesPerSec" : 0.29973933257101587
  },
  "create api key" : {
    "transaction" : "create api key",
    "sampleCount" : 5,
    "errorCount" : 0,
    "errorPct" : 0.0,
    "meanResTime" : 104.8,
    "medianResTime" : 120.0,
    "minResTime" : 81.0,
    "maxResTime" : 121.0,
    "pct1ResTime" : 121.0,
    "pct2ResTime" : 121.0,
    "pct3ResTime" : 121.0,
    "throughput" : 2.025111381125962,
    "receivedKBytesPerSec" : 1.3440094673957068,
    "sentKBytesPerSec" : 0.5695625759416768
  }
}