{
  "zone activity" : {
    "transaction" : "zone activity",
    "sampleCount" : 5,
    "errorCount" : 0,
    "errorPct" : 0.0,
    "meanResTime" : 1175.6,
    "medianResTime" : 1551.0,
    "minResTime" : 308.0,
    "maxResTime" : 1733.0,
    "pct1ResTime" : 1733.0,
    "pct2ResTime" : 1733.0,
    "pct3ResTime" : 1733.0,
    "throughput" : 2.01450443190975,
    "receivedKBytesPerSec" : 560.3776881043513,
    "sentKBytesPerSec" : 0.657074687751813
  },
  "Total" : {
    "transaction" : "Total",
    "sampleCount" : 15,
    "errorCount" : 0,
    "errorPct" : 0.0,
    "meanResTime" : 567.0,
    "medianResTime" : 188.0,
    "minResTime" : 60.0,
    "maxResTime" : 1733.0,
    "pct1ResTime" : 1733.0,
    "pct2ResTime" : 1733.0,
    "pct3ResTime" : 1733.0,
    "throughput" : 3.369272237196766,
    "receivedKBytesPerSec" : 314.037230458221,
    "sentKBytesPerSec" : 0.9618658046945193
  },
  "login" : {
    "transaction" : "login",
    "sampleCount" : 5,
    "errorCount" : 0,
    "errorPct" : 0.0,
    "meanResTime" : 427.2,
    "medianResTime" : 188.0,
    "minResTime" : 181.0,
    "maxResTime" : 1240.0,
    "pct1ResTime" : 1240.0,
    "pct2ResTime" : 1240.0,
    "pct3ResTime" : 1240.0,
    "throughput" : 1.224889759921607,
    "receivedKBytesPerSec" : 0.9593374877511024,
    "sentKBytesPerSec" : 0.3050262585742283
  },
  "create api key" : {
    "transaction" : "create api key",
    "sampleCount" : 5,
    "errorCount" : 0,
    "errorPct" : 0.0,
    "meanResTime" : 98.2,
    "medianResTime" : 64.0,
    "minResTime" : 60.0,
    "maxResTime" : 156.0,
    "pct1ResTime" : 156.0,
    "pct2ResTime" : 156.0,
    "pct3ResTime" : 156.0,
    "throughput" : 2.134927412467976,
    "receivedKBytesPerSec" : 1.4177252348420153,
    "sentKBytesPerSec" : 0.6004483347566183
  }
}