{
  "zone activity" : {
    "transaction" : "zone activity",
    "sampleCount" : 10,
    "errorCount" : 0,
    "errorPct" : 0.0,
    "meanResTime" : 50.8,
    "medianResTime" : 50.5,
    "minResTime" : 48.0,
    "maxResTime" : 54.0,
    "pct1ResTime" : 54.0,
    "pct2ResTime" : 54.0,
    "pct3ResTime" : 54.0,
    "throughput" : 1.569365976145637,
    "receivedKBytesPerSec" : 24.614830998901443,
    "sentKBytesPerSec" : 0.510350459039548
  },
  "Total" : {
    "transaction" : "Total",
    "sampleCount" : 30,
    "errorCount" : 0,
    "errorPct" : 0.0,
    "meanResTime" : 152.33333333333334,
    "medianResTime" : 51.0,
    "minResTime" : 27.0,
    "maxResTime" : 1928.0,
    "pct1ResTime" : 106.40000000000003,
    "pct2ResTime" : 1457.7499999999993,
    "pct3ResTime" : 1928.0,
    "throughput" : 3.313818623660665,
    "receivedKBytesPerSec" : 21.350290476913727,
    "sentKBytesPerSec" : 0.946034808903126
  },
  "login" : {
    "transaction" : "login",
    "sampleCount" : 10,
    "errorCount" : 0,
    "errorPct" : 0.0,
    "meanResTime" : 370.9,
    "medianResTime" : 88.5,
    "minResTime" : 81.0,
    "maxResTime" : 1928.0,
    "pct1ResTime" : 1842.5000000000005,
    "pct2ResTime" : 1928.0,
    "pct3ResTime" : 1928.0,
    "throughput" : 1.115324559446799,
    "receivedKBytesPerSec" : 2.0988578379433416,
    "sentKBytesPerSec" : 0.2788311398616998
  },
  "create api key" : {
    "transaction" : "create api key",
    "sampleCount" : 10,
    "errorCount" : 0,
    "errorPct" : 0.0,
    "meanResTime" : 35.3,
    "medianResTime" : 28.5,
    "minResTime" : 27.0,
    "maxResTime" : 53.0,
    "pct1ResTime" : 52.8,
    "pct2ResTime" : 53.0,
    "pct3ResTime" : 53.0,
    "throughput" : 1.565680288085173,
    "receivedKBytesPerSec" : 2.758747015421951,
    "sentKBytesPerSec" : 0.44034758102395494
  }
}