{
  "zone activity" : {
    "transaction" : "zone activity",
    "sampleCount" : 5,
    "errorCount" : 0,
    "errorPct" : 0.0,
    "meanResTime" : 234.2,
    "medianResTime" : 243.0,
    "minResTime" : 203.0,
    "maxResTime" : 251.0,
    "pct1ResTime" : 251.0,
    "pct2ResTime" : 251.0,
    "pct3ResTime" : 251.0,
    "throughput" : 2.166377816291161,
    "receivedKBytesPerSec" : 602.5843364113952,
    "sentKBytesPerSec" : 0.7066115142980937
  },
  "Total" : {
    "transaction" : "Total",
    "sampleCount" : 15,
    "errorCount" : 0,
    "errorPct" : 0.0,
    "meanResTime" : 237.66666666666666,
    "medianResTime" : 142.0,
    "minResTime" : 39.0,
    "maxResTime" : 1312.0,
    "pct1ResTime" : 767.8000000000003,
    "pct2ResTime" : 1312.0,
    "pct3ResTime" : 1312.0,
    "throughput" : 3.4562211981566824,
    "receivedKBytesPerSec" : 322.1200406826037,
    "sentKBytesPerSec" : 0.9866881480414746
  },
  "login" : {
    "transaction" : "login",
    "sampleCount" : 5,
    "errorCount" : 0,
    "errorPct" : 0.0,
    "meanResTime" : 425.0,
    "medianResTime" : 142.0,
    "minResTime" : 130.0,
    "maxResTime" : 1312.0,
    "pct1ResTime" : 1312.0,
    "pct2ResTime" : 1312.0,
    "pct3ResTime" : 1312.0,
    "throughput" : 1.2354830738818878,
    "receivedKBytesPerSec" : 0.9676342043489005,
    "sentKBytesPerSec" : 0.3076642420311342
  },
  "create api key" : {
    "transaction" : "create api key",
    "sampleCount" : 5,
    "errorCount" : 0,
    "errorPct" : 0.0,
    "meanResTime" : 53.8,
    "medianResTime" : 48.0,
    "minResTime" : 39.0,
    "maxResTime" : 71.0,
    "pct1ResTime" : 71.0,
    "pct2ResTime" : 71.0,
    "pct3ResTime" : 71.0,
    "throughput" : 2.3331777881474567,
    "receivedKBytesPerSec" : 1.5493758749416706,
    "sentKBytesPerSec" : 0.6562062529164723
  }
}