{
  "zone activity" : {
    "transaction" : "zone activity",
    "sampleCount" : 5,
    "errorCount" : 0,
    "errorPct" : 0.0,
    "meanResTime" : 392.0,
    "medianResTime" : 386.0,
    "minResTime" : 357.0,
    "maxResTime" : 444.0,
    "pct1ResTime" : 444.0,
    "pct2ResTime" : 444.0,
    "pct3ResTime" : 444.0,
    "throughput" : 1.524390243902439,
    "receivedKBytesPerSec" : 424.6456983612805,
    "sentKBytesPerSec" : 0.4972132240853659
  },
  "Total" : {
    "transaction" : "Total",
    "sampleCount" : 15,
    "errorCount" : 0,
    "errorPct" : 0.0,
    "meanResTime" : 269.99999999999994,
    "medianResTime" : 242.0,
    "minResTime" : 77.0,
    "maxResTime" : 707.0,
    "pct1ResTime" : 549.2,
    "pct2ResTime" : 707.0,
    "pct3ResTime" : 707.0,
    "throughput" : 3.2292787944025836,
    "receivedKBytesPerSec" : 301.4144913885899,
    "sentKBytesPerSec" : 0.9219002287405813
  },
  "login" : {
    "transaction" : "login",
    "sampleCount" : 5,
    "errorCount" : 0,
    "errorPct" : 0.0,
    "meanResTime" : 337.2,
    "medianResTime" : 242.0,
    "minResTime" : 236.0,
    "maxResTime" : 707.0,
    "pct1ResTime" : 707.0,
    "pct2ResTime" : 707.0,
    "pct3ResTime" : 707.0,
    "throughput" : 1.1981787682722262,
    "receivedKBytesPerSec" : 0.9384173556194584,
    "sentKBytesPerSec" : 0.2983745956146657
  },
  "create api key" : {
    "transaction" : "create api key",
    "sampleCount" : 5,
    "errorCount" : 0,
    "errorPct" : 0.0,
    "meanResTime" : 80.8,
    "medianResTime" : 82.0,
    "minResTime" : 77.0,
    "maxResTime" : 84.0,
    "pct1ResTime" : 84.0,
    "pct2ResTime" : 84.0,
    "pct3ResTime" : 84.0,
    "throughput" : 1.671681711802073,
    "receivedKBytesPerSec" : 1.1087951354062187,
    "sentKBytesPerSec" : 0.470160481444333
  }
}