{
  "zone activity" : {
    "transaction" : "zone activity",
    "sampleCount" : 5,
    "errorCount" : 0,
    "errorPct" : 0.0,
    "meanResTime" : 460.8,
    "medianResTime" : 426.0,
    "minResTime" : 392.0,
    "maxResTime" : 535.0,
    "pct1ResTime" : 535.0,
    "pct2ResTime" : 535.0,
    "pct3ResTime" : 535.0,
    "throughput" : 1.723543605653223,
    "receivedKBytesPerSec" : 479.48848457428477,
    "sentKBytesPerSec" : 0.5621714495001724
  },
  "Total" : {
    "transaction" : "Total",
    "sampleCount" : 15,
    "errorCount" : 0,
    "errorPct" : 0.0,
    "meanResTime" : 321.86666666666673,
    "medianResTime" : 244.0,
    "minResTime" : 76.0,
    "maxResTime" : 1125.0,
    "pct1ResTime" : 771.0000000000002,
    "pct2ResTime" : 1125.0,
    "pct3ResTime" : 1125.0,
    "throughput" : 3.2181935207037116,
    "receivedKBytesPerSec" : 299.9848728143103,
    "sentKBytesPerSec" : 0.9187355851748552
  },
  "login" : {
    "transaction" : "login",
    "sampleCount" : 5,
    "errorCount" : 0,
    "errorPct" : 0.0,
    "meanResTime" : 416.2,
    "medianResTime" : 244.0,
    "minResTime" : 225.0,
    "maxResTime" : 1125.0,
    "pct1ResTime" : 1125.0,
    "pct2ResTime" : 1125.0,
    "pct3ResTime" : 1125.0,
    "throughput" : 1.203369434416366,
    "receivedKBytesPerSec" : 0.9424827015643802,
    "sentKBytesPerSec" : 0.2996671931407942
  },
  "create api key" : {
    "transaction" : "create api key",
    "sampleCount" : 5,
    "errorCount" : 0,
    "errorPct" : 0.0,
    "meanResTime" : 88.6,
    "medianResTime" : 83.0,
    "minResTime" : 76.0,
    "maxResTime" : 107.0,
    "pct1ResTime" : 107.0,
    "pct2ResTime" : 107.0,
    "pct3ResTime" : 107.0,
    "throughput" : 1.9319938176197837,
    "receivedKBytesPerSec" : 1.281832616885626,
    "sentKBytesPerSec" : 0.5433732612055642
  }
}