{
  "zone activity" : {
    "transaction" : "zone activity",
    "sampleCount" : 5,
    "errorCount" : 0,
    "errorPct" : 0.0,
    "meanResTime" : 1215.0,
    "medianResTime" : 1446.0,
    "minResTime" : 325.0,
    "maxResTime" : 1926.0,
    "pct1ResTime" : 1926.0,
    "pct2ResTime" : 1926.0,
    "pct3ResTime" : 1926.0,
    "throughput" : 1.78826895565093,
    "receivedKBytesPerSec" : 497.57081824481406,
    "sentKBytesPerSec" : 0.5832830382689557
  },
  "Total" : {
    "transaction" : "Total",
    "sampleCount" : 15,
    "errorCount" : 0,
    "errorPct" : 0.0,
    "meanResTime" : 554.1999999999999,
    "medianResTime" : 198.0,
    "minResTime" : 65.0,
    "maxResTime" : 1926.0,
    "pct1ResTime" : 1925.4,
    "pct2ResTime" : 1926.0,
    "pct3ResTime" : 1926.0,
    "throughput" : 3.3340742387197158,
    "receivedKBytesPerSec" : 310.8338311291398,
    "sentKBytesPerSec" : 0.9518174177595021
  },
  "login" : {
    "transaction" : "login",
    "sampleCount" : 5,
    "errorCount" : 0,
    "errorPct" : 0.0,
    "meanResTime" : 373.2,
    "medianResTime" : 198.0,
    "minResTime" : 192.0,
    "maxResTime" : 1086.0,
    "pct1ResTime" : 1086.0,
    "pct2ResTime" : 1086.0,
    "pct3ResTime" : 1086.0,
    "throughput" : 1.2177301509985388,
    "receivedKBytesPerSec" : 0.9537300596687774,
    "sentKBytesPerSec" : 0.3032433481490502
  },
  "create api key" : {
    "transaction" : "create api key",
    "sampleCount" : 5,
    "errorCount" : 0,
    "errorPct" : 0.0,
    "meanResTime" : 74.4,
    "medianResTime" : 65.0,
    "minResTime" : 65.0,
    "maxResTime" : 94.0,
    "pct1ResTime" : 94.0,
    "pct2ResTime" : 94.0,
    "pct3ResTime" : 94.0,
    "throughput" : 1.9477989871445267,
    "receivedKBytesPerSec" : 1.292318976431632,
    "sentKBytesPerSec" : 0.5478184651343981
  }
}