{
  "zone activity" : {
    "transaction" : "zone activity",
    "sampleCount" : 5,
    "errorCount" : 0,
    "errorPct" : 0.0,
    "meanResTime" : 101.8,
    "medianResTime" : 84.0,
    "minResTime" : 77.0,
    "maxResTime" : 137.0,
    "pct1ResTime" : 137.0,
    "pct2ResTime" : 137.0,
    "pct3ResTime" : 137.0,
    "throughput" : 1.6909029421711192,
    "receivedKBytesPerSec" : 470.4214179277985,
    "sentKBytesPerSec" : 0.5515249830909706
  },
  "Total" : {
    "transaction" : "Total",
    "sampleCount" : 15,
    "errorCount" : 0,
    "errorPct" : 0.0,
    "meanResTime" : 87.39999999999999,
    "medianResTime" : 52.0,
    "minResTime" : 15.0,
    "maxResTime" : 488.0,
    "pct1ResTime" : 277.4000000000001,
    "pct2ResTime" : 488.0,
    "pct3ResTime" : 488.0,
    "throughput" : 3.6864094372081593,
    "receivedKBytesPerSec" : 343.6395997173753,
    "sentKBytesPerSec" : 1.052402694150897
  },
  "login" : {
    "transaction" : "login",
    "sampleCount" : 5,
    "errorCount" : 0,
    "errorPct" : 0.0,
    "meanResTime" : 139.8,
    "medianResTime" : 52.0,
    "minResTime" : 47.0,
    "maxResTime" : 488.0,
    "pct1ResTime" : 488.0,
    "pct2ResTime" : 488.0,
    "pct3ResTime" : 488.0,
    "throughput" : 1.2603982858583311,
    "receivedKBytesPerSec" : 0.9871478762288883,
    "sentKBytesPerSec" : 0.3138687137635493
  },
  "create api key" : {
    "transaction" : "create api key",
    "sampleCount" : 5,
    "errorCount" : 0,
    "errorPct" : 0.0,
    "meanResTime" : 20.6,
    "medianResTime" : 15.0,
    "minResTime" : 15.0,
    "maxResTime" : 30.0,
    "pct1ResTime" : 30.0,
    "pct2ResTime" : 30.0,
    "pct3ResTime" : 30.0,
    "throughput" : 1.7146776406035664,
    "receivedKBytesPerSec" : 1.1376484267832647,
    "sentKBytesPerSec" : 0.4822530864197531
  }
}