{
  "zone activity" : {
    "transaction" : "zone activity",
    "sampleCount" : 5,
    "errorCount" : 0,
    "errorPct" : 0.0,
    "meanResTime" : 72.2,
    "medianResTime" : 72.0,
    "minResTime" : 68.0,
    "maxResTime" : 76.0,
    "pct1ResTime" : 76.0,
    "pct2ResTime" : 76.0,
    "pct3ResTime" : 76.0,
    "throughput" : 1.7349063150589867,
    "receivedKBytesPerSec" : 482.60993613376127,
    "sentKBytesPerSec" : 0.5658776457321304
  },
  "Total" : {
    "transaction" : "Total",
    "sampleCount" : 15,
    "errorCount" : 0,
    "errorPct" : 0.0,
    "meanResTime" : 83.46666666666667,
    "medianResTime" : 47.0,
    "minResTime" : 15.0,
    "maxResTime" : 580.0,
    "pct1ResTime" : 277.6000000000002,
    "pct2ResTime" : 580.0,
    "pct3ResTime" : 580.0,
    "throughput" : 3.6991368680641186,
    "receivedKBytesPerSec" : 344.7879739519112,
    "sentKBytesPerSec" : 1.0560361436498151
  },
  "login" : {
    "transaction" : "login",
    "sampleCount" : 5,
    "errorCount" : 0,
    "errorPct" : 0.0,
    "meanResTime" : 157.4,
    "medianResTime" : 47.0,
    "minResTime" : 46.0,
    "maxResTime" : 580.0,
    "pct1ResTime" : 580.0,
    "pct2ResTime" : 580.0,
    "pct3ResTime" : 580.0,
    "throughput" : 1.2597631645250693,
    "receivedKBytesPerSec" : 0.9866504472159234,
    "sentKBytesPerSec" : 0.31371055366591083
  },
  "create api key" : {
    "transaction" : "create api key",
    "sampleCount" : 5,
    "errorCount" : 0,
    "errorPct" : 0.0,
    "meanResTime" : 20.8,
    "medianResTime" : 15.0,
    "minResTime" : 15.0,
    "maxResTime" : 30.0,
    "pct1ResTime" : 30.0,
    "pct2ResTime" : 30.0,
    "pct3ResTime" : 30.0,
    "throughput" : 1.7494751574527643,
    "receivedKBytesPerSec" : 1.1607357636459061,
    "sentKBytesPerSec" : 0.4920398880335899
  }
}