{
  "zone activity" : {
    "transaction" : "zone activity",
    "sampleCount" : 5,
    "errorCount" : 0,
    "errorPct" : 0.0,
    "meanResTime" : 207.2,
    "medianResTime" : 151.0,
    "minResTime" : 146.0,
    "maxResTime" : 297.0,
    "pct1ResTime" : 297.0,
    "pct2ResTime" : 297.0,
    "pct3ResTime" : 297.0,
    "throughput" : 1.9607843137254901,
    "receivedKBytesPerSec" : 545.6280637254903,
    "sentKBytesPerSec" : 0.6395526960784315
  },
  "Total" : {
    "transaction" : "Total",
    "sampleCount" : 15,
    "errorCount" : 0,
    "errorPct" : 0.0,
    "meanResTime" : 171.53333333333336,
    "medianResTime" : 93.0,
    "minResTime" : 31.0,
    "maxResTime" : 919.0,
    "pct1ResTime" : 545.8000000000002,
    "pct2ResTime" : 919.0,
    "pct3ResTime" : 919.0,
    "throughput" : 3.5910940866650707,
    "receivedKBytesPerSec" : 334.83001219475705,
    "sentKBytesPerSec" : 1.0251918990902562
  },
  "login" : {
    "transaction" : "login",
    "sampleCount" : 5,
    "errorCount" : 0,
    "errorPct" : 0.0,
    "meanResTime" : 262.2,
    "medianResTime" : 93.0,
    "minResTime" : 91.0,
    "maxResTime" : 919.0,
    "pct1ResTime" : 919.0,
    "pct2ResTime" : 919.0,
    "pct3ResTime" : 919.0,
    "throughput" : 1.2531328320802004,
    "receivedKBytesPerSec" : 0.9814575501253132,
    "sentKBytesPerSec" : 0.3120594454887218
  },
  "create api key" : {
    "transaction" : "create api key",
    "sampleCount" : 5,
    "errorCount" : 0,
    "errorPct" : 0.0,
    "meanResTime" : 45.2,
    "medianResTime" : 32.0,
    "minResTime" : 31.0,
    "maxResTime" : 66.0,
    "pct1ResTime" : 66.0,
    "pct2ResTime" : 66.0,
    "pct3ResTime" : 66.0,
    "throughput" : 2.0161290322580645,
    "receivedKBytesPerSec" : 1.3376543598790323,
    "sentKBytesPerSec" : 0.5670362903225806
  }
}