{
  "zone activity" : {
    "transaction" : "zone activity",
    "sampleCount" : 5,
    "errorCount" : 0,
    "errorPct" : 0.0,
    "meanResTime" : 185.6,
    "medianResTime" : 93.0,
    "minResTime" : 85.0,
    "maxResTime" : 333.0,
    "pct1ResTime" : 333.0,
    "pct2ResTime" : 333.0,
    "pct3ResTime" : 333.0,
    "throughput" : 2.1440823327615783,
    "receivedKBytesPerSec" : 596.3413245068612,
    "sentKBytesPerSec" : 0.6993393546312179
  },
  "Total" : {
    "transaction" : "Total",
    "sampleCount" : 15,
    "errorCount" : 0,
    "errorPct" : 0.0,
    "meanResTime" : 148.73333333333332,
    "medianResTime" : 59.0,
    "minResTime" : 20.0,
    "maxResTime" : 906.0,
    "pct1ResTime" : 562.2000000000003,
    "pct2ResTime" : 906.0,
    "pct3ResTime" : 906.0,
    "throughput" : 3.692762186115214,
    "receivedKBytesPerSec" : 344.14187515386504,
    "sentKBytesPerSec" : 1.0542162881585426
  },
  "login" : {
    "transaction" : "login",
    "sampleCount" : 5,
    "errorCount" : 0,
    "errorPct" : 0.0,
    "meanResTime" : 229.6,
    "medianResTime" : 59.0,
    "minResTime" : 54.0,
    "maxResTime" : 906.0,
    "pct1ResTime" : 906.0,
    "pct2ResTime" : 906.0,
    "pct3ResTime" : 906.0,
    "throughput" : 1.2651821862348178,
    "receivedKBytesPerSec" : 0.9908946419534413,
    "sentKBytesPerSec" : 0.3150600170799595
  },
  "create api key" : {
    "transaction" : "create api key",
    "sampleCount" : 5,
    "errorCount" : 0,
    "errorPct" : 0.0,
    "meanResTime" : 31.0,
    "medianResTime" : 21.0,
    "minResTime" : 20.0,
    "maxResTime" : 47.0,
    "pct1ResTime" : 47.0,
    "pct2ResTime" : 47.0,
    "pct3ResTime" : 47.0,
    "throughput" : 2.168256721595837,
    "receivedKBytesPerSec" : 1.4398579791847355,
    "sentKBytesPerSec" : 0.6098222029488292
  }
}