{
  "zone activity" : {
    "transaction" : "zone activity",
    "sampleCount" : 5,
    "errorCount" : 0,
    "errorPct" : 0.0,
    "meanResTime" : 1297.8,
    "medianResTime" : 1735.0,
    "minResTime" : 154.0,
    "maxResTime" : 1929.0,
    "pct1ResTime" : 1929.0,
    "pct2ResTime" : 1929.0,
    "pct3ResTime" : 1929.0,
    "throughput" : 2.1422450728363325,
    "receivedKBytesPerSec" : 596.0826203673951,
    "sentKBytesPerSec" : 0.6987400921165381
  },
  "Total" : {
    "transaction" : "Total",
    "sampleCount" : 15,
    "errorCount" : 0,
    "errorPct" : 0.0,
    "meanResTime" : 565.1999999999999,
    "medianResTime" : 103.0,
    "minResTime" : 29.0,
    "maxResTime" : 1929.0,
    "pct1ResTime" : 1928.4,
    "pct2ResTime" : 1929.0,
    "pct3ResTime" : 1929.0,
    "throughput" : 3.6031707902954597,
    "receivedKBytesPerSec" : 335.9332775342301,
    "sentKBytesPerSec" : 1.028639577828489
  },
  "login" : {
    "transaction" : "login",
    "sampleCount" : 5,
    "errorCount" : 0,
    "errorPct" : 0.0,
    "meanResTime" : 351.4,
    "medianResTime" : 103.0,
    "minResTime" : 88.0,
    "maxResTime" : 1183.0,
    "pct1ResTime" : 1183.0,
    "pct2ResTime" : 1183.0,
    "pct3ResTime" : 1183.0,
    "throughput" : 1.2569130216189042,
    "receivedKBytesPerSec" : 0.9844182063851181,
    "sentKBytesPerSec" : 0.31300080128205127
  },
  "create api key" : {
    "transaction" : "create api key",
    "sampleCount" : 5,
    "errorCount" : 0,
    "errorPct" : 0.0,
    "meanResTime" : 46.4,
    "medianResTime" : 32.0,
    "minResTime" : 29.0,
    "maxResTime" : 80.0,
    "pct1ResTime" : 80.0,
    "pct2ResTime" : 80.0,
    "pct3ResTime" : 80.0,
    "throughput" : 2.2163120567375887,
    "receivedKBytesPerSec" : 1.4704711048315604,
    "sentKBytesPerSec" : 0.6233377659574468
  }
}