{
  "zone activity" : {
    "transaction" : "zone activity",
    "sampleCount" : 5,
    "errorCount" : 0,
    "errorPct" : 0.0,
    "meanResTime" : 209.2,
    "medianResTime" : 185.0,
    "minResTime" : 163.0,
    "maxResTime" : 279.0,
    "pct1ResTime" : 279.0,
    "pct2ResTime" : 279.0,
    "pct3ResTime" : 279.0,
    "throughput" : 1.923816852635629,
    "receivedKBytesPerSec" : 535.2220054588303,
    "sentKBytesPerSec" : 0.6274949499807618
  },
  "Total" : {
    "transaction" : "Total",
    "sampleCount" : 15,
    "errorCount" : 0,
    "errorPct" : 0.0,
    "meanResTime" : 177.13333333333335,
    "medianResTime" : 106.0,
    "minResTime" : 31.0,
    "maxResTime" : 991.0,
    "pct1ResTime" : 563.8000000000002,
    "pct2ResTime" : 991.0,
    "pct3ResTime" : 991.0,
    "throughput" : 3.5469378103570586,
    "receivedKBytesPerSec" : 330.63972348663987,
    "sentKBytesPerSec" : 1.012586087136439
  },
  "login" : {
    "transaction" : "login",
    "sampleCount" : 5,
    "errorCount" : 0,
    "errorPct" : 0.0,
    "meanResTime" : 280.8,
    "medianResTime" : 106.0,
    "minResTime" : 94.0,
    "maxResTime" : 991.0,
    "pct1ResTime" : 991.0,
    "pct2ResTime" : 991.0,
    "pct3ResTime" : 991.0,
    "throughput" : 1.2484394506866416,
    "receivedKBytesPerSec" : 0.9777816791510612,
    "sentKBytesPerSec" : 0.3108906835205993
  },
  "create api key" : {
    "transaction" : "create api key",
    "sampleCount" : 5,
    "errorCount" : 0,
    "errorPct" : 0.0,
    "meanResTime" : 41.4,
    "medianResTime" : 36.0,
    "minResTime" : 31.0,
    "maxResTime" : 57.0,
    "pct1ResTime" : 57.0,
    "pct2ResTime" : 57.0,
    "pct3ResTime" : 57.0,
    "throughput" : 2.0161290322580645,
    "receivedKBytesPerSec" : 1.3376543598790323,
    "sentKBytesPerSec" : 0.5670362903225806
  }
}