{
  "zone activity" : {
    "transaction" : "zone activity",
    "sampleCount" : 5,
    "errorCount" : 0,
    "errorPct" : 0.0,
    "meanResTime" : 122.6,
    "medianResTime" : 104.0,
    "minResTime" : 102.0,
    "maxResTime" : 153.0,
    "pct1ResTime" : 153.0,
    "pct2ResTime" : 153.0,
    "pct3ResTime" : 153.0,
    "throughput" : 2.1968365553602816,
    "receivedKBytesPerSec" : 611.0058937005713,
    "sentKBytesPerSec" : 0.7165462983304043
  },
  "Total" : {
    "transaction" : "Total",
    "sampleCount" : 15,
    "errorCount" : 0,
    "errorPct" : 0.0,
    "meanResTime" : 152.33333333333334,
    "medianResTime" : 59.0,
    "minResTime" : 18.0,
    "maxResTime" : 1134.0,
    "pct1ResTime" : 597.0000000000003,
    "pct2ResTime" : 1134.0,
    "pct3ResTime" : 1134.0,
    "throughput" : 3.681885125184094,
    "receivedKBytesPerSec" : 343.1236480578056,
    "sentKBytesPerSec" : 1.0511110855424644
  },
  "login" : {
    "transaction" : "login",
    "sampleCount" : 5,
    "errorCount" : 0,
    "errorPct" : 0.0,
    "meanResTime" : 307.4,
    "medianResTime" : 59.0,
    "minResTime" : 52.0,
    "maxResTime" : 1134.0,
    "pct1ResTime" : 1134.0,
    "pct2ResTime" : 1134.0,
    "pct3ResTime" : 1134.0,
    "throughput" : 1.2664640324214793,
    "receivedKBytesPerSec" : 0.9918985878926039,
    "sentKBytesPerSec" : 0.3153792268237082
  },
  "create api key" : {
    "transaction" : "create api key",
    "sampleCount" : 5,
    "errorCount" : 0,
    "errorPct" : 0.0,
    "meanResTime" : 27.0,
    "medianResTime" : 19.0,
    "minResTime" : 18.0,
    "maxResTime" : 40.0,
    "pct1ResTime" : 40.0,
    "pct2ResTime" : 40.0,
    "pct3ResTime" : 40.0,
    "throughput" : 2.2451728783116303,
    "receivedKBytesPerSec" : 1.4909351145038168,
    "sentKBytesPerSec" : 0.6314548720251459
  }
}