{
  "zone activity" : {
    "transaction" : "zone activity",
    "sampleCount" : 5,
    "errorCount" : 0,
    "errorPct" : 0.0,
    "meanResTime" : 2163.4,
    "medianResTime" : 2658.0,
    "minResTime" : 883.0,
    "maxResTime" : 2690.0,
    "pct1ResTime" : 2690.0,
    "pct2ResTime" : 2690.0,
    "pct3ResTime" : 2690.0,
    "throughput" : 1.8532246108228316,
    "receivedKBytesPerSec" : 515.6659012462935,
    "sentKBytesPerSec" : 0.6044697461082283
  },
  "Total" : {
    "transaction" : "Total",
    "sampleCount" : 15,
    "errorCount" : 0,
    "errorPct" : 0.0,
    "meanResTime" : 950.0000000000001,
    "medianResTime" : 195.0,
    "minResTime" : 61.0,
    "maxResTime" : 2690.0,
    "pct1ResTime" : 2687.0,
    "pct2ResTime" : 2690.0,
    "pct3ResTime" : 2690.0,
    "throughput" : 2.9934144881261227,
    "receivedKBytesPerSec" : 279.0862056600479,
    "sentKBytesPerSec" : 0.8545652689084015
  },
  "login" : {
    "transaction" : "login",
    "sampleCount" : 5,
    "errorCount" : 0,
    "errorPct" : 0.0,
    "meanResTime" : 600.6,
    "medianResTime" : 195.0,
    "minResTime" : 188.0,
    "maxResTime" : 1646.0,
    "pct1ResTime" : 1646.0,
    "pct2ResTime" : 1646.0,
    "pct3ResTime" : 1646.0,
    "throughput" : 1.2360939431396785,
    "receivedKBytesPerSec" : 0.9681126390605687,
    "sentKBytesPerSec" : 0.30781636279357233
  },
  "create api key" : {
    "transaction" : "create api key",
    "sampleCount" : 5,
    "errorCount" : 0,
    "errorPct" : 0.0,
    "meanResTime" : 86.0,
    "medianResTime" : 88.0,
    "minResTime" : 61.0,
    "maxResTime" : 112.0,
    "pct1ResTime" : 112.0,
    "pct2ResTime" : 112.0,
    "pct3ResTime" : 112.0,
    "throughput" : 2.638522427440633,
    "receivedKBytesPerSec" : 1.7511131266490765,
    "sentKBytesPerSec" : 0.7420844327176781
  }
}