{
  "zone activity" : {
    "transaction" : "zone activity",
    "sampleCount" : 5,
    "errorCount" : 0,
    "errorPct" : 0.0,
    "meanResTime" : 278.2,
    "medianResTime" : 280.0,
    "minResTime" : 257.0,
    "maxResTime" : 288.0,
    "pct1ResTime" : 288.0,
    "pct2ResTime" : 288.0,
    "pct3ResTime" : 288.0,
    "throughput" : 2.215330084182543,
    "receivedKBytesPerSec" : 616.6163602126717,
    "sentKBytesPerSec" : 0.722578367301728
  },
  "Total" : {
    "transaction" : "Total",
    "sampleCount" : 15,
    "errorCount" : 0,
    "errorPct" : 0.0,
    "meanResTime" : 290.2,
    "medianResTime" : 185.0,
    "minResTime" : 58.0,
    "maxResTime" : 1490.0,
    "pct1ResTime" : 951.8000000000003,
    "pct2ResTime" : 1490.0,
    "pct3ResTime" : 1490.0,
    "throughput" : 3.399048266485384,
    "receivedKBytesPerSec" : 317.0037389530931,
    "sentKBytesPerSec" : 0.9703663182642193
  },
  "login" : {
    "transaction" : "login",
    "sampleCount" : 5,
    "errorCount" : 0,
    "errorPct" : 0.0,
    "meanResTime" : 523.6,
    "medianResTime" : 185.0,
    "minResTime" : 175.0,
    "maxResTime" : 1490.0,
    "pct1ResTime" : 1490.0,
    "pct2ResTime" : 1490.0,
    "pct3ResTime" : 1490.0,
    "throughput" : 1.2281994595922379,
    "receivedKBytesPerSec" : 0.961929654875952,
    "sentKBytesPerSec" : 0.3058504513633014
  },
  "create api key" : {
    "transaction" : "create api key",
    "sampleCount" : 5,
    "errorCount" : 0,
    "errorPct" : 0.0,
    "meanResTime" : 68.8,
    "medianResTime" : 62.0,
    "minResTime" : 58.0,
    "maxResTime" : 94.0,
    "pct1ResTime" : 94.0,
    "pct2ResTime" : 94.0,
    "pct3ResTime" : 94.0,
    "throughput" : 2.42600679281902,
    "receivedKBytesPerSec" : 1.6100724769529355,
    "sentKBytesPerSec" : 0.6823144104803494
  }
}