{
  "zone activity" : {
    "transaction" : "zone activity",
    "sampleCount" : 5,
    "errorCount" : 0,
    "errorPct" : 0.0,
    "meanResTime" : 360.6,
    "medianResTime" : 380.0,
    "minResTime" : 312.0,
    "maxResTime" : 412.0,
    "pct1ResTime" : 412.0,
    "pct2ResTime" : 412.0,
    "pct3ResTime" : 412.0,
    "throughput" : 2.1440823327615783,
    "receivedKBytesPerSec" : 596.3940890330189,
    "sentKBytesPerSec" : 0.6993393546312179
  },
  "Total" : {
    "transaction" : "Total",
    "sampleCount" : 15,
    "errorCount" : 0,
    "errorPct" : 0.0,
    "meanResTime" : 258.86666666666673,
    "medianResTime" : 181.0,
    "minResTime" : 60.0,
    "maxResTime" : 998.0,
    "pct1ResTime" : 646.4000000000002,
    "pct2ResTime" : 998.0,
    "pct3ResTime" : 998.0,
    "throughput" : 3.360215053763441,
    "receivedKBytesPerSec" : 313.17794963877685,
    "sentKBytesPerSec" : 0.9592801439292113
  },
  "login" : {
    "transaction" : "login",
    "sampleCount" : 5,
    "errorCount" : 0,
    "errorPct" : 0.0,
    "meanResTime" : 343.2,
    "medianResTime" : 181.0,
    "minResTime" : 176.0,
    "maxResTime" : 998.0,
    "pct1ResTime" : 998.0,
    "pct2ResTime" : 998.0,
    "pct3ResTime" : 998.0,
    "throughput" : 1.223391240518718,
    "receivedKBytesPerSec" : 0.9581638426718865,
    "sentKBytesPerSec" : 0.30465309212136044
  },
  "create api key" : {
    "transaction" : "create api key",
    "sampleCount" : 5,
    "errorCount" : 0,
    "errorPct" : 0.0,
    "meanResTime" : 72.8,
    "medianResTime" : 61.0,
    "minResTime" : 60.0,
    "maxResTime" : 98.0,
    "pct1ResTime" : 98.0,
    "pct2ResTime" : 98.0,
    "pct3ResTime" : 98.0,
    "throughput" : 2.36630383341221,
    "receivedKBytesPerSec" : 1.5709114706578324,
    "sentKBytesPerSec" : 0.6655229531471841
  }
}