{
  "zone activity" : {
    "transaction" : "zone activity",
    "sampleCount" : 5,
    "errorCount" : 0,
    "errorPct" : 0.0,
    "meanResTime" : 128.0,
    "medianResTime" : 126.0,
    "minResTime" : 123.0,
    "maxResTime" : 134.0,
    "pct1ResTime" : 134.0,
    "pct2ResTime" : 134.0,
    "pct3ResTime" : 134.0,
    "throughput" : 2.112378538234051,
    "receivedKBytesPerSec" : 30.715304182509506,
    "sentKBytesPerSec" : 0.6869355988593155
  },
  "Total" : {
    "transaction" : "Total",
    "sampleCount" : 15,
    "errorCount" : 0,
    "errorPct" : 0.0,
    "meanResTime" : 208.20000000000002,
    "medianResTime" : 126.0,
    "minResTime" : 64.0,
    "maxResTime" : 1194.0,
    "pct1ResTime" : 650.4000000000003,
    "pct2ResTime" : 1194.0,
    "pct3ResTime" : 1194.0,
    "throughput" : 3.4989503149055285,
    "receivedKBytesPerSec" : 18.646261590272918,
    "sentKBytesPerSec" : 0.9977475507347796
  },
  "login" : {
    "transaction" : "login",
    "sampleCount" : 5,
    "errorCount" : 0,
    "errorPct" : 0.0,
    "meanResTime" : 415.6,
    "medianResTime" : 207.0,
    "minResTime" : 192.0,
    "maxResTime" : 1194.0,
    "pct1ResTime" : 1194.0,
    "pct2ResTime" : 1194.0,
    "pct3ResTime" : 1194.0,
    "throughput" : 1.22040517451794,
    "receivedKBytesPerSec" : 0.9558251464486208,
    "sentKBytesPerSec" : 0.30390949170124476
  },
  "create api key" : {
    "transaction" : "create api key",
    "sampleCount" : 5,
    "errorCount" : 0,
    "errorPct" : 0.0,
    "meanResTime" : 81.0,
    "medianResTime" : 72.0,
    "minResTime" : 64.0,
    "maxResTime" : 109.0,
    "pct1ResTime" : 109.0,
    "pct2ResTime" : 109.0,
    "pct3ResTime" : 109.0,
    "throughput" : 2.127659574468085,
    "receivedKBytesPerSec" : 1.4116522606382977,
    "sentKBytesPerSec" : 0.5984042553191489
  }
}