{
  "zone activity" : {
    "transaction" : "zone activity",
    "sampleCount" : 5,
    "errorCount" : 0,
    "errorPct" : 0.0,
    "meanResTime" : 915.6,
    "medianResTime" : 1297.0,
    "minResTime" : 198.0,
    "maxResTime" : 1400.0,
    "pct1ResTime" : 1400.0,
    "pct2ResTime" : 1400.0,
    "pct3ResTime" : 1400.0,
    "throughput" : 2.207505518763797,
    "receivedKBytesPerSec" : 613.97540700883,
    "sentKBytesPerSec" : 0.7200262141280352
  },
  "Total" : {
    "transaction" : "Total",
    "sampleCount" : 15,
    "errorCount" : 0,
    "errorPct" : 0.0,
    "meanResTime" : 460.13333333333327,
    "medianResTime" : 141.0,
    "minResTime" : 39.0,
    "maxResTime" : 1400.0,
    "pct1ResTime" : 1395.2,
    "pct2ResTime" : 1400.0,
    "pct3ResTime" : 1400.0,
    "throughput" : 3.5211267605633805,
    "receivedKBytesPerSec" : 328.14265148180755,
    "sentKBytesPerSec" : 1.0052175029342723
  },
  "login" : {
    "transaction" : "login",
    "sampleCount" : 5,
    "errorCount" : 0,
    "errorPct" : 0.0,
    "meanResTime" : 414.6,
    "medianResTime" : 141.0,
    "minResTime" : 117.0,
    "maxResTime" : 1301.0,
    "pct1ResTime" : 1301.0,
    "pct2ResTime" : 1301.0,
    "pct3ResTime" : 1301.0,
    "throughput" : 1.2434717731907485,
    "receivedKBytesPerSec" : 0.9738909786122856,
    "sentKBytesPerSec" : 0.30965361539418057
  },
  "create api key" : {
    "transaction" : "create api key",
    "sampleCount" : 5,
    "errorCount" : 0,
    "errorPct" : 0.0,
    "meanResTime" : 50.2,
    "medianResTime" : 43.0,
    "minResTime" : 39.0,
    "maxResTime" : 66.0,
    "pct1ResTime" : 66.0,
    "pct2ResTime" : 66.0,
    "pct3ResTime" : 66.0,
    "throughput" : 2.3255813953488373,
    "receivedKBytesPerSec" : 1.54296875,
    "sentKBytesPerSec" : 0.6540697674418605
  }
}