{
  "zone activity" : {
    "transaction" : "zone activity",
    "sampleCount" : 5,
    "errorCount" : 0,
    "errorPct" : 0.0,
    "meanResTime" : 1104.6,
    "medianResTime" : 1485.0,
    "minResTime" : 89.0,
    "maxResTime" : 1733.0,
    "pct1ResTime" : 1733.0,
    "pct2ResTime" : 1733.0,
    "pct3ResTime" : 1733.0,
    "throughput" : 2.1404109589041096,
    "receivedKBytesPerSec" : 595.5651688249144,
    "sentKBytesPerSec" : 0.6981418557363014
  },
  "Total" : {
    "transaction" : "Total",
    "sampleCount" : 15,
    "errorCount" : 0,
    "errorPct" : 0.0,
    "meanResTime" : 473.73333333333335,
    "medianResTime" : 59.0,
    "minResTime" : 16.0,
    "maxResTime" : 1733.0,
    "pct1ResTime" : 1730.6,
    "pct2ResTime" : 1733.0,
    "pct3ResTime" : 1733.0,
    "throughput" : 3.692762186115214,
    "receivedKBytesPerSec" : 344.2820366352782,
    "sentKBytesPerSec" : 1.0542162881585426
  },
  "login" : {
    "transaction" : "login",
    "sampleCount" : 5,
    "errorCount" : 0,
    "errorPct" : 0.0,
    "meanResTime" : 290.0,
    "medianResTime" : 59.0,
    "minResTime" : 48.0,
    "maxResTime" : 1098.0,
    "pct1ResTime" : 1098.0,
    "pct2ResTime" : 1098.0,
    "pct3ResTime" : 1098.0,
    "throughput" : 1.2648621300278269,
    "receivedKBytesPerSec" : 0.9906439729319505,
    "sentKBytesPerSec" : 0.31498031558310147
  },
  "create api key" : {
    "transaction" : "create api key",
    "sampleCount" : 5,
    "errorCount" : 0,
    "errorPct" : 0.0,
    "meanResTime" : 26.6,
    "medianResTime" : 17.0,
    "minResTime" : 16.0,
    "maxResTime" : 45.0,
    "pct1ResTime" : 45.0,
    "pct2ResTime" : 45.0,
    "pct3ResTime" : 45.0,
    "throughput" : 2.172024326672459,
    "receivedKBytesPerSec" : 1.44108723392702,
    "sentKBytesPerSec" : 0.610881841876629
  }
}