{
  "zone activity" : {
    "transaction" : "zone activity",
    "sampleCount" : 5,
    "errorCount" : 0,
    "errorPct" : 0.0,
    "meanResTime" : 180.8,
    "medianResTime" : 160.0,
    "minResTime" : 155.0,
    "maxResTime" : 217.0,
    "pct1ResTime" : 217.0,
    "pct2ResTime" : 217.0,
    "pct3ResTime" : 217.0,
    "throughput" : 1.6920473773265652,
    "receivedKBytesPerSec" : 470.73352897631133,
    "sentKBytesPerSec" : 0.5518982656514382
  },
  "Total" : {
    "transaction" : "Total",
    "sampleCount" : 15,
    "errorCount" : 0,
    "errorPct" : 0.0,
    "meanResTime" : 135.33333333333334,
    "medianResTime" : 90.0,
    "minResTime" : 29.0,
    "maxResTime" : 577.0,
    "pct1ResTime" : 361.0000000000001,
    "pct2ResTime" : 577.0,
    "pct3ResTime" : 577.0,
    "throughput" : 3.57227911407478,
    "receivedKBytesPerSec" : 332.99618398725886,
    "sentKBytesPerSec" : 1.0198205673969993
  },
  "login" : {
    "transaction" : "login",
    "sampleCount" : 5,
    "errorCount" : 0,
    "errorPct" : 0.0,
    "meanResTime" : 188.2,
    "medianResTime" : 90.0,
    "minResTime" : 85.0,
    "maxResTime" : 577.0,
    "pct1ResTime" : 577.0,
    "pct2ResTime" : 577.0,
    "pct3ResTime" : 577.0,
    "throughput" : 1.2471938139186831,
    "receivedKBytesPerSec" : 0.9768060925417809,
    "sentKBytesPerSec" : 0.31058049077076577
  },
  "create api key" : {
    "transaction" : "create api key",
    "sampleCount" : 5,
    "errorCount" : 0,
    "errorPct" : 0.0,
    "meanResTime" : 37.0,
    "medianResTime" : 31.0,
    "minResTime" : 29.0,
    "maxResTime" : 49.0,
    "pct1ResTime" : 49.0,
    "pct2ResTime" : 49.0,
    "pct3ResTime" : 49.0,
    "throughput" : 1.7500875043752186,
    "receivedKBytesPerSec" : 1.1611420414770737,
    "sentKBytesPerSec" : 0.4922121106055302
  }
}