{
  "zone activity" : {
    "transaction" : "zone activity",
    "sampleCount" : 5,
    "errorCount" : 0,
    "errorPct" : 0.0,
    "meanResTime" : 238.4,
    "medianResTime" : 238.0,
    "minResTime" : 193.0,
    "maxResTime" : 273.0,
    "pct1ResTime" : 273.0,
    "pct2ResTime" : 273.0,
    "pct3ResTime" : 273.0,
    "throughput" : 2.043318348998774,
    "receivedKBytesPerSec" : 568.4092607018798,
    "sentKBytesPerSec" : 0.6664729771148344
  },
  "Total" : {
    "transaction" : "Total",
    "sampleCount" : 15,
    "errorCount" : 0,
    "errorPct" : 0.0,
    "meanResTime" : 218.79999999999998,
    "medianResTime" : 133.0,
    "minResTime" : 37.0,
    "maxResTime" : 1171.0,
    "pct1ResTime" : 632.2000000000003,
    "pct2ResTime" : 1171.0,
    "pct3ResTime" : 1171.0,
    "throughput" : 3.4706154558074966,
    "receivedKBytesPerSec" : 323.49163798588614,
    "sentKBytesPerSec" : 0.9907974462054604
  },
  "login" : {
    "transaction" : "login",
    "sampleCount" : 5,
    "errorCount" : 0,
    "errorPct" : 0.0,
    "meanResTime" : 366.0,
    "medianResTime" : 133.0,
    "minResTime" : 129.0,
    "maxResTime" : 1171.0,
    "pct1ResTime" : 1171.0,
    "pct2ResTime" : 1171.0,
    "pct3ResTime" : 1171.0,
    "throughput" : 1.2388503468780971,
    "receivedKBytesPerSec" : 0.9702714630822598,
    "sentKBytesPerSec" : 0.3085027719276512
  },
  "create api key" : {
    "transaction" : "create api key",
    "sampleCount" : 5,
    "errorCount" : 0,
    "errorPct" : 0.0,
    "meanResTime" : 52.0,
    "medianResTime" : 45.0,
    "minResTime" : 37.0,
    "maxResTime" : 71.0,
    "pct1ResTime" : 71.0,
    "pct2ResTime" : 71.0,
    "pct3ResTime" : 71.0,
    "throughput" : 2.177700348432056,
    "receivedKBytesPerSec" : 1.4448531413327528,
    "sentKBytesPerSec" : 0.6124782229965158
  }
}