{
  "zone activity" : {
    "transaction" : "zone activity",
    "sampleCount" : 5,
    "errorCount" : 0,
    "errorPct" : 0.0,
    "meanResTime" : 147.0,
    "medianResTime" : 101.0,
    "minResTime" : 87.0,
    "maxResTime" : 227.0,
    "pct1ResTime" : 227.0,
    "pct2ResTime" : 227.0,
    "pct3ResTime" : 227.0,
    "throughput" : 1.9120458891013383,
    "receivedKBytesPerSec" : 532.0917483269598,
    "sentKBytesPerSec" : 0.6236555927342256
  },
  "Total" : {
    "transaction" : "Total",
    "sampleCount" : 15,
    "errorCount" : 0,
    "errorPct" : 0.0,
    "meanResTime" : 133.20000000000002,
    "medianResTime" : 87.0,
    "minResTime" : 15.0,
    "maxResTime" : 759.0,
    "pct1ResTime" : 439.8000000000002,
    "pct2ResTime" : 759.0,
    "pct3ResTime" : 759.0,
    "throughput" : 3.6836935166994107,
    "receivedKBytesPerSec" : 343.481157523944,
    "sentKBytesPerSec" : 1.0516273483546168
  },
  "login" : {
    "transaction" : "login",
    "sampleCount" : 5,
    "errorCount" : 0,
    "errorPct" : 0.0,
    "meanResTime" : 198.8,
    "medianResTime" : 70.0,
    "minResTime" : 47.0,
    "maxResTime" : 759.0,
    "pct1ResTime" : 759.0,
    "pct2ResTime" : 759.0,
    "pct3ResTime" : 759.0,
    "throughput" : 1.2626262626262628,
    "receivedKBytesPerSec" : 0.9888928345959596,
    "sentKBytesPerSec" : 0.3144235321969697
  },
  "create api key" : {
    "transaction" : "create api key",
    "sampleCount" : 5,
    "errorCount" : 0,
    "errorPct" : 0.0,
    "meanResTime" : 53.800000000000004,
    "medianResTime" : 16.0,
    "minResTime" : 15.0,
    "maxResTime" : 112.0,
    "pct1ResTime" : 112.0,
    "pct2ResTime" : 112.0,
    "pct3ResTime" : 112.0,
    "throughput" : 1.889644746787604,
    "receivedKBytesPerSec" : 1.2544731434240364,
    "sentKBytesPerSec" : 0.5314625850340137
  }
}