{
  "zone activity" : {
    "transaction" : "zone activity",
    "sampleCount" : 5,
    "errorCount" : 0,
    "errorPct" : 0.0,
    "meanResTime" : 267.4,
    "medianResTime" : 226.0,
    "minResTime" : 202.0,
    "maxResTime" : 344.0,
    "pct1ResTime" : 344.0,
    "pct2ResTime" : 344.0,
    "pct3ResTime" : 344.0,
    "throughput" : 1.8261504747991235,
    "receivedKBytesPerSec" : 507.9844149470416,
    "sentKBytesPerSec" : 0.5956389243973703
  },
  "Total" : {
    "transaction" : "Total",
    "sampleCount" : 15,
    "errorCount" : 0,
    "errorPct" : 0.0,
    "meanResTime" : 186.33333333333334,
    "medianResTime" : 138.0,
    "minResTime" : 40.0,
    "maxResTime" : 665.0,
    "pct1ResTime" : 472.4000000000001,
    "pct2ResTime" : 665.0,
    "pct3ResTime" : 665.0,
    "throughput" : 3.4738304770727186,
    "receivedKBytesPerSec" : 323.7829380644975,
    "sentKBytesPerSec" : 0.991715276169523
  },
  "login" : {
    "transaction" : "login",
    "sampleCount" : 5,
    "errorCount" : 0,
    "errorPct" : 0.0,
    "meanResTime" : 241.0,
    "medianResTime" : 138.0,
    "minResTime" : 119.0,
    "maxResTime" : 665.0,
    "pct1ResTime" : 665.0,
    "pct2ResTime" : 665.0,
    "pct3ResTime" : 665.0,
    "throughput" : 1.2348728081007656,
    "receivedKBytesPerSec" : 0.9671562422820449,
    "sentKBytesPerSec" : 0.30751227154853045
  },
  "create api key" : {
    "transaction" : "create api key",
    "sampleCount" : 5,
    "errorCount" : 0,
    "errorPct" : 0.0,
    "meanResTime" : 50.6,
    "medianResTime" : 44.0,
    "minResTime" : 40.0,
    "maxResTime" : 65.0,
    "pct1ResTime" : 65.0,
    "pct2ResTime" : 65.0,
    "pct3ResTime" : 65.0,
    "throughput" : 1.9305019305019306,
    "receivedKBytesPerSec" : 1.280842784749035,
    "sentKBytesPerSec" : 0.542953667953668
  }
}