{
  "zone activity" : {
    "transaction" : "zone activity",
    "sampleCount" : 5,
    "errorCount" : 0,
    "errorPct" : 0.0,
    "meanResTime" : 882.2,
    "medianResTime" : 1305.0,
    "minResTime" : 152.0,
    "maxResTime" : 1315.0,
    "pct1ResTime" : 1315.0,
    "pct2ResTime" : 1315.0,
    "pct3ResTime" : 1315.0,
    "throughput" : 2.3562676720075397,
    "receivedKBytesPerSec" : 655.5527840775212,
    "sentKBytesPerSec" : 0.7685482445805843
  },
  "Total" : {
    "transaction" : "Total",
    "sampleCount" : 15,
    "errorCount" : 0,
    "errorPct" : 0.0,
    "meanResTime" : 449.3333333333333,
    "medianResTime" : 107.0,
    "minResTime" : 30.0,
    "maxResTime" : 1323.0,
    "pct1ResTime" : 1318.2,
    "pct2ResTime" : 1323.0,
    "pct3ResTime" : 1323.0,
    "throughput" : 3.6900369003690034,
    "receivedKBytesPerSec" : 343.9892758302583,
    "sentKBytesPerSec" : 1.0534382687576875
  },
  "login" : {
    "transaction" : "login",
    "sampleCount" : 5,
    "errorCount" : 0,
    "errorPct" : 0.0,
    "meanResTime" : 428.6,
    "medianResTime" : 107.0,
    "minResTime" : 88.0,
    "maxResTime" : 1323.0,
    "pct1ResTime" : 1323.0,
    "pct2ResTime" : 1323.0,
    "pct3ResTime" : 1323.0,
    "throughput" : 1.288992008249549,
    "receivedKBytesPerSec" : 1.0095425689610724,
    "sentKBytesPerSec" : 0.320989220804331
  },
  "create api key" : {
    "transaction" : "create api key",
    "sampleCount" : 5,
    "errorCount" : 0,
    "errorPct" : 0.0,
    "meanResTime" : 37.2,
    "medianResTime" : 35.0,
    "minResTime" : 30.0,
    "maxResTime" : 45.0,
    "pct1ResTime" : 45.0,
    "pct2ResTime" : 45.0,
    "pct3ResTime" : 45.0,
    "throughput" : 2.465483234714004,
    "receivedKBytesPerSec" : 1.635790341469428,
    "sentKBytesPerSec" : 0.6934171597633136
  }
}