{
  "zone activity" : {
    "transaction" : "zone activity",
    "sampleCount" : 10,
    "errorCount" : 0,
    "errorPct" : 0.0,
    "meanResTime" : 77.60000000000001,
    "medianResTime" : 77.0,
    "minResTime" : 64.0,
    "maxResTime" : 88.0,
    "pct1ResTime" : 87.9,
    "pct2ResTime" : 88.0,
    "pct3ResTime" : 88.0,
    "throughput" : 1.3651877133105803,
    "receivedKBytesPerSec" : 21.299061433447097,
    "sentKBytesPerSec" : 0.4439526450511945
  },
  "Total" : {
    "transaction" : "Total",
    "sampleCount" : 30,
    "errorCount" : 0,
    "errorPct" : 0.0,
    "meanResTime" : 121.56666666666663,
    "medianResTime" : 77.0,
    "minResTime" : 37.0,
    "maxResTime" : 1166.0,
    "pct1ResTime" : 139.60000000000002,
    "pct2ResTime" : 665.4999999999993,
    "pct3ResTime" : 1166.0,
    "throughput" : 3.278330237132554,
    "receivedKBytesPerSec" : 20.849198516555568,
    "sentKBytesPerSec" : 0.9359035214730631
  },
  "login" : {
    "transaction" : "login",
    "sampleCount" : 10,
    "errorCount" : 0,
    "errorPct" : 0.0,
    "meanResTime" : 244.5,
    "medianResTime" : 130.5,
    "minResTime" : 115.0,
    "maxResTime" : 1166.0,
    "pct1ResTime" : 1075.0000000000005,
    "pct2ResTime" : 1166.0,
    "pct3ResTime" : 1166.0,
    "throughput" : 1.1074197120708749,
    "receivedKBytesPerSec" : 1.992057724252492,
    "sentKBytesPerSec" : 0.2768549280177187
  },
  "create api key" : {
    "transaction" : "create api key",
    "sampleCount" : 10,
    "errorCount" : 0,
    "errorPct" : 0.0,
    "meanResTime" : 42.599999999999994,
    "medianResTime" : 42.5,
    "minResTime" : 37.0,
    "maxResTime" : 48.0,
    "pct1ResTime" : 47.9,
    "pct2ResTime" : 48.0,
    "pct3ResTime" : 48.0,
    "throughput" : 1.3702384214853383,
    "receivedKBytesPerSec" : 2.300234225130173,
    "sentKBytesPerSec" : 0.3853795560427514
  }
}