{
  "zone activity" : {
    "transaction" : "zone activity",
    "sampleCount" : 5,
    "errorCount" : 0,
    "errorPct" : 0.0,
    "meanResTime" : 379.2,
    "medianResTime" : 230.0,
    "minResTime" : 183.0,
    "maxResTime" : 646.0,
    "pct1ResTime" : 646.0,
    "pct2ResTime" : 646.0,
    "pct3ResTime" : 646.0,
    "throughput" : 1.7164435290078957,
    "receivedKBytesPerSec" : 477.36406571833163,
    "sentKBytesPerSec" : 0.5598556041881223
  },
  "Total" : {
    "transaction" : "Total",
    "sampleCount" : 15,
    "errorCount" : 0,
    "errorPct" : 0.0,
    "meanResTime" : 223.86666666666665,
    "medianResTime" : 139.0,
    "minResTime" : 39.0,
    "maxResTime" : 687.0,
    "pct1ResTime" : 662.4,
    "pct2ResTime" : 687.0,
    "pct3ResTime" : 687.0,
    "throughput" : 3.5236081747709656,
    "receivedKBytesPerSec" : 328.35210755813955,
    "sentKBytesPerSec" : 1.0059259014564248
  },
  "login" : {
    "transaction" : "login",
    "sampleCount" : 5,
    "errorCount" : 0,
    "errorPct" : 0.0,
    "meanResTime" : 241.2,
    "medianResTime" : 139.0,
    "minResTime" : 108.0,
    "maxResTime" : 687.0,
    "pct1ResTime" : 687.0,
    "pct2ResTime" : 687.0,
    "pct3ResTime" : 687.0,
    "throughput" : 1.239771881973717,
    "receivedKBytesPerSec" : 0.9709932122489461,
    "sentKBytesPerSec" : 0.30873225576493923
  },
  "create api key" : {
    "transaction" : "create api key",
    "sampleCount" : 5,
    "errorCount" : 0,
    "errorPct" : 0.0,
    "meanResTime" : 51.2,
    "medianResTime" : 47.0,
    "minResTime" : 39.0,
    "maxResTime" : 65.0,
    "pct1ResTime" : 65.0,
    "pct2ResTime" : 65.0,
    "pct3ResTime" : 65.0,
    "throughput" : 1.779359430604982,
    "receivedKBytesPerSec" : 1.1805632784697508,
    "sentKBytesPerSec" : 0.5004448398576512
  }
}