{
  "zone activity" : {
    "transaction" : "zone activity",
    "sampleCount" : 5,
    "errorCount" : 0,
    "errorPct" : 0.0,
    "meanResTime" : 589.4,
    "medianResTime" : 685.0,
    "minResTime" : 139.0,
    "maxResTime" : 987.0,
    "pct1ResTime" : 987.0,
    "pct2ResTime" : 987.0,
    "pct3ResTime" : 987.0,
    "throughput" : 2.051702913418137,
    "receivedKBytesPerSec" : 570.8065917367666,
    "sentKBytesPerSec" : 0.6692077862125565
  },
  "Total" : {
    "transaction" : "Total",
    "sampleCount" : 15,
    "errorCount" : 0,
    "errorPct" : 0.0,
    "meanResTime" : 312.0666666666667,
    "medianResTime" : 98.0,
    "minResTime" : 31.0,
    "maxResTime" : 1085.0,
    "pct1ResTime" : 1026.2,
    "pct2ResTime" : 1085.0,
    "pct3ResTime" : 1085.0,
    "throughput" : 3.5945363048166787,
    "receivedKBytesPerSec" : 335.08028733824585,
    "sentKBytesPerSec" : 1.026174589623772
  },
  "login" : {
    "transaction" : "login",
    "sampleCount" : 5,
    "errorCount" : 0,
    "errorPct" : 0.0,
    "meanResTime" : 308.0,
    "medianResTime" : 98.0,
    "minResTime" : 88.0,
    "maxResTime" : 1085.0,
    "pct1ResTime" : 1085.0,
    "pct2ResTime" : 1085.0,
    "pct3ResTime" : 1085.0,
    "throughput" : 1.2503125781445361,
    "receivedKBytesPerSec" : 0.9792487184296074,
    "sentKBytesPerSec" : 0.31135713615903976
  },
  "create api key" : {
    "transaction" : "create api key",
    "sampleCount" : 5,
    "errorCount" : 0,
    "errorPct" : 0.0,
    "meanResTime" : 38.8,
    "medianResTime" : 33.0,
    "minResTime" : 31.0,
    "maxResTime" : 51.0,
    "pct1ResTime" : 51.0,
    "pct2ResTime" : 51.0,
    "pct3ResTime" : 51.0,
    "throughput" : 2.1213406873143827,
    "receivedKBytesPerSec" : 1.407874151463725,
    "sentKBytesPerSec" : 0.59662706830717
  }
}