{
  "zone activity" : {
    "transaction" : "zone activity",
    "sampleCount" : 5,
    "errorCount" : 0,
    "errorPct" : 0.0,
    "meanResTime" : 411.0,
    "medianResTime" : 409.0,
    "minResTime" : 382.0,
    "maxResTime" : 449.0,
    "pct1ResTime" : 449.0,
    "pct2ResTime" : 449.0,
    "pct3ResTime" : 449.0,
    "throughput" : 1.7385257301808068,
    "receivedKBytesPerSec" : 483.62492122305287,
    "sentKBytesPerSec" : 0.5670581971488178
  },
  "Total" : {
    "transaction" : "Total",
    "sampleCount" : 15,
    "errorCount" : 0,
    "errorPct" : 0.0,
    "meanResTime" : 302.0,
    "medianResTime" : 241.0,
    "minResTime" : 76.0,
    "maxResTime" : 1076.0,
    "pct1ResTime" : 699.8000000000002,
    "pct2ResTime" : 1076.0,
    "pct3ResTime" : 1076.0,
    "throughput" : 3.2418413658958287,
    "receivedKBytesPerSec" : 302.16958544953536,
    "sentKBytesPerSec" : 0.9254866138966934
  },
  "login" : {
    "transaction" : "login",
    "sampleCount" : 5,
    "errorCount" : 0,
    "errorPct" : 0.0,
    "meanResTime" : 406.8,
    "medianResTime" : 241.0,
    "minResTime" : 225.0,
    "maxResTime" : 1076.0,
    "pct1ResTime" : 1076.0,
    "pct2ResTime" : 1076.0,
    "pct3ResTime" : 1076.0,
    "throughput" : 1.2100677637947725,
    "receivedKBytesPerSec" : 0.9477288540658277,
    "sentKBytesPerSec" : 0.3013352341481123
  },
  "create api key" : {
    "transaction" : "create api key",
    "sampleCount" : 5,
    "errorCount" : 0,
    "errorPct" : 0.0,
    "meanResTime" : 88.2,
    "medianResTime" : 82.0,
    "minResTime" : 76.0,
    "maxResTime" : 102.0,
    "pct1ResTime" : 102.0,
    "pct2ResTime" : 102.0,
    "pct3ResTime" : 102.0,
    "throughput" : 1.9364833462432223,
    "receivedKBytesPerSec" : 1.2848113139039505,
    "sentKBytesPerSec" : 0.5446359411309063
  }
}