{
  "zone activity" : {
    "transaction" : "zone activity",
    "sampleCount" : 10,
    "errorCount" : 0,
    "errorPct" : 0.0,
    "meanResTime" : 49.8,
    "medianResTime" : 49.0,
    "minResTime" : 47.0,
    "maxResTime" : 55.0,
    "pct1ResTime" : 54.8,
    "pct2ResTime" : 55.0,
    "pct3ResTime" : 55.0,
    "throughput" : 1.3412017167381973,
    "receivedKBytesPerSec" : 20.925104362258583,
    "sentKBytesPerSec" : 0.43615251140021455
  },
  "Total" : {
    "transaction" : "Total",
    "sampleCount" : 30,
    "errorCount" : 0,
    "errorPct" : 0.0,
    "meanResTime" : 83.1666666666667,
    "medianResTime" : 50.5,
    "minResTime" : 27.0,
    "maxResTime" : 901.0,
    "pct1ResTime" : 87.7,
    "pct2ResTime" : 460.4499999999994,
    "pct3ResTime" : 901.0,
    "throughput" : 3.3079722130334104,
    "receivedKBytesPerSec" : 21.038143331679347,
    "sentKBytesPerSec" : 0.9443657652442385
  },
  "login" : {
    "transaction" : "login",
    "sampleCount" : 10,
    "errorCount" : 0,
    "errorPct" : 0.0,
    "meanResTime" : 166.29999999999998,
    "medianResTime" : 82.0,
    "minResTime" : 80.0,
    "maxResTime" : 901.0,
    "pct1ResTime" : 820.9000000000003,
    "pct2ResTime" : 901.0,
    "pct3ResTime" : 901.0,
    "throughput" : 1.112470797641562,
    "receivedKBytesPerSec" : 2.001143759038825,
    "sentKBytesPerSec" : 0.27811769941039044
  },
  "create api key" : {
    "transaction" : "create api key",
    "sampleCount" : 10,
    "errorCount" : 0,
    "errorPct" : 0.0,
    "meanResTime" : 33.4,
    "medianResTime" : 28.5,
    "minResTime" : 27.0,
    "maxResTime" : 54.0,
    "pct1ResTime" : 53.8,
    "pct2ResTime" : 54.0,
    "pct3ResTime" : 54.0,
    "throughput" : 1.3381506757660913,
    "receivedKBytesPerSec" : 2.246629532985414,
    "sentKBytesPerSec" : 0.37635487755921315
  }
}