{
  "zone activity" : {
    "transaction" : "zone activity",
    "sampleCount" : 5,
    "errorCount" : 0,
    "errorPct" : 0.0,
    "meanResTime" : 895.6,
    "medianResTime" : 868.0,
    "minResTime" : 431.0,
    "maxResTime" : 1385.0,
    "pct1ResTime" : 1385.0,
    "pct2ResTime" : 1385.0,
    "pct3ResTime" : 1385.0,
    "throughput" : 1.697792869269949,
    "receivedKBytesPerSec" : 472.38334306027167,
    "sentKBytesPerSec" : 0.5537722835314092
  },
  "Total" : {
    "transaction" : "Total",
    "sampleCount" : 15,
    "errorCount" : 0,
    "errorPct" : 0.0,
    "meanResTime" : 463.26666666666677,
    "medianResTime" : 244.0,
    "minResTime" : 80.0,
    "maxResTime" : 1385.0,
    "pct1ResTime" : 1369.4,
    "pct2ResTime" : 1385.0,
    "pct3ResTime" : 1385.0,
    "throughput" : 3.2147449635662237,
    "receivedKBytesPerSec" : 299.70045944063435,
    "sentKBytesPerSec" : 0.9177510849764251
  },
  "login" : {
    "transaction" : "login",
    "sampleCount" : 5,
    "errorCount" : 0,
    "errorPct" : 0.0,
    "meanResTime" : 408.0,
    "medianResTime" : 244.0,
    "minResTime" : 243.0,
    "maxResTime" : 1056.0,
    "pct1ResTime" : 1056.0,
    "pct2ResTime" : 1056.0,
    "pct3ResTime" : 1056.0,
    "throughput" : 1.2042389210019266,
    "receivedKBytesPerSec" : 0.9431636861753372,
    "sentKBytesPerSec" : 0.29988371567919075
  },
  "create api key" : {
    "transaction" : "create api key",
    "sampleCount" : 5,
    "errorCount" : 0,
    "errorPct" : 0.0,
    "meanResTime" : 86.2,
    "medianResTime" : 81.0,
    "minResTime" : 80.0,
    "maxResTime" : 99.0,
    "pct1ResTime" : 99.0,
    "pct2ResTime" : 99.0,
    "pct3ResTime" : 99.0,
    "throughput" : 1.9091256204658267,
    "receivedKBytesPerSec" : 1.2666601040473462,
    "sentKBytesPerSec" : 0.5369415807560137
  }
}