{
  "zone activity" : {
    "transaction" : "zone activity",
    "sampleCount" : 5,
    "errorCount" : 0,
    "errorPct" : 0.0,
    "meanResTime" : 448.0,
    "medianResTime" : 422.0,
    "minResTime" : 395.0,
    "maxResTime" : 523.0,
    "pct1ResTime" : 523.0,
    "pct2ResTime" : 523.0,
    "pct3ResTime" : 523.0,
    "throughput" : 1.4757969303423848,
    "receivedKBytesPerSec" : 410.542781969451,
    "sentKBytesPerSec" : 0.4813634518890201
  },
  "Total" : {
    "transaction" : "Total",
    "sampleCount" : 15,
    "errorCount" : 0,
    "errorPct" : 0.0,
    "meanResTime" : 298.59999999999997,
    "medianResTime" : 266.0,
    "minResTime" : 79.0,
    "maxResTime" : 686.0,
    "pct1ResTime" : 588.2,
    "pct2ResTime" : 686.0,
    "pct3ResTime" : 686.0,
    "throughput" : 3.1725888324873095,
    "receivedKBytesPerSec" : 295.7177073418993,
    "sentKBytesPerSec" : 0.9057162780245347
  },
  "login" : {
    "transaction" : "login",
    "sampleCount" : 5,
    "errorCount" : 0,
    "errorPct" : 0.0,
    "meanResTime" : 353.8,
    "medianResTime" : 266.0,
    "minResTime" : 248.0,
    "maxResTime" : 686.0,
    "pct1ResTime" : 686.0,
    "pct2ResTime" : 686.0,
    "pct3ResTime" : 686.0,
    "throughput" : 1.1761938367442955,
    "receivedKBytesPerSec" : 0.9214284139026111,
    "sentKBytesPerSec" : 0.29289983239237827
  },
  "create api key" : {
    "transaction" : "create api key",
    "sampleCount" : 5,
    "errorCount" : 0,
    "errorPct" : 0.0,
    "meanResTime" : 94.0,
    "medianResTime" : 83.0,
    "minResTime" : 79.0,
    "maxResTime" : 121.0,
    "pct1ResTime" : 121.0,
    "pct2ResTime" : 121.0,
    "pct3ResTime" : 121.0,
    "throughput" : 1.6072002571520412,
    "receivedKBytesPerSec" : 1.0663397018643521,
    "sentKBytesPerSec" : 0.45202507232401157
  }
}