{
  "zone activity" : {
    "transaction" : "zone activity",
    "sampleCount" : 5,
    "errorCount" : 0,
    "errorPct" : 0.0,
    "meanResTime" : 876.8,
    "medianResTime" : 923.0,
    "minResTime" : 302.0,
    "maxResTime" : 1431.0,
    "pct1ResTime" : 1431.0,
    "pct2ResTime" : 1431.0,
    "pct3ResTime" : 1431.0,
    "throughput" : 1.7844396859386151,
    "receivedKBytesPerSec" : 496.48514175142753,
    "sentKBytesPerSec" : 0.5820340381870093
  },
  "Total" : {
    "transaction" : "Total",
    "sampleCount" : 15,
    "errorCount" : 0,
    "errorPct" : 0.0,
    "meanResTime" : 439.1333333333333,
    "medianResTime" : 192.0,
    "minResTime" : 63.0,
    "maxResTime" : 1431.0,
    "pct1ResTime" : 1426.8,
    "pct2ResTime" : 1431.0,
    "pct3ResTime" : 1431.0,
    "throughput" : 3.35345405767941,
    "receivedKBytesPerSec" : 312.62793776548176,
    "sentKBytesPerSec" : 0.9573500027945451
  },
  "login" : {
    "transaction" : "login",
    "sampleCount" : 5,
    "errorCount" : 0,
    "errorPct" : 0.0,
    "meanResTime" : 350.0,
    "medianResTime" : 192.0,
    "minResTime" : 185.0,
    "maxResTime" : 991.0,
    "pct1ResTime" : 991.0,
    "pct2ResTime" : 991.0,
    "pct3ResTime" : 991.0,
    "throughput" : 1.2189176011701608,
    "receivedKBytesPerSec" : 0.9546600743539736,
    "sentKBytesPerSec" : 0.30353905107264745
  },
  "create api key" : {
    "transaction" : "create api key",
    "sampleCount" : 5,
    "errorCount" : 0,
    "errorPct" : 0.0,
    "meanResTime" : 90.6,
    "medianResTime" : 65.0,
    "minResTime" : 63.0,
    "maxResTime" : 132.0,
    "pct1ResTime" : 132.0,
    "pct2ResTime" : 132.0,
    "pct3ResTime" : 132.0,
    "throughput" : 1.8932222642938281,
    "receivedKBytesPerSec" : 1.2561085999621355,
    "sentKBytesPerSec" : 0.5324687618326391
  }
}