{
  "zone activity" : {
    "transaction" : "zone activity",
    "sampleCount" : 5,
    "errorCount" : 0,
    "errorPct" : 0.0,
    "meanResTime" : 1423.4,
    "medianResTime" : 1901.0,
    "minResTime" : 267.0,
    "maxResTime" : 1937.0,
    "pct1ResTime" : 1937.0,
    "pct2ResTime" : 1937.0,
    "pct3ResTime" : 1937.0,
    "throughput" : 2.3629489603024574,
    "receivedKBytesPerSec" : 657.4296284262759,
    "sentKBytesPerSec" : 0.7707274929111531
  },
  "Total" : {
    "transaction" : "Total",
    "sampleCount" : 15,
    "errorCount" : 0,
    "errorPct" : 0.0,
    "meanResTime" : 678.9333333333334,
    "medianResTime" : 193.0,
    "minResTime" : 53.0,
    "maxResTime" : 1937.0,
    "pct1ResTime" : 1934.0,
    "pct2ResTime" : 1937.0,
    "pct3ResTime" : 1937.0,
    "throughput" : 3.399048266485384,
    "receivedKBytesPerSec" : 316.8718487990029,
    "sentKBytesPerSec" : 0.9703663182642193
  },
  "login" : {
    "transaction" : "login",
    "sampleCount" : 5,
    "errorCount" : 0,
    "errorPct" : 0.0,
    "meanResTime" : 538.0,
    "medianResTime" : 193.0,
    "minResTime" : 163.0,
    "maxResTime" : 1528.0,
    "pct1ResTime" : 1528.0,
    "pct2ResTime" : 1528.0,
    "pct3ResTime" : 1528.0,
    "throughput" : 1.2224938875305624,
    "receivedKBytesPerSec" : 0.957461033007335,
    "sentKBytesPerSec" : 0.30442963019559904
  },
  "create api key" : {
    "transaction" : "create api key",
    "sampleCount" : 5,
    "errorCount" : 0,
    "errorPct" : 0.0,
    "meanResTime" : 75.4,
    "medianResTime" : 83.0,
    "minResTime" : 53.0,
    "maxResTime" : 99.0,
    "pct1ResTime" : 99.0,
    "pct2ResTime" : 99.0,
    "pct3ResTime" : 99.0,
    "throughput" : 2.57201646090535,
    "receivedKBytesPerSec" : 1.7069749871399178,
    "sentKBytesPerSec" : 0.7233796296296297
  }
}