{
  "zone activity" : {
    "transaction" : "zone activity",
    "sampleCount" : 5,
    "errorCount" : 0,
    "errorPct" : 0.0,
    "meanResTime" : 455.0,
    "medianResTime" : 457.0,
    "minResTime" : 417.0,
    "maxResTime" : 489.0,
    "pct1ResTime" : 489.0,
    "pct2ResTime" : 489.0,
    "pct3ResTime" : 489.0,
    "throughput" : 1.7289073305670815,
    "receivedKBytesPerSec" : 480.85741647216463,
    "sentKBytesPerSec" : 0.5639209457123099
  },
  "Total" : {
    "transaction" : "Total",
    "sampleCount" : 15,
    "errorCount" : 0,
    "errorPct" : 0.0,
    "meanResTime" : 333.6666666666667,
    "medianResTime" : 278.0,
    "minResTime" : 89.0,
    "maxResTime" : 1128.0,
    "pct1ResTime" : 744.6000000000003,
    "pct2ResTime" : 1128.0,
    "pct3ResTime" : 1128.0,
    "throughput" : 3.168567807351077,
    "receivedKBytesPerSec" : 295.2843212003591,
    "sentKBytesPerSec" : 0.9045683486480778
  },
  "login" : {
    "transaction" : "login",
    "sampleCount" : 5,
    "errorCount" : 0,
    "errorPct" : 0.0,
    "meanResTime" : 444.8,
    "medianResTime" : 278.0,
    "minResTime" : 256.0,
    "maxResTime" : 1128.0,
    "pct1ResTime" : 1128.0,
    "pct2ResTime" : 1128.0,
    "pct3ResTime" : 1128.0,
    "throughput" : 1.194743130227001,
    "receivedKBytesPerSec" : 0.9357265531660693,
    "sentKBytesPerSec" : 0.29751904121863804
  },
  "create api key" : {
    "transaction" : "create api key",
    "sampleCount" : 5,
    "errorCount" : 0,
    "errorPct" : 0.0,
    "meanResTime" : 101.2,
    "medianResTime" : 95.0,
    "minResTime" : 89.0,
    "maxResTime" : 116.0,
    "pct1ResTime" : 116.0,
    "pct2ResTime" : 116.0,
    "pct3ResTime" : 116.0,
    "throughput" : 1.9500780031201248,
    "receivedKBytesPerSec" : 1.294973673946958,
    "sentKBytesPerSec" : 0.5484594383775351
  }
}