{
  "zone activity" : {
    "transaction" : "zone activity",
    "sampleCount" : 5,
    "errorCount" : 0,
    "errorPct" : 0.0,
    "meanResTime" : 174.0,
    "medianResTime" : 155.0,
    "minResTime" : 150.0,
    "maxResTime" : 210.0,
    "pct1ResTime" : 210.0,
    "pct2ResTime" : 210.0,
    "pct3ResTime" : 210.0,
    "throughput" : 1.9312475859405176,
    "receivedKBytesPerSec" : 537.0863659955581,
    "sentKBytesPerSec" : 0.6299186461954422
  },
  "Total" : {
    "transaction" : "Total",
    "sampleCount" : 15,
    "errorCount" : 0,
    "errorPct" : 0.0,
    "meanResTime" : 158.13333333333333,
    "medianResTime" : 96.0,
    "minResTime" : 32.0,
    "maxResTime" : 919.0,
    "pct1ResTime" : 493.60000000000025,
    "pct2ResTime" : 919.0,
    "pct3ResTime" : 919.0,
    "throughput" : 3.5825173155003585,
    "receivedKBytesPerSec" : 333.83160489312155,
    "sentKBytesPerSec" : 1.0227433872701217
  },
  "login" : {
    "transaction" : "login",
    "sampleCount" : 5,
    "errorCount" : 0,
    "errorPct" : 0.0,
    "meanResTime" : 260.8,
    "medianResTime" : 96.0,
    "minResTime" : 91.0,
    "maxResTime" : 919.0,
    "pct1ResTime" : 919.0,
    "pct2ResTime" : 919.0,
    "pct3ResTime" : 919.0,
    "throughput" : 1.2493753123438283,
    "receivedKBytesPerSec" : 0.9785146489255373,
    "sentKBytesPerSec" : 0.3111237350074963
  },
  "create api key" : {
    "transaction" : "create api key",
    "sampleCount" : 5,
    "errorCount" : 0,
    "errorPct" : 0.0,
    "meanResTime" : 39.6,
    "medianResTime" : 34.0,
    "minResTime" : 32.0,
    "maxResTime" : 51.0,
    "pct1ResTime" : 51.0,
    "pct2ResTime" : 51.0,
    "pct3ResTime" : 51.0,
    "throughput" : 1.9992003198720512,
    "receivedKBytesPerSec" : 1.3275939624150341,
    "sentKBytesPerSec" : 0.5622750899640144
  }
}