{
  "zone activity" : {
    "transaction" : "zone activity",
    "sampleCount" : 5,
    "errorCount" : 0,
    "errorPct" : 0.0,
    "meanResTime" : 77.8,
    "medianResTime" : 82.0,
    "minResTime" : 67.0,
    "maxResTime" : 88.0,
    "pct1ResTime" : 88.0,
    "pct2ResTime" : 88.0,
    "pct3ResTime" : 88.0,
    "throughput" : 2.0729684908789388,
    "receivedKBytesPerSec" : 29.55963995128524,
    "sentKBytesPerSec" : 0.6741196361940299
  },
  "Total" : {
    "transaction" : "Total",
    "sampleCount" : 15,
    "errorCount" : 0,
    "errorPct" : 0.0,
    "meanResTime" : 145.4,
    "medianResTime" : 82.0,
    "minResTime" : 37.0,
    "maxResTime" : 1007.0,
    "pct1ResTime" : 487.4000000000003,
    "pct2ResTime" : 1007.0,
    "pct3ResTime" : 1007.0,
    "throughput" : 3.6701737215561536,
    "receivedKBytesPerSec" : 19.214888671397112,
    "sentKBytesPerSec" : 1.046572975287497
  },
  "login" : {
    "transaction" : "login",
    "sampleCount" : 5,
    "errorCount" : 0,
    "errorPct" : 0.0,
    "meanResTime" : 306.2,
    "medianResTime" : 140.0,
    "minResTime" : 109.0,
    "maxResTime" : 1007.0,
    "pct1ResTime" : 1007.0,
    "pct2ResTime" : 1007.0,
    "pct3ResTime" : 1007.0,
    "throughput" : 1.256281407035176,
    "receivedKBytesPerSec" : 0.9839235238693468,
    "sentKBytesPerSec" : 0.3128435144472362
  },
  "create api key" : {
    "transaction" : "create api key",
    "sampleCount" : 5,
    "errorCount" : 0,
    "errorPct" : 0.0,
    "meanResTime" : 52.2,
    "medianResTime" : 48.0,
    "minResTime" : 37.0,
    "maxResTime" : 66.0,
    "pct1ResTime" : 66.0,
    "pct2ResTime" : 66.0,
    "pct3ResTime" : 66.0,
    "throughput" : 2.0627062706270625,
    "receivedKBytesPerSec" : 1.3685572658828382,
    "sentKBytesPerSec" : 0.5801361386138614
  }
}