{
  "zone activity" : {
    "transaction" : "zone activity",
    "sampleCount" : 5,
    "errorCount" : 0,
    "errorPct" : 0.0,
    "meanResTime" : 433.0,
    "medianResTime" : 409.0,
    "minResTime" : 385.0,
    "maxResTime" : 491.0,
    "pct1ResTime" : 491.0,
    "pct2ResTime" : 491.0,
    "pct3ResTime" : 491.0,
    "throughput" : 1.779359430604982,
    "receivedKBytesPerSec" : 495.0900800711744,
    "sentKBytesPerSec" : 0.5803770017793595
  },
  "Total" : {
    "transaction" : "Total",
    "sampleCount" : 15,
    "errorCount" : 0,
    "errorPct" : 0.0,
    "meanResTime" : 322.20000000000005,
    "medianResTime" : 238.0,
    "minResTime" : 78.0,
    "maxResTime" : 1083.0,
    "pct1ResTime" : 727.8000000000002,
    "pct2ResTime" : 1083.0,
    "pct3ResTime" : 1083.0,
    "throughput" : 3.2390412437918377,
    "receivedKBytesPerSec" : 301.9737485829194,
    "sentKBytesPerSec" : 0.9246872300798963
  },
  "login" : {
    "transaction" : "login",
    "sampleCount" : 5,
    "errorCount" : 0,
    "errorPct" : 0.0,
    "meanResTime" : 407.4,
    "medianResTime" : 238.0,
    "minResTime" : 231.0,
    "maxResTime" : 1083.0,
    "pct1ResTime" : 1083.0,
    "pct2ResTime" : 1083.0,
    "pct3ResTime" : 1083.0,
    "throughput" : 1.2056908608632746,
    "receivedKBytesPerSec" : 0.9443008500120569,
    "sentKBytesPerSec" : 0.30024528273450685
  },
  "create api key" : {
    "transaction" : "create api key",
    "sampleCount" : 5,
    "errorCount" : 0,
    "errorPct" : 0.0,
    "meanResTime" : 126.2,
    "medianResTime" : 85.0,
    "minResTime" : 78.0,
    "maxResTime" : 200.0,
    "pct1ResTime" : 200.0,
    "pct2ResTime" : 200.0,
    "pct3ResTime" : 200.0,
    "throughput" : 1.9127773527161438,
    "receivedKBytesPerSec" : 1.2705773001147667,
    "sentKBytesPerSec" : 0.5379686304514155
  }
}