{
  "zone activity" : {
    "transaction" : "zone activity",
    "sampleCount" : 5,
    "errorCount" : 0,
    "errorPct" : 0.0,
    "meanResTime" : 630.4,
    "medianResTime" : 831.0,
    "minResTime" : 67.0,
    "maxResTime" : 1072.0,
    "pct1ResTime" : 1072.0,
    "pct2ResTime" : 1072.0,
    "pct3ResTime" : 1072.0,
    "throughput" : 2.1729682746631895,
    "receivedKBytesPerSec" : 604.8690616851369,
    "sentKBytesPerSec" : 0.7087611364624076
  },
  "Total" : {
    "transaction" : "Total",
    "sampleCount" : 15,
    "errorCount" : 0,
    "errorPct" : 0.0,
    "meanResTime" : 308.0666666666666,
    "medianResTime" : 46.0,
    "minResTime" : 13.0,
    "maxResTime" : 1072.0,
    "pct1ResTime" : 1070.2,
    "pct2ResTime" : 1072.0,
    "pct3ResTime" : 1072.0,
    "throughput" : 3.7220843672456576,
    "receivedKBytesPerSec" : 347.15561026674936,
    "sentKBytesPerSec" : 1.0625872363523572
  },
  "login" : {
    "transaction" : "login",
    "sampleCount" : 5,
    "errorCount" : 0,
    "errorPct" : 0.0,
    "meanResTime" : 270.2,
    "medianResTime" : 46.0,
    "minResTime" : 37.0,
    "maxResTime" : 1069.0,
    "pct1ResTime" : 1069.0,
    "pct2ResTime" : 1069.0,
    "pct3ResTime" : 1069.0,
    "throughput" : 1.266784899923993,
    "receivedKBytesPerSec" : 0.9921498923232835,
    "sentKBytesPerSec" : 0.3154591303521662
  },
  "create api key" : {
    "transaction" : "create api key",
    "sampleCount" : 5,
    "errorCount" : 0,
    "errorPct" : 0.0,
    "meanResTime" : 23.6,
    "medianResTime" : 14.0,
    "minResTime" : 13.0,
    "maxResTime" : 39.0,
    "pct1ResTime" : 39.0,
    "pct2ResTime" : 39.0,
    "pct3ResTime" : 39.0,
    "throughput" : 2.1862702229995628,
    "receivedKBytesPerSec" : 1.4505390522518584,
    "sentKBytesPerSec" : 0.6148885002186271
  }
}