{
  "zone activity" : {
    "transaction" : "zone activity",
    "sampleCount" : 5,
    "errorCount" : 0,
    "errorPct" : 0.0,
    "meanResTime" : 354.6,
    "medianResTime" : 241.0,
    "minResTime" : 225.0,
    "maxResTime" : 543.0,
    "pct1ResTime" : 543.0,
    "pct2ResTime" : 543.0,
    "pct3ResTime" : 543.0,
    "throughput" : 1.7277125086385627,
    "receivedKBytesPerSec" : 480.6637925449205,
    "sentKBytesPerSec" : 0.5635312284035936
  },
  "Total" : {
    "transaction" : "Total",
    "sampleCount" : 15,
    "errorCount" : 0,
    "errorPct" : 0.0,
    "meanResTime" : 219.33333333333331,
    "medianResTime" : 142.0,
    "minResTime" : 45.0,
    "maxResTime" : 671.0,
    "pct1ResTime" : 594.2,
    "pct2ResTime" : 671.0,
    "pct3ResTime" : 671.0,
    "throughput" : 3.535234503888758,
    "receivedKBytesPerSec" : 329.5485302999057,
    "sentKBytesPerSec" : 1.0092450064812633
  },
  "login" : {
    "transaction" : "login",
    "sampleCount" : 5,
    "errorCount" : 0,
    "errorPct" : 0.0,
    "meanResTime" : 246.8,
    "medianResTime" : 142.0,
    "minResTime" : 134.0,
    "maxResTime" : 671.0,
    "pct1ResTime" : 671.0,
    "pct2ResTime" : 671.0,
    "pct3ResTime" : 671.0,
    "throughput" : 1.2655024044545686,
    "receivedKBytesPerSec" : 0.9911454378638319,
    "sentKBytesPerSec" : 0.31513975892179197
  },
  "create api key" : {
    "transaction" : "create api key",
    "sampleCount" : 5,
    "errorCount" : 0,
    "errorPct" : 0.0,
    "meanResTime" : 56.6,
    "medianResTime" : 49.0,
    "minResTime" : 45.0,
    "maxResTime" : 72.0,
    "pct1ResTime" : 72.0,
    "pct2ResTime" : 72.0,
    "pct3ResTime" : 72.0,
    "throughput" : 1.826817683595177,
    "receivedKBytesPerSec" : 1.2120507170259407,
    "sentKBytesPerSec" : 0.5137924735111435
  }
}