{
  "zone activity" : {
    "transaction" : "zone activity",
    "sampleCount" : 5,
    "errorCount" : 0,
    "errorPct" : 0.0,
    "meanResTime" : 130.2,
    "medianResTime" : 131.0,
    "minResTime" : 125.0,
    "maxResTime" : 137.0,
    "pct1ResTime" : 137.0,
    "pct2ResTime" : 137.0,
    "pct3ResTime" : 137.0,
    "throughput" : 2.0644095788604457,
    "receivedKBytesPerSec" : 574.9989516670107,
    "sentKBytesPerSec" : 0.6733523431048719
  },
  "Total" : {
    "transaction" : "Total",
    "sampleCount" : 15,
    "errorCount" : 0,
    "errorPct" : 0.0,
    "meanResTime" : 139.53333333333333,
    "medianResTime" : 90.0,
    "minResTime" : 30.0,
    "maxResTime" : 900.0,
    "pct1ResTime" : 442.2000000000003,
    "pct2ResTime" : 900.0,
    "pct3ResTime" : 900.0,
    "throughput" : 3.6040365209034118,
    "receivedKBytesPerSec" : 336.34882005345986,
    "sentKBytesPerSec" : 1.0288867281355119
  },
  "login" : {
    "transaction" : "login",
    "sampleCount" : 5,
    "errorCount" : 0,
    "errorPct" : 0.0,
    "meanResTime" : 252.8,
    "medianResTime" : 90.0,
    "minResTime" : 85.0,
    "maxResTime" : 900.0,
    "pct1ResTime" : 900.0,
    "pct2ResTime" : 900.0,
    "pct3ResTime" : 900.0,
    "throughput" : 1.2490632025980515,
    "receivedKBytesPerSec" : 0.978270203597302,
    "sentKBytesPerSec" : 0.3110460123657257
  },
  "create api key" : {
    "transaction" : "create api key",
    "sampleCount" : 5,
    "errorCount" : 0,
    "errorPct" : 0.0,
    "meanResTime" : 35.6,
    "medianResTime" : 33.0,
    "minResTime" : 30.0,
    "maxResTime" : 49.0,
    "pct1ResTime" : 49.0,
    "pct2ResTime" : 49.0,
    "pct3ResTime" : 49.0,
    "throughput" : 2.11954217888936,
    "receivedKBytesPerSec" : 1.4075084781687155,
    "sentKBytesPerSec" : 0.5961212378126325
  }
}