{
  "zone activity" : {
    "transaction" : "zone activity",
    "sampleCount" : 5,
    "errorCount" : 0,
    "errorPct" : 0.0,
    "meanResTime" : 45.4,
    "medianResTime" : 25.0,
    "minResTime" : 24.0,
    "maxResTime" : 78.0,
    "pct1ResTime" : 78.0,
    "pct2ResTime" : 78.0,
    "pct3ResTime" : 78.0,
    "throughput" : 2.026753141467369,
    "receivedKBytesPerSec" : 29.469069846980137,
    "sentKBytesPerSec" : 0.6590906211998379
  },
  "Total" : {
    "transaction" : "Total",
    "sampleCount" : 15,
    "errorCount" : 0,
    "errorPct" : 0.0,
    "meanResTime" : 98.39999999999999,
    "medianResTime" : 44.0,
    "minResTime" : 14.0,
    "maxResTime" : 842.0,
    "pct1ResTime" : 385.40000000000026,
    "pct2ResTime" : 842.0,
    "pct3ResTime" : 842.0,
    "throughput" : 3.7528146109582186,
    "receivedKBytesPerSec" : 19.99839723542657,
    "sentKBytesPerSec" : 1.0701385414060545
  },
  "login" : {
    "transaction" : "login",
    "sampleCount" : 5,
    "errorCount" : 0,
    "errorPct" : 0.0,
    "meanResTime" : 208.8,
    "medianResTime" : 49.0,
    "minResTime" : 43.0,
    "maxResTime" : 842.0,
    "pct1ResTime" : 842.0,
    "pct2ResTime" : 842.0,
    "pct3ResTime" : 842.0,
    "throughput" : 1.2635835228708618,
    "receivedKBytesPerSec" : 0.9896425638109679,
    "sentKBytesPerSec" : 0.3146619124336619
  },
  "create api key" : {
    "transaction" : "create api key",
    "sampleCount" : 5,
    "errorCount" : 0,
    "errorPct" : 0.0,
    "meanResTime" : 41.0,
    "medianResTime" : 15.0,
    "minResTime" : 14.0,
    "maxResTime" : 81.0,
    "pct1ResTime" : 81.0,
    "pct2ResTime" : 81.0,
    "pct3ResTime" : 81.0,
    "throughput" : 1.970055161544523,
    "receivedKBytesPerSec" : 1.3070854265169425,
    "sentKBytesPerSec" : 0.5540780141843972
  }
}