{
  "zone activity" : {
    "transaction" : "zone activity",
    "sampleCount" : 1,
    "errorCount" : 0,
    "errorPct" : 0.0,
    "meanResTime" : 75.0,
    "medianResTime" : 75.0,
    "minResTime" : 75.0,
    "maxResTime" : 75.0,
    "pct1ResTime" : 75.0,
    "pct2ResTime" : 75.0,
    "pct3ResTime" : 75.0,
    "throughput" : 13.333333333333334,
    "receivedKBytesPerSec" : 22.408854166666668,
    "sentKBytesPerSec" : 4.309895833333334
  },
  "Total" : {
    "transaction" : "Total",
    "sampleCount" : 3,
    "errorCount" : 0,
    "errorPct" : 0.0,
    "meanResTime" : 471.33333333333337,
    "medianResTime" : 98.0,
    "minResTime" : 75.0,
    "maxResTime" : 1241.0,
    "pct1ResTime" : 1241.0,
    "pct2ResTime" : 1241.0,
    "pct3ResTime" : 1241.0,
    "throughput" : 1.5298317185109638,
    "receivedKBytesPerSec" : 2.6303942503824578,
    "sentKBytesPerSec" : 0.4352450917899031
  },
  "login" : {
    "transaction" : "login",
    "sampleCount" : 1,
    "errorCount" : 0,
    "errorPct" : 0.0,
    "meanResTime" : 1241.0,
    "medianResTime" : 1241.0,
    "minResTime" : 1241.0,
    "maxResTime" : 1241.0,
    "pct1ResTime" : 1241.0,
    "pct2ResTime" : 1241.0,
    "pct3ResTime" : 1241.0,
    "throughput" : 0.8058017727639001,
    "receivedKBytesPerSec" : 1.4494988920225624,
    "sentKBytesPerSec" : 0.201450443190975
  },
  "create api key" : {
    "transaction" : "create api key",
    "sampleCount" : 1,
    "errorCount" : 0,
    "errorPct" : 0.0,
    "meanResTime" : 98.0,
    "medianResTime" : 98.0,
    "minResTime" : 98.0,
    "maxResTime" : 98.0,
    "pct1ResTime" : 98.0,
    "pct2ResTime" : 98.0,
    "pct3ResTime" : 98.0,
    "throughput" : 10.204081632653061,
    "receivedKBytesPerSec" : 17.12970344387755,
    "sentKBytesPerSec" : 2.8599330357142856
  }
}