{
  "zone activity" : {
    "transaction" : "zone activity",
    "sampleCount" : 10,
    "errorCount" : 0,
    "errorPct" : 0.0,
    "meanResTime" : 24.7,
    "medianResTime" : 24.0,
    "minResTime" : 22.0,
    "maxResTime" : 30.0,
    "pct1ResTime" : 29.6,
    "pct2ResTime" : 30.0,
    "pct3ResTime" : 30.0,
    "throughput" : 1.428775539362766,
    "receivedKBytesPerSec" : 22.291270404700672,
    "sentKBytesPerSec" : 0.4646311080154308
  },
  "Total" : {
    "transaction" : "Total",
    "sampleCount" : 30,
    "errorCount" : 0,
    "errorPct" : 0.0,
    "meanResTime" : 89.06666666666665,
    "medianResTime" : 25.0,
    "minResTime" : 15.0,
    "maxResTime" : 1360.0,
    "pct1ResTime" : 69.30000000000004,
    "pct2ResTime" : 864.9999999999993,
    "pct3ResTime" : 1360.0,
    "throughput" : 3.3359279439564107,
    "receivedKBytesPerSec" : 21.21582845685533,
    "sentKBytesPerSec" : 0.9523466168130768
  },
  "login" : {
    "transaction" : "login",
    "sampleCount" : 10,
    "errorCount" : 0,
    "errorPct" : 0.0,
    "meanResTime" : 221.5,
    "medianResTime" : 48.5,
    "minResTime" : 42.0,
    "maxResTime" : 1360.0,
    "pct1ResTime" : 1270.0000000000005,
    "pct2ResTime" : 1360.0,
    "pct3ResTime" : 1360.0,
    "throughput" : 1.1173184357541899,
    "receivedKBytesPerSec" : 2.009863826815643,
    "sentKBytesPerSec" : 0.2793296089385475
  },
  "create api key" : {
    "transaction" : "create api key",
    "sampleCount" : 10,
    "errorCount" : 0,
    "errorPct" : 0.0,
    "meanResTime" : 21.0,
    "medianResTime" : 16.5,
    "minResTime" : 15.0,
    "maxResTime" : 42.0,
    "pct1ResTime" : 41.8,
    "pct2ResTime" : 42.0,
    "pct3ResTime" : 42.0,
    "throughput" : 1.4226774790155072,
    "receivedKBytesPerSec" : 2.3885421112533787,
    "sentKBytesPerSec" : 0.4001280409731114
  }
}