{
  "zone activity" : {
    "transaction" : "zone activity",
    "sampleCount" : 5,
    "errorCount" : 0,
    "errorPct" : 0.0,
    "meanResTime" : 1389.2,
    "medianResTime" : 1922.0,
    "minResTime" : 179.0,
    "maxResTime" : 1937.0,
    "pct1ResTime" : 1937.0,
    "pct2ResTime" : 1937.0,
    "pct3ResTime" : 1937.0,
    "throughput" : 2.347417840375587,
    "receivedKBytesPerSec" : 652.9113482981221,
    "sentKBytesPerSec" : 0.7656616784037559
  },
  "Total" : {
    "transaction" : "Total",
    "sampleCount" : 15,
    "errorCount" : 0,
    "errorPct" : 0.0,
    "meanResTime" : 622.3333333333334,
    "medianResTime" : 110.0,
    "minResTime" : 36.0,
    "maxResTime" : 1937.0,
    "pct1ResTime" : 1928.6,
    "pct2ResTime" : 1937.0,
    "pct3ResTime" : 1937.0,
    "throughput" : 3.5377358490566038,
    "receivedKBytesPerSec" : 329.70224056603774,
    "sentKBytesPerSec" : 1.0099590949292452
  },
  "login" : {
    "transaction" : "login",
    "sampleCount" : 5,
    "errorCount" : 0,
    "errorPct" : 0.0,
    "meanResTime" : 429.2,
    "medianResTime" : 110.0,
    "minResTime" : 101.0,
    "maxResTime" : 1368.0,
    "pct1ResTime" : 1368.0,
    "pct2ResTime" : 1368.0,
    "pct3ResTime" : 1368.0,
    "throughput" : 1.243781094527363,
    "receivedKBytesPerSec" : 0.9741332400497513,
    "sentKBytesPerSec" : 0.30973064365671643
  },
  "create api key" : {
    "transaction" : "create api key",
    "sampleCount" : 5,
    "errorCount" : 0,
    "errorPct" : 0.0,
    "meanResTime" : 48.6,
    "medianResTime" : 55.0,
    "minResTime" : 36.0,
    "maxResTime" : 59.0,
    "pct1ResTime" : 59.0,
    "pct2ResTime" : 59.0,
    "pct3ResTime" : 59.0,
    "throughput" : 2.4752475247524752,
    "receivedKBytesPerSec" : 1.6437190594059405,
    "sentKBytesPerSec" : 0.6961633663366337
  }
}