{
  "zone activity" : {
    "transaction" : "zone activity",
    "sampleCount" : 5,
    "errorCount" : 0,
    "errorPct" : 0.0,
    "meanResTime" : 488.6,
    "medianResTime" : 486.0,
    "minResTime" : 474.0,
    "maxResTime" : 503.0,
    "pct1ResTime" : 503.0,
    "pct2ResTime" : 503.0,
    "pct3ResTime" : 503.0,
    "throughput" : 9.940357852882704,
    "receivedKBytesPerSec" : 2768.7546595427434,
    "sentKBytesPerSec" : 3.2422651590457257
  },
  "Total" : {
    "transaction" : "Total",
    "sampleCount" : 15,
    "errorCount" : 0,
    "errorPct" : 0.0,
    "meanResTime" : 784.3333333333333,
    "medianResTime" : 484.0,
    "minResTime" : 37.0,
    "maxResTime" : 3604.0,
    "pct1ResTime" : 3105.4000000000005,
    "pct2ResTime" : 3604.0,
    "pct3ResTime" : 3604.0,
    "throughput" : 3.0181086519114686,
    "receivedKBytesPerSec" : 281.67402854627767,
    "sentKBytesPerSec" : 0.8616150025150906
  },
  "login" : {
    "transaction" : "login",
    "sampleCount" : 5,
    "errorCount" : 0,
    "errorPct" : 0.0,
    "meanResTime" : 1805.0,
    "medianResTime" : 1773.0,
    "minResTime" : 102.0,
    "maxResTime" : 3604.0,
    "pct1ResTime" : 3604.0,
    "pct2ResTime" : 3604.0,
    "pct3ResTime" : 3604.0,
    "throughput" : 1.2712941774726674,
    "receivedKBytesPerSec" : 0.9956815725908976,
    "sentKBytesPerSec" : 0.31658204614797864
  },
  "create api key" : {
    "transaction" : "create api key",
    "sampleCount" : 5,
    "errorCount" : 0,
    "errorPct" : 0.0,
    "meanResTime" : 59.4,
    "medianResTime" : 61.0,
    "minResTime" : 37.0,
    "maxResTime" : 78.0,
    "pct1ResTime" : 78.0,
    "pct2ResTime" : 78.0,
    "pct3ResTime" : 78.0,
    "throughput" : 64.1025641025641,
    "receivedKBytesPerSec" : 42.56810897435897,
    "sentKBytesPerSec" : 18.028846153846153
  }
}