{
  "zone activity" : {
    "transaction" : "zone activity",
    "sampleCount" : 5,
    "errorCount" : 0,
    "errorPct" : 0.0,
    "meanResTime" : 1239.8,
    "medianResTime" : 1563.0,
    "minResTime" : 156.0,
    "maxResTime" : 1961.0,
    "pct1ResTime" : 1961.0,
    "pct2ResTime" : 1961.0,
    "pct3ResTime" : 1961.0,
    "throughput" : 1.9692792437967706,
    "receivedKBytesPerSec" : 547.9054099793225,
    "sentKBytesPerSec" : 0.6423235033477747
  },
  "Total" : {
    "transaction" : "Total",
    "sampleCount" : 15,
    "errorCount" : 0,
    "errorPct" : 0.0,
    "meanResTime" : 514.7333333333332,
    "medianResTime" : 90.0,
    "minResTime" : 28.0,
    "maxResTime" : 1961.0,
    "pct1ResTime" : 1957.4,
    "pct2ResTime" : 1961.0,
    "pct3ResTime" : 1961.0,
    "throughput" : 3.592814371257485,
    "receivedKBytesPerSec" : 334.93778068862275,
    "sentKBytesPerSec" : 1.025683008982036
  },
  "login" : {
    "transaction" : "login",
    "sampleCount" : 5,
    "errorCount" : 0,
    "errorPct" : 0.0,
    "meanResTime" : 267.6,
    "medianResTime" : 90.0,
    "minResTime" : 88.0,
    "maxResTime" : 971.0,
    "pct1ResTime" : 971.0,
    "pct2ResTime" : 971.0,
    "pct3ResTime" : 971.0,
    "throughput" : 1.254075746175069,
    "receivedKBytesPerSec" : 0.9821960433910208,
    "sentKBytesPerSec" : 0.31229425319789317
  },
  "create api key" : {
    "transaction" : "create api key",
    "sampleCount" : 5,
    "errorCount" : 0,
    "errorPct" : 0.0,
    "meanResTime" : 36.8,
    "medianResTime" : 30.0,
    "minResTime" : 28.0,
    "maxResTime" : 49.0,
    "pct1ResTime" : 49.0,
    "pct2ResTime" : 49.0,
    "pct3ResTime" : 49.0,
    "throughput" : 2.044989775051125,
    "receivedKBytesPerSec" : 1.3568027862985685,
    "sentKBytesPerSec" : 0.5751533742331288
  }
}