{
  "zone activity" : {
    "transaction" : "zone activity",
    "sampleCount" : 5,
    "errorCount" : 0,
    "errorPct" : 0.0,
    "meanResTime" : 321.6,
    "medianResTime" : 324.0,
    "minResTime" : 315.0,
    "maxResTime" : 329.0,
    "pct1ResTime" : 329.0,
    "pct2ResTime" : 329.0,
    "pct3ResTime" : 329.0,
    "throughput" : 3.2030749519538757,
    "receivedKBytesPerSec" : 891.1705237027546,
    "sentKBytesPerSec" : 1.0447529628443306
  },
  "Total" : {
    "transaction" : "Total",
    "sampleCount" : 15,
    "errorCount" : 0,
    "errorPct" : 0.0,
    "meanResTime" : 371.8666666666666,
    "medianResTime" : 196.0,
    "minResTime" : 60.0,
    "maxResTime" : 1965.0,
    "pct1ResTime" : 1418.4000000000003,
    "pct2ResTime" : 1965.0,
    "pct3ResTime" : 1965.0,
    "throughput" : 3.356455582904453,
    "receivedKBytesPerSec" : 312.9003272544193,
    "sentKBytesPerSec" : 0.9582068835309913
  },
  "login" : {
    "transaction" : "login",
    "sampleCount" : 5,
    "errorCount" : 0,
    "errorPct" : 0.0,
    "meanResTime" : 716.0,
    "medianResTime" : 196.0,
    "minResTime" : 182.0,
    "maxResTime" : 1965.0,
    "pct1ResTime" : 1965.0,
    "pct2ResTime" : 1965.0,
    "pct3ResTime" : 1965.0,
    "throughput" : 1.2221950623319482,
    "receivedKBytesPerSec" : 0.9572269921779516,
    "sentKBytesPerSec" : 0.30435521571742846
  },
  "create api key" : {
    "transaction" : "create api key",
    "sampleCount" : 5,
    "errorCount" : 0,
    "errorPct" : 0.0,
    "meanResTime" : 78.0,
    "medianResTime" : 78.0,
    "minResTime" : 60.0,
    "maxResTime" : 106.0,
    "pct1ResTime" : 106.0,
    "pct2ResTime" : 106.0,
    "pct3ResTime" : 106.0,
    "throughput" : 3.745318352059925,
    "receivedKBytesPerSec" : 2.4856624531835205,
    "sentKBytesPerSec" : 1.053370786516854
  }
}