{
  "zone activity" : {
    "transaction" : "zone activity",
    "sampleCount" : 5,
    "errorCount" : 0,
    "errorPct" : 0.0,
    "meanResTime" : 962.2,
    "medianResTime" : 1396.0,
    "minResTime" : 149.0,
    "maxResTime" : 1439.0,
    "pct1ResTime" : 1439.0,
    "pct2ResTime" : 1439.0,
    "pct3ResTime" : 1439.0,
    "throughput" : 2.300966405890474,
    "receivedKBytesPerSec" : 639.9185314081915,
    "sentKBytesPerSec" : 0.7505105269213069
  },
  "Total" : {
    "transaction" : "Total",
    "sampleCount" : 15,
    "errorCount" : 0,
    "errorPct" : 0.0,
    "meanResTime" : 460.8666666666667,
    "medianResTime" : 102.0,
    "minResTime" : 27.0,
    "maxResTime" : 1439.0,
    "pct1ResTime" : 1430.0,
    "pct2ResTime" : 1439.0,
    "pct3ResTime" : 1439.0,
    "throughput" : 3.5945363048166787,
    "receivedKBytesPerSec" : 334.9569591720585,
    "sentKBytesPerSec" : 1.026174589623772
  },
  "login" : {
    "transaction" : "login",
    "sampleCount" : 5,
    "errorCount" : 0,
    "errorPct" : 0.0,
    "meanResTime" : 387.6,
    "medianResTime" : 102.0,
    "minResTime" : 88.0,
    "maxResTime" : 1280.0,
    "pct1ResTime" : 1280.0,
    "pct2ResTime" : 1280.0,
    "pct3ResTime" : 1280.0,
    "throughput" : 1.2528188423953897,
    "receivedKBytesPerSec" : 0.9812116324229516,
    "sentKBytesPerSec" : 0.31198125469807064
  },
  "create api key" : {
    "transaction" : "create api key",
    "sampleCount" : 5,
    "errorCount" : 0,
    "errorPct" : 0.0,
    "meanResTime" : 32.8,
    "medianResTime" : 30.0,
    "minResTime" : 27.0,
    "maxResTime" : 48.0,
    "pct1ResTime" : 48.0,
    "pct2ResTime" : 48.0,
    "pct3ResTime" : 48.0,
    "throughput" : 2.385496183206107,
    "receivedKBytesPerSec" : 1.5822548902671756,
    "sentKBytesPerSec" : 0.6709208015267175
  }
}