{
  "zone activity" : {
    "transaction" : "zone activity",
    "sampleCount" : 5,
    "errorCount" : 0,
    "errorPct" : 0.0,
    "meanResTime" : 154.0,
    "medianResTime" : 148.0,
    "minResTime" : 138.0,
    "maxResTime" : 187.0,
    "pct1ResTime" : 187.0,
    "pct2ResTime" : 187.0,
    "pct3ResTime" : 187.0,
    "throughput" : 1.9984012789768186,
    "receivedKBytesPerSec" : 555.9669451938449,
    "sentKBytesPerSec" : 0.6518222921662671
  },
  "Total" : {
    "transaction" : "Total",
    "sampleCount" : 15,
    "errorCount" : 0,
    "errorPct" : 0.0,
    "meanResTime" : 159.26666666666668,
    "medianResTime" : 106.0,
    "minResTime" : 27.0,
    "maxResTime" : 1033.0,
    "pct1ResTime" : 525.4000000000003,
    "pct2ResTime" : 1033.0,
    "pct3ResTime" : 1033.0,
    "throughput" : 3.587658454915092,
    "receivedKBytesPerSec" : 334.4325987353504,
    "sentKBytesPerSec" : 1.024211088854341
  },
  "login" : {
    "transaction" : "login",
    "sampleCount" : 5,
    "errorCount" : 0,
    "errorPct" : 0.0,
    "meanResTime" : 287.4,
    "medianResTime" : 106.0,
    "minResTime" : 82.0,
    "maxResTime" : 1033.0,
    "pct1ResTime" : 1033.0,
    "pct2ResTime" : 1033.0,
    "pct3ResTime" : 1033.0,
    "throughput" : 1.2487512487512487,
    "receivedKBytesPerSec" : 0.9780258803696305,
    "sentKBytesPerSec" : 0.31096832854645357
  },
  "create api key" : {
    "transaction" : "create api key",
    "sampleCount" : 5,
    "errorCount" : 0,
    "errorPct" : 0.0,
    "meanResTime" : 36.4,
    "medianResTime" : 34.0,
    "minResTime" : 27.0,
    "maxResTime" : 46.0,
    "pct1ResTime" : 46.0,
    "pct2ResTime" : 46.0,
    "pct3ResTime" : 46.0,
    "throughput" : 2.068680182043856,
    "receivedKBytesPerSec" : 1.3725208160943319,
    "sentKBytesPerSec" : 0.5818163011998345
  }
}