{
  "zone activity" : {
    "transaction" : "zone activity",
    "sampleCount" : 5,
    "errorCount" : 0,
    "errorPct" : 0.0,
    "meanResTime" : 418.2,
    "medianResTime" : 418.0,
    "minResTime" : 377.0,
    "maxResTime" : 460.0,
    "pct1ResTime" : 460.0,
    "pct2ResTime" : 460.0,
    "pct3ResTime" : 460.0,
    "throughput" : 1.946282600233554,
    "receivedKBytesPerSec" : 541.4432749854029,
    "sentKBytesPerSec" : 0.6348226449980537
  },
  "Total" : {
    "transaction" : "Total",
    "sampleCount" : 15,
    "errorCount" : 0,
    "errorPct" : 0.0,
    "meanResTime" : 329.4,
    "medianResTime" : 248.0,
    "minResTime" : 74.0,
    "maxResTime" : 1297.0,
    "pct1ResTime" : 794.8000000000003,
    "pct2ResTime" : 1297.0,
    "pct3ResTime" : 1297.0,
    "throughput" : 3.225806451612903,
    "receivedKBytesPerSec" : 300.6884240591398,
    "sentKBytesPerSec" : 0.9209089381720429
  },
  "login" : {
    "transaction" : "login",
    "sampleCount" : 5,
    "errorCount" : 0,
    "errorPct" : 0.0,
    "meanResTime" : 481.8,
    "medianResTime" : 248.0,
    "minResTime" : 227.0,
    "maxResTime" : 1297.0,
    "pct1ResTime" : 1297.0,
    "pct2ResTime" : 1297.0,
    "pct3ResTime" : 1297.0,
    "throughput" : 1.2062726176115801,
    "receivedKBytesPerSec" : 0.9447564837153197,
    "sentKBytesPerSec" : 0.30039015379975875
  },
  "create api key" : {
    "transaction" : "create api key",
    "sampleCount" : 5,
    "errorCount" : 0,
    "errorPct" : 0.0,
    "meanResTime" : 88.2,
    "medianResTime" : 83.0,
    "minResTime" : 74.0,
    "maxResTime" : 106.0,
    "pct1ResTime" : 106.0,
    "pct2ResTime" : 106.0,
    "pct3ResTime" : 106.0,
    "throughput" : 2.206531332744925,
    "receivedKBytesPerSec" : 1.4639818236981466,
    "sentKBytesPerSec" : 0.6205869373345101
  }
}