{
  "zone activity" : {
    "transaction" : "zone activity",
    "sampleCount" : 5,
    "errorCount" : 0,
    "errorPct" : 0.0,
    "meanResTime" : 854.8,
    "medianResTime" : 1179.0,
    "minResTime" : 142.0,
    "maxResTime" : 1186.0,
    "pct1ResTime" : 1186.0,
    "pct2ResTime" : 1186.0,
    "pct3ResTime" : 1186.0,
    "throughput" : 2.9086678301337985,
    "receivedKBytesPerSec" : 809.7276759744037,
    "sentKBytesPerSec" : 0.9487256399069226
  },
  "Total" : {
    "transaction" : "Total",
    "sampleCount" : 15,
    "errorCount" : 0,
    "errorPct" : 0.0,
    "meanResTime" : 494.5333333333334,
    "medianResTime" : 110.0,
    "minResTime" : 30.0,
    "maxResTime" : 1741.0,
    "pct1ResTime" : 1408.0000000000002,
    "pct2ResTime" : 1741.0,
    "pct3ResTime" : 1741.0,
    "throughput" : 3.62406378352259,
    "receivedKBytesPerSec" : 338.04233548260447,
    "sentKBytesPerSec" : 1.034604146532979
  },
  "login" : {
    "transaction" : "login",
    "sampleCount" : 5,
    "errorCount" : 0,
    "errorPct" : 0.0,
    "meanResTime" : 580.6,
    "medianResTime" : 110.0,
    "minResTime" : 88.0,
    "maxResTime" : 1741.0,
    "pct1ResTime" : 1741.0,
    "pct2ResTime" : 1741.0,
    "pct3ResTime" : 1741.0,
    "throughput" : 1.2610340479192939,
    "receivedKBytesPerSec" : 0.9876458070617907,
    "sentKBytesPerSec" : 0.3140270334174023
  },
  "create api key" : {
    "transaction" : "create api key",
    "sampleCount" : 5,
    "errorCount" : 0,
    "errorPct" : 0.0,
    "meanResTime" : 48.2,
    "medianResTime" : 56.0,
    "minResTime" : 30.0,
    "maxResTime" : 63.0,
    "pct1ResTime" : 63.0,
    "pct2ResTime" : 63.0,
    "pct3ResTime" : 63.0,
    "throughput" : 3.0358227079538556,
    "receivedKBytesPerSec" : 2.01538308287796,
    "sentKBytesPerSec" : 0.8538251366120219
  }
}