{
  "zone activity" : {
    "transaction" : "zone activity",
    "sampleCount" : 5,
    "errorCount" : 0,
    "errorPct" : 0.0,
    "meanResTime" : 209.4,
    "medianResTime" : 139.0,
    "minResTime" : 134.0,
    "maxResTime" : 321.0,
    "pct1ResTime" : 321.0,
    "pct2ResTime" : 321.0,
    "pct3ResTime" : 321.0,
    "throughput" : 1.6092693916961698,
    "receivedKBytesPerSec" : 447.92756276150624,
    "sentKBytesPerSec" : 0.5248984148696492
  },
  "Total" : {
    "transaction" : "Total",
    "sampleCount" : 15,
    "errorCount" : 0,
    "errorPct" : 0.0,
    "meanResTime" : 139.0,
    "medianResTime" : 95.0,
    "minResTime" : 30.0,
    "maxResTime" : 464.0,
    "pct1ResTime" : 378.20000000000005,
    "pct2ResTime" : 464.0,
    "pct3ResTime" : 464.0,
    "throughput" : 3.5850860420650092,
    "receivedKBytesPerSec" : 334.3559542304015,
    "sentKBytesPerSec" : 1.023476711878585
  },
  "login" : {
    "transaction" : "login",
    "sampleCount" : 5,
    "errorCount" : 0,
    "errorPct" : 0.0,
    "meanResTime" : 171.6,
    "medianResTime" : 95.0,
    "minResTime" : 91.0,
    "maxResTime" : 464.0,
    "pct1ResTime" : 464.0,
    "pct2ResTime" : 464.0,
    "pct3ResTime" : 464.0,
    "throughput" : 1.2447099825740602,
    "receivedKBytesPerSec" : 0.9748607480706994,
    "sentKBytesPerSec" : 0.30996195855115755
  },
  "create api key" : {
    "transaction" : "create api key",
    "sampleCount" : 5,
    "errorCount" : 0,
    "errorPct" : 0.0,
    "meanResTime" : 36.0,
    "medianResTime" : 32.0,
    "minResTime" : 30.0,
    "maxResTime" : 55.0,
    "pct1ResTime" : 55.0,
    "pct2ResTime" : 55.0,
    "pct3ResTime" : 55.0,
    "throughput" : 1.644195988161789,
    "receivedKBytesPerSec" : 1.0912066343308122,
    "sentKBytesPerSec" : 0.4624301216705031
  }
}