{
  "zone activity" : {
    "transaction" : "zone activity",
    "sampleCount" : 10,
    "errorCount" : 0,
    "errorPct" : 0.0,
    "meanResTime" : 145.70000000000002,
    "medianResTime" : 145.0,
    "minResTime" : 141.0,
    "maxResTime" : 150.0,
    "pct1ResTime" : 150.0,
    "pct2ResTime" : 150.0,
    "pct3ResTime" : 150.0,
    "throughput" : 1.3213530655391121,
    "receivedKBytesPerSec" : 20.615172436575055,
    "sentKBytesPerSec" : 0.42969782307082455
  },
  "Total" : {
    "transaction" : "Total",
    "sampleCount" : 30,
    "errorCount" : 0,
    "errorPct" : 0.0,
    "meanResTime" : 181.16666666666666,
    "medianResTime" : 145.0,
    "minResTime" : 76.0,
    "maxResTime" : 1117.0,
    "pct1ResTime" : 235.60000000000002,
    "pct2ResTime" : 636.2999999999994,
    "pct3ResTime" : 1117.0,
    "throughput" : 3.209242618741977,
    "receivedKBytesPerSec" : 20.410030888960204,
    "sentKBytesPerSec" : 0.9161802658322635
  },
  "login" : {
    "transaction" : "login",
    "sampleCount" : 10,
    "errorCount" : 0,
    "errorPct" : 0.0,
    "meanResTime" : 317.6,
    "medianResTime" : 228.0,
    "minResTime" : 221.0,
    "maxResTime" : 1117.0,
    "pct1ResTime" : 1029.6000000000004,
    "pct2ResTime" : 1117.0,
    "pct3ResTime" : 1117.0,
    "throughput" : 1.095890410958904,
    "receivedKBytesPerSec" : 1.9713184931506849,
    "sentKBytesPerSec" : 0.273972602739726
  },
  "create api key" : {
    "transaction" : "create api key",
    "sampleCount" : 10,
    "errorCount" : 0,
    "errorPct" : 0.0,
    "meanResTime" : 80.2,
    "medianResTime" : 77.5,
    "minResTime" : 76.0,
    "maxResTime" : 92.0,
    "pct1ResTime" : 91.5,
    "pct2ResTime" : 92.0,
    "pct3ResTime" : 92.0,
    "throughput" : 1.327844907714779,
    "receivedKBytesPerSec" : 2.2293271145930156,
    "sentKBytesPerSec" : 0.37345638029478156
  }
}