{
  "zone activity" : {
    "transaction" : "zone activity",
    "sampleCount" : 5,
    "errorCount" : 0,
    "errorPct" : 0.0,
    "meanResTime" : 527.4,
    "medianResTime" : 542.0,
    "minResTime" : 103.0,
    "maxResTime" : 950.0,
    "pct1ResTime" : 950.0,
    "pct2ResTime" : 950.0,
    "pct3ResTime" : 950.0,
    "throughput" : 2.0408163265306123,
    "receivedKBytesPerSec" : 567.8256536989795,
    "sentKBytesPerSec" : 0.665656887755102
  },
  "Total" : {
    "transaction" : "Total",
    "sampleCount" : 15,
    "errorCount" : 0,
    "errorPct" : 0.0,
    "meanResTime" : 272.1333333333333,
    "medianResTime" : 78.0,
    "minResTime" : 20.0,
    "maxResTime" : 950.0,
    "pct1ResTime" : 943.4,
    "pct2ResTime" : 950.0,
    "pct3ResTime" : 950.0,
    "throughput" : 3.664793549963352,
    "receivedKBytesPerSec" : 341.65872946188614,
    "sentKBytesPerSec" : 1.0462317523821159
  },
  "login" : {
    "transaction" : "login",
    "sampleCount" : 5,
    "errorCount" : 0,
    "errorPct" : 0.0,
    "meanResTime" : 246.8,
    "medianResTime" : 75.0,
    "minResTime" : 56.0,
    "maxResTime" : 939.0,
    "pct1ResTime" : 939.0,
    "pct2ResTime" : 939.0,
    "pct3ResTime" : 939.0,
    "throughput" : 1.2613521695257317,
    "receivedKBytesPerSec" : 0.9878949608980827,
    "sentKBytesPerSec" : 0.3141062531533804
  },
  "create api key" : {
    "transaction" : "create api key",
    "sampleCount" : 5,
    "errorCount" : 0,
    "errorPct" : 0.0,
    "meanResTime" : 42.2,
    "medianResTime" : 23.0,
    "minResTime" : 20.0,
    "maxResTime" : 78.0,
    "pct1ResTime" : 78.0,
    "pct2ResTime" : 78.0,
    "pct3ResTime" : 78.0,
    "throughput" : 2.0584602717167555,
    "receivedKBytesPerSec" : 1.3669462741869083,
    "sentKBytesPerSec" : 0.5789419514203377
  }
}