{
  "zone activity" : {
    "transaction" : "zone activity",
    "sampleCount" : 5,
    "errorCount" : 0,
    "errorPct" : 0.0,
    "meanResTime" : 624.2,
    "medianResTime" : 803.0,
    "minResTime" : 153.0,
    "maxResTime" : 1012.0,
    "pct1ResTime" : 1012.0,
    "pct2ResTime" : 1012.0,
    "pct3ResTime" : 1012.0,
    "throughput" : 2.1331058020477816,
    "receivedKBytesPerSec" : 593.7670815113055,
    "sentKBytesPerSec" : 0.6957591190273038
  },
  "Total" : {
    "transaction" : "Total",
    "sampleCount" : 15,
    "errorCount" : 0,
    "errorPct" : 0.0,
    "meanResTime" : 338.73333333333335,
    "medianResTime" : 96.0,
    "minResTime" : 29.0,
    "maxResTime" : 1189.0,
    "pct1ResTime" : 1082.8000000000002,
    "pct2ResTime" : 1189.0,
    "pct3ResTime" : 1189.0,
    "throughput" : 3.606636210627555,
    "receivedKBytesPerSec" : 336.38457261360907,
    "sentKBytesPerSec" : 1.0296288921615773
  },
  "login" : {
    "transaction" : "login",
    "sampleCount" : 5,
    "errorCount" : 0,
    "errorPct" : 0.0,
    "meanResTime" : 351.6,
    "medianResTime" : 96.0,
    "minResTime" : 85.0,
    "maxResTime" : 1189.0,
    "pct1ResTime" : 1189.0,
    "pct2ResTime" : 1189.0,
    "pct3ResTime" : 1189.0,
    "throughput" : 1.2578616352201257,
    "receivedKBytesPerSec" : 0.9851611635220126,
    "sentKBytesPerSec" : 0.31323702830188677
  },
  "create api key" : {
    "transaction" : "create api key",
    "sampleCount" : 5,
    "errorCount" : 0,
    "errorPct" : 0.0,
    "meanResTime" : 40.4,
    "medianResTime" : 31.0,
    "minResTime" : 29.0,
    "maxResTime" : 59.0,
    "pct1ResTime" : 59.0,
    "pct2ResTime" : 59.0,
    "pct3ResTime" : 59.0,
    "throughput" : 2.2143489813994686,
    "receivedKBytesPerSec" : 1.4691686503542958,
    "sentKBytesPerSec" : 0.6227856510186005
  }
}