{
  "zone activity" : {
    "transaction" : "zone activity",
    "sampleCount" : 5,
    "errorCount" : 0,
    "errorPct" : 0.0,
    "meanResTime" : 237.6,
    "medianResTime" : 243.0,
    "minResTime" : 209.0,
    "maxResTime" : 253.0,
    "pct1ResTime" : 253.0,
    "pct2ResTime" : 253.0,
    "pct3ResTime" : 253.0,
    "throughput" : 2.007226013649137,
    "receivedKBytesPerSec" : 558.3063873695303,
    "sentKBytesPerSec" : 0.6547006724207145
  },
  "Total" : {
    "transaction" : "Total",
    "sampleCount" : 15,
    "errorCount" : 0,
    "errorPct" : 0.0,
    "meanResTime" : 223.4,
    "medianResTime" : 146.0,
    "minResTime" : 47.0,
    "maxResTime" : 1161.0,
    "pct1ResTime" : 619.8000000000003,
    "pct2ResTime" : 1161.0,
    "pct3ResTime" : 1161.0,
    "throughput" : 3.452243958573072,
    "receivedKBytesPerSec" : 321.74396756329116,
    "sentKBytesPerSec" : 0.9855527186421175
  },
  "login" : {
    "transaction" : "login",
    "sampleCount" : 5,
    "errorCount" : 0,
    "errorPct" : 0.0,
    "meanResTime" : 367.8,
    "medianResTime" : 146.0,
    "minResTime" : 133.0,
    "maxResTime" : 1161.0,
    "pct1ResTime" : 1161.0,
    "pct2ResTime" : 1161.0,
    "pct3ResTime" : 1161.0,
    "throughput" : 1.2348728081007656,
    "receivedKBytesPerSec" : 0.9671562422820449,
    "sentKBytesPerSec" : 0.30751227154853045
  },
  "create api key" : {
    "transaction" : "create api key",
    "sampleCount" : 5,
    "errorCount" : 0,
    "errorPct" : 0.0,
    "meanResTime" : 64.8,
    "medianResTime" : 51.0,
    "minResTime" : 47.0,
    "maxResTime" : 92.0,
    "pct1ResTime" : 92.0,
    "pct2ResTime" : 92.0,
    "pct3ResTime" : 92.0,
    "throughput" : 2.1321961620469083,
    "receivedKBytesPerSec" : 1.4159115138592748,
    "sentKBytesPerSec" : 0.5996801705756929
  }
}