{
  "zone activity" : {
    "transaction" : "zone activity",
    "sampleCount" : 5,
    "errorCount" : 0,
    "errorPct" : 0.0,
    "meanResTime" : 417.8,
    "medianResTime" : 409.0,
    "minResTime" : 388.0,
    "maxResTime" : 449.0,
    "pct1ResTime" : 449.0,
    "pct2ResTime" : 449.0,
    "pct3ResTime" : 449.0,
    "throughput" : 1.7476406850751485,
    "receivedKBytesPerSec" : 486.1724757514855,
    "sentKBytesPerSec" : 0.5700312390772456
  },
  "Total" : {
    "transaction" : "Total",
    "sampleCount" : 15,
    "errorCount" : 0,
    "errorPct" : 0.0,
    "meanResTime" : 299.2,
    "medianResTime" : 231.0,
    "minResTime" : 75.0,
    "maxResTime" : 1040.0,
    "pct1ResTime" : 685.4000000000002,
    "pct2ResTime" : 1040.0,
    "pct3ResTime" : 1040.0,
    "throughput" : 3.2418413658958287,
    "receivedKBytesPerSec" : 302.1769724578561,
    "sentKBytesPerSec" : 0.9254866138966934
  },
  "login" : {
    "transaction" : "login",
    "sampleCount" : 5,
    "errorCount" : 0,
    "errorPct" : 0.0,
    "meanResTime" : 394.0,
    "medianResTime" : 231.0,
    "minResTime" : 226.0,
    "maxResTime" : 1040.0,
    "pct1ResTime" : 1040.0,
    "pct2ResTime" : 1040.0,
    "pct3ResTime" : 1040.0,
    "throughput" : 1.2068549360366883,
    "receivedKBytesPerSec" : 0.9452125573256095,
    "sentKBytesPerSec" : 0.3005351647356988
  },
  "create api key" : {
    "transaction" : "create api key",
    "sampleCount" : 5,
    "errorCount" : 0,
    "errorPct" : 0.0,
    "meanResTime" : 85.8,
    "medianResTime" : 78.0,
    "minResTime" : 75.0,
    "maxResTime" : 101.0,
    "pct1ResTime" : 101.0,
    "pct2ResTime" : 101.0,
    "pct3ResTime" : 101.0,
    "throughput" : 1.9409937888198758,
    "receivedKBytesPerSec" : 1.287803886840062,
    "sentKBytesPerSec" : 0.54590450310559
  }
}