{
  "zone activity" : {
    "transaction" : "zone activity",
    "sampleCount" : 5,
    "errorCount" : 0,
    "errorPct" : 0.0,
    "meanResTime" : 948.2,
    "medianResTime" : 1123.0,
    "minResTime" : 306.0,
    "maxResTime" : 1505.0,
    "pct1ResTime" : 1505.0,
    "pct2ResTime" : 1505.0,
    "pct3ResTime" : 1505.0,
    "throughput" : 1.8726591760299625,
    "receivedKBytesPerSec" : 520.9368416432584,
    "sentKBytesPerSec" : 0.610808754681648
  },
  "Total" : {
    "transaction" : "Total",
    "sampleCount" : 15,
    "errorCount" : 0,
    "errorPct" : 0.0,
    "meanResTime" : 471.20000000000005,
    "medianResTime" : 197.0,
    "minResTime" : 63.0,
    "maxResTime" : 1505.0,
    "pct1ResTime" : 1493.6,
    "pct2ResTime" : 1505.0,
    "pct3ResTime" : 1505.0,
    "throughput" : 3.3527045149754136,
    "receivedKBytesPerSec" : 312.50218275033524,
    "sentKBytesPerSec" : 0.9571360220160929
  },
  "login" : {
    "transaction" : "login",
    "sampleCount" : 5,
    "errorCount" : 0,
    "errorPct" : 0.0,
    "meanResTime" : 393.4,
    "medianResTime" : 197.0,
    "minResTime" : 191.0,
    "maxResTime" : 1148.0,
    "pct1ResTime" : 1148.0,
    "pct2ResTime" : 1148.0,
    "pct3ResTime" : 1148.0,
    "throughput" : 1.21921482565228,
    "receivedKBytesPerSec" : 0.9548928614971958,
    "sentKBytesPerSec" : 0.3036130669348939
  },
  "create api key" : {
    "transaction" : "create api key",
    "sampleCount" : 5,
    "errorCount" : 0,
    "errorPct" : 0.0,
    "meanResTime" : 72.0,
    "medianResTime" : 68.0,
    "minResTime" : 63.0,
    "maxResTime" : 83.0,
    "pct1ResTime" : 83.0,
    "pct2ResTime" : 83.0,
    "pct3ResTime" : 83.0,
    "throughput" : 2.0341741253051264,
    "receivedKBytesPerSec" : 1.3496268561838893,
    "sentKBytesPerSec" : 0.5721114727420666
  }
}