{
  "zone activity" : {
    "transaction" : "zone activity",
    "sampleCount" : 10,
    "errorCount" : 0,
    "errorPct" : 0.0,
    "meanResTime" : 78.50000000000001,
    "medianResTime" : 80.0,
    "minResTime" : 70.0,
    "maxResTime" : 83.0,
    "pct1ResTime" : 82.8,
    "pct2ResTime" : 83.0,
    "pct3ResTime" : 83.0,
    "throughput" : 1.3395847287340923,
    "receivedKBytesPerSec" : 20.899745688211656,
    "sentKBytesPerSec" : 0.4356266744809109
  },
  "Total" : {
    "transaction" : "Total",
    "sampleCount" : 30,
    "errorCount" : 0,
    "errorPct" : 0.0,
    "meanResTime" : 114.93333333333335,
    "medianResTime" : 80.0,
    "minResTime" : 39.0,
    "maxResTime" : 1042.0,
    "pct1ResTime" : 133.5,
    "pct2ResTime" : 549.1999999999994,
    "pct3ResTime" : 1042.0,
    "throughput" : 3.2790468903705325,
    "receivedKBytesPerSec" : 20.854076435949285,
    "sentKBytesPerSec" : 0.9361081129085147
  },
  "login" : {
    "transaction" : "login",
    "sampleCount" : 10,
    "errorCount" : 0,
    "errorPct" : 0.0,
    "meanResTime" : 219.20000000000002,
    "medianResTime" : 127.5,
    "minResTime" : 116.0,
    "maxResTime" : 1042.0,
    "pct1ResTime" : 952.4000000000003,
    "pct2ResTime" : 1042.0,
    "pct3ResTime" : 1042.0,
    "throughput" : 1.10803324099723,
    "receivedKBytesPerSec" : 1.99316135734072,
    "sentKBytesPerSec" : 0.27700831024930744
  },
  "create api key" : {
    "transaction" : "create api key",
    "sampleCount" : 10,
    "errorCount" : 0,
    "errorPct" : 0.0,
    "meanResTime" : 47.1,
    "medianResTime" : 44.0,
    "minResTime" : 39.0,
    "maxResTime" : 66.0,
    "pct1ResTime" : 65.7,
    "pct2ResTime" : 66.0,
    "pct3ResTime" : 66.0,
    "throughput" : 1.339046598821639,
    "receivedKBytesPerSec" : 2.2481337038028926,
    "sentKBytesPerSec" : 0.37660685591858595
  }
}