{
  "zone activity" : {
    "transaction" : "zone activity",
    "sampleCount" : 5,
    "errorCount" : 0,
    "errorPct" : 0.0,
    "meanResTime" : 489.2,
    "medianResTime" : 588.0,
    "minResTime" : 326.0,
    "maxResTime" : 594.0,
    "pct1ResTime" : 594.0,
    "pct2ResTime" : 594.0,
    "pct3ResTime" : 594.0,
    "throughput" : 2.472799208704253,
    "receivedKBytesPerSec" : 687.8631923837785,
    "sentKBytesPerSec" : 0.8065575544015827
  },
  "Total" : {
    "transaction" : "Total",
    "sampleCount" : 15,
    "errorCount" : 0,
    "errorPct" : 0.0,
    "meanResTime" : 407.6,
    "medianResTime" : 207.0,
    "minResTime" : 68.0,
    "maxResTime" : 1665.0,
    "pct1ResTime" : 1136.4000000000003,
    "pct2ResTime" : 1665.0,
    "pct3ResTime" : 1665.0,
    "throughput" : 3.329633740288568,
    "receivedKBytesPerSec" : 310.3437586709212,
    "sentKBytesPerSec" : 0.9505497364039955
  },
  "login" : {
    "transaction" : "login",
    "sampleCount" : 5,
    "errorCount" : 0,
    "errorPct" : 0.0,
    "meanResTime" : 610.6,
    "medianResTime" : 207.0,
    "minResTime" : 192.0,
    "maxResTime" : 1665.0,
    "pct1ResTime" : 1665.0,
    "pct2ResTime" : 1665.0,
    "pct3ResTime" : 1665.0,
    "throughput" : 1.224589762429586,
    "receivedKBytesPerSec" : 0.9591025287778594,
    "sentKBytesPerSec" : 0.30495155216752384
  },
  "create api key" : {
    "transaction" : "create api key",
    "sampleCount" : 5,
    "errorCount" : 0,
    "errorPct" : 0.0,
    "meanResTime" : 123.0,
    "medianResTime" : 157.0,
    "minResTime" : 68.0,
    "maxResTime" : 159.0,
    "pct1ResTime" : 159.0,
    "pct2ResTime" : 159.0,
    "pct3ResTime" : 159.0,
    "throughput" : 2.7085590465872156,
    "receivedKBytesPerSec" : 1.8002395381906824,
    "sentKBytesPerSec" : 0.7617822318526544
  }
}