{
  "zone activity" : {
    "transaction" : "zone activity",
    "sampleCount" : 5,
    "errorCount" : 0,
    "errorPct" : 0.0,
    "meanResTime" : 426.8,
    "medianResTime" : 392.0,
    "minResTime" : 385.0,
    "maxResTime" : 483.0,
    "pct1ResTime" : 483.0,
    "pct2ResTime" : 483.0,
    "pct3ResTime" : 483.0,
    "throughput" : 1.5479876160990713,
    "receivedKBytesPerSec" : 430.6217347136223,
    "sentKBytesPerSec" : 0.5049100232198143
  },
  "Total" : {
    "transaction" : "Total",
    "sampleCount" : 15,
    "errorCount" : 0,
    "errorPct" : 0.0,
    "meanResTime" : 282.3333333333333,
    "medianResTime" : 231.0,
    "minResTime" : 75.0,
    "maxResTime" : 732.0,
    "pct1ResTime" : 582.6000000000001,
    "pct2ResTime" : 732.0,
    "pct3ResTime" : 732.0,
    "throughput" : 3.2439446366782003,
    "receivedKBytesPerSec" : 302.36626331368944,
    "sentKBytesPerSec" : 0.9260870593641869
  },
  "login" : {
    "transaction" : "login",
    "sampleCount" : 5,
    "errorCount" : 0,
    "errorPct" : 0.0,
    "meanResTime" : 334.0,
    "medianResTime" : 231.0,
    "minResTime" : 224.0,
    "maxResTime" : 732.0,
    "pct1ResTime" : 732.0,
    "pct2ResTime" : 732.0,
    "pct3ResTime" : 732.0,
    "throughput" : 1.2045290291496025,
    "receivedKBytesPerSec" : 0.9433908997831848,
    "sentKBytesPerSec" : 0.29995595940737174
  },
  "create api key" : {
    "transaction" : "create api key",
    "sampleCount" : 5,
    "errorCount" : 0,
    "errorPct" : 0.0,
    "meanResTime" : 86.2,
    "medianResTime" : 79.0,
    "minResTime" : 75.0,
    "maxResTime" : 105.0,
    "pct1ResTime" : 105.0,
    "pct2ResTime" : 105.0,
    "pct3ResTime" : 105.0,
    "throughput" : 1.697792869269949,
    "receivedKBytesPerSec" : 1.1264457767402378,
    "sentKBytesPerSec" : 0.4775042444821732
  }
}