{
  "zone activity" : {
    "transaction" : "zone activity",
    "sampleCount" : 5,
    "errorCount" : 0,
    "errorPct" : 0.0,
    "meanResTime" : 230.0,
    "medianResTime" : 228.0,
    "minResTime" : 203.0,
    "maxResTime" : 253.0,
    "pct1ResTime" : 253.0,
    "pct2ResTime" : 253.0,
    "pct3ResTime" : 253.0,
    "throughput" : 1.8917896329928112,
    "receivedKBytesPerSec" : 526.1831813989785,
    "sentKBytesPerSec" : 0.6170485716988271
  },
  "Total" : {
    "transaction" : "Total",
    "sampleCount" : 15,
    "errorCount" : 0,
    "errorPct" : 0.0,
    "meanResTime" : 192.26666666666665,
    "medianResTime" : 138.0,
    "minResTime" : 39.0,
    "maxResTime" : 924.0,
    "pct1ResTime" : 521.4000000000003,
    "pct2ResTime" : 924.0,
    "pct3ResTime" : 924.0,
    "throughput" : 3.520300398967379,
    "receivedKBytesPerSec" : 328.0775584516545,
    "sentKBytesPerSec" : 1.0049815917624971
  },
  "login" : {
    "transaction" : "login",
    "sampleCount" : 5,
    "errorCount" : 0,
    "errorPct" : 0.0,
    "meanResTime" : 287.6,
    "medianResTime" : 138.0,
    "minResTime" : 113.0,
    "maxResTime" : 924.0,
    "pct1ResTime" : 924.0,
    "pct2ResTime" : 924.0,
    "pct3ResTime" : 924.0,
    "throughput" : 1.245019920318725,
    "receivedKBytesPerSec" : 0.9751034922808764,
    "sentKBytesPerSec" : 0.310039140313745
  },
  "create api key" : {
    "transaction" : "create api key",
    "sampleCount" : 5,
    "errorCount" : 0,
    "errorPct" : 0.0,
    "meanResTime" : 59.2,
    "medianResTime" : 48.0,
    "minResTime" : 39.0,
    "maxResTime" : 86.0,
    "pct1ResTime" : 86.0,
    "pct2ResTime" : 86.0,
    "pct3ResTime" : 86.0,
    "throughput" : 1.971608832807571,
    "receivedKBytesPerSec" : 1.3092714905362777,
    "sentKBytesPerSec" : 0.5545149842271293
  }
}