{
  "zone activity" : {
    "transaction" : "zone activity",
    "sampleCount" : 5,
    "errorCount" : 0,
    "errorPct" : 0.0,
    "meanResTime" : 93.8,
    "medianResTime" : 95.0,
    "minResTime" : 67.0,
    "maxResTime" : 120.0,
    "pct1ResTime" : 120.0,
    "pct2ResTime" : 120.0,
    "pct3ResTime" : 120.0,
    "throughput" : 2.0721094073767095,
    "receivedKBytesPerSec" : 576.5474448300871,
    "sentKBytesPerSec" : 0.6758638106092002
  },
  "Total" : {
    "transaction" : "Total",
    "sampleCount" : 15,
    "errorCount" : 0,
    "errorPct" : 0.0,
    "meanResTime" : 143.13333333333335,
    "medianResTime" : 67.0,
    "minResTime" : 18.0,
    "maxResTime" : 1092.0,
    "pct1ResTime" : 549.0000000000003,
    "pct2ResTime" : 1092.0,
    "pct3ResTime" : 1092.0,
    "throughput" : 3.5953978906999042,
    "receivedKBytesPerSec" : 335.19735363734424,
    "sentKBytesPerSec" : 1.0264205566874403
  },
  "login" : {
    "transaction" : "login",
    "sampleCount" : 5,
    "errorCount" : 0,
    "errorPct" : 0.0,
    "meanResTime" : 301.0,
    "medianResTime" : 112.0,
    "minResTime" : 56.0,
    "maxResTime" : 1092.0,
    "pct1ResTime" : 1092.0,
    "pct2ResTime" : 1092.0,
    "pct3ResTime" : 1092.0,
    "throughput" : 1.2453300124533002,
    "receivedKBytesPerSec" : 0.9753463574097136,
    "sentKBytesPerSec" : 0.31011636052303865
  },
  "create api key" : {
    "transaction" : "create api key",
    "sampleCount" : 5,
    "errorCount" : 0,
    "errorPct" : 0.0,
    "meanResTime" : 34.6,
    "medianResTime" : 43.0,
    "minResTime" : 18.0,
    "maxResTime" : 51.0,
    "pct1ResTime" : 51.0,
    "pct2ResTime" : 51.0,
    "pct3ResTime" : 51.0,
    "throughput" : 2.1052631578947367,
    "receivedKBytesPerSec" : 1.397203947368421,
    "sentKBytesPerSec" : 0.5921052631578947
  }
}