{
  "zone activity" : {
    "transaction" : "zone activity",
    "sampleCount" : 5,
    "errorCount" : 0,
    "errorPct" : 0.0,
    "meanResTime" : 155.0,
    "medianResTime" : 154.0,
    "minResTime" : 146.0,
    "maxResTime" : 168.0,
    "pct1ResTime" : 168.0,
    "pct2ResTime" : 168.0,
    "pct3ResTime" : 168.0,
    "throughput" : 2.9002320185614847,
    "receivedKBytesPerSec" : 807.2795823665894,
    "sentKBytesPerSec" : 0.9459741154292344
  },
  "Total" : {
    "transaction" : "Total",
    "sampleCount" : 15,
    "errorCount" : 0,
    "errorPct" : 0.0,
    "meanResTime" : 255.26666666666665,
    "medianResTime" : 109.0,
    "minResTime" : 30.0,
    "maxResTime" : 1635.0,
    "pct1ResTime" : 1144.8000000000002,
    "pct2ResTime" : 1635.0,
    "pct3ResTime" : 1635.0,
    "throughput" : 3.678273663560569,
    "receivedKBytesPerSec" : 343.05649215301617,
    "sentKBytesPerSec" : 1.0500800790828837
  },
  "login" : {
    "transaction" : "login",
    "sampleCount" : 5,
    "errorCount" : 0,
    "errorPct" : 0.0,
    "meanResTime" : 548.4,
    "medianResTime" : 109.0,
    "minResTime" : 87.0,
    "maxResTime" : 1635.0,
    "pct1ResTime" : 1635.0,
    "pct2ResTime" : 1635.0,
    "pct3ResTime" : 1635.0,
    "throughput" : 1.2820512820512822,
    "receivedKBytesPerSec" : 1.0041065705128205,
    "sentKBytesPerSec" : 0.3192608173076923
  },
  "create api key" : {
    "transaction" : "create api key",
    "sampleCount" : 5,
    "errorCount" : 0,
    "errorPct" : 0.0,
    "meanResTime" : 62.4,
    "medianResTime" : 83.0,
    "minResTime" : 30.0,
    "maxResTime" : 85.0,
    "pct1ResTime" : 85.0,
    "pct2ResTime" : 85.0,
    "pct3ResTime" : 85.0,
    "throughput" : 2.983293556085919,
    "receivedKBytesPerSec" : 1.9799280280429594,
    "sentKBytesPerSec" : 0.8390513126491647
  }
}