{
  "zone activity" : {
    "transaction" : "zone activity",
    "sampleCount" : 5,
    "errorCount" : 0,
    "errorPct" : 0.0,
    "meanResTime" : 1357.8,
    "medianResTime" : 1809.0,
    "minResTime" : 90.0,
    "maxResTime" : 2045.0,
    "pct1ResTime" : 2045.0,
    "pct2ResTime" : 2045.0,
    "pct3ResTime" : 2045.0,
    "throughput" : 2.172024326672459,
    "receivedKBytesPerSec" : 604.3992825532146,
    "sentKBytesPerSec" : 0.7084532471763684
  },
  "Total" : {
    "transaction" : "Total",
    "sampleCount" : 15,
    "errorCount" : 0,
    "errorPct" : 0.0,
    "meanResTime" : 562.8000000000001,
    "medianResTime" : 80.0,
    "minResTime" : 21.0,
    "maxResTime" : 2045.0,
    "pct1ResTime" : 2033.0,
    "pct2ResTime" : 2045.0,
    "pct3ResTime" : 2045.0,
    "throughput" : 3.676470588235294,
    "receivedKBytesPerSec" : 342.78516582414215,
    "sentKBytesPerSec" : 1.0495653339460784
  },
  "login" : {
    "transaction" : "login",
    "sampleCount" : 5,
    "errorCount" : 0,
    "errorPct" : 0.0,
    "meanResTime" : 290.2,
    "medianResTime" : 64.0,
    "minResTime" : 55.0,
    "maxResTime" : 1095.0,
    "pct1ResTime" : 1095.0,
    "pct2ResTime" : 1095.0,
    "pct3ResTime" : 1095.0,
    "throughput" : 1.2603982858583311,
    "receivedKBytesPerSec" : 0.9871478762288883,
    "sentKBytesPerSec" : 0.3138687137635493
  },
  "create api key" : {
    "transaction" : "create api key",
    "sampleCount" : 5,
    "errorCount" : 0,
    "errorPct" : 0.0,
    "meanResTime" : 40.4,
    "medianResTime" : 21.0,
    "minResTime" : 21.0,
    "maxResTime" : 80.0,
    "pct1ResTime" : 80.0,
    "pct2ResTime" : 80.0,
    "pct3ResTime" : 80.0,
    "throughput" : 2.1862702229995628,
    "receivedKBytesPerSec" : 1.4518200699606472,
    "sentKBytesPerSec" : 0.6148885002186271
  }
}