{
  "zone activity" : {
    "transaction" : "zone activity",
    "sampleCount" : 5,
    "errorCount" : 0,
    "errorPct" : 0.0,
    "meanResTime" : 665.4,
    "medianResTime" : 988.0,
    "minResTime" : 75.0,
    "maxResTime" : 1026.0,
    "pct1ResTime" : 1026.0,
    "pct2ResTime" : 1026.0,
    "pct3ResTime" : 1026.0,
    "throughput" : 2.745744096650192,
    "receivedKBytesPerSec" : 764.3314971169688,
    "sentKBytesPerSec" : 0.8955845002745745
  },
  "Total" : {
    "transaction" : "Total",
    "sampleCount" : 15,
    "errorCount" : 0,
    "errorPct" : 0.0,
    "meanResTime" : 396.1333333333333,
    "medianResTime" : 75.0,
    "minResTime" : 17.0,
    "maxResTime" : 1585.0,
    "pct1ResTime" : 1249.6000000000001,
    "pct2ResTime" : 1585.0,
    "pct3ResTime" : 1585.0,
    "throughput" : 3.7037037037037037,
    "receivedKBytesPerSec" : 345.4523533950617,
    "sentKBytesPerSec" : 1.0573398919753088
  },
  "login" : {
    "transaction" : "login",
    "sampleCount" : 5,
    "errorCount" : 0,
    "errorPct" : 0.0,
    "meanResTime" : 488.2,
    "medianResTime" : 86.0,
    "minResTime" : 46.0,
    "maxResTime" : 1585.0,
    "pct1ResTime" : 1585.0,
    "pct2ResTime" : 1585.0,
    "pct3ResTime" : 1585.0,
    "throughput" : 1.2639029322548028,
    "receivedKBytesPerSec" : 0.9898927262386249,
    "sentKBytesPerSec" : 0.31474145285642063
  },
  "create api key" : {
    "transaction" : "create api key",
    "sampleCount" : 5,
    "errorCount" : 0,
    "errorPct" : 0.0,
    "meanResTime" : 34.8,
    "medianResTime" : 41.0,
    "minResTime" : 17.0,
    "maxResTime" : 50.0,
    "pct1ResTime" : 50.0,
    "pct2ResTime" : 50.0,
    "pct3ResTime" : 50.0,
    "throughput" : 2.7777777777777777,
    "receivedKBytesPerSec" : 1.8435329861111112,
    "sentKBytesPerSec" : 0.78125
  }
}