{
  "zone activity" : {
    "transaction" : "zone activity",
    "sampleCount" : 5,
    "errorCount" : 0,
    "errorPct" : 0.0,
    "meanResTime" : 540.6,
    "medianResTime" : 300.0,
    "minResTime" : 211.0,
    "maxResTime" : 991.0,
    "pct1ResTime" : 991.0,
    "pct2ResTime" : 991.0,
    "pct3ResTime" : 991.0,
    "throughput" : 1.7391304347826089,
    "receivedKBytesPerSec" : 483.87058423913044,
    "sentKBytesPerSec" : 0.5672554347826086
  },
  "Total" : {
    "transaction" : "Total",
    "sampleCount" : 15,
    "errorCount" : 0,
    "errorPct" : 0.0,
    "meanResTime" : 280.80000000000007,
    "medianResTime" : 147.0,
    "minResTime" : 43.0,
    "maxResTime" : 991.0,
    "pct1ResTime" : 988.0,
    "pct2ResTime" : 991.0,
    "pct3ResTime" : 991.0,
    "throughput" : 3.486750348675035,
    "receivedKBytesPerSec" : 325.0491232275686,
    "sentKBytesPerSec" : 0.9954036639934914
  },
  "login" : {
    "transaction" : "login",
    "sampleCount" : 5,
    "errorCount" : 0,
    "errorPct" : 0.0,
    "meanResTime" : 250.0,
    "medianResTime" : 147.0,
    "minResTime" : 126.0,
    "maxResTime" : 700.0,
    "pct1ResTime" : 700.0,
    "pct2ResTime" : 700.0,
    "pct3ResTime" : 700.0,
    "throughput" : 1.2370113805047005,
    "receivedKBytesPerSec" : 0.9688311788718457,
    "sentKBytesPerSec" : 0.30804482619990103
  },
  "create api key" : {
    "transaction" : "create api key",
    "sampleCount" : 5,
    "errorCount" : 0,
    "errorPct" : 0.0,
    "meanResTime" : 51.8,
    "medianResTime" : 46.0,
    "minResTime" : 43.0,
    "maxResTime" : 63.0,
    "pct1ResTime" : 63.0,
    "pct2ResTime" : 63.0,
    "pct3ResTime" : 63.0,
    "throughput" : 1.8261504747991235,
    "receivedKBytesPerSec" : 1.2116080396274653,
    "sentKBytesPerSec" : 0.5136048210372535
  }
}