{
  "zone activity" : {
    "transaction" : "zone activity",
    "sampleCount" : 5,
    "errorCount" : 0,
    "errorPct" : 0.0,
    "meanResTime" : 2146.4,
    "medianResTime" : 2350.0,
    "minResTime" : 1335.0,
    "maxResTime" : 2355.0,
    "pct1ResTime" : 2355.0,
    "pct2ResTime" : 2355.0,
    "pct3ResTime" : 2355.0,
    "throughput" : 2.1186440677966103,
    "receivedKBytesPerSec" : 589.500297934322,
    "sentKBytesPerSec" : 0.6910421080508475
  },
  "Total" : {
    "transaction" : "Total",
    "sampleCount" : 15,
    "errorCount" : 0,
    "errorPct" : 0.0,
    "meanResTime" : 994.4000000000002,
    "medianResTime" : 364.0,
    "minResTime" : 17.0,
    "maxResTime" : 2355.0,
    "pct1ResTime" : 2354.4,
    "pct2ResTime" : 2355.0,
    "pct3ResTime" : 2355.0,
    "throughput" : 2.853881278538813,
    "receivedKBytesPerSec" : 266.068317755898,
    "sentKBytesPerSec" : 0.8147310811453576
  },
  "login" : {
    "transaction" : "login",
    "sampleCount" : 5,
    "errorCount" : 0,
    "errorPct" : 0.0,
    "meanResTime" : 804.6,
    "medianResTime" : 364.0,
    "minResTime" : 52.0,
    "maxResTime" : 2189.0,
    "pct1ResTime" : 2189.0,
    "pct2ResTime" : 2189.0,
    "pct3ResTime" : 2189.0,
    "throughput" : 1.2899896800825594,
    "receivedKBytesPerSec" : 1.0103239486584108,
    "sentKBytesPerSec" : 0.32123766447368424
  },
  "create api key" : {
    "transaction" : "create api key",
    "sampleCount" : 5,
    "errorCount" : 0,
    "errorPct" : 0.0,
    "meanResTime" : 32.2,
    "medianResTime" : 40.0,
    "minResTime" : 17.0,
    "maxResTime" : 43.0,
    "pct1ResTime" : 43.0,
    "pct2ResTime" : 43.0,
    "pct3ResTime" : 43.0,
    "throughput" : 4.7303689687795645,
    "receivedKBytesPerSec" : 3.1394128429517503,
    "sentKBytesPerSec" : 1.3304162724692528
  }
}