{
  "zone activity" : {
    "transaction" : "zone activity",
    "sampleCount" : 5,
    "errorCount" : 0,
    "errorPct" : 0.0,
    "meanResTime" : 216.6,
    "medianResTime" : 222.0,
    "minResTime" : 201.0,
    "maxResTime" : 229.0,
    "pct1ResTime" : 229.0,
    "pct2ResTime" : 229.0,
    "pct3ResTime" : 229.0,
    "throughput" : 1.8031013342949873,
    "receivedKBytesPerSec" : 501.60553495762707,
    "sentKBytesPerSec" : 0.5881209430219978
  },
  "Total" : {
    "transaction" : "Total",
    "sampleCount" : 15,
    "errorCount" : 0,
    "errorPct" : 0.0,
    "meanResTime" : 182.33333333333334,
    "medianResTime" : 130.0,
    "minResTime" : 37.0,
    "maxResTime" : 887.0,
    "pct1ResTime" : 492.2000000000002,
    "pct2ResTime" : 887.0,
    "pct3ResTime" : 887.0,
    "throughput" : 3.483511379470506,
    "receivedKBytesPerSec" : 324.7063508766837,
    "sentKBytesPerSec" : 0.9944789973293079
  },
  "login" : {
    "transaction" : "login",
    "sampleCount" : 5,
    "errorCount" : 0,
    "errorPct" : 0.0,
    "meanResTime" : 278.0,
    "medianResTime" : 130.0,
    "minResTime" : 115.0,
    "maxResTime" : 887.0,
    "pct1ResTime" : 887.0,
    "pct2ResTime" : 887.0,
    "pct3ResTime" : 887.0,
    "throughput" : 1.2379301807378065,
    "receivedKBytesPerSec" : 0.9695507860856648,
    "sentKBytesPerSec" : 0.30827362899232486
  },
  "create api key" : {
    "transaction" : "create api key",
    "sampleCount" : 5,
    "errorCount" : 0,
    "errorPct" : 0.0,
    "meanResTime" : 52.4,
    "medianResTime" : 41.0,
    "minResTime" : 37.0,
    "maxResTime" : 82.0,
    "pct1ResTime" : 82.0,
    "pct2ResTime" : 82.0,
    "pct3ResTime" : 82.0,
    "throughput" : 1.9025875190258752,
    "receivedKBytesPerSec" : 1.262322226978691,
    "sentKBytesPerSec" : 0.5351027397260274
  }
}