{
  "zone activity" : {
    "transaction" : "zone activity",
    "sampleCount" : 5,
    "errorCount" : 0,
    "errorPct" : 0.0,
    "meanResTime" : 27.8,
    "medianResTime" : 26.0,
    "minResTime" : 24.0,
    "maxResTime" : 34.0,
    "pct1ResTime" : 34.0,
    "pct2ResTime" : 34.0,
    "pct3ResTime" : 34.0,
    "throughput" : 1.6627868307283007,
    "receivedKBytesPerSec" : 24.175036893082805,
    "sentKBytesPerSec" : 0.5407304830395743
  },
  "Total" : {
    "transaction" : "Total",
    "sampleCount" : 15,
    "errorCount" : 0,
    "errorPct" : 0.0,
    "meanResTime" : 59.8,
    "medianResTime" : 30.0,
    "minResTime" : 17.0,
    "maxResTime" : 424.0,
    "pct1ResTime" : 206.80000000000013,
    "pct2ResTime" : 424.0,
    "pct3ResTime" : 424.0,
    "throughput" : 3.7313432835820897,
    "receivedKBytesPerSec" : 19.882278062810947,
    "sentKBytesPerSec" : 1.0640158582089554
  },
  "login" : {
    "transaction" : "login",
    "sampleCount" : 5,
    "errorCount" : 0,
    "errorPct" : 0.0,
    "meanResTime" : 127.8,
    "medianResTime" : 54.0,
    "minResTime" : 48.0,
    "maxResTime" : 424.0,
    "pct1ResTime" : 424.0,
    "pct2ResTime" : 424.0,
    "pct3ResTime" : 424.0,
    "throughput" : 1.257229067136032,
    "receivedKBytesPerSec" : 0.9846657342217753,
    "sentKBytesPerSec" : 0.313079504023133
  },
  "create api key" : {
    "transaction" : "create api key",
    "sampleCount" : 5,
    "errorCount" : 0,
    "errorPct" : 0.0,
    "meanResTime" : 23.8,
    "medianResTime" : 18.0,
    "minResTime" : 17.0,
    "maxResTime" : 48.0,
    "pct1ResTime" : 48.0,
    "pct2ResTime" : 48.0,
    "pct3ResTime" : 48.0,
    "throughput" : 1.6425755584756898,
    "receivedKBytesPerSec" : 1.0894895696452036,
    "sentKBytesPerSec" : 0.46197437582128775
  }
}