{
  "zone activity" : {
    "transaction" : "zone activity",
    "sampleCount" : 5,
    "errorCount" : 0,
    "errorPct" : 0.0,
    "meanResTime" : 1029.0,
    "medianResTime" : 1132.0,
    "minResTime" : 201.0,
    "maxResTime" : 1806.0,
    "pct1ResTime" : 1806.0,
    "pct2ResTime" : 1806.0,
    "pct3ResTime" : 1806.0,
    "throughput" : 1.756851721714687,
    "receivedKBytesPerSec" : 488.6442869378074,
    "sentKBytesPerSec" : 0.5730356201686577
  },
  "Total" : {
    "transaction" : "Total",
    "sampleCount" : 15,
    "errorCount" : 0,
    "errorPct" : 0.0,
    "meanResTime" : 443.79999999999995,
    "medianResTime" : 123.0,
    "minResTime" : 40.0,
    "maxResTime" : 1806.0,
    "pct1ResTime" : 1804.2,
    "pct2ResTime" : 1806.0,
    "pct3ResTime" : 1806.0,
    "throughput" : 3.4916201117318435,
    "receivedKBytesPerSec" : 325.39989961592175,
    "sentKBytesPerSec" : 0.9967938925744878
  },
  "login" : {
    "transaction" : "login",
    "sampleCount" : 5,
    "errorCount" : 0,
    "errorPct" : 0.0,
    "meanResTime" : 247.0,
    "medianResTime" : 123.0,
    "minResTime" : 119.0,
    "maxResTime" : 713.0,
    "pct1ResTime" : 713.0,
    "pct2ResTime" : 713.0,
    "pct3ResTime" : 713.0,
    "throughput" : 1.2348728081007656,
    "receivedKBytesPerSec" : 0.9671562422820449,
    "sentKBytesPerSec" : 0.30751227154853045
  },
  "create api key" : {
    "transaction" : "create api key",
    "sampleCount" : 5,
    "errorCount" : 0,
    "errorPct" : 0.0,
    "meanResTime" : 55.4,
    "medianResTime" : 52.0,
    "minResTime" : 40.0,
    "maxResTime" : 71.0,
    "pct1ResTime" : 71.0,
    "pct2ResTime" : 71.0,
    "pct3ResTime" : 71.0,
    "throughput" : 1.832172957127153,
    "receivedKBytesPerSec" : 1.2166773543422498,
    "sentKBytesPerSec" : 0.5152986441920117
  }
}