{
  "zone activity" : {
    "transaction" : "zone activity",
    "sampleCount" : 5,
    "errorCount" : 0,
    "errorPct" : 0.0,
    "meanResTime" : 729.4,
    "medianResTime" : 981.0,
    "minResTime" : 89.0,
    "maxResTime" : 1240.0,
    "pct1ResTime" : 1240.0,
    "pct2ResTime" : 1240.0,
    "pct3ResTime" : 1240.0,
    "throughput" : 2.1249468763280914,
    "receivedKBytesPerSec" : 591.2125146090098,
    "sentKBytesPerSec" : 0.6930979069273268
  },
  "Total" : {
    "transaction" : "Total",
    "sampleCount" : 15,
    "errorCount" : 0,
    "errorPct" : 0.0,
    "meanResTime" : 346.4666666666667,
    "medianResTime" : 89.0,
    "minResTime" : 18.0,
    "maxResTime" : 1240.0,
    "pct1ResTime" : 1237.0,
    "pct2ResTime" : 1240.0,
    "pct3ResTime" : 1240.0,
    "throughput" : 3.6719706242350063,
    "receivedKBytesPerSec" : 342.31539741432067,
    "sentKBytesPerSec" : 1.04828067625459
  },
  "login" : {
    "transaction" : "login",
    "sampleCount" : 5,
    "errorCount" : 0,
    "errorPct" : 0.0,
    "meanResTime" : 245.4,
    "medianResTime" : 69.0,
    "minResTime" : 56.0,
    "maxResTime" : 975.0,
    "pct1ResTime" : 975.0,
    "pct2ResTime" : 975.0,
    "pct3ResTime" : 975.0,
    "throughput" : 1.2623074981065388,
    "receivedKBytesPerSec" : 0.9886431772279728,
    "sentKBytesPerSec" : 0.31434415236051505
  },
  "create api key" : {
    "transaction" : "create api key",
    "sampleCount" : 5,
    "errorCount" : 0,
    "errorPct" : 0.0,
    "meanResTime" : 64.6,
    "medianResTime" : 19.0,
    "minResTime" : 18.0,
    "maxResTime" : 134.0,
    "pct1ResTime" : 134.0,
    "pct2ResTime" : 134.0,
    "pct3ResTime" : 134.0,
    "throughput" : 2.0859407592824364,
    "receivedKBytesPerSec" : 1.3847876251564457,
    "sentKBytesPerSec" : 0.5866708385481852
  }
}