{
  "zone activity" : {
    "transaction" : "zone activity",
    "sampleCount" : 5,
    "errorCount" : 0,
    "errorPct" : 0.0,
    "meanResTime" : 595.4,
    "medianResTime" : 854.0,
    "minResTime" : 157.0,
    "maxResTime" : 908.0,
    "pct1ResTime" : 908.0,
    "pct2ResTime" : 908.0,
    "pct3ResTime" : 908.0,
    "throughput" : 2.736726874657909,
    "receivedKBytesPerSec" : 761.9293496852764,
    "sentKBytesPerSec" : 0.8926433360700602
  },
  "Total" : {
    "transaction" : "Total",
    "sampleCount" : 15,
    "errorCount" : 0,
    "errorPct" : 0.0,
    "meanResTime" : 414.4,
    "medianResTime" : 157.0,
    "minResTime" : 36.0,
    "maxResTime" : 1641.0,
    "pct1ResTime" : 1201.2000000000003,
    "pct2ResTime" : 1641.0,
    "pct3ResTime" : 1641.0,
    "throughput" : 3.5604082601471636,
    "receivedKBytesPerSec" : 332.1339362538571,
    "sentKBytesPerSec" : 1.0164316549964396
  },
  "login" : {
    "transaction" : "login",
    "sampleCount" : 5,
    "errorCount" : 0,
    "errorPct" : 0.0,
    "meanResTime" : 552.4,
    "medianResTime" : 178.0,
    "minResTime" : 103.0,
    "maxResTime" : 1641.0,
    "pct1ResTime" : 1641.0,
    "pct2ResTime" : 1641.0,
    "pct3ResTime" : 1641.0,
    "throughput" : 1.2444001991040317,
    "receivedKBytesPerSec" : 0.9746181246889,
    "sentKBytesPerSec" : 0.30988481520657046
  },
  "create api key" : {
    "transaction" : "create api key",
    "sampleCount" : 5,
    "errorCount" : 0,
    "errorPct" : 0.0,
    "meanResTime" : 95.4,
    "medianResTime" : 122.0,
    "minResTime" : 36.0,
    "maxResTime" : 137.0,
    "pct1ResTime" : 137.0,
    "pct2ResTime" : 137.0,
    "pct3ResTime" : 137.0,
    "throughput" : 2.745744096650192,
    "receivedKBytesPerSec" : 1.8228094110378914,
    "sentKBytesPerSec" : 0.7722405271828666
  }
}