{
  "zone activity" : {
    "transaction" : "zone activity",
    "sampleCount" : 5,
    "errorCount" : 0,
    "errorPct" : 0.0,
    "meanResTime" : 250.4,
    "medianResTime" : 246.0,
    "minResTime" : 207.0,
    "maxResTime" : 292.0,
    "pct1ResTime" : 292.0,
    "pct2ResTime" : 292.0,
    "pct3ResTime" : 292.0,
    "throughput" : 2.224199288256228,
    "receivedKBytesPerSec" : 618.6397457462188,
    "sentKBytesPerSec" : 0.7254712522241992
  },
  "Total" : {
    "transaction" : "Total",
    "sampleCount" : 15,
    "errorCount" : 0,
    "errorPct" : 0.0,
    "meanResTime" : 242.99999999999997,
    "medianResTime" : 145.0,
    "minResTime" : 39.0,
    "maxResTime" : 1305.0,
    "pct1ResTime" : 766.8000000000003,
    "pct2ResTime" : 1305.0,
    "pct3ResTime" : 1305.0,
    "throughput" : 3.5211267605633805,
    "receivedKBytesPerSec" : 328.15434272300473,
    "sentKBytesPerSec" : 1.0052175029342723
  },
  "login" : {
    "transaction" : "login",
    "sampleCount" : 5,
    "errorCount" : 0,
    "errorPct" : 0.0,
    "meanResTime" : 420.8,
    "medianResTime" : 145.0,
    "minResTime" : 116.0,
    "maxResTime" : 1305.0,
    "pct1ResTime" : 1305.0,
    "pct2ResTime" : 1305.0,
    "pct3ResTime" : 1305.0,
    "throughput" : 1.2465719272001994,
    "receivedKBytesPerSec" : 0.9763190289204687,
    "sentKBytesPerSec" : 0.3104256264023934
  },
  "create api key" : {
    "transaction" : "create api key",
    "sampleCount" : 5,
    "errorCount" : 0,
    "errorPct" : 0.0,
    "meanResTime" : 57.8,
    "medianResTime" : 51.0,
    "minResTime" : 39.0,
    "maxResTime" : 81.0,
    "pct1ResTime" : 81.0,
    "pct2ResTime" : 81.0,
    "pct3ResTime" : 81.0,
    "throughput" : 2.346316283435007,
    "receivedKBytesPerSec" : 1.557642392069451,
    "sentKBytesPerSec" : 0.6599014547160958
  }
}