{
  "zone activity" : {
    "transaction" : "zone activity",
    "sampleCount" : 5,
    "errorCount" : 0,
    "errorPct" : 0.0,
    "meanResTime" : 288.4,
    "medianResTime" : 240.0,
    "minResTime" : 193.0,
    "maxResTime" : 392.0,
    "pct1ResTime" : 392.0,
    "pct2ResTime" : 392.0,
    "pct3ResTime" : 392.0,
    "throughput" : 1.9825535289452814,
    "receivedKBytesPerSec" : 551.6145420301349,
    "sentKBytesPerSec" : 0.6466532018239493
  },
  "Total" : {
    "transaction" : "Total",
    "sampleCount" : 15,
    "errorCount" : 0,
    "errorPct" : 0.0,
    "meanResTime" : 229.80000000000004,
    "medianResTime" : 142.0,
    "minResTime" : 42.0,
    "maxResTime" : 1057.0,
    "pct1ResTime" : 658.0000000000002,
    "pct2ResTime" : 1057.0,
    "pct3ResTime" : 1057.0,
    "throughput" : 3.465804066543438,
    "receivedKBytesPerSec" : 323.1070301669362,
    "sentKBytesPerSec" : 0.9894238822781884
  },
  "login" : {
    "transaction" : "login",
    "sampleCount" : 5,
    "errorCount" : 0,
    "errorPct" : 0.0,
    "meanResTime" : 322.0,
    "medianResTime" : 142.0,
    "minResTime" : 119.0,
    "maxResTime" : 1057.0,
    "pct1ResTime" : 1057.0,
    "pct2ResTime" : 1057.0,
    "pct3ResTime" : 1057.0,
    "throughput" : 1.2339585389930898,
    "receivedKBytesPerSec" : 0.9664401838598224,
    "sentKBytesPerSec" : 0.30728459711253703
  },
  "create api key" : {
    "transaction" : "create api key",
    "sampleCount" : 5,
    "errorCount" : 0,
    "errorPct" : 0.0,
    "meanResTime" : 79.0,
    "medianResTime" : 50.0,
    "minResTime" : 42.0,
    "maxResTime" : 129.0,
    "pct1ResTime" : 129.0,
    "pct2ResTime" : 129.0,
    "pct3ResTime" : 129.0,
    "throughput" : 2.0508613617719442,
    "receivedKBytesPerSec" : 1.3614995641919605,
    "sentKBytesPerSec" : 0.5768047579983593
  }
}