{
  "zone activity" : {
    "transaction" : "zone activity",
    "sampleCount" : 5,
    "errorCount" : 0,
    "errorPct" : 0.0,
    "meanResTime" : 323.0,
    "medianResTime" : 326.0,
    "minResTime" : 304.0,
    "maxResTime" : 337.0,
    "pct1ResTime" : 337.0,
    "pct2ResTime" : 337.0,
    "pct3ResTime" : 337.0,
    "throughput" : 2.5316455696202533,
    "receivedKBytesPerSec" : 704.6242088607595,
    "sentKBytesPerSec" : 0.825751582278481
  },
  "Total" : {
    "transaction" : "Total",
    "sampleCount" : 15,
    "errorCount" : 0,
    "errorPct" : 0.0,
    "meanResTime" : 355.1333333333333,
    "medianResTime" : 218.0,
    "minResTime" : 64.0,
    "maxResTime" : 1811.0,
    "pct1ResTime" : 1265.0000000000005,
    "pct2ResTime" : 1811.0,
    "pct3ResTime" : 1811.0,
    "throughput" : 3.3587102552619794,
    "receivedKBytesPerSec" : 313.2259712270488,
    "sentKBytesPerSec" : 0.9588505513882669
  },
  "login" : {
    "transaction" : "login",
    "sampleCount" : 5,
    "errorCount" : 0,
    "errorPct" : 0.0,
    "meanResTime" : 666.2,
    "medianResTime" : 218.0,
    "minResTime" : 187.0,
    "maxResTime" : 1811.0,
    "pct1ResTime" : 1811.0,
    "pct2ResTime" : 1811.0,
    "pct3ResTime" : 1811.0,
    "throughput" : 1.220703125,
    "receivedKBytesPerSec" : 0.9560585021972656,
    "sentKBytesPerSec" : 0.3039836883544922
  },
  "create api key" : {
    "transaction" : "create api key",
    "sampleCount" : 5,
    "errorCount" : 0,
    "errorPct" : 0.0,
    "meanResTime" : 76.2,
    "medianResTime" : 82.0,
    "minResTime" : 64.0,
    "maxResTime" : 83.0,
    "pct1ResTime" : 83.0,
    "pct2ResTime" : 83.0,
    "pct3ResTime" : 83.0,
    "throughput" : 2.8280542986425337,
    "receivedKBytesPerSec" : 1.8769000989819005,
    "sentKBytesPerSec" : 0.7953902714932126
  }
}