{
  "zone activity" : {
    "transaction" : "zone activity",
    "sampleCount" : 5,
    "errorCount" : 0,
    "errorPct" : 0.0,
    "meanResTime" : 159.4,
    "medianResTime" : 154.0,
    "minResTime" : 146.0,
    "maxResTime" : 176.0,
    "pct1ResTime" : 176.0,
    "pct2ResTime" : 176.0,
    "pct3ResTime" : 176.0,
    "throughput" : 1.9849146486701073,
    "receivedKBytesPerSec" : 552.4723042377927,
    "sentKBytesPerSec" : 0.647423332671695
  },
  "Total" : {
    "transaction" : "Total",
    "sampleCount" : 15,
    "errorCount" : 0,
    "errorPct" : 0.0,
    "meanResTime" : 161.73333333333335,
    "medianResTime" : 93.0,
    "minResTime" : 30.0,
    "maxResTime" : 1028.0,
    "pct1ResTime" : 516.8000000000003,
    "pct2ResTime" : 1028.0,
    "pct3ResTime" : 1028.0,
    "throughput" : 3.5773908895778677,
    "receivedKBytesPerSec" : 333.63036235988557,
    "sentKBytesPerSec" : 1.0212798861197234
  },
  "login" : {
    "transaction" : "login",
    "sampleCount" : 5,
    "errorCount" : 0,
    "errorPct" : 0.0,
    "meanResTime" : 284.4,
    "medianResTime" : 93.0,
    "minResTime" : 90.0,
    "maxResTime" : 1028.0,
    "pct1ResTime" : 1028.0,
    "pct2ResTime" : 1028.0,
    "pct3ResTime" : 1028.0,
    "throughput" : 1.2496875781054737,
    "receivedKBytesPerSec" : 0.9787592164458885,
    "sentKBytesPerSec" : 0.31120149650087475
  },
  "create api key" : {
    "transaction" : "create api key",
    "sampleCount" : 5,
    "errorCount" : 0,
    "errorPct" : 0.0,
    "meanResTime" : 41.4,
    "medianResTime" : 35.0,
    "minResTime" : 30.0,
    "maxResTime" : 56.0,
    "pct1ResTime" : 56.0,
    "pct2ResTime" : 56.0,
    "pct3ResTime" : 56.0,
    "throughput" : 2.0550760378133988,
    "receivedKBytesPerSec" : 1.3638961672831895,
    "sentKBytesPerSec" : 0.5779901356350186
  }
}