{
  "zone activity" : {
    "transaction" : "zone activity",
    "sampleCount" : 5,
    "errorCount" : 0,
    "errorPct" : 0.0,
    "meanResTime" : 1441.0,
    "medianResTime" : 1742.0,
    "minResTime" : 401.0,
    "maxResTime" : 2175.0,
    "pct1ResTime" : 2175.0,
    "pct2ResTime" : 2175.0,
    "pct3ResTime" : 2175.0,
    "throughput" : 1.7755681818181817,
    "receivedKBytesPerSec" : 493.94884976473725,
    "sentKBytesPerSec" : 0.5791404030539773
  },
  "Total" : {
    "transaction" : "Total",
    "sampleCount" : 15,
    "errorCount" : 0,
    "errorPct" : 0.0,
    "meanResTime" : 649.1333333333332,
    "medianResTime" : 248.0,
    "minResTime" : 78.0,
    "maxResTime" : 2175.0,
    "pct1ResTime" : 2156.4,
    "pct2ResTime" : 2175.0,
    "pct3ResTime" : 2175.0,
    "throughput" : 3.243243243243243,
    "receivedKBytesPerSec" : 302.31228885135135,
    "sentKBytesPerSec" : 0.9258868243243243
  },
  "login" : {
    "transaction" : "login",
    "sampleCount" : 5,
    "errorCount" : 0,
    "errorPct" : 0.0,
    "meanResTime" : 413.0,
    "medianResTime" : 248.0,
    "minResTime" : 232.0,
    "maxResTime" : 1093.0,
    "pct1ResTime" : 1093.0,
    "pct2ResTime" : 1093.0,
    "pct3ResTime" : 1093.0,
    "throughput" : 1.2080212611741967,
    "receivedKBytesPerSec" : 0.9461260268180719,
    "sentKBytesPerSec" : 0.30082560703068373
  },
  "create api key" : {
    "transaction" : "create api key",
    "sampleCount" : 5,
    "errorCount" : 0,
    "errorPct" : 0.0,
    "meanResTime" : 93.4,
    "medianResTime" : 84.0,
    "minResTime" : 78.0,
    "maxResTime" : 112.0,
    "pct1ResTime" : 112.0,
    "pct2ResTime" : 112.0,
    "pct3ResTime" : 112.0,
    "throughput" : 1.970055161544523,
    "receivedKBytesPerSec" : 1.3074702029156817,
    "sentKBytesPerSec" : 0.5540780141843972
  }
}