{
  "zone activity" : {
    "transaction" : "zone activity",
    "sampleCount" : 5,
    "errorCount" : 0,
    "errorPct" : 0.0,
    "meanResTime" : 117.0,
    "medianResTime" : 116.0,
    "minResTime" : 115.0,
    "maxResTime" : 119.0,
    "pct1ResTime" : 119.0,
    "pct2ResTime" : 119.0,
    "pct3ResTime" : 119.0,
    "throughput" : 1.9739439399921042,
    "receivedKBytesPerSec" : 28.699294315041453,
    "sentKBytesPerSec" : 0.6419173164232136
  },
  "Total" : {
    "transaction" : "Total",
    "sampleCount" : 15,
    "errorCount" : 0,
    "errorPct" : 0.0,
    "meanResTime" : 182.06666666666663,
    "medianResTime" : 116.0,
    "minResTime" : 61.0,
    "maxResTime" : 1078.0,
    "pct1ResTime" : 543.4000000000003,
    "pct2ResTime" : 1078.0,
    "pct3ResTime" : 1078.0,
    "throughput" : 3.515350363252871,
    "receivedKBytesPerSec" : 18.73182820189829,
    "sentKBytesPerSec" : 1.0024241270213263
  },
  "login" : {
    "transaction" : "login",
    "sampleCount" : 5,
    "errorCount" : 0,
    "errorPct" : 0.0,
    "meanResTime" : 360.0,
    "medianResTime" : 179.0,
    "minResTime" : 177.0,
    "maxResTime" : 1078.0,
    "pct1ResTime" : 1078.0,
    "pct2ResTime" : 1078.0,
    "pct3ResTime" : 1078.0,
    "throughput" : 1.2227928588897041,
    "receivedKBytesPerSec" : 0.9576951883101001,
    "sentKBytesPerSec" : 0.3045040810711665
  },
  "create api key" : {
    "transaction" : "create api key",
    "sampleCount" : 5,
    "errorCount" : 0,
    "errorPct" : 0.0,
    "meanResTime" : 69.2,
    "medianResTime" : 61.0,
    "minResTime" : 61.0,
    "maxResTime" : 84.0,
    "pct1ResTime" : 84.0,
    "pct2ResTime" : 84.0,
    "pct3ResTime" : 84.0,
    "throughput" : 1.988862370723946,
    "receivedKBytesPerSec" : 1.3195635690135243,
    "sentKBytesPerSec" : 0.5593675417661098
  }
}