{
  "zone activity" : {
    "transaction" : "zone activity",
    "sampleCount" : 5,
    "errorCount" : 0,
    "errorPct" : 0.0,
    "meanResTime" : 1371.8,
    "medianResTime" : 1688.0,
    "minResTime" : 409.0,
    "maxResTime" : 2036.0,
    "pct1ResTime" : 2036.0,
    "pct2ResTime" : 2036.0,
    "pct3ResTime" : 2036.0,
    "throughput" : 1.8050541516245489,
    "receivedKBytesPerSec" : 502.24468355144404,
    "sentKBytesPerSec" : 0.5887578971119134
  },
  "Total" : {
    "transaction" : "Total",
    "sampleCount" : 15,
    "errorCount" : 0,
    "errorPct" : 0.0,
    "meanResTime" : 624.2,
    "medianResTime" : 238.0,
    "minResTime" : 76.0,
    "maxResTime" : 2036.0,
    "pct1ResTime" : 2035.4,
    "pct2ResTime" : 2036.0,
    "pct3ResTime" : 2036.0,
    "throughput" : 3.239740820734341,
    "receivedKBytesPerSec" : 302.04128982181425,
    "sentKBytesPerSec" : 0.9248869465442765
  },
  "login" : {
    "transaction" : "login",
    "sampleCount" : 5,
    "errorCount" : 0,
    "errorPct" : 0.0,
    "meanResTime" : 412.0,
    "medianResTime" : 238.0,
    "minResTime" : 233.0,
    "maxResTime" : 1107.0,
    "pct1ResTime" : 1107.0,
    "pct2ResTime" : 1107.0,
    "pct3ResTime" : 1107.0,
    "throughput" : 1.207437816952427,
    "receivedKBytesPerSec" : 0.9456690714803188,
    "sentKBytesPerSec" : 0.30068031574498916
  },
  "create api key" : {
    "transaction" : "create api key",
    "sampleCount" : 5,
    "errorCount" : 0,
    "errorPct" : 0.0,
    "meanResTime" : 88.8,
    "medianResTime" : 83.0,
    "minResTime" : 76.0,
    "maxResTime" : 106.0,
    "pct1ResTime" : 106.0,
    "pct2ResTime" : 106.0,
    "pct3ResTime" : 106.0,
    "throughput" : 2.0161290322580645,
    "receivedKBytesPerSec" : 1.3376543598790323,
    "sentKBytesPerSec" : 0.5670362903225806
  }
}