{
  "zone activity" : {
    "transaction" : "zone activity",
    "sampleCount" : 5,
    "errorCount" : 0,
    "errorPct" : 0.0,
    "meanResTime" : 430.4,
    "medianResTime" : 434.0,
    "minResTime" : 391.0,
    "maxResTime" : 472.0,
    "pct1ResTime" : 472.0,
    "pct2ResTime" : 472.0,
    "pct3ResTime" : 472.0,
    "throughput" : 1.554243083618278,
    "receivedKBytesPerSec" : 432.3946757460367,
    "sentKBytesPerSec" : 0.5069503807895555
  },
  "Total" : {
    "transaction" : "Total",
    "sampleCount" : 15,
    "errorCount" : 0,
    "errorPct" : 0.0,
    "meanResTime" : 287.26666666666665,
    "medianResTime" : 244.0,
    "minResTime" : 79.0,
    "maxResTime" : 739.0,
    "pct1ResTime" : 578.8000000000001,
    "pct2ResTime" : 739.0,
    "pct3ResTime" : 739.0,
    "throughput" : 3.2168132103795837,
    "receivedKBytesPerSec" : 299.8599764770534,
    "sentKBytesPerSec" : 0.9183415317392236
  },
  "login" : {
    "transaction" : "login",
    "sampleCount" : 5,
    "errorCount" : 0,
    "errorPct" : 0.0,
    "meanResTime" : 342.4,
    "medianResTime" : 244.0,
    "minResTime" : 232.0,
    "maxResTime" : 739.0,
    "pct1ResTime" : 739.0,
    "pct2ResTime" : 739.0,
    "pct3ResTime" : 739.0,
    "throughput" : 1.2004801920768307,
    "receivedKBytesPerSec" : 0.940219837935174,
    "sentKBytesPerSec" : 0.2989477040816326
  },
  "create api key" : {
    "transaction" : "create api key",
    "sampleCount" : 5,
    "errorCount" : 0,
    "errorPct" : 0.0,
    "meanResTime" : 89.0,
    "medianResTime" : 86.0,
    "minResTime" : 79.0,
    "maxResTime" : 102.0,
    "pct1ResTime" : 102.0,
    "pct2ResTime" : 102.0,
    "pct3ResTime" : 102.0,
    "throughput" : 1.7164435290078957,
    "receivedKBytesPerSec" : 1.1388200523515277,
    "sentKBytesPerSec" : 0.4827497425334707
  }
}