{
  "zone activity" : {
    "transaction" : "zone activity",
    "sampleCount" : 10,
    "errorCount" : 0,
    "errorPct" : 0.0,
    "meanResTime" : 48.9,
    "medianResTime" : 49.0,
    "minResTime" : 48.0,
    "maxResTime" : 51.0,
    "pct1ResTime" : 50.9,
    "pct2ResTime" : 51.0,
    "pct3ResTime" : 51.0,
    "throughput" : 1.3500742540839747,
    "receivedKBytesPerSec" : 21.06326785473201,
    "sentKBytesPerSec" : 0.4390378189550425
  },
  "Total" : {
    "transaction" : "Total",
    "sampleCount" : 30,
    "errorCount" : 0,
    "errorPct" : 0.0,
    "meanResTime" : 87.0,
    "medianResTime" : 49.0,
    "minResTime" : 27.0,
    "maxResTime" : 1045.0,
    "pct1ResTime" : 87.80000000000001,
    "pct2ResTime" : 542.2999999999993,
    "pct3ResTime" : 1045.0,
    "throughput" : 3.30724286186749,
    "receivedKBytesPerSec" : 21.033074151141,
    "sentKBytesPerSec" : 0.9441575487818322
  },
  "login" : {
    "transaction" : "login",
    "sampleCount" : 10,
    "errorCount" : 0,
    "errorPct" : 0.0,
    "meanResTime" : 184.1,
    "medianResTime" : 83.5,
    "minResTime" : 80.0,
    "maxResTime" : 1045.0,
    "pct1ResTime" : 953.6000000000004,
    "pct2ResTime" : 1045.0,
    "pct3ResTime" : 1045.0,
    "throughput" : 1.1118523460084502,
    "receivedKBytesPerSec" : 2.0000312708472316,
    "sentKBytesPerSec" : 0.27796308650211254
  },
  "create api key" : {
    "transaction" : "create api key",
    "sampleCount" : 10,
    "errorCount" : 0,
    "errorPct" : 0.0,
    "meanResTime" : 28.000000000000004,
    "medianResTime" : 27.0,
    "minResTime" : 27.0,
    "maxResTime" : 31.0,
    "pct1ResTime" : 31.0,
    "pct2ResTime" : 31.0,
    "pct3ResTime" : 31.0,
    "throughput" : 1.3506212857914641,
    "receivedKBytesPerSec" : 2.2673027248784443,
    "sentKBytesPerSec" : 0.37986223662884927
  }
}