{
  "zone activity" : {
    "transaction" : "zone activity",
    "sampleCount" : 10,
    "errorCount" : 0,
    "errorPct" : 0.0,
    "meanResTime" : 84.79999999999998,
    "medianResTime" : 80.0,
    "minResTime" : 69.0,
    "maxResTime" : 105.0,
    "pct1ResTime" : 105.0,
    "pct2ResTime" : 105.0,
    "pct3ResTime" : 105.0,
    "throughput" : 1.3740038472107723,
    "receivedKBytesPerSec" : 21.436875257625722,
    "sentKBytesPerSec" : 0.44681961046990937
  },
  "Total" : {
    "transaction" : "Total",
    "sampleCount" : 30,
    "errorCount" : 0,
    "errorPct" : 0.0,
    "meanResTime" : 125.3666666666667,
    "medianResTime" : 80.0,
    "minResTime" : 38.0,
    "maxResTime" : 1116.0,
    "pct1ResTime" : 170.10000000000002,
    "pct2ResTime" : 613.2999999999993,
    "pct3ResTime" : 1116.0,
    "throughput" : 3.2747516646654296,
    "receivedKBytesPerSec" : 20.826866267328896,
    "sentKBytesPerSec" : 0.934881904268093
  },
  "login" : {
    "transaction" : "login",
    "sampleCount" : 10,
    "errorCount" : 0,
    "errorPct" : 0.0,
    "meanResTime" : 242.60000000000005,
    "medianResTime" : 145.5,
    "minResTime" : 111.0,
    "maxResTime" : 1116.0,
    "pct1ResTime" : 1024.6000000000004,
    "pct2ResTime" : 1116.0,
    "pct3ResTime" : 1116.0,
    "throughput" : 1.1065619121389842,
    "receivedKBytesPerSec" : 1.9905146896093835,
    "sentKBytesPerSec" : 0.276640478034746
  },
  "create api key" : {
    "transaction" : "create api key",
    "sampleCount" : 10,
    "errorCount" : 0,
    "errorPct" : 0.0,
    "meanResTime" : 48.7,
    "medianResTime" : 50.0,
    "minResTime" : 38.0,
    "maxResTime" : 59.0,
    "pct1ResTime" : 58.6,
    "pct2ResTime" : 59.0,
    "pct3ResTime" : 59.0,
    "throughput" : 1.375894331315355,
    "receivedKBytesPerSec" : 2.3099975921849203,
    "sentKBytesPerSec" : 0.3869702806824436
  }
}