{
  "zone activity" : {
    "transaction" : "zone activity",
    "sampleCount" : 5,
    "errorCount" : 0,
    "errorPct" : 0.0,
    "meanResTime" : 1538.2,
    "medianResTime" : 2029.0,
    "minResTime" : 398.0,
    "maxResTime" : 2038.0,
    "pct1ResTime" : 2038.0,
    "pct2ResTime" : 2038.0,
    "pct3ResTime" : 2038.0,
    "throughput" : 2.2512381809995494,
    "receivedKBytesPerSec" : 626.3643734522738,
    "sentKBytesPerSec" : 0.7342905785682124
  },
  "Total" : {
    "transaction" : "Total",
    "sampleCount" : 15,
    "errorCount" : 0,
    "errorPct" : 0.0,
    "meanResTime" : 768.0,
    "medianResTime" : 270.0,
    "minResTime" : 80.0,
    "maxResTime" : 2038.0,
    "pct1ResTime" : 2033.2,
    "pct2ResTime" : 2038.0,
    "pct3ResTime" : 2038.0,
    "throughput" : 3.2334554860961413,
    "receivedKBytesPerSec" : 301.4422558741108,
    "sentKBytesPerSec" : 0.923092598081483
  },
  "login" : {
    "transaction" : "login",
    "sampleCount" : 5,
    "errorCount" : 0,
    "errorPct" : 0.0,
    "meanResTime" : 664.4,
    "medianResTime" : 270.0,
    "minResTime" : 249.0,
    "maxResTime" : 1728.0,
    "pct1ResTime" : 1728.0,
    "pct2ResTime" : 1728.0,
    "pct3ResTime" : 1728.0,
    "throughput" : 1.2022120702091847,
    "receivedKBytesPerSec" : 0.941576250300553,
    "sentKBytesPerSec" : 0.29937898232748256
  },
  "create api key" : {
    "transaction" : "create api key",
    "sampleCount" : 5,
    "errorCount" : 0,
    "errorPct" : 0.0,
    "meanResTime" : 101.4,
    "medianResTime" : 101.0,
    "minResTime" : 80.0,
    "maxResTime" : 131.0,
    "pct1ResTime" : 131.0,
    "pct2ResTime" : 131.0,
    "pct3ResTime" : 131.0,
    "throughput" : 2.579979360165119,
    "receivedKBytesPerSec" : 1.712763641640867,
    "sentKBytesPerSec" : 0.7256191950464397
  }
}