{
  "zone activity" : {
    "transaction" : "zone activity",
    "sampleCount" : 5,
    "errorCount" : 0,
    "errorPct" : 0.0,
    "meanResTime" : 170.2,
    "medianResTime" : 171.0,
    "minResTime" : 165.0,
    "maxResTime" : 174.0,
    "pct1ResTime" : 174.0,
    "pct2ResTime" : 174.0,
    "pct3ResTime" : 174.0,
    "throughput" : 1.5649452269170578,
    "receivedKBytesPerSec" : 435.23266334115806,
    "sentKBytesPerSec" : 0.5104411189358373
  },
  "Total" : {
    "transaction" : "Total",
    "sampleCount" : 15,
    "errorCount" : 0,
    "errorPct" : 0.0,
    "meanResTime" : 124.93333333333331,
    "medianResTime" : 100.0,
    "minResTime" : 32.0,
    "maxResTime" : 429.0,
    "pct1ResTime" : 276.0000000000001,
    "pct2ResTime" : 429.0,
    "pct3ResTime" : 429.0,
    "throughput" : 3.552818569398389,
    "receivedKBytesPerSec" : 331.07643000947417,
    "sentKBytesPerSec" : 1.014264936641402
  },
  "login" : {
    "transaction" : "login",
    "sampleCount" : 5,
    "errorCount" : 0,
    "errorPct" : 0.0,
    "meanResTime" : 164.8,
    "medianResTime" : 100.0,
    "minResTime" : 94.0,
    "maxResTime" : 429.0,
    "pct1ResTime" : 429.0,
    "pct2ResTime" : 429.0,
    "pct3ResTime" : 429.0,
    "throughput" : 1.2431626056688214,
    "receivedKBytesPerSec" : 0.9736488376429636,
    "sentKBytesPerSec" : 0.3095766254351069
  },
  "create api key" : {
    "transaction" : "create api key",
    "sampleCount" : 5,
    "errorCount" : 0,
    "errorPct" : 0.0,
    "meanResTime" : 39.8,
    "medianResTime" : 33.0,
    "minResTime" : 32.0,
    "maxResTime" : 67.0,
    "pct1ResTime" : 67.0,
    "pct2ResTime" : 67.0,
    "pct3ResTime" : 67.0,
    "throughput" : 1.607717041800643,
    "receivedKBytesPerSec" : 1.0676245980707395,
    "sentKBytesPerSec" : 0.4521704180064309
  }
}