{
  "zone activity" : {
    "transaction" : "zone activity",
    "sampleCount" : 10,
    "errorCount" : 0,
    "errorPct" : 0.0,
    "meanResTime" : 116.6,
    "medianResTime" : 116.0,
    "minResTime" : 115.0,
    "maxResTime" : 120.0,
    "pct1ResTime" : 119.8,
    "pct2ResTime" : 120.0,
    "pct3ResTime" : 120.0,
    "throughput" : 1.3704262025489926,
    "receivedKBytesPerSec" : 21.38079005070577,
    "sentKBytesPerSec" : 0.445656177196108
  },
  "Total" : {
    "transaction" : "Total",
    "sampleCount" : 30,
    "errorCount" : 0,
    "errorPct" : 0.0,
    "meanResTime" : 164.06666666666663,
    "medianResTime" : 116.0,
    "minResTime" : 62.0,
    "maxResTime" : 1254.0,
    "pct1ResTime" : 194.0,
    "pct2ResTime" : 766.1499999999994,
    "pct3ResTime" : 1254.0,
    "throughput" : 3.244295447172056,
    "receivedKBytesPerSec" : 20.632958662268845,
    "sentKBytesPerSec" : 0.9261872093651995
  },
  "login" : {
    "transaction" : "login",
    "sampleCount" : 10,
    "errorCount" : 0,
    "errorPct" : 0.0,
    "meanResTime" : 310.9,
    "medianResTime" : 185.0,
    "minResTime" : 182.0,
    "maxResTime" : 1254.0,
    "pct1ResTime" : 1165.3000000000002,
    "pct2ResTime" : 1254.0,
    "pct3ResTime" : 1254.0,
    "throughput" : 1.1029006286533583,
    "receivedKBytesPerSec" : 1.983928669901842,
    "sentKBytesPerSec" : 0.27572515716333956
  },
  "create api key" : {
    "transaction" : "create api key",
    "sampleCount" : 10,
    "errorCount" : 0,
    "errorPct" : 0.0,
    "meanResTime" : 64.7,
    "medianResTime" : 63.0,
    "minResTime" : 62.0,
    "maxResTime" : 72.0,
    "pct1ResTime" : 71.8,
    "pct2ResTime" : 72.0,
    "pct3ResTime" : 72.0,
    "throughput" : 1.376083665886886,
    "receivedKBytesPerSec" : 2.3103154671804043,
    "sentKBytesPerSec" : 0.38702353103068665
  }
}