{
  "zone activity" : {
    "transaction" : "zone activity",
    "sampleCount" : 5,
    "errorCount" : 0,
    "errorPct" : 0.0,
    "meanResTime" : 420.4,
    "medianResTime" : 419.0,
    "minResTime" : 389.0,
    "maxResTime" : 461.0,
    "pct1ResTime" : 461.0,
    "pct2ResTime" : 461.0,
    "pct3ResTime" : 461.0,
    "throughput" : 1.7580872011251758,
    "receivedKBytesPerSec" : 489.10535337552744,
    "sentKBytesPerSec" : 0.5734385988045008
  },
  "Total" : {
    "transaction" : "Total",
    "sampleCount" : 15,
    "errorCount" : 0,
    "errorPct" : 0.0,
    "meanResTime" : 308.3333333333333,
    "medianResTime" : 238.0,
    "minResTime" : 75.0,
    "maxResTime" : 1133.0,
    "pct1ResTime" : 729.8000000000002,
    "pct2ResTime" : 1133.0,
    "pct3ResTime" : 1133.0,
    "throughput" : 3.219575016097875,
    "receivedKBytesPerSec" : 300.11784147617516,
    "sentKBytesPerSec" : 0.9191299769263791
  },
  "login" : {
    "transaction" : "login",
    "sampleCount" : 5,
    "errorCount" : 0,
    "errorPct" : 0.0,
    "meanResTime" : 414.6,
    "medianResTime" : 238.0,
    "minResTime" : 226.0,
    "maxResTime" : 1133.0,
    "pct1ResTime" : 1133.0,
    "pct2ResTime" : 1133.0,
    "pct3ResTime" : 1133.0,
    "throughput" : 1.2030798845043311,
    "receivedKBytesPerSec" : 0.9422559251684313,
    "sentKBytesPerSec" : 0.29959508842637156
  },
  "create api key" : {
    "transaction" : "create api key",
    "sampleCount" : 5,
    "errorCount" : 0,
    "errorPct" : 0.0,
    "meanResTime" : 90.0,
    "medianResTime" : 81.0,
    "minResTime" : 75.0,
    "maxResTime" : 112.0,
    "pct1ResTime" : 112.0,
    "pct2ResTime" : 112.0,
    "pct3ResTime" : 112.0,
    "throughput" : 1.9646365422396854,
    "receivedKBytesPerSec" : 1.3034902996070727,
    "sentKBytesPerSec" : 0.5525540275049116
  }
}