{
  "zone activity" : {
    "transaction" : "zone activity",
    "sampleCount" : 5,
    "errorCount" : 0,
    "errorPct" : 0.0,
    "meanResTime" : 1222.2,
    "medianResTime" : 1302.0,
    "minResTime" : 281.0,
    "maxResTime" : 2105.0,
    "pct1ResTime" : 2105.0,
    "pct2ResTime" : 2105.0,
    "pct3ResTime" : 2105.0,
    "throughput" : 1.6260162601626016,
    "receivedKBytesPerSec" : 452.43108485772353,
    "sentKBytesPerSec" : 0.5303607723577235
  },
  "Total" : {
    "transaction" : "Total",
    "sampleCount" : 15,
    "errorCount" : 0,
    "errorPct" : 0.0,
    "meanResTime" : 518.5333333333333,
    "medianResTime" : 159.0,
    "minResTime" : 52.0,
    "maxResTime" : 2105.0,
    "pct1ResTime" : 2104.4,
    "pct2ResTime" : 2105.0,
    "pct3ResTime" : 2105.0,
    "throughput" : 3.3952014486192845,
    "receivedKBytesPerSec" : 316.5366646389769,
    "sentKBytesPerSec" : 0.9692681218877319
  },
  "login" : {
    "transaction" : "login",
    "sampleCount" : 5,
    "errorCount" : 0,
    "errorPct" : 0.0,
    "meanResTime" : 274.4,
    "medianResTime" : 159.0,
    "minResTime" : 157.0,
    "maxResTime" : 738.0,
    "pct1ResTime" : 738.0,
    "pct2ResTime" : 738.0,
    "pct3ResTime" : 738.0,
    "throughput" : 1.2254901960784315,
    "receivedKBytesPerSec" : 0.9598077512254902,
    "sentKBytesPerSec" : 0.30517578125
  },
  "create api key" : {
    "transaction" : "create api key",
    "sampleCount" : 5,
    "errorCount" : 0,
    "errorPct" : 0.0,
    "meanResTime" : 59.0,
    "medianResTime" : 54.0,
    "minResTime" : 52.0,
    "maxResTime" : 68.0,
    "pct1ResTime" : 68.0,
    "pct2ResTime" : 68.0,
    "pct3ResTime" : 68.0,
    "throughput" : 1.7397355601948503,
    "receivedKBytesPerSec" : 1.154273769137091,
    "sentKBytesPerSec" : 0.48930062630480164
  }
}