{
  "zone activity" : {
    "transaction" : "zone activity",
    "sampleCount" : 5,
    "errorCount" : 0,
    "errorPct" : 0.0,
    "meanResTime" : 1587.8,
    "medianResTime" : 2024.0,
    "minResTime" : 425.0,
    "maxResTime" : 2229.0,
    "pct1ResTime" : 2229.0,
    "pct2ResTime" : 2229.0,
    "pct3ResTime" : 2229.0,
    "throughput" : 1.887504718761797,
    "receivedKBytesPerSec" : 525.1860224377124,
    "sentKBytesPerSec" : 0.6156509531898829
  },
  "Total" : {
    "transaction" : "Total",
    "sampleCount" : 15,
    "errorCount" : 0,
    "errorPct" : 0.0,
    "meanResTime" : 723.6666666666666,
    "medianResTime" : 245.0,
    "minResTime" : 81.0,
    "maxResTime" : 2229.0,
    "pct1ResTime" : 2227.8,
    "pct2ResTime" : 2229.0,
    "pct3ResTime" : 2229.0,
    "throughput" : 3.223726627981947,
    "receivedKBytesPerSec" : 300.54828538039976,
    "sentKBytesPerSec" : 0.9203151864388567
  },
  "login" : {
    "transaction" : "login",
    "sampleCount" : 5,
    "errorCount" : 0,
    "errorPct" : 0.0,
    "meanResTime" : 494.4,
    "medianResTime" : 245.0,
    "minResTime" : 239.0,
    "maxResTime" : 1322.0,
    "pct1ResTime" : 1322.0,
    "pct2ResTime" : 1322.0,
    "pct3ResTime" : 1322.0,
    "throughput" : 1.2065637065637065,
    "receivedKBytesPerSec" : 0.944984465492278,
    "sentKBytesPerSec" : 0.3004626417712355
  },
  "create api key" : {
    "transaction" : "create api key",
    "sampleCount" : 5,
    "errorCount" : 0,
    "errorPct" : 0.0,
    "meanResTime" : 88.8,
    "medianResTime" : 81.0,
    "minResTime" : 81.0,
    "maxResTime" : 102.0,
    "pct1ResTime" : 102.0,
    "pct2ResTime" : 102.0,
    "pct3ResTime" : 102.0,
    "throughput" : 2.1404109589041096,
    "receivedKBytesPerSec" : 1.4201125053510275,
    "sentKBytesPerSec" : 0.6019905821917808
  }
}