{
  "zone activity" : {
    "transaction" : "zone activity",
    "sampleCount" : 5,
    "errorCount" : 0,
    "errorPct" : 0.0,
    "meanResTime" : 437.8,
    "medianResTime" : 427.0,
    "minResTime" : 412.0,
    "maxResTime" : 481.0,
    "pct1ResTime" : 481.0,
    "pct2ResTime" : 481.0,
    "pct3ResTime" : 481.0,
    "throughput" : 1.7946877243359654,
    "receivedKBytesPerSec" : 499.22604091888013,
    "sentKBytesPerSec" : 0.585376660086145
  },
  "Total" : {
    "transaction" : "Total",
    "sampleCount" : 15,
    "errorCount" : 0,
    "errorPct" : 0.0,
    "meanResTime" : 319.79999999999995,
    "medianResTime" : 255.0,
    "minResTime" : 80.0,
    "maxResTime" : 1146.0,
    "pct1ResTime" : 747.0000000000002,
    "pct2ResTime" : 1146.0,
    "pct3ResTime" : 1146.0,
    "throughput" : 3.2355478861087144,
    "receivedKBytesPerSec" : 301.56970414959017,
    "sentKBytesPerSec" : 0.923689940142364
  },
  "login" : {
    "transaction" : "login",
    "sampleCount" : 5,
    "errorCount" : 0,
    "errorPct" : 0.0,
    "meanResTime" : 434.4,
    "medianResTime" : 255.0,
    "minResTime" : 238.0,
    "maxResTime" : 1146.0,
    "pct1ResTime" : 1146.0,
    "pct2ResTime" : 1146.0,
    "pct3ResTime" : 1146.0,
    "throughput" : 1.208605269518975,
    "receivedKBytesPerSec" : 0.9465834239787286,
    "sentKBytesPerSec" : 0.30097103879622916
  },
  "create api key" : {
    "transaction" : "create api key",
    "sampleCount" : 5,
    "errorCount" : 0,
    "errorPct" : 0.0,
    "meanResTime" : 87.2,
    "medianResTime" : 82.0,
    "minResTime" : 80.0,
    "maxResTime" : 97.0,
    "pct1ResTime" : 97.0,
    "pct2ResTime" : 97.0,
    "pct3ResTime" : 97.0,
    "throughput" : 2.01450443190975,
    "receivedKBytesPerSec" : 1.3365764756244962,
    "sentKBytesPerSec" : 0.5665793714746172
  }
}