{
  "zone activity" : {
    "transaction" : "zone activity",
    "sampleCount" : 5,
    "errorCount" : 0,
    "errorPct" : 0.0,
    "meanResTime" : 408.8,
    "medianResTime" : 408.0,
    "minResTime" : 399.0,
    "maxResTime" : 422.0,
    "pct1ResTime" : 422.0,
    "pct2ResTime" : 422.0,
    "pct3ResTime" : 422.0,
    "throughput" : 1.670564650851988,
    "receivedKBytesPerSec" : 464.63492941864354,
    "sentKBytesPerSec" : 0.5448912044771133
  },
  "Total" : {
    "transaction" : "Total",
    "sampleCount" : 15,
    "errorCount" : 0,
    "errorPct" : 0.0,
    "meanResTime" : 290.79999999999995,
    "medianResTime" : 239.0,
    "minResTime" : 79.0,
    "maxResTime" : 903.0,
    "pct1ResTime" : 614.4000000000002,
    "pct2ResTime" : 903.0,
    "pct3ResTime" : 903.0,
    "throughput" : 3.2376429958989856,
    "receivedKBytesPerSec" : 301.72429783617525,
    "sentKBytesPerSec" : 0.924288055795381
  },
  "login" : {
    "transaction" : "login",
    "sampleCount" : 5,
    "errorCount" : 0,
    "errorPct" : 0.0,
    "meanResTime" : 372.4,
    "medianResTime" : 239.0,
    "minResTime" : 232.0,
    "maxResTime" : 903.0,
    "pct1ResTime" : 903.0,
    "pct2ResTime" : 903.0,
    "pct3ResTime" : 903.0,
    "throughput" : 1.20598166907863,
    "receivedKBytesPerSec" : 0.944528611915099,
    "sentKBytesPerSec" : 0.3003177007959479
  },
  "create api key" : {
    "transaction" : "create api key",
    "sampleCount" : 5,
    "errorCount" : 0,
    "errorPct" : 0.0,
    "meanResTime" : 91.2,
    "medianResTime" : 80.0,
    "minResTime" : 79.0,
    "maxResTime" : 109.0,
    "pct1ResTime" : 109.0,
    "pct2ResTime" : 109.0,
    "pct3ResTime" : 109.0,
    "throughput" : 1.8450184501845017,
    "receivedKBytesPerSec" : 1.2252075645756457,
    "sentKBytesPerSec" : 0.5189114391143912
  }
}