{
  "zone activity" : {
    "transaction" : "zone activity",
    "sampleCount" : 5,
    "errorCount" : 0,
    "errorPct" : 0.0,
    "meanResTime" : 266.6,
    "medianResTime" : 162.0,
    "minResTime" : 156.0,
    "maxResTime" : 432.0,
    "pct1ResTime" : 432.0,
    "pct2ResTime" : 432.0,
    "pct3ResTime" : 432.0,
    "throughput" : 1.996805111821086,
    "receivedKBytesPerSec" : 555.3774117661741,
    "sentKBytesPerSec" : 0.6513016673322684
  },
  "Total" : {
    "transaction" : "Total",
    "sampleCount" : 15,
    "errorCount" : 0,
    "errorPct" : 0.0,
    "meanResTime" : 204.93333333333337,
    "medianResTime" : 104.0,
    "minResTime" : 32.0,
    "maxResTime" : 1067.0,
    "pct1ResTime" : 686.0000000000002,
    "pct2ResTime" : 1067.0,
    "pct3ResTime" : 1067.0,
    "throughput" : 3.565486094604231,
    "receivedKBytesPerSec" : 332.2798590890183,
    "sentKBytesPerSec" : 1.0178812841692417
  },
  "login" : {
    "transaction" : "login",
    "sampleCount" : 5,
    "errorCount" : 0,
    "errorPct" : 0.0,
    "meanResTime" : 303.6,
    "medianResTime" : 104.0,
    "minResTime" : 93.0,
    "maxResTime" : 1067.0,
    "pct1ResTime" : 1067.0,
    "pct2ResTime" : 1067.0,
    "pct3ResTime" : 1067.0,
    "throughput" : 1.2478163214374844,
    "receivedKBytesPerSec" : 0.9772936423758424,
    "sentKBytesPerSec" : 0.3107355097329673
  },
  "create api key" : {
    "transaction" : "create api key",
    "sampleCount" : 5,
    "errorCount" : 0,
    "errorPct" : 0.0,
    "meanResTime" : 44.6,
    "medianResTime" : 36.0,
    "minResTime" : 32.0,
    "maxResTime" : 61.0,
    "pct1ResTime" : 61.0,
    "pct2ResTime" : 61.0,
    "pct3ResTime" : 61.0,
    "throughput" : 2.066969822240595,
    "receivedKBytesPerSec" : 1.3725971475816452,
    "sentKBytesPerSec" : 0.5813352625051674
  }
}