{
  "zone activity" : {
    "transaction" : "zone activity",
    "sampleCount" : 5,
    "errorCount" : 0,
    "errorPct" : 0.0,
    "meanResTime" : 466.2,
    "medianResTime" : 552.0,
    "minResTime" : 322.0,
    "maxResTime" : 565.0,
    "pct1ResTime" : 565.0,
    "pct2ResTime" : 565.0,
    "pct3ResTime" : 565.0,
    "throughput" : 2.2988505747126435,
    "receivedKBytesPerSec" : 639.4369612068966,
    "sentKBytesPerSec" : 0.7498204022988506
  },
  "Total" : {
    "transaction" : "Total",
    "sampleCount" : 15,
    "errorCount" : 0,
    "errorPct" : 0.0,
    "meanResTime" : 324.26666666666665,
    "medianResTime" : 214.0,
    "minResTime" : 65.0,
    "maxResTime" : 1222.0,
    "pct1ResTime" : 827.8000000000002,
    "pct2ResTime" : 1222.0,
    "pct3ResTime" : 1222.0,
    "throughput" : 3.341501447983961,
    "receivedKBytesPerSec" : 311.430110408777,
    "sentKBytesPerSec" : 0.9539377506126087
  },
  "login" : {
    "transaction" : "login",
    "sampleCount" : 5,
    "errorCount" : 0,
    "errorPct" : 0.0,
    "meanResTime" : 427.8,
    "medianResTime" : 214.0,
    "minResTime" : 190.0,
    "maxResTime" : 1222.0,
    "pct1ResTime" : 1222.0,
    "pct2ResTime" : 1222.0,
    "pct3ResTime" : 1222.0,
    "throughput" : 1.2195121951219512,
    "receivedKBytesPerSec" : 0.955125762195122,
    "sentKBytesPerSec" : 0.30368711890243905
  },
  "create api key" : {
    "transaction" : "create api key",
    "sampleCount" : 5,
    "errorCount" : 0,
    "errorPct" : 0.0,
    "meanResTime" : 78.8,
    "medianResTime" : 80.0,
    "minResTime" : 65.0,
    "maxResTime" : 93.0,
    "pct1ResTime" : 93.0,
    "pct2ResTime" : 93.0,
    "pct3ResTime" : 93.0,
    "throughput" : 2.5627883136852896,
    "receivedKBytesPerSec" : 1.7008505253716042,
    "sentKBytesPerSec" : 0.7207842132239877
  }
}