{
  "zone activity" : {
    "transaction" : "zone activity",
    "sampleCount" : 5,
    "errorCount" : 0,
    "errorPct" : 0.0,
    "meanResTime" : 150.0,
    "medianResTime" : 94.0,
    "minResTime" : 91.0,
    "maxResTime" : 238.0,
    "pct1ResTime" : 238.0,
    "pct2ResTime" : 238.0,
    "pct3ResTime" : 238.0,
    "throughput" : 2.244165170556553,
    "receivedKBytesPerSec" : 624.5502903388689,
    "sentKBytesPerSec" : 0.7319835614901256
  },
  "Total" : {
    "transaction" : "Total",
    "sampleCount" : 15,
    "errorCount" : 0,
    "errorPct" : 0.0,
    "meanResTime" : 173.86666666666667,
    "medianResTime" : 91.0,
    "minResTime" : 16.0,
    "maxResTime" : 1141.0,
    "pct1ResTime" : 599.2000000000003,
    "pct2ResTime" : 1141.0,
    "pct3ResTime" : 1141.0,
    "throughput" : 3.6855036855036856,
    "receivedKBytesPerSec" : 343.6693796068796,
    "sentKBytesPerSec" : 1.0521441185503684
  },
  "login" : {
    "transaction" : "login",
    "sampleCount" : 5,
    "errorCount" : 0,
    "errorPct" : 0.0,
    "meanResTime" : 312.0,
    "medianResTime" : 91.0,
    "minResTime" : 49.0,
    "maxResTime" : 1141.0,
    "pct1ResTime" : 1141.0,
    "pct2ResTime" : 1141.0,
    "pct3ResTime" : 1141.0,
    "throughput" : 1.2626262626262628,
    "receivedKBytesPerSec" : 0.9888928345959596,
    "sentKBytesPerSec" : 0.3144235321969697
  },
  "create api key" : {
    "transaction" : "create api key",
    "sampleCount" : 5,
    "errorCount" : 0,
    "errorPct" : 0.0,
    "meanResTime" : 59.6,
    "medianResTime" : 20.0,
    "minResTime" : 16.0,
    "maxResTime" : 122.0,
    "pct1ResTime" : 122.0,
    "pct2ResTime" : 122.0,
    "pct3ResTime" : 122.0,
    "throughput" : 2.1997360316761987,
    "receivedKBytesPerSec" : 1.4607622085349756,
    "sentKBytesPerSec" : 0.6186757589089309
  }
}