{
  "zone activity" : {
    "transaction" : "zone activity",
    "sampleCount" : 10,
    "errorCount" : 0,
    "errorPct" : 0.0,
    "meanResTime" : 72.5,
    "medianResTime" : 69.0,
    "minResTime" : 64.0,
    "maxResTime" : 82.0,
    "pct1ResTime" : 82.0,
    "pct2ResTime" : 82.0,
    "pct3ResTime" : 82.0,
    "throughput" : 1.4182385477237271,
    "receivedKBytesPerSec" : 22.244462221670684,
    "sentKBytesPerSec" : 0.4612045277265636
  },
  "Total" : {
    "transaction" : "Total",
    "sampleCount" : 30,
    "errorCount" : 0,
    "errorPct" : 0.0,
    "meanResTime" : 137.66666666666666,
    "medianResTime" : 71.0,
    "minResTime" : 36.0,
    "maxResTime" : 1439.0,
    "pct1ResTime" : 143.8,
    "pct2ResTime" : 942.8999999999994,
    "pct3ResTime" : 1439.0,
    "throughput" : 3.2743942370661427,
    "receivedKBytesPerSec" : 21.096286802826892,
    "sentKBytesPerSec" : 0.9347798652041038
  },
  "login" : {
    "transaction" : "login",
    "sampleCount" : 10,
    "errorCount" : 0,
    "errorPct" : 0.0,
    "meanResTime" : 293.9,
    "medianResTime" : 123.5,
    "minResTime" : 107.0,
    "maxResTime" : 1439.0,
    "pct1ResTime" : 1348.8000000000002,
    "pct2ResTime" : 1439.0,
    "pct3ResTime" : 1439.0,
    "throughput" : 1.1071744906997343,
    "receivedKBytesPerSec" : 2.0835207456820193,
    "sentKBytesPerSec" : 0.27679362267493357
  },
  "create api key" : {
    "transaction" : "create api key",
    "sampleCount" : 10,
    "errorCount" : 0,
    "errorPct" : 0.0,
    "meanResTime" : 46.6,
    "medianResTime" : 41.0,
    "minResTime" : 36.0,
    "maxResTime" : 73.0,
    "pct1ResTime" : 72.4,
    "pct2ResTime" : 73.0,
    "pct3ResTime" : 73.0,
    "throughput" : 1.4218683349921797,
    "receivedKBytesPerSec" : 2.5053486687757713,
    "sentKBytesPerSec" : 0.39990046921655054
  }
}