{
  "zone activity" : {
    "transaction" : "zone activity",
    "sampleCount" : 5,
    "errorCount" : 0,
    "errorPct" : 0.0,
    "meanResTime" : 890.4,
    "medianResTime" : 1278.0,
    "minResTime" : 259.0,
    "maxResTime" : 1283.0,
    "pct1ResTime" : 1283.0,
    "pct2ResTime" : 1283.0,
    "pct3ResTime" : 1283.0,
    "throughput" : 2.2999080036798527,
    "receivedKBytesPerSec" : 640.2404841306347,
    "sentKBytesPerSec" : 0.7501653058877645
  },
  "Total" : {
    "transaction" : "Total",
    "sampleCount" : 15,
    "errorCount" : 0,
    "errorPct" : 0.0,
    "meanResTime" : 491.06666666666666,
    "medianResTime" : 169.0,
    "minResTime" : 53.0,
    "maxResTime" : 1478.0,
    "pct1ResTime" : 1361.0,
    "pct2ResTime" : 1478.0,
    "pct3ResTime" : 1478.0,
    "throughput" : 3.430139492339355,
    "receivedKBytesPerSec" : 319.94447461696774,
    "sentKBytesPerSec" : 0.9792422964783901
  },
  "login" : {
    "transaction" : "login",
    "sampleCount" : 5,
    "errorCount" : 0,
    "errorPct" : 0.0,
    "meanResTime" : 509.8,
    "medianResTime" : 169.0,
    "minResTime" : 157.0,
    "maxResTime" : 1478.0,
    "pct1ResTime" : 1478.0,
    "pct2ResTime" : 1478.0,
    "pct3ResTime" : 1478.0,
    "throughput" : 1.231830500123183,
    "receivedKBytesPerSec" : 0.9647734971667898,
    "sentKBytesPerSec" : 0.3067546655580192
  },
  "create api key" : {
    "transaction" : "create api key",
    "sampleCount" : 5,
    "errorCount" : 0,
    "errorPct" : 0.0,
    "meanResTime" : 73.0,
    "medianResTime" : 77.0,
    "minResTime" : 53.0,
    "maxResTime" : 95.0,
    "pct1ResTime" : 95.0,
    "pct2ResTime" : 95.0,
    "pct3ResTime" : 95.0,
    "throughput" : 2.4925224327018944,
    "receivedKBytesPerSec" : 1.6542170363908277,
    "sentKBytesPerSec" : 0.7010219341974079
  }
}