{
  "zone activity" : {
    "transaction" : "zone activity",
    "sampleCount" : 5,
    "errorCount" : 0,
    "errorPct" : 0.0,
    "meanResTime" : 477.8,
    "medianResTime" : 358.0,
    "minResTime" : 326.0,
    "maxResTime" : 695.0,
    "pct1ResTime" : 695.0,
    "pct2ResTime" : 695.0,
    "pct3ResTime" : 695.0,
    "throughput" : 1.7953321364452424,
    "receivedKBytesPerSec" : 499.4252833258528,
    "sentKBytesPerSec" : 0.5855868491921005
  },
  "Total" : {
    "transaction" : "Total",
    "sampleCount" : 15,
    "errorCount" : 0,
    "errorPct" : 0.0,
    "meanResTime" : 317.1333333333333,
    "medianResTime" : 219.0,
    "minResTime" : 64.0,
    "maxResTime" : 1048.0,
    "pct1ResTime" : 836.2000000000002,
    "pct2ResTime" : 1048.0,
    "pct3ResTime" : 1048.0,
    "throughput" : 3.2981530343007917,
    "receivedKBytesPerSec" : 307.4170651934916,
    "sentKBytesPerSec" : 0.9415625687115216
  },
  "login" : {
    "transaction" : "login",
    "sampleCount" : 5,
    "errorCount" : 0,
    "errorPct" : 0.0,
    "meanResTime" : 379.8,
    "medianResTime" : 219.0,
    "minResTime" : 197.0,
    "maxResTime" : 1048.0,
    "pct1ResTime" : 1048.0,
    "pct2ResTime" : 1048.0,
    "pct3ResTime" : 1048.0,
    "throughput" : 1.2141816415735793,
    "receivedKBytesPerSec" : 0.9509508559980573,
    "sentKBytesPerSec" : 0.3023596861340456
  },
  "create api key" : {
    "transaction" : "create api key",
    "sampleCount" : 5,
    "errorCount" : 0,
    "errorPct" : 0.0,
    "meanResTime" : 93.8,
    "medianResTime" : 69.0,
    "minResTime" : 64.0,
    "maxResTime" : 138.0,
    "pct1ResTime" : 138.0,
    "pct2ResTime" : 138.0,
    "pct3ResTime" : 138.0,
    "throughput" : 1.9425019425019425,
    "receivedKBytesPerSec" : 1.2888045114607616,
    "sentKBytesPerSec" : 0.5463286713286714
  }
}