{
  "zone activity" : {
    "transaction" : "zone activity",
    "sampleCount" : 5,
    "errorCount" : 0,
    "errorPct" : 0.0,
    "meanResTime" : 418.4,
    "medianResTime" : 381.0,
    "minResTime" : 372.0,
    "maxResTime" : 486.0,
    "pct1ResTime" : 486.0,
    "pct2ResTime" : 486.0,
    "pct3ResTime" : 486.0,
    "throughput" : 1.840264998159735,
    "receivedKBytesPerSec" : 511.8952285379094,
    "sentKBytesPerSec" : 0.6002426849466322
  },
  "Total" : {
    "transaction" : "Total",
    "sampleCount" : 15,
    "errorCount" : 0,
    "errorPct" : 0.0,
    "meanResTime" : 310.7333333333333,
    "medianResTime" : 236.0,
    "minResTime" : 78.0,
    "maxResTime" : 1051.0,
    "pct1ResTime" : 712.0000000000002,
    "pct2ResTime" : 1051.0,
    "pct3ResTime" : 1051.0,
    "throughput" : 3.273679615888258,
    "receivedKBytesPerSec" : 305.11951488160196,
    "sentKBytesPerSec" : 0.9345758538847665
  },
  "login" : {
    "transaction" : "login",
    "sampleCount" : 5,
    "errorCount" : 0,
    "errorPct" : 0.0,
    "meanResTime" : 398.0,
    "medianResTime" : 236.0,
    "minResTime" : 226.0,
    "maxResTime" : 1051.0,
    "pct1ResTime" : 1051.0,
    "pct2ResTime" : 1051.0,
    "pct3ResTime" : 1051.0,
    "throughput" : 1.210946960523129,
    "receivedKBytesPerSec" : 0.9484174436909665,
    "sentKBytesPerSec" : 0.30155417473964646
  },
  "create api key" : {
    "transaction" : "create api key",
    "sampleCount" : 5,
    "errorCount" : 0,
    "errorPct" : 0.0,
    "meanResTime" : 115.8,
    "medianResTime" : 80.0,
    "minResTime" : 78.0,
    "maxResTime" : 172.0,
    "pct1ResTime" : 172.0,
    "pct2ResTime" : 172.0,
    "pct3ResTime" : 172.0,
    "throughput" : 1.9755037534571318,
    "receivedKBytesPerSec" : 1.3126296424338206,
    "sentKBytesPerSec" : 0.5556104306598182
  }
}