{
  "zone activity" : {
    "transaction" : "zone activity",
    "sampleCount" : 5,
    "errorCount" : 0,
    "errorPct" : 0.0,
    "meanResTime" : 124.6,
    "medianResTime" : 106.0,
    "minResTime" : 105.0,
    "maxResTime" : 154.0,
    "pct1ResTime" : 154.0,
    "pct2ResTime" : 154.0,
    "pct3ResTime" : 154.0,
    "throughput" : 1.901863826550019,
    "receivedKBytesPerSec" : 528.9915367059718,
    "sentKBytesPerSec" : 0.6203344903004945
  },
  "Total" : {
    "transaction" : "Total",
    "sampleCount" : 15,
    "errorCount" : 0,
    "errorPct" : 0.0,
    "meanResTime" : 125.86666666666666,
    "medianResTime" : 75.0,
    "minResTime" : 19.0,
    "maxResTime" : 817.0,
    "pct1ResTime" : 419.2000000000002,
    "pct2ResTime" : 817.0,
    "pct3ResTime" : 817.0,
    "throughput" : 3.675569713305562,
    "receivedKBytesPerSec" : 342.5520897145307,
    "sentKBytesPerSec" : 1.0493081505758393
  },
  "login" : {
    "transaction" : "login",
    "sampleCount" : 5,
    "errorCount" : 0,
    "errorPct" : 0.0,
    "meanResTime" : 211.2,
    "medianResTime" : 56.0,
    "minResTime" : 54.0,
    "maxResTime" : 817.0,
    "pct1ResTime" : 817.0,
    "pct2ResTime" : 817.0,
    "pct3ResTime" : 817.0,
    "throughput" : 1.2642225031605563,
    "receivedKBytesPerSec" : 0.99014301517067,
    "sentKBytesPerSec" : 0.31482103350189633
  },
  "create api key" : {
    "transaction" : "create api key",
    "sampleCount" : 5,
    "errorCount" : 0,
    "errorPct" : 0.0,
    "meanResTime" : 41.8,
    "medianResTime" : 20.0,
    "minResTime" : 19.0,
    "maxResTime" : 77.0,
    "pct1ResTime" : 77.0,
    "pct2ResTime" : 77.0,
    "pct3ResTime" : 77.0,
    "throughput" : 1.9135093761959434,
    "receivedKBytesPerSec" : 1.2706898201301187,
    "sentKBytesPerSec" : 0.538174512055109
  }
}