{
  "zone activity" : {
    "transaction" : "zone activity",
    "sampleCount" : 5,
    "errorCount" : 0,
    "errorPct" : 0.0,
    "meanResTime" : 324.0,
    "medianResTime" : 421.0,
    "minResTime" : 142.0,
    "maxResTime" : 451.0,
    "pct1ResTime" : 451.0,
    "pct2ResTime" : 451.0,
    "pct3ResTime" : 451.0,
    "throughput" : 3.238341968911917,
    "receivedKBytesPerSec" : 901.9547694705311,
    "sentKBytesPerSec" : 1.0562560718911918
  },
  "Total" : {
    "transaction" : "Total",
    "sampleCount" : 15,
    "errorCount" : 0,
    "errorPct" : 0.0,
    "meanResTime" : 336.1333333333333,
    "medianResTime" : 142.0,
    "minResTime" : 16.0,
    "maxResTime" : 1876.0,
    "pct1ResTime" : 1352.2000000000003,
    "pct2ResTime" : 1876.0,
    "pct3ResTime" : 1876.0,
    "throughput" : 3.6390101892285296,
    "receivedKBytesPerSec" : 339.60565070050944,
    "sentKBytesPerSec" : 1.038871072901504
  },
  "login" : {
    "transaction" : "login",
    "sampleCount" : 5,
    "errorCount" : 0,
    "errorPct" : 0.0,
    "meanResTime" : 650.6,
    "medianResTime" : 265.0,
    "minResTime" : 47.0,
    "maxResTime" : 1876.0,
    "pct1ResTime" : 1876.0,
    "pct2ResTime" : 1876.0,
    "pct3ResTime" : 1876.0,
    "throughput" : 1.2758356723653994,
    "receivedKBytesPerSec" : 0.999238485583057,
    "sentKBytesPerSec" : 0.3177129848175555
  },
  "create api key" : {
    "transaction" : "create api key",
    "sampleCount" : 5,
    "errorCount" : 0,
    "errorPct" : 0.0,
    "meanResTime" : 33.8,
    "medianResTime" : 44.0,
    "minResTime" : 16.0,
    "maxResTime" : 44.0,
    "pct1ResTime" : 44.0,
    "pct2ResTime" : 44.0,
    "pct3ResTime" : 44.0,
    "throughput" : 3.5310734463276834,
    "receivedKBytesPerSec" : 2.3448534604519775,
    "sentKBytesPerSec" : 0.9931144067796611
  }
}