{
  "zone activity" : {
    "transaction" : "zone activity",
    "sampleCount" : 5,
    "errorCount" : 0,
    "errorPct" : 0.0,
    "meanResTime" : 64.2,
    "medianResTime" : 70.0,
    "minResTime" : 53.0,
    "maxResTime" : 72.0,
    "pct1ResTime" : 72.0,
    "pct2ResTime" : 72.0,
    "pct3ResTime" : 72.0,
    "throughput" : 2.6824034334763946,
    "receivedKBytesPerSec" : 746.3598947156652,
    "sentKBytesPerSec" : 0.8749245574034334
  },
  "Total" : {
    "transaction" : "Total",
    "sampleCount" : 15,
    "errorCount" : 0,
    "errorPct" : 0.0,
    "meanResTime" : 179.4,
    "medianResTime" : 49.0,
    "minResTime" : 15.0,
    "maxResTime" : 1517.0,
    "pct1ResTime" : 966.8000000000004,
    "pct2ResTime" : 1517.0,
    "pct3ResTime" : 1517.0,
    "throughput" : 3.7276341948310137,
    "receivedKBytesPerSec" : 347.527384520999,
    "sentKBytesPerSec" : 1.0641716109592445
  },
  "login" : {
    "transaction" : "login",
    "sampleCount" : 5,
    "errorCount" : 0,
    "errorPct" : 0.0,
    "meanResTime" : 449.4,
    "medianResTime" : 49.0,
    "minResTime" : 39.0,
    "maxResTime" : 1517.0,
    "pct1ResTime" : 1517.0,
    "pct2ResTime" : 1517.0,
    "pct3ResTime" : 1517.0,
    "throughput" : 1.2645422357106728,
    "receivedKBytesPerSec" : 0.9903934307030854,
    "sentKBytesPerSec" : 0.31490065440060694
  },
  "create api key" : {
    "transaction" : "create api key",
    "sampleCount" : 5,
    "errorCount" : 0,
    "errorPct" : 0.0,
    "meanResTime" : 24.6,
    "medianResTime" : 30.0,
    "minResTime" : 15.0,
    "maxResTime" : 32.0,
    "pct1ResTime" : 32.0,
    "pct2ResTime" : 32.0,
    "pct3ResTime" : 32.0,
    "throughput" : 2.6925148088314486,
    "receivedKBytesPerSec" : 1.787472233441034,
    "sentKBytesPerSec" : 0.7572697899838449
  }
}