{
  "zone activity" : {
    "transaction" : "zone activity",
    "sampleCount" : 5,
    "errorCount" : 0,
    "errorPct" : 0.0,
    "meanResTime" : 1869.6,
    "medianResTime" : 2448.0,
    "minResTime" : 479.0,
    "maxResTime" : 2475.0,
    "pct1ResTime" : 2475.0,
    "pct2ResTime" : 2475.0,
    "pct3ResTime" : 2475.0,
    "throughput" : 2.0193861066235863,
    "receivedKBytesPerSec" : 561.7269537560582,
    "sentKBytesPerSec" : 0.6586669527463651
  },
  "Total" : {
    "transaction" : "Total",
    "sampleCount" : 15,
    "errorCount" : 0,
    "errorPct" : 0.0,
    "meanResTime" : 830.4666666666667,
    "medianResTime" : 251.0,
    "minResTime" : 78.0,
    "maxResTime" : 2475.0,
    "pct1ResTime" : 2467.8,
    "pct2ResTime" : 2475.0,
    "pct3ResTime" : 2475.0,
    "throughput" : 3.1928480204342273,
    "receivedKBytesPerSec" : 297.5886098472754,
    "sentKBytesPerSec" : 0.9114999068752659
  },
  "login" : {
    "transaction" : "login",
    "sampleCount" : 5,
    "errorCount" : 0,
    "errorPct" : 0.0,
    "meanResTime" : 527.0,
    "medianResTime" : 251.0,
    "minResTime" : 238.0,
    "maxResTime" : 1396.0,
    "pct1ResTime" : 1396.0,
    "pct2ResTime" : 1396.0,
    "pct3ResTime" : 1396.0,
    "throughput" : 1.2103606874848705,
    "receivedKBytesPerSec" : 0.9479582728152989,
    "sentKBytesPerSec" : 0.3014081790123457
  },
  "create api key" : {
    "transaction" : "create api key",
    "sampleCount" : 5,
    "errorCount" : 0,
    "errorPct" : 0.0,
    "meanResTime" : 94.8,
    "medianResTime" : 81.0,
    "minResTime" : 78.0,
    "maxResTime" : 119.0,
    "pct1ResTime" : 119.0,
    "pct2ResTime" : 119.0,
    "pct3ResTime" : 119.0,
    "throughput" : 2.3551577955723033,
    "receivedKBytesPerSec" : 1.5635119818652847,
    "sentKBytesPerSec" : 0.6623881300047102
  }
}