{
  "zone activity" : {
    "transaction" : "zone activity",
    "sampleCount" : 5,
    "errorCount" : 0,
    "errorPct" : 0.0,
    "meanResTime" : 194.2,
    "medianResTime" : 168.0,
    "minResTime" : 166.0,
    "maxResTime" : 238.0,
    "pct1ResTime" : 238.0,
    "pct2ResTime" : 238.0,
    "pct3ResTime" : 238.0,
    "throughput" : 2.079002079002079,
    "receivedKBytesPerSec" : 578.257373960499,
    "sentKBytesPerSec" : 0.6781120062370063
  },
  "Total" : {
    "transaction" : "Total",
    "sampleCount" : 15,
    "errorCount" : 0,
    "errorPct" : 0.0,
    "meanResTime" : 190.00000000000003,
    "medianResTime" : 101.0,
    "minResTime" : 32.0,
    "maxResTime" : 1138.0,
    "pct1ResTime" : 598.0000000000003,
    "pct2ResTime" : 1138.0,
    "pct3ResTime" : 1138.0,
    "throughput" : 3.575685339690107,
    "receivedKBytesPerSec" : 333.24060451430273,
    "sentKBytesPerSec" : 1.0207929827175208
  },
  "login" : {
    "transaction" : "login",
    "sampleCount" : 5,
    "errorCount" : 0,
    "errorPct" : 0.0,
    "meanResTime" : 331.4,
    "medianResTime" : 101.0,
    "minResTime" : 90.0,
    "maxResTime" : 1138.0,
    "pct1ResTime" : 1138.0,
    "pct2ResTime" : 1138.0,
    "pct3ResTime" : 1138.0,
    "throughput" : 1.2518778167250877,
    "receivedKBytesPerSec" : 0.9804746181772659,
    "sentKBytesPerSec" : 0.3117469172508763
  },
  "create api key" : {
    "transaction" : "create api key",
    "sampleCount" : 5,
    "errorCount" : 0,
    "errorPct" : 0.0,
    "meanResTime" : 44.4,
    "medianResTime" : 33.0,
    "minResTime" : 32.0,
    "maxResTime" : 63.0,
    "pct1ResTime" : 63.0,
    "pct2ResTime" : 63.0,
    "pct3ResTime" : 63.0,
    "throughput" : 2.1598272138228944,
    "receivedKBytesPerSec" : 1.433838417926566,
    "sentKBytesPerSec" : 0.607451403887689
  }
}