{
  "zone activity" : {
    "transaction" : "zone activity",
    "sampleCount" : 5,
    "errorCount" : 0,
    "errorPct" : 0.0,
    "meanResTime" : 124.6,
    "medianResTime" : 153.0,
    "minResTime" : 79.0,
    "maxResTime" : 156.0,
    "pct1ResTime" : 156.0,
    "pct2ResTime" : 156.0,
    "pct3ResTime" : 156.0,
    "throughput" : 2.73972602739726,
    "receivedKBytesPerSec" : 761.9568707191781,
    "sentKBytesPerSec" : 0.8936215753424658
  },
  "Total" : {
    "transaction" : "Total",
    "sampleCount" : 15,
    "errorCount" : 0,
    "errorPct" : 0.0,
    "meanResTime" : 205.53333333333336,
    "medianResTime" : 54.0,
    "minResTime" : 13.0,
    "maxResTime" : 1452.0,
    "pct1ResTime" : 1002.6000000000003,
    "pct2ResTime" : 1452.0,
    "pct3ResTime" : 1452.0,
    "throughput" : 3.8540596094552932,
    "receivedKBytesPerSec" : 359.148423448741,
    "sentKBytesPerSec" : 1.1002637622045222
  },
  "login" : {
    "transaction" : "login",
    "sampleCount" : 5,
    "errorCount" : 0,
    "errorPct" : 0.0,
    "meanResTime" : 462.2,
    "medianResTime" : 54.0,
    "minResTime" : 49.0,
    "maxResTime" : 1452.0,
    "pct1ResTime" : 1452.0,
    "pct2ResTime" : 1452.0,
    "pct3ResTime" : 1452.0,
    "throughput" : 1.3168290755859888,
    "receivedKBytesPerSec" : 1.0313446470898078,
    "sentKBytesPerSec" : 0.32792130300237027
  },
  "create api key" : {
    "transaction" : "create api key",
    "sampleCount" : 5,
    "errorCount" : 0,
    "errorPct" : 0.0,
    "meanResTime" : 29.8,
    "medianResTime" : 36.0,
    "minResTime" : 13.0,
    "maxResTime" : 46.0,
    "pct1ResTime" : 46.0,
    "pct2ResTime" : 46.0,
    "pct3ResTime" : 46.0,
    "throughput" : 2.780867630700779,
    "receivedKBytesPerSec" : 1.8455836345939933,
    "sentKBytesPerSec" : 0.782119021134594
  }
}