{
  "zone activity" : {
    "transaction" : "zone activity",
    "sampleCount" : 10,
    "errorCount" : 0,
    "errorPct" : 0.0,
    "meanResTime" : 108.19999999999999,
    "medianResTime" : 108.0,
    "minResTime" : 107.0,
    "maxResTime" : 112.0,
    "pct1ResTime" : 111.7,
    "pct2ResTime" : 112.0,
    "pct3ResTime" : 112.0,
    "throughput" : 1.2898232942086936,
    "receivedKBytesPerSec" : 20.123384697858892,
    "sentKBytesPerSec" : 0.4194444892299755
  },
  "Total" : {
    "transaction" : "Total",
    "sampleCount" : 30,
    "errorCount" : 0,
    "errorPct" : 0.0,
    "meanResTime" : 136.23333333333332,
    "medianResTime" : 108.0,
    "minResTime" : 57.0,
    "maxResTime" : 833.0,
    "pct1ResTime" : 173.8,
    "pct2ResTime" : 478.24999999999955,
    "pct3ResTime" : 833.0,
    "throughput" : 3.2418413658958287,
    "receivedKBytesPerSec" : 20.617456809217636,
    "sentKBytesPerSec" : 0.9254866138966934
  },
  "login" : {
    "transaction" : "login",
    "sampleCount" : 10,
    "errorCount" : 0,
    "errorPct" : 0.0,
    "meanResTime" : 238.7,
    "medianResTime" : 172.0,
    "minResTime" : 167.0,
    "maxResTime" : 833.0,
    "pct1ResTime" : 768.5000000000002,
    "pct2ResTime" : 833.0,
    "pct3ResTime" : 833.0,
    "throughput" : 1.1004732034774953,
    "receivedKBytesPerSec" : 1.9795621492241664,
    "sentKBytesPerSec" : 0.27511830086937383
  },
  "create api key" : {
    "transaction" : "create api key",
    "sampleCount" : 10,
    "errorCount" : 0,
    "errorPct" : 0.0,
    "meanResTime" : 61.800000000000004,
    "medianResTime" : 58.0,
    "minResTime" : 57.0,
    "maxResTime" : 78.0,
    "pct1ResTime" : 77.9,
    "pct2ResTime" : 78.0,
    "pct3ResTime" : 78.0,
    "throughput" : 1.2923235978288963,
    "receivedKBytesPerSec" : 2.1696901654174203,
    "sentKBytesPerSec" : 0.3634660118893771
  }
}