{
  "zone activity" : {
    "transaction" : "zone activity",
    "sampleCount" : 5,
    "errorCount" : 0,
    "errorPct" : 0.0,
    "meanResTime" : 104.4,
    "medianResTime" : 97.0,
    "minResTime" : 90.0,
    "maxResTime" : 122.0,
    "pct1ResTime" : 122.0,
    "pct2ResTime" : 122.0,
    "pct3ResTime" : 122.0,
    "throughput" : 2.101723413198823,
    "receivedKBytesPerSec" : 584.7470707229928,
    "sentKBytesPerSec" : 0.6855230664144598
  },
  "Total" : {
    "transaction" : "Total",
    "sampleCount" : 15,
    "errorCount" : 0,
    "errorPct" : 0.0,
    "meanResTime" : 131.66666666666666,
    "medianResTime" : 66.0,
    "minResTime" : 19.0,
    "maxResTime" : 1020.0,
    "pct1ResTime" : 481.20000000000033,
    "pct2ResTime" : 1020.0,
    "pct3ResTime" : 1020.0,
    "throughput" : 3.681885125184094,
    "receivedKBytesPerSec" : 343.2372687315906,
    "sentKBytesPerSec" : 1.0511110855424644
  },
  "login" : {
    "transaction" : "login",
    "sampleCount" : 5,
    "errorCount" : 0,
    "errorPct" : 0.0,
    "meanResTime" : 259.8,
    "medianResTime" : 66.0,
    "minResTime" : 51.0,
    "maxResTime" : 1020.0,
    "pct1ResTime" : 1020.0,
    "pct2ResTime" : 1020.0,
    "pct3ResTime" : 1020.0,
    "throughput" : 1.2626262626262628,
    "receivedKBytesPerSec" : 0.9888928345959596,
    "sentKBytesPerSec" : 0.3144235321969697
  },
  "create api key" : {
    "transaction" : "create api key",
    "sampleCount" : 5,
    "errorCount" : 0,
    "errorPct" : 0.0,
    "meanResTime" : 30.8,
    "medianResTime" : 20.0,
    "minResTime" : 19.0,
    "maxResTime" : 54.0,
    "pct1ResTime" : 54.0,
    "pct2ResTime" : 54.0,
    "pct3ResTime" : 54.0,
    "throughput" : 2.1258503401360547,
    "receivedKBytesPerSec" : 1.411282286352041,
    "sentKBytesPerSec" : 0.5978954081632654
  }
}