{
  "zone activity" : {
    "transaction" : "zone activity",
    "sampleCount" : 5,
    "errorCount" : 0,
    "errorPct" : 0.0,
    "meanResTime" : 393.8,
    "medianResTime" : 389.0,
    "minResTime" : 368.0,
    "maxResTime" : 428.0,
    "pct1ResTime" : 428.0,
    "pct2ResTime" : 428.0,
    "pct3ResTime" : 428.0,
    "throughput" : 1.855976243504083,
    "receivedKBytesPerSec" : 516.2919914625093,
    "sentKBytesPerSec" : 0.6053672512991833
  },
  "Total" : {
    "transaction" : "Total",
    "sampleCount" : 15,
    "errorCount" : 0,
    "errorPct" : 0.0,
    "meanResTime" : 313.6666666666667,
    "medianResTime" : 241.0,
    "minResTime" : 77.0,
    "maxResTime" : 1252.0,
    "pct1ResTime" : 757.6000000000004,
    "pct2ResTime" : 1252.0,
    "pct3ResTime" : 1252.0,
    "throughput" : 3.243243243243243,
    "receivedKBytesPerSec" : 302.29708614864865,
    "sentKBytesPerSec" : 0.9258868243243243
  },
  "login" : {
    "transaction" : "login",
    "sampleCount" : 5,
    "errorCount" : 0,
    "errorPct" : 0.0,
    "meanResTime" : 460.4,
    "medianResTime" : 241.0,
    "minResTime" : 235.0,
    "maxResTime" : 1252.0,
    "pct1ResTime" : 1252.0,
    "pct2ResTime" : 1252.0,
    "pct3ResTime" : 1252.0,
    "throughput" : 1.2042389210019266,
    "receivedKBytesPerSec" : 0.9431636861753372,
    "sentKBytesPerSec" : 0.29988371567919075
  },
  "create api key" : {
    "transaction" : "create api key",
    "sampleCount" : 5,
    "errorCount" : 0,
    "errorPct" : 0.0,
    "meanResTime" : 86.8,
    "medianResTime" : 81.0,
    "minResTime" : 77.0,
    "maxResTime" : 102.0,
    "pct1ResTime" : 102.0,
    "pct2ResTime" : 102.0,
    "pct3ResTime" : 102.0,
    "throughput" : 2.071251035625518,
    "receivedKBytesPerSec" : 1.3742265171913834,
    "sentKBytesPerSec" : 0.5825393537696768
  }
}