{
  "zone activity" : {
    "transaction" : "zone activity",
    "sampleCount" : 5,
    "errorCount" : 0,
    "errorPct" : 0.0,
    "meanResTime" : 91.0,
    "medianResTime" : 92.0,
    "minResTime" : 76.0,
    "maxResTime" : 100.0,
    "pct1ResTime" : 100.0,
    "pct2ResTime" : 100.0,
    "pct3ResTime" : 100.0,
    "throughput" : 2.9154518950437316,
    "receivedKBytesPerSec" : 812.0438912172011,
    "sentKBytesPerSec" : 0.9509384110787171
  },
  "Total" : {
    "transaction" : "Total",
    "sampleCount" : 15,
    "errorCount" : 0,
    "errorPct" : 0.0,
    "meanResTime" : 208.26666666666674,
    "medianResTime" : 64.0,
    "minResTime" : 21.0,
    "maxResTime" : 1525.0,
    "pct1ResTime" : 1084.6000000000004,
    "pct2ResTime" : 1525.0,
    "pct3ResTime" : 1525.0,
    "throughput" : 3.8501026694045173,
    "receivedKBytesPerSec" : 359.31509280351645,
    "sentKBytesPerSec" : 1.0991341279517455
  },
  "login" : {
    "transaction" : "login",
    "sampleCount" : 5,
    "errorCount" : 0,
    "errorPct" : 0.0,
    "meanResTime" : 497.6,
    "medianResTime" : 64.0,
    "minResTime" : 53.0,
    "maxResTime" : 1525.0,
    "pct1ResTime" : 1525.0,
    "pct2ResTime" : 1525.0,
    "pct3ResTime" : 1525.0,
    "throughput" : 1.321003963011889,
    "receivedKBytesPerSec" : 1.034614431968296,
    "sentKBytesPerSec" : 0.32896094782034346
  },
  "create api key" : {
    "transaction" : "create api key",
    "sampleCount" : 5,
    "errorCount" : 0,
    "errorPct" : 0.0,
    "meanResTime" : 36.2,
    "medianResTime" : 41.0,
    "minResTime" : 21.0,
    "maxResTime" : 56.0,
    "pct1ResTime" : 56.0,
    "pct2ResTime" : 56.0,
    "pct3ResTime" : 56.0,
    "throughput" : 2.972651605231867,
    "receivedKBytesPerSec" : 1.9740264565992867,
    "sentKBytesPerSec" : 0.8360582639714625
  }
}