{
  "zone activity" : {
    "transaction" : "zone activity",
    "sampleCount" : 5,
    "errorCount" : 0,
    "errorPct" : 0.0,
    "meanResTime" : 175.6,
    "medianResTime" : 164.0,
    "minResTime" : 162.0,
    "maxResTime" : 194.0,
    "pct1ResTime" : 194.0,
    "pct2ResTime" : 194.0,
    "pct3ResTime" : 194.0,
    "throughput" : 1.949317738791423,
    "receivedKBytesPerSec" : 542.1589455409356,
    "sentKBytesPerSec" : 0.6358126218323586
  },
  "Total" : {
    "transaction" : "Total",
    "sampleCount" : 15,
    "errorCount" : 0,
    "errorPct" : 0.0,
    "meanResTime" : 159.06666666666666,
    "medianResTime" : 105.0,
    "minResTime" : 35.0,
    "maxResTime" : 870.0,
    "pct1ResTime" : 464.40000000000026,
    "pct2ResTime" : 870.0,
    "pct3ResTime" : 870.0,
    "throughput" : 3.631082062454612,
    "receivedKBytesPerSec" : 338.38635280501086,
    "sentKBytesPerSec" : 1.0366077372306948
  },
  "login" : {
    "transaction" : "login",
    "sampleCount" : 5,
    "errorCount" : 0,
    "errorPct" : 0.0,
    "meanResTime" : 258.4,
    "medianResTime" : 105.0,
    "minResTime" : 99.0,
    "maxResTime" : 870.0,
    "pct1ResTime" : 870.0,
    "pct2ResTime" : 870.0,
    "pct3ResTime" : 870.0,
    "throughput" : 1.272264631043257,
    "receivedKBytesPerSec" : 0.9964416348600509,
    "sentKBytesPerSec" : 0.31682371183206104
  },
  "create api key" : {
    "transaction" : "create api key",
    "sampleCount" : 5,
    "errorCount" : 0,
    "errorPct" : 0.0,
    "meanResTime" : 43.2,
    "medianResTime" : 36.0,
    "minResTime" : 35.0,
    "maxResTime" : 59.0,
    "pct1ResTime" : 59.0,
    "pct2ResTime" : 59.0,
    "pct3ResTime" : 59.0,
    "throughput" : 2.026753141467369,
    "receivedKBytesPerSec" : 1.345890758005675,
    "sentKBytesPerSec" : 0.5700243210376976
  }
}