{
  "zone activity" : {
    "transaction" : "zone activity",
    "sampleCount" : 5,
    "errorCount" : 0,
    "errorPct" : 0.0,
    "meanResTime" : 137.0,
    "medianResTime" : 138.0,
    "minResTime" : 78.0,
    "maxResTime" : 200.0,
    "pct1ResTime" : 200.0,
    "pct2ResTime" : 200.0,
    "pct3ResTime" : 200.0,
    "throughput" : 2.359603586597452,
    "receivedKBytesPerSec" : 656.5490981890042,
    "sentKBytesPerSec" : 0.7696363260972156
  },
  "Total" : {
    "transaction" : "Total",
    "sampleCount" : 15,
    "errorCount" : 0,
    "errorPct" : 0.0,
    "meanResTime" : 166.86666666666665,
    "medianResTime" : 65.0,
    "minResTime" : 16.0,
    "maxResTime" : 1211.0,
    "pct1ResTime" : 672.8000000000003,
    "pct2ResTime" : 1211.0,
    "pct3ResTime" : 1211.0,
    "throughput" : 3.7101162503091762,
    "receivedKBytesPerSec" : 345.8968433094237,
    "sentKBytesPerSec" : 1.0591705571357901
  },
  "login" : {
    "transaction" : "login",
    "sampleCount" : 5,
    "errorCount" : 0,
    "errorPct" : 0.0,
    "meanResTime" : 337.4,
    "medianResTime" : 65.0,
    "minResTime" : 48.0,
    "maxResTime" : 1211.0,
    "pct1ResTime" : 1211.0,
    "pct2ResTime" : 1211.0,
    "pct3ResTime" : 1211.0,
    "throughput" : 1.2674271229404308,
    "receivedKBytesPerSec" : 0.9926528833967048,
    "sentKBytesPerSec" : 0.31561905893536124
  },
  "create api key" : {
    "transaction" : "create api key",
    "sampleCount" : 5,
    "errorCount" : 0,
    "errorPct" : 0.0,
    "meanResTime" : 26.2,
    "medianResTime" : 18.0,
    "minResTime" : 16.0,
    "maxResTime" : 40.0,
    "pct1ResTime" : 40.0,
    "pct2ResTime" : 40.0,
    "pct3ResTime" : 40.0,
    "throughput" : 2.385496183206107,
    "receivedKBytesPerSec" : 1.582720807490458,
    "sentKBytesPerSec" : 0.6709208015267175
  }
}