{
  "zone activity" : {
    "transaction" : "zone activity",
    "sampleCount" : 10,
    "errorCount" : 0,
    "errorPct" : 0.0,
    "meanResTime" : 16.299999999999997,
    "medianResTime" : 16.5,
    "minResTime" : 15.0,
    "maxResTime" : 18.0,
    "pct1ResTime" : 17.9,
    "pct2ResTime" : 18.0,
    "pct3ResTime" : 18.0,
    "throughput" : 1.3331555792560992,
    "receivedKBytesPerSec" : 20.799310091987735,
    "sentKBytesPerSec" : 0.43353594520730565
  },
  "Total" : {
    "transaction" : "Total",
    "sampleCount" : 30,
    "errorCount" : 0,
    "errorPct" : 0.0,
    "meanResTime" : 49.83333333333334,
    "medianResTime" : 17.0,
    "minResTime" : 11.0,
    "maxResTime" : 850.0,
    "pct1ResTime" : 39.800000000000004,
    "pct2ResTime" : 409.4499999999994,
    "pct3ResTime" : 850.0,
    "throughput" : 3.3429908624916425,
    "receivedKBytesPerSec" : 21.26063837196345,
    "sentKBytesPerSec" : 0.9543629513037664
  },
  "login" : {
    "transaction" : "login",
    "sampleCount" : 10,
    "errorCount" : 0,
    "errorPct" : 0.0,
    "meanResTime" : 118.1,
    "medianResTime" : 35.0,
    "minResTime" : 33.0,
    "maxResTime" : 850.0,
    "pct1ResTime" : 769.9000000000003,
    "pct2ResTime" : 850.0,
    "pct3ResTime" : 850.0,
    "throughput" : 1.1181930001118194,
    "receivedKBytesPerSec" : 2.0114370177792686,
    "sentKBytesPerSec" : 0.27954825002795486
  },
  "create api key" : {
    "transaction" : "create api key",
    "sampleCount" : 10,
    "errorCount" : 0,
    "errorPct" : 0.0,
    "meanResTime" : 15.100000000000001,
    "medianResTime" : 12.5,
    "minResTime" : 11.0,
    "maxResTime" : 27.0,
    "pct1ResTime" : 26.9,
    "pct2ResTime" : 27.0,
    "pct3ResTime" : 27.0,
    "throughput" : 1.3289036544850499,
    "receivedKBytesPerSec" : 2.2311046511627906,
    "sentKBytesPerSec" : 0.37375415282392027
  }
}