{
  "zone activity" : {
    "transaction" : "zone activity",
    "sampleCount" : 5,
    "errorCount" : 0,
    "errorPct" : 0.0,
    "meanResTime" : 1336.6,
    "medianResTime" : 1544.0,
    "minResTime" : 512.0,
    "maxResTime" : 1559.0,
    "pct1ResTime" : 1559.0,
    "pct2ResTime" : 1559.0,
    "pct3ResTime" : 1559.0,
    "throughput" : 3.1308703819661865,
    "receivedKBytesPerSec" : 871.1016994755793,
    "sentKBytesPerSec" : 1.0212018628678772
  },
  "Total" : {
    "transaction" : "Total",
    "sampleCount" : 15,
    "errorCount" : 0,
    "errorPct" : 0.0,
    "meanResTime" : 753.9333333333333,
    "medianResTime" : 391.0,
    "minResTime" : 35.0,
    "maxResTime" : 2285.0,
    "pct1ResTime" : 1849.4000000000003,
    "pct2ResTime" : 2285.0,
    "pct3ResTime" : 2285.0,
    "throughput" : 3.2981530343007917,
    "receivedKBytesPerSec" : 307.4726785812445,
    "sentKBytesPerSec" : 0.9415625687115216
  },
  "login" : {
    "transaction" : "login",
    "sampleCount" : 5,
    "errorCount" : 0,
    "errorPct" : 0.0,
    "meanResTime" : 871.8,
    "medianResTime" : 391.0,
    "minResTime" : 100.0,
    "maxResTime" : 2285.0,
    "pct1ResTime" : 2285.0,
    "pct2ResTime" : 2285.0,
    "pct3ResTime" : 2285.0,
    "throughput" : 1.2600806451612903,
    "receivedKBytesPerSec" : 0.9868990990423387,
    "sentKBytesPerSec" : 0.31378961378528225
  },
  "create api key" : {
    "transaction" : "create api key",
    "sampleCount" : 5,
    "errorCount" : 0,
    "errorPct" : 0.0,
    "meanResTime" : 53.4,
    "medianResTime" : 60.0,
    "minResTime" : 35.0,
    "maxResTime" : 67.0,
    "pct1ResTime" : 67.0,
    "pct2ResTime" : 67.0,
    "pct3ResTime" : 67.0,
    "throughput" : 4.393673110720563,
    "receivedKBytesPerSec" : 2.9176735500878737,
    "sentKBytesPerSec" : 1.2357205623901584
  }
}