{
  "zone activity" : {
    "transaction" : "zone activity",
    "sampleCount" : 5,
    "errorCount" : 0,
    "errorPct" : 0.0,
    "meanResTime" : 658.2,
    "medianResTime" : 818.0,
    "minResTime" : 82.0,
    "maxResTime" : 1154.0,
    "pct1ResTime" : 1154.0,
    "pct2ResTime" : 1154.0,
    "pct3ResTime" : 1154.0,
    "throughput" : 2.0859407592824364,
    "receivedKBytesPerSec" : 580.3205341312057,
    "sentKBytesPerSec" : 0.680375208594076
  },
  "Total" : {
    "transaction" : "Total",
    "sampleCount" : 15,
    "errorCount" : 0,
    "errorPct" : 0.0,
    "meanResTime" : 324.46666666666664,
    "medianResTime" : 67.0,
    "minResTime" : 19.0,
    "maxResTime" : 1154.0,
    "pct1ResTime" : 1145.6,
    "pct2ResTime" : 1154.0,
    "pct3ResTime" : 1154.0,
    "throughput" : 3.6918533103618016,
    "receivedKBytesPerSec" : 344.14586473972435,
    "sentKBytesPerSec" : 1.0539568206989909
  },
  "login" : {
    "transaction" : "login",
    "sampleCount" : 5,
    "errorCount" : 0,
    "errorPct" : 0.0,
    "meanResTime" : 280.8,
    "medianResTime" : 67.0,
    "minResTime" : 53.0,
    "maxResTime" : 1067.0,
    "pct1ResTime" : 1067.0,
    "pct2ResTime" : 1067.0,
    "pct3ResTime" : 1067.0,
    "throughput" : 1.2632642748863063,
    "receivedKBytesPerSec" : 0.989392527791814,
    "sentKBytesPerSec" : 0.3145824122031329
  },
  "create api key" : {
    "transaction" : "create api key",
    "sampleCount" : 5,
    "errorCount" : 0,
    "errorPct" : 0.0,
    "meanResTime" : 34.4,
    "medianResTime" : 21.0,
    "minResTime" : 19.0,
    "maxResTime" : 56.0,
    "pct1ResTime" : 56.0,
    "pct2ResTime" : 56.0,
    "pct3ResTime" : 56.0,
    "throughput" : 2.0964360587002098,
    "receivedKBytesPerSec" : 1.392164570230608,
    "sentKBytesPerSec" : 0.589622641509434
  }
}