{
  "zone activity" : {
    "transaction" : "zone activity",
    "sampleCount" : 5,
    "errorCount" : 0,
    "errorPct" : 0.0,
    "meanResTime" : 31.2,
    "medianResTime" : 34.0,
    "minResTime" : 26.0,
    "maxResTime" : 35.0,
    "pct1ResTime" : 35.0,
    "pct2ResTime" : 35.0,
    "pct3ResTime" : 35.0,
    "throughput" : 1.8832391713747645,
    "receivedKBytesPerSec" : 26.857491760828626,
    "sentKBytesPerSec" : 0.6124205508474577
  },
  "Total" : {
    "transaction" : "Total",
    "sampleCount" : 15,
    "errorCount" : 0,
    "errorPct" : 0.0,
    "meanResTime" : 81.86666666666667,
    "medianResTime" : 35.0,
    "minResTime" : 17.0,
    "maxResTime" : 731.0,
    "pct1ResTime" : 333.2000000000002,
    "pct2ResTime" : 731.0,
    "pct3ResTime" : 731.0,
    "throughput" : 3.7425149700598803,
    "receivedKBytesPerSec" : 19.59581812936627,
    "sentKBytesPerSec" : 1.0672015344311376
  },
  "login" : {
    "transaction" : "login",
    "sampleCount" : 5,
    "errorCount" : 0,
    "errorPct" : 0.0,
    "meanResTime" : 188.6,
    "medianResTime" : 49.0,
    "minResTime" : 47.0,
    "maxResTime" : 731.0,
    "pct1ResTime" : 731.0,
    "pct2ResTime" : 731.0,
    "pct3ResTime" : 731.0,
    "throughput" : 1.2619888944977284,
    "receivedKBytesPerSec" : 0.9883936458859162,
    "sentKBytesPerSec" : 0.31426481259464917
  },
  "create api key" : {
    "transaction" : "create api key",
    "sampleCount" : 5,
    "errorCount" : 0,
    "errorPct" : 0.0,
    "meanResTime" : 25.8,
    "medianResTime" : 19.0,
    "minResTime" : 17.0,
    "maxResTime" : 40.0,
    "pct1ResTime" : 40.0,
    "pct2ResTime" : 40.0,
    "pct3ResTime" : 40.0,
    "throughput" : 1.8677624206200971,
    "receivedKBytesPerSec" : 1.2392165903997012,
    "sentKBytesPerSec" : 0.5253081807994023
  }
}