{
  "zone activity" : {
    "transaction" : "zone activity",
    "sampleCount" : 5,
    "errorCount" : 0,
    "errorPct" : 0.0,
    "meanResTime" : 1211.2,
    "medianResTime" : 1507.0,
    "minResTime" : 150.0,
    "maxResTime" : 1945.0,
    "pct1ResTime" : 1945.0,
    "pct2ResTime" : 1945.0,
    "pct3ResTime" : 1945.0,
    "throughput" : 1.9455252918287937,
    "receivedKBytesPerSec" : 541.3572318822958,
    "sentKBytesPerSec" : 0.6345756322957199
  },
  "Total" : {
    "transaction" : "Total",
    "sampleCount" : 15,
    "errorCount" : 0,
    "errorPct" : 0.0,
    "meanResTime" : 503.0666666666667,
    "medianResTime" : 97.0,
    "minResTime" : 27.0,
    "maxResTime" : 1945.0,
    "pct1ResTime" : 1941.4,
    "pct2ResTime" : 1945.0,
    "pct3ResTime" : 1945.0,
    "throughput" : 3.6040365209034118,
    "receivedKBytesPerSec" : 336.02150033037003,
    "sentKBytesPerSec" : 1.0288867281355119
  },
  "login" : {
    "transaction" : "login",
    "sampleCount" : 5,
    "errorCount" : 0,
    "errorPct" : 0.0,
    "meanResTime" : 261.8,
    "medianResTime" : 97.0,
    "minResTime" : 83.0,
    "maxResTime" : 936.0,
    "pct1ResTime" : 936.0,
    "pct2ResTime" : 936.0,
    "pct3ResTime" : 936.0,
    "throughput" : 1.2556504269211453,
    "receivedKBytesPerSec" : 0.983429338272225,
    "sentKBytesPerSec" : 0.3126863856102461
  },
  "create api key" : {
    "transaction" : "create api key",
    "sampleCount" : 5,
    "errorCount" : 0,
    "errorPct" : 0.0,
    "meanResTime" : 36.2,
    "medianResTime" : 30.0,
    "minResTime" : 27.0,
    "maxResTime" : 48.0,
    "pct1ResTime" : 48.0,
    "pct2ResTime" : 48.0,
    "pct3ResTime" : 48.0,
    "throughput" : 2.0136931131695532,
    "receivedKBytesPerSec" : 1.3360381846556584,
    "sentKBytesPerSec" : 0.5663511880789367
  }
}