{
  "zone activity" : {
    "transaction" : "zone activity",
    "sampleCount" : 10,
    "errorCount" : 10,
    "errorPct" : 100.0,
    "meanResTime" : 76.4,
    "medianResTime" : 77.0,
    "minResTime" : 72.0,
    "maxResTime" : 79.0,
    "pct1ResTime" : 78.9,
    "pct2ResTime" : 79.0,
    "pct3ResTime" : 79.0,
    "throughput" : 1.372872048325096,
    "receivedKBytesPerSec" : 2.2537088996430534,
    "sentKBytesPerSec" : 0.29629367449203736
  },
  "Total" : {
    "transaction" : "Total",
    "sampleCount" : 30,
    "errorCount" : 30,
    "errorPct" : 100.0,
    "meanResTime" : 169.4666666666667,
    "medianResTime" : 78.5,
    "minResTime" : 72.0,
    "maxResTime" : 1261.0,
    "pct1ResTime" : 237.8,
    "pct2ResTime" : 801.7499999999994,
    "pct3ResTime" : 1261.0,
    "throughput" : 3.2534432274156817,
    "receivedKBytesPerSec" : 5.629028677746448,
    "sentKBytesPerSec" : 0.7709982648302787
  },
  "login" : {
    "transaction" : "login",
    "sampleCount" : 10,
    "errorCount" : 10,
    "errorPct" : 100.0,
    "meanResTime" : 354.0,
    "medianResTime" : 233.0,
    "minResTime" : 221.0,
    "maxResTime" : 1261.0,
    "pct1ResTime" : 1177.5000000000005,
    "pct2ResTime" : 1261.0,
    "pct3ResTime" : 1261.0,
    "throughput" : 1.1032656663724625,
    "receivedKBytesPerSec" : 1.8651007764232126,
    "sentKBytesPerSec" : 0.2919775347528685
  },
  "create api key" : {
    "transaction" : "create api key",
    "sampleCount" : 10,
    "errorCount" : 10,
    "errorPct" : 100.0,
    "meanResTime" : 78.0,
    "medianResTime" : 78.0,
    "minResTime" : 75.0,
    "maxResTime" : 80.0,
    "pct1ResTime" : 80.0,
    "pct2ResTime" : 80.0,
    "pct3ResTime" : 80.0,
    "throughput" : 1.36986301369863,
    "receivedKBytesPerSec" : 2.5457512842465753,
    "sentKBytesPerSec" : 0.3157106164383562
  }
}