{
  "zone activity" : {
    "transaction" : "zone activity",
    "sampleCount" : 5,
    "errorCount" : 0,
    "errorPct" : 0.0,
    "meanResTime" : 107.2,
    "medianResTime" : 103.0,
    "minResTime" : 102.0,
    "maxResTime" : 120.0,
    "pct1ResTime" : 120.0,
    "pct2ResTime" : 120.0,
    "pct3ResTime" : 120.0,
    "throughput" : 1.899696048632219,
    "receivedKBytesPerSec" : 528.3436876662233,
    "sentKBytesPerSec" : 0.619627422112462
  },
  "Total" : {
    "transaction" : "Total",
    "sampleCount" : 15,
    "errorCount" : 0,
    "errorPct" : 0.0,
    "meanResTime" : 117.00000000000001,
    "medianResTime" : 73.0,
    "minResTime" : 18.0,
    "maxResTime" : 802.0,
    "pct1ResTime" : 392.80000000000024,
    "pct2ResTime" : 802.0,
    "pct3ResTime" : 802.0,
    "throughput" : 3.668378576669112,
    "receivedKBytesPerSec" : 341.85276045487893,
    "sentKBytesPerSec" : 1.0472552121545609
  },
  "login" : {
    "transaction" : "login",
    "sampleCount" : 5,
    "errorCount" : 0,
    "errorPct" : 0.0,
    "meanResTime" : 207.4,
    "medianResTime" : 55.0,
    "minResTime" : 53.0,
    "maxResTime" : 802.0,
    "pct1ResTime" : 802.0,
    "pct2ResTime" : 802.0,
    "pct3ResTime" : 802.0,
    "throughput" : 1.2610340479192939,
    "receivedKBytesPerSec" : 0.9876458070617907,
    "sentKBytesPerSec" : 0.3140270334174023
  },
  "create api key" : {
    "transaction" : "create api key",
    "sampleCount" : 5,
    "errorCount" : 0,
    "errorPct" : 0.0,
    "meanResTime" : 36.4,
    "medianResTime" : 19.0,
    "minResTime" : 18.0,
    "maxResTime" : 74.0,
    "pct1ResTime" : 74.0,
    "pct2ResTime" : 74.0,
    "pct3ResTime" : 74.0,
    "throughput" : 1.9290123456790123,
    "receivedKBytesPerSec" : 1.2806080005787037,
    "sentKBytesPerSec" : 0.5425347222222222
  }
}