{
  "zone activity" : {
    "transaction" : "zone activity",
    "sampleCount" : 10,
    "errorCount" : 0,
    "errorPct" : 0.0,
    "meanResTime" : 146.29999999999998,
    "medianResTime" : 146.5,
    "minResTime" : 142.0,
    "maxResTime" : 150.0,
    "pct1ResTime" : 149.7,
    "pct2ResTime" : 150.0,
    "pct3ResTime" : 150.0,
    "throughput" : 1.245019920318725,
    "receivedKBytesPerSec" : 19.43264539498257,
    "sentKBytesPerSec" : 0.4048746420567729
  },
  "Total" : {
    "transaction" : "Total",
    "sampleCount" : 30,
    "errorCount" : 0,
    "errorPct" : 0.0,
    "meanResTime" : 165.13333333333333,
    "medianResTime" : 146.5,
    "minResTime" : 75.0,
    "maxResTime" : 612.0,
    "pct1ResTime" : 231.9,
    "pct2ResTime" : 408.4999999999998,
    "pct3ResTime" : 612.0,
    "throughput" : 3.2064985036340317,
    "receivedKBytesPerSec" : 20.399781056274048,
    "sentKBytesPerSec" : 0.9153968709918768
  },
  "login" : {
    "transaction" : "login",
    "sampleCount" : 10,
    "errorCount" : 0,
    "errorPct" : 0.0,
    "meanResTime" : 268.09999999999997,
    "medianResTime" : 230.0,
    "minResTime" : 223.0,
    "maxResTime" : 612.0,
    "pct1ResTime" : 575.0000000000001,
    "pct2ResTime" : 612.0,
    "pct3ResTime" : 612.0,
    "throughput" : 1.0944511327569224,
    "receivedKBytesPerSec" : 1.9687294790412606,
    "sentKBytesPerSec" : 0.2736127831892306
  },
  "create api key" : {
    "transaction" : "create api key",
    "sampleCount" : 10,
    "errorCount" : 0,
    "errorPct" : 0.0,
    "meanResTime" : 80.99999999999999,
    "medianResTime" : 78.0,
    "minResTime" : 75.0,
    "maxResTime" : 96.0,
    "pct1ResTime" : 96.0,
    "pct2ResTime" : 96.0,
    "pct3ResTime" : 96.0,
    "throughput" : 1.2495314257153567,
    "receivedKBytesPerSec" : 2.097846120204923,
    "sentKBytesPerSec" : 0.3514307134824441
  }
}