{
  "zone activity" : {
    "transaction" : "zone activity",
    "sampleCount" : 5,
    "errorCount" : 0,
    "errorPct" : 0.0,
    "meanResTime" : 567.0,
    "medianResTime" : 613.0,
    "minResTime" : 364.0,
    "maxResTime" : 634.0,
    "pct1ResTime" : 634.0,
    "pct2ResTime" : 634.0,
    "pct3ResTime" : 634.0,
    "throughput" : 4.284490145672665,
    "receivedKBytesPerSec" : 1192.8857380034276,
    "sentKBytesPerSec" : 1.3974801842330762
  },
  "Total" : {
    "transaction" : "Total",
    "sampleCount" : 15,
    "errorCount" : 0,
    "errorPct" : 0.0,
    "meanResTime" : 578.2666666666665,
    "medianResTime" : 364.0,
    "minResTime" : 79.0,
    "maxResTime" : 2524.0,
    "pct1ResTime" : 2012.2000000000003,
    "pct2ResTime" : 2524.0,
    "pct3ResTime" : 2524.0,
    "throughput" : 3.310527477378062,
    "receivedKBytesPerSec" : 308.8353581576915,
    "sentKBytesPerSec" : 0.9450952466342971
  },
  "login" : {
    "transaction" : "login",
    "sampleCount" : 5,
    "errorCount" : 0,
    "errorPct" : 0.0,
    "meanResTime" : 1067.4,
    "medianResTime" : 671.0,
    "minResTime" : 232.0,
    "maxResTime" : 2524.0,
    "pct1ResTime" : 2524.0,
    "pct2ResTime" : 2524.0,
    "pct3ResTime" : 2524.0,
    "throughput" : 1.2236906510034262,
    "receivedKBytesPerSec" : 0.9583983418991678,
    "sentKBytesPerSec" : 0.304727652349486
  },
  "create api key" : {
    "transaction" : "create api key",
    "sampleCount" : 5,
    "errorCount" : 0,
    "errorPct" : 0.0,
    "meanResTime" : 100.4,
    "medianResTime" : 106.0,
    "minResTime" : 79.0,
    "maxResTime" : 110.0,
    "pct1ResTime" : 110.0,
    "pct2ResTime" : 110.0,
    "pct3ResTime" : 110.0,
    "throughput" : 5.446623093681917,
    "receivedKBytesPerSec" : 3.6158343545751634,
    "sentKBytesPerSec" : 1.531862745098039
  }
}