{
  "zone activity" : {
    "transaction" : "zone activity",
    "sampleCount" : 5,
    "errorCount" : 0,
    "errorPct" : 0.0,
    "meanResTime" : 641.2,
    "medianResTime" : 691.0,
    "minResTime" : 70.0,
    "maxResTime" : 1188.0,
    "pct1ResTime" : 1188.0,
    "pct2ResTime" : 1188.0,
    "pct3ResTime" : 1188.0,
    "throughput" : 1.9561815336463224,
    "receivedKBytesPerSec" : 544.1772269904147,
    "sentKBytesPerSec" : 0.6380513986697965
  },
  "Total" : {
    "transaction" : "Total",
    "sampleCount" : 15,
    "errorCount" : 0,
    "errorPct" : 0.0,
    "meanResTime" : 294.7333333333333,
    "medianResTime" : 60.0,
    "minResTime" : 14.0,
    "maxResTime" : 1188.0,
    "pct1ResTime" : 1186.2,
    "pct2ResTime" : 1188.0,
    "pct3ResTime" : 1188.0,
    "throughput" : 3.714710252600297,
    "receivedKBytesPerSec" : 346.24823938211983,
    "sentKBytesPerSec" : 1.0604820610450718
  },
  "login" : {
    "transaction" : "login",
    "sampleCount" : 5,
    "errorCount" : 0,
    "errorPct" : 0.0,
    "meanResTime" : 222.2,
    "medianResTime" : 60.0,
    "minResTime" : 45.0,
    "maxResTime" : 869.0,
    "pct1ResTime" : 869.0,
    "pct2ResTime" : 869.0,
    "pct3ResTime" : 869.0,
    "throughput" : 1.2658227848101267,
    "receivedKBytesPerSec" : 0.9913963607594937,
    "sentKBytesPerSec" : 0.3152195411392405
  },
  "create api key" : {
    "transaction" : "create api key",
    "sampleCount" : 5,
    "errorCount" : 0,
    "errorPct" : 0.0,
    "meanResTime" : 20.8,
    "medianResTime" : 16.0,
    "minResTime" : 14.0,
    "maxResTime" : 30.0,
    "pct1ResTime" : 30.0,
    "pct2ResTime" : 30.0,
    "pct3ResTime" : 30.0,
    "throughput" : 1.9786307874950535,
    "receivedKBytesPerSec" : 1.312775153343886,
    "sentKBytesPerSec" : 0.5564899089829838
  }
}