{
  "zone activity" : {
    "transaction" : "zone activity",
    "sampleCount" : 5,
    "errorCount" : 0,
    "errorPct" : 0.0,
    "meanResTime" : 862.2,
    "medianResTime" : 1057.0,
    "minResTime" : 304.0,
    "maxResTime" : 1325.0,
    "pct1ResTime" : 1325.0,
    "pct2ResTime" : 1325.0,
    "pct3ResTime" : 1325.0,
    "throughput" : 1.9755037534571318,
    "receivedKBytesPerSec" : 549.6611548054128,
    "sentKBytesPerSec" : 0.6443537633346503
  },
  "Total" : {
    "transaction" : "Total",
    "sampleCount" : 15,
    "errorCount" : 0,
    "errorPct" : 0.0,
    "meanResTime" : 451.1333333333334,
    "medianResTime" : 189.0,
    "minResTime" : 62.0,
    "maxResTime" : 1325.0,
    "pct1ResTime" : 1322.0,
    "pct2ResTime" : 1325.0,
    "pct3ResTime" : 1325.0,
    "throughput" : 3.3647375504710633,
    "receivedKBytesPerSec" : 313.68948729811575,
    "sentKBytesPerSec" : 0.9605712342978914
  },
  "login" : {
    "transaction" : "login",
    "sampleCount" : 5,
    "errorCount" : 0,
    "errorPct" : 0.0,
    "meanResTime" : 409.4,
    "medianResTime" : 189.0,
    "minResTime" : 182.0,
    "maxResTime" : 1200.0,
    "pct1ResTime" : 1200.0,
    "pct2ResTime" : 1200.0,
    "pct3ResTime" : 1200.0,
    "throughput" : 1.2227928588897041,
    "receivedKBytesPerSec" : 0.9576951883101001,
    "sentKBytesPerSec" : 0.3045040810711665
  },
  "create api key" : {
    "transaction" : "create api key",
    "sampleCount" : 5,
    "errorCount" : 0,
    "errorPct" : 0.0,
    "meanResTime" : 81.8,
    "medianResTime" : 91.0,
    "minResTime" : 62.0,
    "maxResTime" : 101.0,
    "pct1ResTime" : 101.0,
    "pct2ResTime" : 101.0,
    "pct3ResTime" : 101.0,
    "throughput" : 2.1413276231263385,
    "receivedKBytesPerSec" : 1.4215571466809422,
    "sentKBytesPerSec" : 0.6022483940042827
  }
}