{
  "zone activity" : {
    "transaction" : "zone activity",
    "sampleCount" : 5,
    "errorCount" : 0,
    "errorPct" : 0.0,
    "meanResTime" : 1956.0,
    "medianResTime" : 2088.0,
    "minResTime" : 1415.0,
    "maxResTime" : 2122.0,
    "pct1ResTime" : 2122.0,
    "pct2ResTime" : 2122.0,
    "pct3ResTime" : 2122.0,
    "throughput" : 2.3562676720075397,
    "receivedKBytesPerSec" : 655.6618534990575,
    "sentKBytesPerSec" : 0.7685482445805843
  },
  "Total" : {
    "transaction" : "Total",
    "sampleCount" : 15,
    "errorCount" : 0,
    "errorPct" : 0.0,
    "meanResTime" : 1073.3333333333333,
    "medianResTime" : 722.0,
    "minResTime" : 81.0,
    "maxResTime" : 2630.0,
    "pct1ResTime" : 2325.2000000000003,
    "pct2ResTime" : 2630.0,
    "pct3ResTime" : 2630.0,
    "throughput" : 2.6441036488630356,
    "receivedKBytesPerSec" : 246.52909753437334,
    "sentKBytesPerSec" : 0.7548433919442975
  },
  "login" : {
    "transaction" : "login",
    "sampleCount" : 5,
    "errorCount" : 0,
    "errorPct" : 0.0,
    "meanResTime" : 1098.2,
    "medianResTime" : 722.0,
    "minResTime" : 181.0,
    "maxResTime" : 2630.0,
    "pct1ResTime" : 2630.0,
    "pct2ResTime" : 2630.0,
    "pct3ResTime" : 2630.0,
    "throughput" : 1.20598166907863,
    "receivedKBytesPerSec" : 0.9457063283888085,
    "sentKBytesPerSec" : 0.3003177007959479
  },
  "create api key" : {
    "transaction" : "create api key",
    "sampleCount" : 5,
    "errorCount" : 0,
    "errorPct" : 0.0,
    "meanResTime" : 165.8,
    "medianResTime" : 187.0,
    "minResTime" : 81.0,
    "maxResTime" : 191.0,
    "pct1ResTime" : 191.0,
    "pct2ResTime" : 191.0,
    "pct3ResTime" : 191.0,
    "throughput" : 5.720823798627002,
    "receivedKBytesPerSec" : 3.8034539473684212,
    "sentKBytesPerSec" : 1.6089816933638443
  }
}