{
  "zone activity" : {
    "transaction" : "zone activity",
    "sampleCount" : 5,
    "errorCount" : 0,
    "errorPct" : 0.0,
    "meanResTime" : 261.4,
    "medianResTime" : 77.0,
    "minResTime" : 74.0,
    "maxResTime" : 541.0,
    "pct1ResTime" : 541.0,
    "pct2ResTime" : 541.0,
    "pct3ResTime" : 541.0,
    "throughput" : 1.9677292404565132,
    "receivedKBytesPerSec" : 547.6843823789847,
    "sentKBytesPerSec" : 0.6418179358520267
  },
  "Total" : {
    "transaction" : "Total",
    "sampleCount" : 15,
    "errorCount" : 0,
    "errorPct" : 0.0,
    "meanResTime" : 166.9333333333333,
    "medianResTime" : 54.0,
    "minResTime" : 17.0,
    "maxResTime" : 844.0,
    "pct1ResTime" : 662.2,
    "pct2ResTime" : 844.0,
    "pct3ResTime" : 844.0,
    "throughput" : 3.704618424302297,
    "receivedKBytesPerSec" : 345.492569538775,
    "sentKBytesPerSec" : 1.0576010280316126
  },
  "login" : {
    "transaction" : "login",
    "sampleCount" : 5,
    "errorCount" : 0,
    "errorPct" : 0.0,
    "meanResTime" : 213.4,
    "medianResTime" : 54.0,
    "minResTime" : 46.0,
    "maxResTime" : 844.0,
    "pct1ResTime" : 844.0,
    "pct2ResTime" : 844.0,
    "pct3ResTime" : 844.0,
    "throughput" : 1.2639029322548028,
    "receivedKBytesPerSec" : 0.9898927262386249,
    "sentKBytesPerSec" : 0.31474145285642063
  },
  "create api key" : {
    "transaction" : "create api key",
    "sampleCount" : 5,
    "errorCount" : 0,
    "errorPct" : 0.0,
    "meanResTime" : 26.0,
    "medianResTime" : 18.0,
    "minResTime" : 17.0,
    "maxResTime" : 41.0,
    "pct1ResTime" : 41.0,
    "pct2ResTime" : 41.0,
    "pct3ResTime" : 41.0,
    "throughput" : 1.9857029388403493,
    "receivedKBytesPerSec" : 1.317467360007943,
    "sentKBytesPerSec" : 0.5584789515488483
  }
}