{
  "zone activity" : {
    "transaction" : "zone activity",
    "sampleCount" : 5,
    "errorCount" : 0,
    "errorPct" : 0.0,
    "meanResTime" : 1294.2,
    "medianResTime" : 1676.0,
    "minResTime" : 406.0,
    "maxResTime" : 1854.0,
    "pct1ResTime" : 1854.0,
    "pct2ResTime" : 1854.0,
    "pct3ResTime" : 1854.0,
    "throughput" : 1.9342359767891684,
    "receivedKBytesPerSec" : 538.0523150386847,
    "sentKBytesPerSec" : 0.6308933752417795
  },
  "Total" : {
    "transaction" : "Total",
    "sampleCount" : 15,
    "errorCount" : 0,
    "errorPct" : 0.0,
    "meanResTime" : 628.9333333333333,
    "medianResTime" : 255.0,
    "minResTime" : 78.0,
    "maxResTime" : 1854.0,
    "pct1ResTime" : 1846.8,
    "pct2ResTime" : 1854.0,
    "pct3ResTime" : 1854.0,
    "throughput" : 3.228583727938011,
    "receivedKBytesPerSec" : 300.9258636461472,
    "sentKBytesPerSec" : 0.9217017999354283
  },
  "login" : {
    "transaction" : "login",
    "sampleCount" : 5,
    "errorCount" : 0,
    "errorPct" : 0.0,
    "meanResTime" : 498.6,
    "medianResTime" : 255.0,
    "minResTime" : 236.0,
    "maxResTime" : 1325.0,
    "pct1ResTime" : 1325.0,
    "pct2ResTime" : 1325.0,
    "pct3ResTime" : 1325.0,
    "throughput" : 1.2030798845043311,
    "receivedKBytesPerSec" : 0.9422559251684313,
    "sentKBytesPerSec" : 0.29959508842637156
  },
  "create api key" : {
    "transaction" : "create api key",
    "sampleCount" : 5,
    "errorCount" : 0,
    "errorPct" : 0.0,
    "meanResTime" : 94.0,
    "medianResTime" : 80.0,
    "minResTime" : 78.0,
    "maxResTime" : 116.0,
    "pct1ResTime" : 116.0,
    "pct2ResTime" : 116.0,
    "pct3ResTime" : 116.0,
    "throughput" : 2.162629757785467,
    "receivedKBytesPerSec" : 1.436121323529412,
    "sentKBytesPerSec" : 0.6082396193771626
  }
}