{
  "zone activity" : {
    "transaction" : "zone activity",
    "sampleCount" : 5,
    "errorCount" : 0,
    "errorPct" : 0.0,
    "meanResTime" : 185.0,
    "medianResTime" : 163.0,
    "minResTime" : 156.0,
    "maxResTime" : 224.0,
    "pct1ResTime" : 224.0,
    "pct2ResTime" : 224.0,
    "pct3ResTime" : 224.0,
    "throughput" : 1.876172607879925,
    "receivedKBytesPerSec" : 521.866571880863,
    "sentKBytesPerSec" : 0.6119547373358349
  },
  "Total" : {
    "transaction" : "Total",
    "sampleCount" : 15,
    "errorCount" : 0,
    "errorPct" : 0.0,
    "meanResTime" : 161.46666666666664,
    "medianResTime" : 99.0,
    "minResTime" : 32.0,
    "maxResTime" : 890.0,
    "pct1ResTime" : 490.40000000000026,
    "pct2ResTime" : 890.0,
    "pct3ResTime" : 890.0,
    "throughput" : 3.5629453681710217,
    "receivedKBytesPerSec" : 332.069059902019,
    "sentKBytesPerSec" : 1.017155953087886
  },
  "login" : {
    "transaction" : "login",
    "sampleCount" : 5,
    "errorCount" : 0,
    "errorPct" : 0.0,
    "meanResTime" : 256.2,
    "medianResTime" : 99.0,
    "minResTime" : 92.0,
    "maxResTime" : 890.0,
    "pct1ResTime" : 890.0,
    "pct2ResTime" : 890.0,
    "pct3ResTime" : 890.0,
    "throughput" : 1.2475049900199602,
    "receivedKBytesPerSec" : 0.9770498066367266,
    "sentKBytesPerSec" : 0.31065798091317365
  },
  "create api key" : {
    "transaction" : "create api key",
    "sampleCount" : 5,
    "errorCount" : 0,
    "errorPct" : 0.0,
    "meanResTime" : 43.2,
    "medianResTime" : 36.0,
    "minResTime" : 32.0,
    "maxResTime" : 59.0,
    "pct1ResTime" : 59.0,
    "pct2ResTime" : 59.0,
    "pct3ResTime" : 59.0,
    "throughput" : 1.941747572815534,
    "receivedKBytesPerSec" : 1.2894417475728155,
    "sentKBytesPerSec" : 0.5461165048543689
  }
}