{
  "zone activity" : {
    "transaction" : "zone activity",
    "sampleCount" : 5,
    "errorCount" : 0,
    "errorPct" : 0.0,
    "meanResTime" : 121.6,
    "medianResTime" : 77.0,
    "minResTime" : 75.0,
    "maxResTime" : 192.0,
    "pct1ResTime" : 192.0,
    "pct2ResTime" : 192.0,
    "pct3ResTime" : 192.0,
    "throughput" : 2.0729684908789388,
    "receivedKBytesPerSec" : 576.7990289438226,
    "sentKBytesPerSec" : 0.6761440194859039
  },
  "Total" : {
    "transaction" : "Total",
    "sampleCount" : 15,
    "errorCount" : 0,
    "errorPct" : 0.0,
    "meanResTime" : 129.73333333333332,
    "medianResTime" : 58.0,
    "minResTime" : 18.0,
    "maxResTime" : 958.0,
    "pct1ResTime" : 498.40000000000026,
    "pct2ResTime" : 958.0,
    "pct3ResTime" : 958.0,
    "throughput" : 3.696402168555939,
    "receivedKBytesPerSec" : 344.621638584278,
    "sentKBytesPerSec" : 1.055255436791523
  },
  "login" : {
    "transaction" : "login",
    "sampleCount" : 5,
    "errorCount" : 0,
    "errorPct" : 0.0,
    "meanResTime" : 235.2,
    "medianResTime" : 54.0,
    "minResTime" : 50.0,
    "maxResTime" : 958.0,
    "pct1ResTime" : 958.0,
    "pct2ResTime" : 958.0,
    "pct3ResTime" : 958.0,
    "throughput" : 1.2626262626262628,
    "receivedKBytesPerSec" : 0.9888928345959596,
    "sentKBytesPerSec" : 0.3144235321969697
  },
  "create api key" : {
    "transaction" : "create api key",
    "sampleCount" : 5,
    "errorCount" : 0,
    "errorPct" : 0.0,
    "meanResTime" : 32.4,
    "medianResTime" : 19.0,
    "minResTime" : 18.0,
    "maxResTime" : 58.0,
    "pct1ResTime" : 58.0,
    "pct2ResTime" : 58.0,
    "pct3ResTime" : 58.0,
    "throughput" : 2.0868113522537564,
    "receivedKBytesPerSec" : 1.385365583263773,
    "sentKBytesPerSec" : 0.586915692821369
  }
}