{
  "zone activity" : {
    "transaction" : "zone activity",
    "sampleCount" : 5,
    "errorCount" : 0,
    "errorPct" : 0.0,
    "meanResTime" : 65.2,
    "medianResTime" : 70.0,
    "minResTime" : 54.0,
    "maxResTime" : 74.0,
    "pct1ResTime" : 74.0,
    "pct2ResTime" : 74.0,
    "pct3ResTime" : 74.0,
    "throughput" : 1.994415636218588,
    "receivedKBytesPerSec" : 555.1175458715596,
    "sentKBytesPerSec" : 0.6505222875947347
  },
  "Total" : {
    "transaction" : "Total",
    "sampleCount" : 15,
    "errorCount" : 0,
    "errorPct" : 0.0,
    "meanResTime" : 102.4,
    "medianResTime" : 46.0,
    "minResTime" : 13.0,
    "maxResTime" : 913.0,
    "pct1ResTime" : 409.6000000000003,
    "pct2ResTime" : 913.0,
    "pct3ResTime" : 913.0,
    "throughput" : 3.7183936539414972,
    "receivedKBytesPerSec" : 346.78063607771446,
    "sentKBytesPerSec" : 1.0615336049826476
  },
  "login" : {
    "transaction" : "login",
    "sampleCount" : 5,
    "errorCount" : 0,
    "errorPct" : 0.0,
    "meanResTime" : 219.6,
    "medianResTime" : 46.0,
    "minResTime" : 39.0,
    "maxResTime" : 913.0,
    "pct1ResTime" : 913.0,
    "pct2ResTime" : 913.0,
    "pct3ResTime" : 913.0,
    "throughput" : 1.2664640324214793,
    "receivedKBytesPerSec" : 0.9918985878926039,
    "sentKBytesPerSec" : 0.3153792268237082
  },
  "create api key" : {
    "transaction" : "create api key",
    "sampleCount" : 5,
    "errorCount" : 0,
    "errorPct" : 0.0,
    "meanResTime" : 22.4,
    "medianResTime" : 15.0,
    "minResTime" : 13.0,
    "maxResTime" : 36.0,
    "pct1ResTime" : 36.0,
    "pct2ResTime" : 36.0,
    "pct3ResTime" : 36.0,
    "throughput" : 2.012072434607646,
    "receivedKBytesPerSec" : 1.334962902414487,
    "sentKBytesPerSec" : 0.5658953722334005
  }
}