{
  "zone activity" : {
    "transaction" : "zone activity",
    "sampleCount" : 5,
    "errorCount" : 0,
    "errorPct" : 0.0,
    "meanResTime" : 353.0,
    "medianResTime" : 337.0,
    "minResTime" : 313.0,
    "maxResTime" : 390.0,
    "pct1ResTime" : 390.0,
    "pct2ResTime" : 390.0,
    "pct3ResTime" : 390.0,
    "throughput" : 1.859427296392711,
    "receivedKBytesPerSec" : 517.089662165303,
    "sentKBytesPerSec" : 0.6064928876905913
  },
  "Total" : {
    "transaction" : "Total",
    "sampleCount" : 15,
    "errorCount" : 0,
    "errorPct" : 0.0,
    "meanResTime" : 268.2,
    "medianResTime" : 200.0,
    "minResTime" : 61.0,
    "maxResTime" : 1108.0,
    "pct1ResTime" : 677.2000000000003,
    "pct2ResTime" : 1108.0,
    "pct3ResTime" : 1108.0,
    "throughput" : 3.3549541489599646,
    "receivedKBytesPerSec" : 312.61183180496533,
    "sentKBytesPerSec" : 0.9577782515097294
  },
  "login" : {
    "transaction" : "login",
    "sampleCount" : 5,
    "errorCount" : 0,
    "errorPct" : 0.0,
    "meanResTime" : 380.0,
    "medianResTime" : 200.0,
    "minResTime" : 183.0,
    "maxResTime" : 1108.0,
    "pct1ResTime" : 1108.0,
    "pct2ResTime" : 1108.0,
    "pct3ResTime" : 1108.0,
    "throughput" : 1.2212994626282363,
    "receivedKBytesPerSec" : 0.9565255556912554,
    "sentKBytesPerSec" : 0.3041321904005862
  },
  "create api key" : {
    "transaction" : "create api key",
    "sampleCount" : 5,
    "errorCount" : 0,
    "errorPct" : 0.0,
    "meanResTime" : 71.6,
    "medianResTime" : 66.0,
    "minResTime" : 61.0,
    "maxResTime" : 83.0,
    "pct1ResTime" : 83.0,
    "pct2ResTime" : 83.0,
    "pct3ResTime" : 83.0,
    "throughput" : 2.0234722784297854,
    "receivedKBytesPerSec" : 1.342526431606637,
    "sentKBytesPerSec" : 0.5691015783083772
  }
}