{
  "zone activity" : {
    "transaction" : "zone activity",
    "sampleCount" : 5,
    "errorCount" : 0,
    "errorPct" : 0.0,
    "meanResTime" : 1017.4,
    "medianResTime" : 1241.0,
    "minResTime" : 324.0,
    "maxResTime" : 1594.0,
    "pct1ResTime" : 1594.0,
    "pct2ResTime" : 1594.0,
    "pct3ResTime" : 1594.0,
    "throughput" : 1.8642803877703207,
    "receivedKBytesPerSec" : 518.6621020926548,
    "sentKBytesPerSec" : 0.6080758296047726
  },
  "Total" : {
    "transaction" : "Total",
    "sampleCount" : 15,
    "errorCount" : 0,
    "errorPct" : 0.0,
    "meanResTime" : 496.93333333333334,
    "medianResTime" : 205.0,
    "minResTime" : 66.0,
    "maxResTime" : 1594.0,
    "pct1ResTime" : 1589.8,
    "pct2ResTime" : 1594.0,
    "pct3ResTime" : 1594.0,
    "throughput" : 3.3185840707964602,
    "receivedKBytesPerSec" : 309.35512306415933,
    "sentKBytesPerSec" : 0.9473952571902656
  },
  "login" : {
    "transaction" : "login",
    "sampleCount" : 5,
    "errorCount" : 0,
    "errorPct" : 0.0,
    "meanResTime" : 397.6,
    "medianResTime" : 205.0,
    "minResTime" : 193.0,
    "maxResTime" : 1152.0,
    "pct1ResTime" : 1152.0,
    "pct2ResTime" : 1152.0,
    "pct3ResTime" : 1152.0,
    "throughput" : 1.2165450121654502,
    "receivedKBytesPerSec" : 0.9528018552311435,
    "sentKBytesPerSec" : 0.30294822080291967
  },
  "create api key" : {
    "transaction" : "create api key",
    "sampleCount" : 5,
    "errorCount" : 0,
    "errorPct" : 0.0,
    "meanResTime" : 75.8,
    "medianResTime" : 69.0,
    "minResTime" : 66.0,
    "maxResTime" : 89.0,
    "pct1ResTime" : 89.0,
    "pct2ResTime" : 89.0,
    "pct3ResTime" : 89.0,
    "throughput" : 2.046663937781416,
    "receivedKBytesPerSec" : 1.3579135540319278,
    "sentKBytesPerSec" : 0.5756242325010233
  }
}