{
  "zone activity" : {
    "transaction" : "zone activity",
    "sampleCount" : 10,
    "errorCount" : 0,
    "errorPct" : 0.0,
    "meanResTime" : 16.0,
    "medianResTime" : 15.0,
    "minResTime" : 14.0,
    "maxResTime" : 22.0,
    "pct1ResTime" : 21.5,
    "pct2ResTime" : 22.0,
    "pct3ResTime" : 22.0,
    "throughput" : 1.4247043738424277,
    "receivedKBytesPerSec" : 22.345875926057843,
    "sentKBytesPerSec" : 0.4633071840718051
  },
  "Total" : {
    "transaction" : "Total",
    "sampleCount" : 30,
    "errorCount" : 0,
    "errorPct" : 0.0,
    "meanResTime" : 75.33333333333334,
    "medianResTime" : 16.0,
    "minResTime" : 10.0,
    "maxResTime" : 1297.0,
    "pct1ResTime" : 41.900000000000006,
    "pct2ResTime" : 787.6999999999994,
    "pct3ResTime" : 1297.0,
    "throughput" : 3.345973678340397,
    "receivedKBytesPerSec" : 21.55735033738568,
    "sentKBytesPerSec" : 0.9552144908543387
  },
  "login" : {
    "transaction" : "login",
    "sampleCount" : 10,
    "errorCount" : 0,
    "errorPct" : 0.0,
    "meanResTime" : 194.0,
    "medianResTime" : 33.5,
    "minResTime" : 31.0,
    "maxResTime" : 1297.0,
    "pct1ResTime" : 1204.4000000000003,
    "pct2ResTime" : 1297.0,
    "pct3ResTime" : 1297.0,
    "throughput" : 1.1188185276348177,
    "receivedKBytesPerSec" : 2.1054329128440368,
    "sentKBytesPerSec" : 0.27970463190870437
  },
  "create api key" : {
    "transaction" : "create api key",
    "sampleCount" : 10,
    "errorCount" : 0,
    "errorPct" : 0.0,
    "meanResTime" : 16.0,
    "medianResTime" : 11.0,
    "minResTime" : 10.0,
    "maxResTime" : 41.0,
    "pct1ResTime" : 40.0,
    "pct2ResTime" : 41.0,
    "pct3ResTime" : 41.0,
    "throughput" : 1.4184397163120568,
    "receivedKBytesPerSec" : 2.4991688829787235,
    "sentKBytesPerSec" : 0.39893617021276595
  }
}