{
  "zone activity" : {
    "transaction" : "zone activity",
    "sampleCount" : 5,
    "errorCount" : 0,
    "errorPct" : 0.0,
    "meanResTime" : 89.2,
    "medianResTime" : 85.0,
    "minResTime" : 80.0,
    "maxResTime" : 99.0,
    "pct1ResTime" : 99.0,
    "pct2ResTime" : 99.0,
    "pct3ResTime" : 99.0,
    "throughput" : 1.976284584980237,
    "receivedKBytesPerSec" : 549.7147511116601,
    "sentKBytesPerSec" : 0.6446084486166008
  },
  "Total" : {
    "transaction" : "Total",
    "sampleCount" : 15,
    "errorCount" : 0,
    "errorPct" : 0.0,
    "meanResTime" : 109.86666666666669,
    "medianResTime" : 41.0,
    "minResTime" : 14.0,
    "maxResTime" : 889.0,
    "pct1ResTime" : 415.0000000000003,
    "pct2ResTime" : 889.0,
    "pct3ResTime" : 889.0,
    "throughput" : 3.70278943470748,
    "receivedKBytesPerSec" : 345.1033502530239,
    "sentKBytesPerSec" : 1.0570788848432486
  },
  "login" : {
    "transaction" : "login",
    "sampleCount" : 5,
    "errorCount" : 0,
    "errorPct" : 0.0,
    "meanResTime" : 213.0,
    "medianResTime" : 41.0,
    "minResTime" : 38.0,
    "maxResTime" : 889.0,
    "pct1ResTime" : 889.0,
    "pct2ResTime" : 889.0,
    "pct3ResTime" : 889.0,
    "throughput" : 1.2655024044545686,
    "receivedKBytesPerSec" : 0.9911454378638319,
    "sentKBytesPerSec" : 0.31513975892179197
  },
  "create api key" : {
    "transaction" : "create api key",
    "sampleCount" : 5,
    "errorCount" : 0,
    "errorPct" : 0.0,
    "meanResTime" : 27.4,
    "medianResTime" : 34.0,
    "minResTime" : 14.0,
    "maxResTime" : 37.0,
    "pct1ResTime" : 37.0,
    "pct2ResTime" : 37.0,
    "pct3ResTime" : 37.0,
    "throughput" : 2.002402883460152,
    "receivedKBytesPerSec" : 1.3293295704845816,
    "sentKBytesPerSec" : 0.5631758109731678
  }
}