{
  "zone activity" : {
    "transaction" : "zone activity",
    "sampleCount" : 5,
    "errorCount" : 0,
    "errorPct" : 0.0,
    "meanResTime" : 132.2,
    "medianResTime" : 106.0,
    "minResTime" : 92.0,
    "maxResTime" : 183.0,
    "pct1ResTime" : 183.0,
    "pct2ResTime" : 183.0,
    "pct3ResTime" : 183.0,
    "throughput" : 2.0584602717167555,
    "receivedKBytesPerSec" : 572.5245407060519,
    "sentKBytesPerSec" : 0.6714118464388638
  },
  "Total" : {
    "transaction" : "Total",
    "sampleCount" : 15,
    "errorCount" : 0,
    "errorPct" : 0.0,
    "meanResTime" : 138.13333333333333,
    "medianResTime" : 69.0,
    "minResTime" : 18.0,
    "maxResTime" : 985.0,
    "pct1ResTime" : 503.8000000000003,
    "pct2ResTime" : 985.0,
    "pct3ResTime" : 985.0,
    "throughput" : 3.668378576669112,
    "receivedKBytesPerSec" : 341.86756771215454,
    "sentKBytesPerSec" : 1.0472552121545609
  },
  "login" : {
    "transaction" : "login",
    "sampleCount" : 5,
    "errorCount" : 0,
    "errorPct" : 0.0,
    "meanResTime" : 244.6,
    "medianResTime" : 54.0,
    "minResTime" : 54.0,
    "maxResTime" : 985.0,
    "pct1ResTime" : 985.0,
    "pct2ResTime" : 985.0,
    "pct3ResTime" : 985.0,
    "throughput" : 1.2619888944977284,
    "receivedKBytesPerSec" : 0.9883936458859162,
    "sentKBytesPerSec" : 0.31426481259464917
  },
  "create api key" : {
    "transaction" : "create api key",
    "sampleCount" : 5,
    "errorCount" : 0,
    "errorPct" : 0.0,
    "meanResTime" : 37.6,
    "medianResTime" : 18.0,
    "minResTime" : 18.0,
    "maxResTime" : 69.0,
    "pct1ResTime" : 69.0,
    "pct2ResTime" : 69.0,
    "pct3ResTime" : 69.0,
    "throughput" : 2.0815986677768525,
    "receivedKBytesPerSec" : 1.3814984908409658,
    "sentKBytesPerSec" : 0.5854496253122398
  }
}