{
  "zone activity" : {
    "transaction" : "zone activity",
    "sampleCount" : 5,
    "errorCount" : 0,
    "errorPct" : 0.0,
    "meanResTime" : 398.2,
    "medianResTime" : 409.0,
    "minResTime" : 363.0,
    "maxResTime" : 412.0,
    "pct1ResTime" : 412.0,
    "pct2ResTime" : 412.0,
    "pct3ResTime" : 412.0,
    "throughput" : 8.130081300813009,
    "receivedKBytesPerSec" : 2261.151867378049,
    "sentKBytesPerSec" : 2.651803861788618
  },
  "Total" : {
    "transaction" : "Total",
    "sampleCount" : 15,
    "errorCount" : 0,
    "errorPct" : 0.0,
    "meanResTime" : 672.4666666666666,
    "medianResTime" : 363.0,
    "minResTime" : 80.0,
    "maxResTime" : 3258.0,
    "pct1ResTime" : 2720.4000000000005,
    "pct2ResTime" : 3258.0,
    "pct3ResTime" : 3258.0,
    "throughput" : 3.282994090610637,
    "receivedKBytesPerSec" : 305.94085138980086,
    "sentKBytesPerSec" : 0.9372349666228934
  },
  "login" : {
    "transaction" : "login",
    "sampleCount" : 5,
    "errorCount" : 0,
    "errorPct" : 0.0,
    "meanResTime" : 1513.8,
    "medianResTime" : 1361.0,
    "minResTime" : 226.0,
    "maxResTime" : 3258.0,
    "pct1ResTime" : 3258.0,
    "pct2ResTime" : 3258.0,
    "pct3ResTime" : 3258.0,
    "throughput" : 1.21300339640951,
    "receivedKBytesPerSec" : 0.950028050703542,
    "sentKBytesPerSec" : 0.30206627547307136
  },
  "create api key" : {
    "transaction" : "create api key",
    "sampleCount" : 5,
    "errorCount" : 0,
    "errorPct" : 0.0,
    "meanResTime" : 105.4,
    "medianResTime" : 108.0,
    "minResTime" : 80.0,
    "maxResTime" : 118.0,
    "pct1ResTime" : 118.0,
    "pct2ResTime" : 118.0,
    "pct3ResTime" : 118.0,
    "throughput" : 13.368983957219251,
    "receivedKBytesPerSec" : 8.875229779411764,
    "sentKBytesPerSec" : 3.7600267379679146
  }
}