{
  "zone activity" : {
    "transaction" : "zone activity",
    "sampleCount" : 5,
    "errorCount" : 0,
    "errorPct" : 0.0,
    "meanResTime" : 469.6,
    "medianResTime" : 407.0,
    "minResTime" : 322.0,
    "maxResTime" : 650.0,
    "pct1ResTime" : 650.0,
    "pct2ResTime" : 650.0,
    "pct3ResTime" : 650.0,
    "throughput" : 1.7001020061203673,
    "receivedKBytesPerSec" : 472.98896527541655,
    "sentKBytesPerSec" : 0.5545254590275417
  },
  "Total" : {
    "transaction" : "Total",
    "sampleCount" : 15,
    "errorCount" : 0,
    "errorPct" : 0.0,
    "meanResTime" : 331.6666666666667,
    "medianResTime" : 237.0,
    "minResTime" : 64.0,
    "maxResTime" : 1016.0,
    "pct1ResTime" : 796.4000000000001,
    "pct2ResTime" : 1016.0,
    "pct3ResTime" : 1016.0,
    "throughput" : 3.1996587030716723,
    "receivedKBytesPerSec" : 298.2719343270051,
    "sentKBytesPerSec" : 0.9134442326151878
  },
  "login" : {
    "transaction" : "login",
    "sampleCount" : 5,
    "errorCount" : 0,
    "errorPct" : 0.0,
    "meanResTime" : 399.2,
    "medianResTime" : 237.0,
    "minResTime" : 205.0,
    "maxResTime" : 1016.0,
    "pct1ResTime" : 1016.0,
    "pct2ResTime" : 1016.0,
    "pct3ResTime" : 1016.0,
    "throughput" : 1.1806375442739079,
    "receivedKBytesPerSec" : 0.9249096074380164,
    "sentKBytesPerSec" : 0.294006419716647
  },
  "create api key" : {
    "transaction" : "create api key",
    "sampleCount" : 5,
    "errorCount" : 0,
    "errorPct" : 0.0,
    "meanResTime" : 126.2,
    "medianResTime" : 104.0,
    "minResTime" : 64.0,
    "maxResTime" : 189.0,
    "pct1ResTime" : 189.0,
    "pct2ResTime" : 189.0,
    "pct3ResTime" : 189.0,
    "throughput" : 1.7966223499820337,
    "receivedKBytesPerSec" : 1.1934204320876751,
    "sentKBytesPerSec" : 0.505300035932447
  }
}