{
  "zone activity" : {
    "transaction" : "zone activity",
    "sampleCount" : 10,
    "errorCount" : 0,
    "errorPct" : 0.0,
    "meanResTime" : 50.5,
    "medianResTime" : 51.5,
    "minResTime" : 47.0,
    "maxResTime" : 52.0,
    "pct1ResTime" : 52.0,
    "pct2ResTime" : 52.0,
    "pct3ResTime" : 52.0,
    "throughput" : 1.2658227848101267,
    "receivedKBytesPerSec" : 19.749802215189874,
    "sentKBytesPerSec" : 0.41163963607594933
  },
  "Total" : {
    "transaction" : "Total",
    "sampleCount" : 30,
    "errorCount" : 0,
    "errorPct" : 0.0,
    "meanResTime" : 72.79999999999998,
    "medianResTime" : 51.5,
    "minResTime" : 27.0,
    "maxResTime" : 574.0,
    "pct1ResTime" : 88.80000000000001,
    "pct2ResTime" : 318.24999999999966,
    "pct3ResTime" : 574.0,
    "throughput" : 3.3057851239669422,
    "receivedKBytesPerSec" : 21.024879476584022,
    "sentKBytesPerSec" : 0.9437413911845731
  },
  "login" : {
    "transaction" : "login",
    "sampleCount" : 10,
    "errorCount" : 0,
    "errorPct" : 0.0,
    "meanResTime" : 136.5,
    "medianResTime" : 87.0,
    "minResTime" : 80.0,
    "maxResTime" : 574.0,
    "pct1ResTime" : 527.5000000000002,
    "pct2ResTime" : 574.0,
    "pct3ResTime" : 574.0,
    "throughput" : 1.1117287381878822,
    "receivedKBytesPerSec" : 1.999808921623124,
    "sentKBytesPerSec" : 0.27793218454697055
  },
  "create api key" : {
    "transaction" : "create api key",
    "sampleCount" : 10,
    "errorCount" : 0,
    "errorPct" : 0.0,
    "meanResTime" : 31.400000000000002,
    "medianResTime" : 28.5,
    "minResTime" : 27.0,
    "maxResTime" : 44.0,
    "pct1ResTime" : 44.0,
    "pct2ResTime" : 44.0,
    "pct3ResTime" : 44.0,
    "throughput" : 1.2643823492224047,
    "receivedKBytesPerSec" : 2.1227794284991783,
    "sentKBytesPerSec" : 0.3556075357188014
  }
}