{
  "zone activity" : {
    "transaction" : "zone activity",
    "sampleCount" : 5,
    "errorCount" : 0,
    "errorPct" : 0.0,
    "meanResTime" : 84.6,
    "medianResTime" : 84.0,
    "minResTime" : 80.0,
    "maxResTime" : 94.0,
    "pct1ResTime" : 94.0,
    "pct2ResTime" : 94.0,
    "pct3ResTime" : 94.0,
    "throughput" : 1.6818028927009754,
    "receivedKBytesPerSec" : 467.9074561680121,
    "sentKBytesPerSec" : 0.548556802892701
  },
  "Total" : {
    "transaction" : "Total",
    "sampleCount" : 15,
    "errorCount" : 0,
    "errorPct" : 0.0,
    "meanResTime" : 82.33333333333333,
    "medianResTime" : 49.0,
    "minResTime" : 15.0,
    "maxResTime" : 487.0,
    "pct1ResTime" : 251.20000000000013,
    "pct2ResTime" : 487.0,
    "pct3ResTime" : 487.0,
    "throughput" : 3.6809815950920246,
    "receivedKBytesPerSec" : 343.1465682515337,
    "sentKBytesPerSec" : 1.050853144171779
  },
  "login" : {
    "transaction" : "login",
    "sampleCount" : 5,
    "errorCount" : 0,
    "errorPct" : 0.0,
    "meanResTime" : 141.4,
    "medianResTime" : 49.0,
    "minResTime" : 46.0,
    "maxResTime" : 487.0,
    "pct1ResTime" : 487.0,
    "pct2ResTime" : 487.0,
    "pct3ResTime" : 487.0,
    "throughput" : 1.2616704516780217,
    "receivedKBytesPerSec" : 0.9881442404743881,
    "sentKBytesPerSec" : 0.3141855128690386
  },
  "create api key" : {
    "transaction" : "create api key",
    "sampleCount" : 5,
    "errorCount" : 0,
    "errorPct" : 0.0,
    "meanResTime" : 21.0,
    "medianResTime" : 16.0,
    "minResTime" : 15.0,
    "maxResTime" : 29.0,
    "pct1ResTime" : 29.0,
    "pct2ResTime" : 29.0,
    "pct3ResTime" : 29.0,
    "throughput" : 1.7099863201094392,
    "receivedKBytesPerSec" : 1.1345358455882353,
    "sentKBytesPerSec" : 0.48093365253077974
  }
}