{
  "zone activity" : {
    "transaction" : "zone activity",
    "sampleCount" : 5,
    "errorCount" : 0,
    "errorPct" : 0.0,
    "meanResTime" : 437.2,
    "medianResTime" : 437.0,
    "minResTime" : 418.0,
    "maxResTime" : 473.0,
    "pct1ResTime" : 473.0,
    "pct2ResTime" : 473.0,
    "pct3ResTime" : 473.0,
    "throughput" : 2.0721094073767095,
    "receivedKBytesPerSec" : 576.4741925248653,
    "sentKBytesPerSec" : 0.6758638106092002
  },
  "Total" : {
    "transaction" : "Total",
    "sampleCount" : 15,
    "errorCount" : 0,
    "errorPct" : 0.0,
    "meanResTime" : 366.5333333333333,
    "medianResTime" : 248.0,
    "minResTime" : 79.0,
    "maxResTime" : 1493.0,
    "pct1ResTime" : 956.0000000000003,
    "pct2ResTime" : 1493.0,
    "pct3ResTime" : 1493.0,
    "throughput" : 3.230669825543829,
    "receivedKBytesPerSec" : 301.15584784891234,
    "sentKBytesPerSec" : 0.9222973427740685
  },
  "login" : {
    "transaction" : "login",
    "sampleCount" : 5,
    "errorCount" : 0,
    "errorPct" : 0.0,
    "meanResTime" : 565.2,
    "medianResTime" : 248.0,
    "minResTime" : 240.0,
    "maxResTime" : 1493.0,
    "pct1ResTime" : 1493.0,
    "pct2ResTime" : 1493.0,
    "pct3ResTime" : 1493.0,
    "throughput" : 1.2077294685990339,
    "receivedKBytesPerSec" : 0.9458974939613527,
    "sentKBytesPerSec" : 0.3007529438405797
  },
  "create api key" : {
    "transaction" : "create api key",
    "sampleCount" : 5,
    "errorCount" : 0,
    "errorPct" : 0.0,
    "meanResTime" : 97.2,
    "medianResTime" : 83.0,
    "minResTime" : 79.0,
    "maxResTime" : 122.0,
    "pct1ResTime" : 122.0,
    "pct2ResTime" : 122.0,
    "pct3ResTime" : 122.0,
    "throughput" : 2.3540489642184554,
    "receivedKBytesPerSec" : 1.5623160899246704,
    "sentKBytesPerSec" : 0.6620762711864406
  }
}