{
  "zone activity" : {
    "transaction" : "zone activity",
    "sampleCount" : 5,
    "errorCount" : 0,
    "errorPct" : 0.0,
    "meanResTime" : 392.2,
    "medianResTime" : 396.0,
    "minResTime" : 385.0,
    "maxResTime" : 397.0,
    "pct1ResTime" : 397.0,
    "pct2ResTime" : 397.0,
    "pct3ResTime" : 397.0,
    "throughput" : 1.9004180919802356,
    "receivedKBytesPerSec" : 528.945743063474,
    "sentKBytesPerSec" : 0.619862932345116
  },
  "Total" : {
    "transaction" : "Total",
    "sampleCount" : 15,
    "errorCount" : 0,
    "errorPct" : 0.0,
    "meanResTime" : 317.0666666666667,
    "medianResTime" : 249.0,
    "minResTime" : 79.0,
    "maxResTime" : 1237.0,
    "pct1ResTime" : 733.0000000000002,
    "pct2ResTime" : 1237.0,
    "pct3ResTime" : 1237.0,
    "throughput" : 3.244646333549643,
    "receivedKBytesPerSec" : 302.59347792288554,
    "sentKBytesPerSec" : 0.9262873810296344
  },
  "login" : {
    "transaction" : "login",
    "sampleCount" : 5,
    "errorCount" : 0,
    "errorPct" : 0.0,
    "meanResTime" : 458.6,
    "medianResTime" : 249.0,
    "minResTime" : 233.0,
    "maxResTime" : 1237.0,
    "pct1ResTime" : 1237.0,
    "pct2ResTime" : 1237.0,
    "pct3ResTime" : 1237.0,
    "throughput" : 1.2071463061323031,
    "receivedKBytesPerSec" : 0.9454407592950265,
    "sentKBytesPerSec" : 0.30060772271849345
  },
  "create api key" : {
    "transaction" : "create api key",
    "sampleCount" : 5,
    "errorCount" : 0,
    "errorPct" : 0.0,
    "meanResTime" : 100.4,
    "medianResTime" : 82.0,
    "minResTime" : 79.0,
    "maxResTime" : 131.0,
    "pct1ResTime" : 131.0,
    "pct2ResTime" : 131.0,
    "pct3ResTime" : 131.0,
    "throughput" : 2.1026072329688814,
    "receivedKBytesPerSec" : 1.3950306192178301,
    "sentKBytesPerSec" : 0.5913582842724978
  }
}