{
  "zone activity" : {
    "transaction" : "zone activity",
    "sampleCount" : 5,
    "errorCount" : 0,
    "errorPct" : 0.0,
    "meanResTime" : 118.4,
    "medianResTime" : 97.0,
    "minResTime" : 93.0,
    "maxResTime" : 154.0,
    "pct1ResTime" : 154.0,
    "pct2ResTime" : 154.0,
    "pct3ResTime" : 154.0,
    "throughput" : 2.2603978300180834,
    "receivedKBytesPerSec" : 628.6969866071428,
    "sentKBytesPerSec" : 0.7372781984629294
  },
  "Total" : {
    "transaction" : "Total",
    "sampleCount" : 15,
    "errorCount" : 0,
    "errorPct" : 0.0,
    "meanResTime" : 148.9333333333333,
    "medianResTime" : 55.0,
    "minResTime" : 14.0,
    "maxResTime" : 1129.0,
    "pct1ResTime" : 596.8000000000003,
    "pct2ResTime" : 1129.0,
    "pct3ResTime" : 1129.0,
    "throughput" : 3.714710252600297,
    "receivedKBytesPerSec" : 346.18922966196135,
    "sentKBytesPerSec" : 1.0604820610450718
  },
  "login" : {
    "transaction" : "login",
    "sampleCount" : 5,
    "errorCount" : 0,
    "errorPct" : 0.0,
    "meanResTime" : 301.8,
    "medianResTime" : 55.0,
    "minResTime" : 41.0,
    "maxResTime" : 1129.0,
    "pct1ResTime" : 1129.0,
    "pct2ResTime" : 1129.0,
    "pct3ResTime" : 1129.0,
    "throughput" : 1.2729124236252547,
    "receivedKBytesPerSec" : 0.9969489880346233,
    "sentKBytesPerSec" : 0.31698502736761713
  },
  "create api key" : {
    "transaction" : "create api key",
    "sampleCount" : 5,
    "errorCount" : 0,
    "errorPct" : 0.0,
    "meanResTime" : 26.6,
    "medianResTime" : 18.0,
    "minResTime" : 14.0,
    "maxResTime" : 45.0,
    "pct1ResTime" : 45.0,
    "pct2ResTime" : 45.0,
    "pct3ResTime" : 45.0,
    "throughput" : 2.2999080036798527,
    "receivedKBytesPerSec" : 1.5263842571297148,
    "sentKBytesPerSec" : 0.6468491260349586
  }
}