{
  "zone activity" : {
    "transaction" : "zone activity",
    "sampleCount" : 10,
    "errorCount" : 10,
    "errorPct" : 100.0,
    "meanResTime" : 145.0,
    "medianResTime" : 144.0,
    "minResTime" : 140.0,
    "maxResTime" : 153.0,
    "pct1ResTime" : 152.7,
    "pct2ResTime" : 153.0,
    "pct3ResTime" : 153.0,
    "throughput" : 1.2966804979253113,
    "receivedKBytesPerSec" : 20.230495088822614,
    "sentKBytesPerSec" : 0.4216744197354772
  },
  "Total" : {
    "transaction" : "Total",
    "sampleCount" : 30,
    "errorCount" : 10,
    "errorPct" : 33.333332,
    "meanResTime" : 179.53333333333333,
    "medianResTime" : 144.0,
    "minResTime" : 74.0,
    "maxResTime" : 936.0,
    "pct1ResTime" : 252.70000000000005,
    "pct2ResTime" : 610.3999999999996,
    "pct3ResTime" : 936.0,
    "throughput" : 3.2109600770630418,
    "receivedKBytesPerSec" : 20.42126709167291,
    "sentKBytesPerSec" : 0.9166705688750937
  },
  "login" : {
    "transaction" : "login",
    "sampleCount" : 10,
    "errorCount" : 0,
    "errorPct" : 0.0,
    "meanResTime" : 311.40000000000003,
    "medianResTime" : 229.0,
    "minResTime" : 219.0,
    "maxResTime" : 936.0,
    "pct1ResTime" : 876.8000000000002,
    "pct2ResTime" : 936.0,
    "pct3ResTime" : 936.0,
    "throughput" : 1.0956502684343157,
    "receivedKBytesPerSec" : 1.9709935151199736,
    "sentKBytesPerSec" : 0.2739125671085789
  },
  "create api key" : {
    "transaction" : "create api key",
    "sampleCount" : 10,
    "errorCount" : 0,
    "errorPct" : 0.0,
    "meanResTime" : 82.2,
    "medianResTime" : 76.5,
    "minResTime" : 74.0,
    "maxResTime" : 107.0,
    "pct1ResTime" : 107.0,
    "pct2ResTime" : 107.0,
    "pct3ResTime" : 107.0,
    "throughput" : 1.2998830105290524,
    "receivedKBytesPerSec" : 2.182381710646042,
    "sentKBytesPerSec" : 0.365592096711296
  }
}