{
  "zone activity" : {
    "transaction" : "zone activity",
    "sampleCount" : 5,
    "errorCount" : 0,
    "errorPct" : 0.0,
    "meanResTime" : 314.2,
    "medianResTime" : 299.0,
    "minResTime" : 298.0,
    "maxResTime" : 351.0,
    "pct1ResTime" : 351.0,
    "pct2ResTime" : 351.0,
    "pct3ResTime" : 351.0,
    "throughput" : 1.7082336863682952,
    "receivedKBytesPerSec" : 475.24429076272634,
    "sentKBytesPerSec" : 0.5571777844209088
  },
  "Total" : {
    "transaction" : "Total",
    "sampleCount" : 15,
    "errorCount" : 0,
    "errorPct" : 0.0,
    "meanResTime" : 231.53333333333333,
    "medianResTime" : 172.0,
    "minResTime" : 57.0,
    "maxResTime" : 901.0,
    "pct1ResTime" : 571.0000000000002,
    "pct2ResTime" : 901.0,
    "pct3ResTime" : 901.0,
    "throughput" : 3.3768572714993246,
    "receivedKBytesPerSec" : 314.78465499774876,
    "sentKBytesPerSec" : 0.9640311937190454
  },
  "login" : {
    "transaction" : "login",
    "sampleCount" : 5,
    "errorCount" : 0,
    "errorPct" : 0.0,
    "meanResTime" : 316.0,
    "medianResTime" : 172.0,
    "minResTime" : 162.0,
    "maxResTime" : 901.0,
    "pct1ResTime" : 901.0,
    "pct2ResTime" : 901.0,
    "pct3ResTime" : 901.0,
    "throughput" : 1.2242899118511263,
    "receivedKBytesPerSec" : 0.9588676848677767,
    "sentKBytesPerSec" : 0.3048768823457395
  },
  "create api key" : {
    "transaction" : "create api key",
    "sampleCount" : 5,
    "errorCount" : 0,
    "errorPct" : 0.0,
    "meanResTime" : 64.4,
    "medianResTime" : 57.0,
    "minResTime" : 57.0,
    "maxResTime" : 84.0,
    "pct1ResTime" : 84.0,
    "pct2ResTime" : 84.0,
    "pct3ResTime" : 84.0,
    "throughput" : 1.8456995201181248,
    "receivedKBytesPerSec" : 1.224578373015873,
    "sentKBytesPerSec" : 0.5191029900332226
  }
}