{
  "zone activity" : {
    "transaction" : "zone activity",
    "sampleCount" : 5,
    "errorCount" : 0,
    "errorPct" : 0.0,
    "meanResTime" : 182.8,
    "medianResTime" : 197.0,
    "minResTime" : 153.0,
    "maxResTime" : 205.0,
    "pct1ResTime" : 205.0,
    "pct2ResTime" : 205.0,
    "pct3ResTime" : 205.0,
    "throughput" : 3.486750348675035,
    "receivedKBytesPerSec" : 969.8511865847281,
    "sentKBytesPerSec" : 1.1372798988842399
  },
  "Total" : {
    "transaction" : "Total",
    "sampleCount" : 15,
    "errorCount" : 0,
    "errorPct" : 0.0,
    "meanResTime" : 299.20000000000005,
    "medianResTime" : 103.0,
    "minResTime" : 32.0,
    "maxResTime" : 1975.0,
    "pct1ResTime" : 1424.8000000000004,
    "pct2ResTime" : 1975.0,
    "pct3ResTime" : 1975.0,
    "throughput" : 3.5773908895778677,
    "receivedKBytesPerSec" : 333.4135296178154,
    "sentKBytesPerSec" : 1.0212798861197234
  },
  "login" : {
    "transaction" : "login",
    "sampleCount" : 5,
    "errorCount" : 0,
    "errorPct" : 0.0,
    "meanResTime" : 665.6,
    "medianResTime" : 103.0,
    "minResTime" : 94.0,
    "maxResTime" : 1975.0,
    "pct1ResTime" : 1975.0,
    "pct2ResTime" : 1975.0,
    "pct3ResTime" : 1975.0,
    "throughput" : 1.2484394506866416,
    "receivedKBytesPerSec" : 0.9777816791510612,
    "sentKBytesPerSec" : 0.3108906835205993
  },
  "create api key" : {
    "transaction" : "create api key",
    "sampleCount" : 5,
    "errorCount" : 0,
    "errorPct" : 0.0,
    "meanResTime" : 49.2,
    "medianResTime" : 57.0,
    "minResTime" : 32.0,
    "maxResTime" : 62.0,
    "pct1ResTime" : 62.0,
    "pct2ResTime" : 62.0,
    "pct3ResTime" : 62.0,
    "throughput" : 3.695491500369549,
    "receivedKBytesPerSec" : 2.454037324464154,
    "sentKBytesPerSec" : 1.0393569844789357
  }
}