{
  "zone activity" : {
    "transaction" : "zone activity",
    "sampleCount" : 5,
    "errorCount" : 3,
    "errorPct" : 60.0,
    "meanResTime" : 2924.0,
    "medianResTime" : 3355.0,
    "minResTime" : 1754.0,
    "maxResTime" : 3388.0,
    "pct1ResTime" : 3388.0,
    "pct2ResTime" : 3388.0,
    "pct3ResTime" : 3388.0,
    "throughput" : 1.475361463558572,
    "receivedKBytesPerSec" : 410.4251000479493,
    "sentKBytesPerSec" : 0.4812214148716436
  },
  "Total" : {
    "transaction" : "Total",
    "sampleCount" : 15,
    "errorCount" : 3,
    "errorPct" : 20.0,
    "meanResTime" : 1150.3333333333335,
    "medianResTime" : 74.0,
    "minResTime" : 18.0,
    "maxResTime" : 3388.0,
    "pct1ResTime" : 3385.0,
    "pct2ResTime" : 3388.0,
    "pct3ResTime" : 3388.0,
    "throughput" : 2.621002970470033,
    "receivedKBytesPerSec" : 244.30648534422505,
    "sentKBytesPerSec" : 0.748248569369212
  },
  "login" : {
    "transaction" : "login",
    "sampleCount" : 5,
    "errorCount" : 0,
    "errorPct" : 0.0,
    "meanResTime" : 485.8,
    "medianResTime" : 74.0,
    "minResTime" : 64.0,
    "maxResTime" : 1550.0,
    "pct1ResTime" : 1550.0,
    "pct2ResTime" : 1550.0,
    "pct3ResTime" : 1550.0,
    "throughput" : 1.2664640324214793,
    "receivedKBytesPerSec" : 0.9918985878926039,
    "sentKBytesPerSec" : 0.3153792268237082
  },
  "create api key" : {
    "transaction" : "create api key",
    "sampleCount" : 5,
    "errorCount" : 0,
    "errorPct" : 0.0,
    "meanResTime" : 41.2,
    "medianResTime" : 52.0,
    "minResTime" : 18.0,
    "maxResTime" : 59.0,
    "pct1ResTime" : 59.0,
    "pct2ResTime" : 59.0,
    "pct3ResTime" : 59.0,
    "throughput" : 2.9394473838918285,
    "receivedKBytesPerSec" : 1.9514026675485008,
    "sentKBytesPerSec" : 0.8267195767195766
  }
}