{
  "zone activity" : {
    "transaction" : "zone activity",
    "sampleCount" : 5,
    "errorCount" : 0,
    "errorPct" : 0.0,
    "meanResTime" : 791.2,
    "medianResTime" : 598.0,
    "minResTime" : 88.0,
    "maxResTime" : 1590.0,
    "pct1ResTime" : 1590.0,
    "pct2ResTime" : 1590.0,
    "pct3ResTime" : 1590.0,
    "throughput" : 1.6212710765239948,
    "receivedKBytesPerSec" : 451.04711312418937,
    "sentKBytesPerSec" : 0.5288130269130998
  },
  "Total" : {
    "transaction" : "Total",
    "sampleCount" : 15,
    "errorCount" : 0,
    "errorPct" : 0.0,
    "meanResTime" : 311.73333333333335,
    "medianResTime" : 52.0,
    "minResTime" : 15.0,
    "maxResTime" : 1590.0,
    "pct1ResTime" : 1589.4,
    "pct2ResTime" : 1590.0,
    "pct3ResTime" : 1590.0,
    "throughput" : 3.6701737215561536,
    "receivedKBytesPerSec" : 342.12494456508443,
    "sentKBytesPerSec" : 1.047767693295816
  },
  "login" : {
    "transaction" : "login",
    "sampleCount" : 5,
    "errorCount" : 0,
    "errorPct" : 0.0,
    "meanResTime" : 121.0,
    "medianResTime" : 50.0,
    "minResTime" : 41.0,
    "maxResTime" : 413.0,
    "pct1ResTime" : 413.0,
    "pct2ResTime" : 413.0,
    "pct3ResTime" : 413.0,
    "throughput" : 1.2559658377292138,
    "receivedKBytesPerSec" : 0.9836763690027631,
    "sentKBytesPerSec" : 0.312764930293896
  },
  "create api key" : {
    "transaction" : "create api key",
    "sampleCount" : 5,
    "errorCount" : 0,
    "errorPct" : 0.0,
    "meanResTime" : 23.0,
    "medianResTime" : 16.0,
    "minResTime" : 15.0,
    "maxResTime" : 53.0,
    "pct1ResTime" : 53.0,
    "pct2ResTime" : 53.0,
    "pct3ResTime" : 53.0,
    "throughput" : 1.633453119895459,
    "receivedKBytesPerSec" : 1.0843959286180986,
    "sentKBytesPerSec" : 0.45940868997059786
  }
}