{
  "zone activity" : {
    "transaction" : "zone activity",
    "sampleCount" : 5,
    "errorCount" : 0,
    "errorPct" : 0.0,
    "meanResTime" : 227.8,
    "medianResTime" : 179.0,
    "minResTime" : 161.0,
    "maxResTime" : 319.0,
    "pct1ResTime" : 319.0,
    "pct2ResTime" : 319.0,
    "pct3ResTime" : 319.0,
    "throughput" : 1.6202203499675956,
    "receivedKBytesPerSec" : 450.77093375324046,
    "sentKBytesPerSec" : 0.5284703094620868
  },
  "Total" : {
    "transaction" : "Total",
    "sampleCount" : 15,
    "errorCount" : 0,
    "errorPct" : 0.0,
    "meanResTime" : 149.53333333333333,
    "medianResTime" : 96.0,
    "minResTime" : 31.0,
    "maxResTime" : 526.0,
    "pct1ResTime" : 401.80000000000007,
    "pct2ResTime" : 526.0,
    "pct3ResTime" : 526.0,
    "throughput" : 3.557874762808349,
    "receivedKBytesPerSec" : 331.66805028462994,
    "sentKBytesPerSec" : 1.0157083876897532
  },
  "login" : {
    "transaction" : "login",
    "sampleCount" : 5,
    "errorCount" : 0,
    "errorPct" : 0.0,
    "meanResTime" : 182.6,
    "medianResTime" : 96.0,
    "minResTime" : 91.0,
    "maxResTime" : 526.0,
    "pct1ResTime" : 526.0,
    "pct2ResTime" : 526.0,
    "pct3ResTime" : 526.0,
    "throughput" : 1.2431626056688214,
    "receivedKBytesPerSec" : 0.9736488376429636,
    "sentKBytesPerSec" : 0.3095766254351069
  },
  "create api key" : {
    "transaction" : "create api key",
    "sampleCount" : 5,
    "errorCount" : 0,
    "errorPct" : 0.0,
    "meanResTime" : 38.2,
    "medianResTime" : 33.0,
    "minResTime" : 31.0,
    "maxResTime" : 49.0,
    "pct1ResTime" : 49.0,
    "pct2ResTime" : 49.0,
    "pct3ResTime" : 49.0,
    "throughput" : 1.6750418760469012,
    "receivedKBytesPerSec" : 1.1113510259631492,
    "sentKBytesPerSec" : 0.47110552763819097
  }
}