{
  "zone activity" : {
    "transaction" : "zone activity",
    "sampleCount" : 5,
    "errorCount" : 0,
    "errorPct" : 0.0,
    "meanResTime" : 428.4,
    "medianResTime" : 419.0,
    "minResTime" : 405.0,
    "maxResTime" : 452.0,
    "pct1ResTime" : 452.0,
    "pct2ResTime" : 452.0,
    "pct3ResTime" : 452.0,
    "throughput" : 1.8195050946142648,
    "receivedKBytesPerSec" : 506.1465156477438,
    "sentKBytesPerSec" : 0.5934713882823871
  },
  "Total" : {
    "transaction" : "Total",
    "sampleCount" : 15,
    "errorCount" : 0,
    "errorPct" : 0.0,
    "meanResTime" : 320.53333333333336,
    "medianResTime" : 250.0,
    "minResTime" : 81.0,
    "maxResTime" : 1199.0,
    "pct1ResTime" : 750.8000000000002,
    "pct2ResTime" : 1199.0,
    "pct3ResTime" : 1199.0,
    "throughput" : 3.2147449635662237,
    "receivedKBytesPerSec" : 299.64081085244317,
    "sentKBytesPerSec" : 0.9177510849764251
  },
  "login" : {
    "transaction" : "login",
    "sampleCount" : 5,
    "errorCount" : 0,
    "errorPct" : 0.0,
    "meanResTime" : 445.0,
    "medianResTime" : 250.0,
    "minResTime" : 242.0,
    "maxResTime" : 1199.0,
    "pct1ResTime" : 1199.0,
    "pct2ResTime" : 1199.0,
    "pct3ResTime" : 1199.0,
    "throughput" : 1.2030798845043311,
    "receivedKBytesPerSec" : 0.9422559251684313,
    "sentKBytesPerSec" : 0.29959508842637156
  },
  "create api key" : {
    "transaction" : "create api key",
    "sampleCount" : 5,
    "errorCount" : 0,
    "errorPct" : 0.0,
    "meanResTime" : 88.2,
    "medianResTime" : 84.0,
    "minResTime" : 81.0,
    "maxResTime" : 99.0,
    "pct1ResTime" : 99.0,
    "pct2ResTime" : 99.0,
    "pct3ResTime" : 99.0,
    "throughput" : 2.0475020475020473,
    "receivedKBytesPerSec" : 1.3584696201883701,
    "sentKBytesPerSec" : 0.5758599508599508
  }
}