{
  "zone activity" : {
    "transaction" : "zone activity",
    "sampleCount" : 5,
    "errorCount" : 0,
    "errorPct" : 0.0,
    "meanResTime" : 68.2,
    "medianResTime" : 60.0,
    "minResTime" : 55.0,
    "maxResTime" : 88.0,
    "pct1ResTime" : 88.0,
    "pct2ResTime" : 88.0,
    "pct3ResTime" : 88.0,
    "throughput" : 2.008032128514056,
    "receivedKBytesPerSec" : 558.8918172690762,
    "sentKBytesPerSec" : 0.6549636044176707
  },
  "Total" : {
    "transaction" : "Total",
    "sampleCount" : 15,
    "errorCount" : 0,
    "errorPct" : 0.0,
    "meanResTime" : 100.93333333333331,
    "medianResTime" : 38.0,
    "minResTime" : 13.0,
    "maxResTime" : 906.0,
    "pct1ResTime" : 415.2000000000003,
    "pct2ResTime" : 906.0,
    "pct3ResTime" : 906.0,
    "throughput" : 3.7313432835820897,
    "receivedKBytesPerSec" : 347.978612795398,
    "sentKBytesPerSec" : 1.0652304881840797
  },
  "login" : {
    "transaction" : "login",
    "sampleCount" : 5,
    "errorCount" : 0,
    "errorPct" : 0.0,
    "meanResTime" : 214.2,
    "medianResTime" : 38.0,
    "minResTime" : 35.0,
    "maxResTime" : 906.0,
    "pct1ResTime" : 906.0,
    "pct2ResTime" : 906.0,
    "pct3ResTime" : 906.0,
    "throughput" : 1.2674271229404308,
    "receivedKBytesPerSec" : 0.9926528833967048,
    "sentKBytesPerSec" : 0.31561905893536124
  },
  "create api key" : {
    "transaction" : "create api key",
    "sampleCount" : 5,
    "errorCount" : 0,
    "errorPct" : 0.0,
    "meanResTime" : 20.4,
    "medianResTime" : 13.0,
    "minResTime" : 13.0,
    "maxResTime" : 32.0,
    "pct1ResTime" : 32.0,
    "pct2ResTime" : 32.0,
    "pct3ResTime" : 32.0,
    "throughput" : 2.0185708518368997,
    "receivedKBytesPerSec" : 1.339274449939443,
    "sentKBytesPerSec" : 0.567723052079128
  }
}