{
  "zone activity" : {
    "transaction" : "zone activity",
    "sampleCount" : 5,
    "errorCount" : 0,
    "errorPct" : 0.0,
    "meanResTime" : 429.8,
    "medianResTime" : 449.0,
    "minResTime" : 390.0,
    "maxResTime" : 461.0,
    "pct1ResTime" : 461.0,
    "pct2ResTime" : 461.0,
    "pct3ResTime" : 461.0,
    "throughput" : 2.5601638504864312,
    "receivedKBytesPerSec" : 712.2815860215054,
    "sentKBytesPerSec" : 0.8350534434203789
  },
  "Total" : {
    "transaction" : "Total",
    "sampleCount" : 15,
    "errorCount" : 0,
    "errorPct" : 0.0,
    "meanResTime" : 413.2666666666667,
    "medianResTime" : 243.0,
    "minResTime" : 78.0,
    "maxResTime" : 1806.0,
    "pct1ResTime" : 1291.8000000000002,
    "pct2ResTime" : 1806.0,
    "pct3ResTime" : 1806.0,
    "throughput" : 3.2851511169513796,
    "receivedKBytesPerSec" : 306.24623576434516,
    "sentKBytesPerSec" : 0.9378507583223828
  },
  "login" : {
    "transaction" : "login",
    "sampleCount" : 5,
    "errorCount" : 0,
    "errorPct" : 0.0,
    "meanResTime" : 694.4,
    "medianResTime" : 243.0,
    "minResTime" : 235.0,
    "maxResTime" : 1806.0,
    "pct1ResTime" : 1806.0,
    "pct2ResTime" : 1806.0,
    "pct3ResTime" : 1806.0,
    "throughput" : 1.2218963831867058,
    "receivedKBytesPerSec" : 0.9569930657380255,
    "sentKBytesPerSec" : 0.3042808376099707
  },
  "create api key" : {
    "transaction" : "create api key",
    "sampleCount" : 5,
    "errorCount" : 0,
    "errorPct" : 0.0,
    "meanResTime" : 115.6,
    "medianResTime" : 140.0,
    "minResTime" : 78.0,
    "maxResTime" : 141.0,
    "pct1ResTime" : 141.0,
    "pct2ResTime" : 141.0,
    "pct3ResTime" : 141.0,
    "throughput" : 2.9171528588098017,
    "receivedKBytesPerSec" : 1.9360323074679113,
    "sentKBytesPerSec" : 0.8204492415402568
  }
}