{
  "zone activity" : {
    "transaction" : "zone activity",
    "sampleCount" : 5,
    "errorCount" : 0,
    "errorPct" : 0.0,
    "meanResTime" : 179.6,
    "medianResTime" : 94.0,
    "minResTime" : 91.0,
    "maxResTime" : 314.0,
    "pct1ResTime" : 314.0,
    "pct2ResTime" : 314.0,
    "pct3ResTime" : 314.0,
    "throughput" : 1.9623233908948192,
    "receivedKBytesPerSec" : 545.937530661303,
    "sentKBytesPerSec" : 0.6400546997645212
  },
  "Total" : {
    "transaction" : "Total",
    "sampleCount" : 15,
    "errorCount" : 0,
    "errorPct" : 0.0,
    "meanResTime" : 139.93333333333337,
    "medianResTime" : 54.0,
    "minResTime" : 15.0,
    "maxResTime" : 864.0,
    "pct1ResTime" : 534.0000000000002,
    "pct2ResTime" : 864.0,
    "pct3ResTime" : 864.0,
    "throughput" : 3.681885125184094,
    "receivedKBytesPerSec" : 343.2209687193176,
    "sentKBytesPerSec" : 1.0511110855424644
  },
  "login" : {
    "transaction" : "login",
    "sampleCount" : 5,
    "errorCount" : 0,
    "errorPct" : 0.0,
    "meanResTime" : 215.6,
    "medianResTime" : 54.0,
    "minResTime" : 50.0,
    "maxResTime" : 864.0,
    "pct1ResTime" : 864.0,
    "pct2ResTime" : 864.0,
    "pct3ResTime" : 864.0,
    "throughput" : 1.2623074981065388,
    "receivedKBytesPerSec" : 0.9886431772279728,
    "sentKBytesPerSec" : 0.31434415236051505
  },
  "create api key" : {
    "transaction" : "create api key",
    "sampleCount" : 5,
    "errorCount" : 0,
    "errorPct" : 0.0,
    "meanResTime" : 24.6,
    "medianResTime" : 18.0,
    "minResTime" : 15.0,
    "maxResTime" : 37.0,
    "pct1ResTime" : 37.0,
    "pct2ResTime" : 37.0,
    "pct3ResTime" : 37.0,
    "throughput" : 1.9952114924181963,
    "receivedKBytesPerSec" : 1.3237760624501198,
    "sentKBytesPerSec" : 0.5611532322426178
  }
}