{
  "zone activity" : {
    "transaction" : "zone activity",
    "sampleCount" : 5,
    "errorCount" : 0,
    "errorPct" : 0.0,
    "meanResTime" : 555.8,
    "medianResTime" : 646.0,
    "minResTime" : 211.0,
    "maxResTime" : 846.0,
    "pct1ResTime" : 846.0,
    "pct2ResTime" : 846.0,
    "pct3ResTime" : 846.0,
    "throughput" : 2.077274615704196,
    "receivedKBytesPerSec" : 577.9533814135854,
    "sentKBytesPerSec" : 0.6775485562941421
  },
  "Total" : {
    "transaction" : "Total",
    "sampleCount" : 15,
    "errorCount" : 0,
    "errorPct" : 0.0,
    "meanResTime" : 331.4,
    "medianResTime" : 141.0,
    "minResTime" : 42.0,
    "maxResTime" : 1205.0,
    "pct1ResTime" : 989.6000000000001,
    "pct2ResTime" : 1205.0,
    "pct3ResTime" : 1205.0,
    "throughput" : 3.4965034965034967,
    "receivedKBytesPerSec" : 325.9604002768065,
    "sentKBytesPerSec" : 0.9981880099067599
  },
  "login" : {
    "transaction" : "login",
    "sampleCount" : 5,
    "errorCount" : 0,
    "errorPct" : 0.0,
    "meanResTime" : 381.0,
    "medianResTime" : 141.0,
    "minResTime" : 125.0,
    "maxResTime" : 1205.0,
    "pct1ResTime" : 1205.0,
    "pct2ResTime" : 1205.0,
    "pct3ResTime" : 1205.0,
    "throughput" : 1.2391573729863692,
    "receivedKBytesPerSec" : 0.970511926889715,
    "sentKBytesPerSec" : 0.3085792286245353
  },
  "create api key" : {
    "transaction" : "create api key",
    "sampleCount" : 5,
    "errorCount" : 0,
    "errorPct" : 0.0,
    "meanResTime" : 57.4,
    "medianResTime" : 51.0,
    "minResTime" : 42.0,
    "maxResTime" : 73.0,
    "pct1ResTime" : 73.0,
    "pct2ResTime" : 73.0,
    "pct3ResTime" : 73.0,
    "throughput" : 2.1910604732690624,
    "receivedKBytesPerSec" : 1.4550010955302366,
    "sentKBytesPerSec" : 0.6162357581069238
  }
}