{
  "zone activity" : {
    "transaction" : "zone activity",
    "sampleCount" : 10,
    "errorCount" : 0,
    "errorPct" : 0.0,
    "meanResTime" : 116.5,
    "medianResTime" : 115.5,
    "minResTime" : 114.0,
    "maxResTime" : 122.0,
    "pct1ResTime" : 121.7,
    "pct2ResTime" : 122.0,
    "pct3ResTime" : 122.0,
    "throughput" : 1.3655605626109517,
    "receivedKBytesPerSec" : 21.304878465109926,
    "sentKBytesPerSec" : 0.44407389389594426
  },
  "Total" : {
    "transaction" : "Total",
    "sampleCount" : 30,
    "errorCount" : 0,
    "errorPct" : 0.0,
    "meanResTime" : 163.93333333333334,
    "medianResTime" : 115.5,
    "minResTime" : 61.0,
    "maxResTime" : 1273.0,
    "pct1ResTime" : 191.70000000000002,
    "pct2ResTime" : 769.7499999999993,
    "pct3ResTime" : 1273.0,
    "throughput" : 3.234501347708895,
    "receivedKBytesPerSec" : 20.570670485175203,
    "sentKBytesPerSec" : 0.9233911725067385
  },
  "login" : {
    "transaction" : "login",
    "sampleCount" : 10,
    "errorCount" : 0,
    "errorPct" : 0.0,
    "meanResTime" : 310.3,
    "medianResTime" : 186.0,
    "minResTime" : 177.0,
    "maxResTime" : 1273.0,
    "pct1ResTime" : 1181.5000000000005,
    "pct2ResTime" : 1273.0,
    "pct3ResTime" : 1273.0,
    "throughput" : 1.0991426687183996,
    "receivedKBytesPerSec" : 1.9771687458782148,
    "sentKBytesPerSec" : 0.2747856671795999
  },
  "create api key" : {
    "transaction" : "create api key",
    "sampleCount" : 10,
    "errorCount" : 0,
    "errorPct" : 0.0,
    "meanResTime" : 65.0,
    "medianResTime" : 61.0,
    "minResTime" : 61.0,
    "maxResTime" : 80.0,
    "pct1ResTime" : 79.7,
    "pct2ResTime" : 80.0,
    "pct3ResTime" : 80.0,
    "throughput" : 1.3693002875530602,
    "receivedKBytesPerSec" : 2.2989268108996304,
    "sentKBytesPerSec" : 0.3851157058742982
  }
}