{
  "zone activity" : {
    "transaction" : "zone activity",
    "sampleCount" : 5,
    "errorCount" : 0,
    "errorPct" : 0.0,
    "meanResTime" : 1889.2,
    "medianResTime" : 1897.0,
    "minResTime" : 1848.0,
    "maxResTime" : 1922.0,
    "pct1ResTime" : 1922.0,
    "pct2ResTime" : 1922.0,
    "pct3ResTime" : 1922.0,
    "throughput" : 2.5853154084798344,
    "receivedKBytesPerSec" : 719.3367454110652,
    "sentKBytesPerSec" : 0.8432571742502586
  },
  "Total" : {
    "transaction" : "Total",
    "sampleCount" : 15,
    "errorCount" : 0,
    "errorPct" : 0.0,
    "meanResTime" : 1700.3333333333335,
    "medianResTime" : 1879.0,
    "minResTime" : 106.0,
    "maxResTime" : 5022.0,
    "pct1ResTime" : 4474.8,
    "pct2ResTime" : 5022.0,
    "pct3ResTime" : 5022.0,
    "throughput" : 1.9618100967826315,
    "receivedKBytesPerSec" : 182.89740959325138,
    "sentKBytesPerSec" : 0.5600610204682187
  },
  "login" : {
    "transaction" : "login",
    "sampleCount" : 5,
    "errorCount" : 0,
    "errorPct" : 0.0,
    "meanResTime" : 3092.8,
    "medianResTime" : 3111.0,
    "minResTime" : 1110.0,
    "maxResTime" : 5022.0,
    "pct1ResTime" : 5022.0,
    "pct2ResTime" : 5022.0,
    "pct3ResTime" : 5022.0,
    "throughput" : 0.9956192751891676,
    "receivedKBytesPerSec" : 0.779772127638391,
    "sentKBytesPerSec" : 0.24793253434886497
  },
  "create api key" : {
    "transaction" : "create api key",
    "sampleCount" : 5,
    "errorCount" : 0,
    "errorPct" : 0.0,
    "meanResTime" : 119.0,
    "medianResTime" : 123.0,
    "minResTime" : 106.0,
    "maxResTime" : 131.0,
    "pct1ResTime" : 131.0,
    "pct2ResTime" : 131.0,
    "pct3ResTime" : 131.0,
    "throughput" : 38.16793893129771,
    "receivedKBytesPerSec" : 25.345896946564885,
    "sentKBytesPerSec" : 10.73473282442748
  }
}