{
  "zone activity" : {
    "transaction" : "zone activity",
    "sampleCount" : 5,
    "errorCount" : 0,
    "errorPct" : 0.0,
    "meanResTime" : 1359.8,
    "medianResTime" : 1715.0,
    "minResTime" : 385.0,
    "maxResTime" : 1995.0,
    "pct1ResTime" : 1995.0,
    "pct2ResTime" : 1995.0,
    "pct3ResTime" : 1995.0,
    "throughput" : 1.8910741301059002,
    "receivedKBytesPerSec" : 526.0251690147503,
    "sentKBytesPerSec" : 0.6168151947806354
  },
  "Total" : {
    "transaction" : "Total",
    "sampleCount" : 15,
    "errorCount" : 0,
    "errorPct" : 0.0,
    "meanResTime" : 637.8000000000001,
    "medianResTime" : 235.0,
    "minResTime" : 77.0,
    "maxResTime" : 1995.0,
    "pct1ResTime" : 1989.0,
    "pct2ResTime" : 1995.0,
    "pct3ResTime" : 1995.0,
    "throughput" : 3.264417845484222,
    "receivedKBytesPerSec" : 304.25394450489665,
    "sentKBytesPerSec" : 0.9319317872687705
  },
  "login" : {
    "transaction" : "login",
    "sampleCount" : 5,
    "errorCount" : 0,
    "errorPct" : 0.0,
    "meanResTime" : 461.6,
    "medianResTime" : 235.0,
    "minResTime" : 228.0,
    "maxResTime" : 1258.0,
    "pct1ResTime" : 1258.0,
    "pct2ResTime" : 1258.0,
    "pct3ResTime" : 1258.0,
    "throughput" : 1.2106537530266344,
    "receivedKBytesPerSec" : 0.9481878026634383,
    "sentKBytesPerSec" : 0.3014811592009685
  },
  "create api key" : {
    "transaction" : "create api key",
    "sampleCount" : 5,
    "errorCount" : 0,
    "errorPct" : 0.0,
    "meanResTime" : 92.0,
    "medianResTime" : 87.0,
    "minResTime" : 77.0,
    "maxResTime" : 109.0,
    "pct1ResTime" : 109.0,
    "pct2ResTime" : 109.0,
    "pct3ResTime" : 109.0,
    "throughput" : 2.100840336134454,
    "receivedKBytesPerSec" : 1.3950892857142858,
    "sentKBytesPerSec" : 0.5908613445378151
  }
}