{
  "zone activity" : {
    "transaction" : "zone activity",
    "sampleCount" : 5,
    "errorCount" : 0,
    "errorPct" : 0.0,
    "meanResTime" : 793.2,
    "medianResTime" : 917.0,
    "minResTime" : 363.0,
    "maxResTime" : 1168.0,
    "pct1ResTime" : 1168.0,
    "pct2ResTime" : 1168.0,
    "pct3ResTime" : 1168.0,
    "throughput" : 1.9447685725398676,
    "receivedKBytesPerSec" : 541.0661434023726,
    "sentKBytesPerSec" : 0.6343288117464021
  },
  "Total" : {
    "transaction" : "Total",
    "sampleCount" : 15,
    "errorCount" : 0,
    "errorPct" : 0.0,
    "meanResTime" : 453.7333333333333,
    "medianResTime" : 242.0,
    "minResTime" : 73.0,
    "maxResTime" : 1314.0,
    "pct1ResTime" : 1226.4,
    "pct2ResTime" : 1314.0,
    "pct3ResTime" : 1314.0,
    "throughput" : 3.287310979618672,
    "receivedKBytesPerSec" : 306.4462969811528,
    "sentKBytesPerSec" : 0.9384673597413983
  },
  "login" : {
    "transaction" : "login",
    "sampleCount" : 5,
    "errorCount" : 0,
    "errorPct" : 0.0,
    "meanResTime" : 482.6,
    "medianResTime" : 242.0,
    "minResTime" : 218.0,
    "maxResTime" : 1314.0,
    "pct1ResTime" : 1314.0,
    "pct2ResTime" : 1314.0,
    "pct3ResTime" : 1314.0,
    "throughput" : 1.2124151309408342,
    "receivedKBytesPerSec" : 0.9495673193501456,
    "sentKBytesPerSec" : 0.30191978358389915
  },
  "create api key" : {
    "transaction" : "create api key",
    "sampleCount" : 5,
    "errorCount" : 0,
    "errorPct" : 0.0,
    "meanResTime" : 85.4,
    "medianResTime" : 77.0,
    "minResTime" : 73.0,
    "maxResTime" : 102.0,
    "pct1ResTime" : 102.0,
    "pct2ResTime" : 102.0,
    "pct3ResTime" : 102.0,
    "throughput" : 2.1533161068044793,
    "receivedKBytesPerSec" : 1.4286747685185184,
    "sentKBytesPerSec" : 0.6056201550387597
  }
}