{
  "zone activity" : {
    "transaction" : "zone activity",
    "sampleCount" : 5,
    "errorCount" : 0,
    "errorPct" : 0.0,
    "meanResTime" : 411.8,
    "medianResTime" : 412.0,
    "minResTime" : 391.0,
    "maxResTime" : 451.0,
    "pct1ResTime" : 451.0,
    "pct2ResTime" : 451.0,
    "pct3ResTime" : 451.0,
    "throughput" : 1.8011527377521612,
    "receivedKBytesPerSec" : 501.0961702989914,
    "sentKBytesPerSec" : 0.5874853656340058
  },
  "Total" : {
    "transaction" : "Total",
    "sampleCount" : 15,
    "errorCount" : 0,
    "errorPct" : 0.0,
    "meanResTime" : 306.9333333333333,
    "medianResTime" : 244.0,
    "minResTime" : 77.0,
    "maxResTime" : 1138.0,
    "pct1ResTime" : 725.8000000000002,
    "pct2ResTime" : 1138.0,
    "pct3ResTime" : 1138.0,
    "throughput" : 3.2537960954446854,
    "receivedKBytesPerSec" : 303.31395742950104,
    "sentKBytesPerSec" : 0.9288994712581344
  },
  "login" : {
    "transaction" : "login",
    "sampleCount" : 5,
    "errorCount" : 0,
    "errorPct" : 0.0,
    "meanResTime" : 421.2,
    "medianResTime" : 244.0,
    "minResTime" : 231.0,
    "maxResTime" : 1138.0,
    "pct1ResTime" : 1138.0,
    "pct2ResTime" : 1138.0,
    "pct3ResTime" : 1138.0,
    "throughput" : 1.208313194780087,
    "receivedKBytesPerSec" : 0.9463546701304979,
    "sentKBytesPerSec" : 0.30089830534074435
  },
  "create api key" : {
    "transaction" : "create api key",
    "sampleCount" : 5,
    "errorCount" : 0,
    "errorPct" : 0.0,
    "meanResTime" : 87.8,
    "medianResTime" : 85.0,
    "minResTime" : 77.0,
    "maxResTime" : 105.0,
    "pct1ResTime" : 105.0,
    "pct2ResTime" : 105.0,
    "pct3ResTime" : 105.0,
    "throughput" : 2.002402883460152,
    "receivedKBytesPerSec" : 1.3289384761714058,
    "sentKBytesPerSec" : 0.5631758109731678
  }
}