{
  "zone activity" : {
    "transaction" : "zone activity",
    "sampleCount" : 5,
    "errorCount" : 0,
    "errorPct" : 0.0,
    "meanResTime" : 467.2,
    "medianResTime" : 466.0,
    "minResTime" : 421.0,
    "maxResTime" : 541.0,
    "pct1ResTime" : 541.0,
    "pct2ResTime" : 541.0,
    "pct3ResTime" : 541.0,
    "throughput" : 2.28310502283105,
    "receivedKBytesPerSec" : 635.2218000856165,
    "sentKBytesPerSec" : 0.7446846461187214
  },
  "Total" : {
    "transaction" : "Total",
    "sampleCount" : 15,
    "errorCount" : 0,
    "errorPct" : 0.0,
    "meanResTime" : 405.33333333333337,
    "medianResTime" : 254.0,
    "minResTime" : 82.0,
    "maxResTime" : 1728.0,
    "pct1ResTime" : 1191.6000000000004,
    "pct2ResTime" : 1728.0,
    "pct3ResTime" : 1728.0,
    "throughput" : 3.22234156820623,
    "receivedKBytesPerSec" : 300.4017437567132,
    "sentKBytesPerSec" : 0.9199197771213748
  },
  "login" : {
    "transaction" : "login",
    "sampleCount" : 5,
    "errorCount" : 0,
    "errorPct" : 0.0,
    "meanResTime" : 661.8,
    "medianResTime" : 254.0,
    "minResTime" : 246.0,
    "maxResTime" : 1728.0,
    "pct1ResTime" : 1728.0,
    "pct2ResTime" : 1728.0,
    "pct3ResTime" : 1728.0,
    "throughput" : 1.2054001928640308,
    "receivedKBytesPerSec" : 0.9440731979267117,
    "sentKBytesPerSec" : 0.30017289959016397
  },
  "create api key" : {
    "transaction" : "create api key",
    "sampleCount" : 5,
    "errorCount" : 0,
    "errorPct" : 0.0,
    "meanResTime" : 87.0,
    "medianResTime" : 85.0,
    "minResTime" : 82.0,
    "maxResTime" : 94.0,
    "pct1ResTime" : 94.0,
    "pct2ResTime" : 94.0,
    "pct3ResTime" : 94.0,
    "throughput" : 2.6766595289079227,
    "receivedKBytesPerSec" : 1.7764236482869378,
    "sentKBytesPerSec" : 0.7528104925053533
  }
}