{
  "zone activity" : {
    "transaction" : "zone activity",
    "sampleCount" : 5,
    "errorCount" : 0,
    "errorPct" : 0.0,
    "meanResTime" : 992.2,
    "medianResTime" : 1225.0,
    "minResTime" : 384.0,
    "maxResTime" : 1496.0,
    "pct1ResTime" : 1496.0,
    "pct2ResTime" : 1496.0,
    "pct3ResTime" : 1496.0,
    "throughput" : 1.889644746787604,
    "receivedKBytesPerSec" : 525.5087277966743,
    "sentKBytesPerSec" : 0.616348970143613
  },
  "Total" : {
    "transaction" : "Total",
    "sampleCount" : 15,
    "errorCount" : 0,
    "errorPct" : 0.0,
    "meanResTime" : 519.0000000000001,
    "medianResTime" : 256.0,
    "minResTime" : 76.0,
    "maxResTime" : 1496.0,
    "pct1ResTime" : 1477.4,
    "pct2ResTime" : 1496.0,
    "pct3ResTime" : 1496.0,
    "throughput" : 3.248862897985705,
    "receivedKBytesPerSec" : 302.73564408706955,
    "sentKBytesPerSec" : 0.9274911333116742
  },
  "login" : {
    "transaction" : "login",
    "sampleCount" : 5,
    "errorCount" : 0,
    "errorPct" : 0.0,
    "meanResTime" : 472.6,
    "medianResTime" : 256.0,
    "minResTime" : 232.0,
    "maxResTime" : 1275.0,
    "pct1ResTime" : 1275.0,
    "pct2ResTime" : 1275.0,
    "pct3ResTime" : 1275.0,
    "throughput" : 1.2065637065637065,
    "receivedKBytesPerSec" : 0.944984465492278,
    "sentKBytesPerSec" : 0.3004626417712355
  },
  "create api key" : {
    "transaction" : "create api key",
    "sampleCount" : 5,
    "errorCount" : 0,
    "errorPct" : 0.0,
    "meanResTime" : 92.2,
    "medianResTime" : 85.0,
    "minResTime" : 76.0,
    "maxResTime" : 117.0,
    "pct1ResTime" : 117.0,
    "pct2ResTime" : 117.0,
    "pct3ResTime" : 117.0,
    "throughput" : 2.1070375052675936,
    "receivedKBytesPerSec" : 1.3983815318162662,
    "sentKBytesPerSec" : 0.5926042983565107
  }
}