{
  "zone activity" : {
    "transaction" : "zone activity",
    "sampleCount" : 5,
    "errorCount" : 0,
    "errorPct" : 0.0,
    "meanResTime" : 188.8,
    "medianResTime" : 178.0,
    "minResTime" : 152.0,
    "maxResTime" : 235.0,
    "pct1ResTime" : 235.0,
    "pct2ResTime" : 235.0,
    "pct3ResTime" : 235.0,
    "throughput" : 1.9692792437967706,
    "receivedKBytesPerSec" : 547.8407930041354,
    "sentKBytesPerSec" : 0.6423235033477747
  },
  "Total" : {
    "transaction" : "Total",
    "sampleCount" : 15,
    "errorCount" : 0,
    "errorPct" : 0.0,
    "meanResTime" : 169.06666666666666,
    "medianResTime" : 104.0,
    "minResTime" : 29.0,
    "maxResTime" : 1009.0,
    "pct1ResTime" : 544.6000000000003,
    "pct2ResTime" : 1009.0,
    "pct3ResTime" : 1009.0,
    "throughput" : 3.5536602700781805,
    "receivedKBytesPerSec" : 331.2487969379294,
    "sentKBytesPerSec" : 1.0145052268419805
  },
  "login" : {
    "transaction" : "login",
    "sampleCount" : 5,
    "errorCount" : 0,
    "errorPct" : 0.0,
    "meanResTime" : 280.0,
    "medianResTime" : 104.0,
    "minResTime" : 91.0,
    "maxResTime" : 1009.0,
    "pct1ResTime" : 1009.0,
    "pct2ResTime" : 1009.0,
    "pct3ResTime" : 1009.0,
    "throughput" : 1.2478163214374844,
    "receivedKBytesPerSec" : 0.9772936423758424,
    "sentKBytesPerSec" : 0.3107355097329673
  },
  "create api key" : {
    "transaction" : "create api key",
    "sampleCount" : 5,
    "errorCount" : 0,
    "errorPct" : 0.0,
    "meanResTime" : 38.4,
    "medianResTime" : 34.0,
    "minResTime" : 29.0,
    "maxResTime" : 53.0,
    "pct1ResTime" : 53.0,
    "pct2ResTime" : 53.0,
    "pct3ResTime" : 53.0,
    "throughput" : 2.061005770816158,
    "receivedKBytesPerSec" : 1.3674290241137674,
    "sentKBytesPerSec" : 0.5796578730420445
  }
}