{
  "zone activity" : {
    "transaction" : "zone activity",
    "sampleCount" : 5,
    "errorCount" : 0,
    "errorPct" : 0.0,
    "meanResTime" : 850.4,
    "medianResTime" : 818.0,
    "minResTime" : 79.0,
    "maxResTime" : 1642.0,
    "pct1ResTime" : 1642.0,
    "pct2ResTime" : 1642.0,
    "pct3ResTime" : 1642.0,
    "throughput" : 1.7367141368530739,
    "receivedKBytesPerSec" : 483.37605016932963,
    "sentKBytesPerSec" : 0.5664673063563738
  },
  "Total" : {
    "transaction" : "Total",
    "sampleCount" : 15,
    "errorCount" : 0,
    "errorPct" : 0.0,
    "meanResTime" : 343.40000000000003,
    "medianResTime" : 79.0,
    "minResTime" : 10.0,
    "maxResTime" : 1642.0,
    "pct1ResTime" : 1636.0,
    "pct2ResTime" : 1642.0,
    "pct3ResTime" : 1642.0,
    "throughput" : 3.698224852071006,
    "receivedKBytesPerSec" : 344.88980445636093,
    "sentKBytesPerSec" : 1.055775779709073
  },
  "login" : {
    "transaction" : "login",
    "sampleCount" : 5,
    "errorCount" : 0,
    "errorPct" : 0.0,
    "meanResTime" : 134.8,
    "medianResTime" : 41.0,
    "minResTime" : 35.0,
    "maxResTime" : 511.0,
    "pct1ResTime" : 511.0,
    "pct2ResTime" : 511.0,
    "pct3ResTime" : 511.0,
    "throughput" : 1.2613521695257317,
    "receivedKBytesPerSec" : 0.9878949608980827,
    "sentKBytesPerSec" : 0.3141062531533804
  },
  "create api key" : {
    "transaction" : "create api key",
    "sampleCount" : 5,
    "errorCount" : 0,
    "errorPct" : 0.0,
    "meanResTime" : 45.0,
    "medianResTime" : 12.0,
    "minResTime" : 10.0,
    "maxResTime" : 96.0,
    "pct1ResTime" : 96.0,
    "pct2ResTime" : 96.0,
    "pct3ResTime" : 96.0,
    "throughput" : 1.7182130584192439,
    "receivedKBytesPerSec" : 1.1399940936426116,
    "sentKBytesPerSec" : 0.4832474226804124
  }
}