{
  "zone activity" : {
    "transaction" : "zone activity",
    "sampleCount" : 5,
    "errorCount" : 0,
    "errorPct" : 0.0,
    "meanResTime" : 341.4,
    "medianResTime" : 230.0,
    "minResTime" : 195.0,
    "maxResTime" : 530.0,
    "pct1ResTime" : 530.0,
    "pct2ResTime" : 530.0,
    "pct3ResTime" : 530.0,
    "throughput" : 1.783166904422254,
    "receivedKBytesPerSec" : 495.9502607881598,
    "sentKBytesPerSec" : 0.5816188926533524
  },
  "Total" : {
    "transaction" : "Total",
    "sampleCount" : 15,
    "errorCount" : 0,
    "errorPct" : 0.0,
    "meanResTime" : 224.86666666666665,
    "medianResTime" : 134.0,
    "minResTime" : 40.0,
    "maxResTime" : 817.0,
    "pct1ResTime" : 644.8000000000001,
    "pct2ResTime" : 817.0,
    "pct3ResTime" : 817.0,
    "throughput" : 3.5161744022503516,
    "receivedKBytesPerSec" : 327.67929742440225,
    "sentKBytesPerSec" : 1.0038036949132676
  },
  "login" : {
    "transaction" : "login",
    "sampleCount" : 5,
    "errorCount" : 0,
    "errorPct" : 0.0,
    "meanResTime" : 271.8,
    "medianResTime" : 134.0,
    "minResTime" : 115.0,
    "maxResTime" : 817.0,
    "pct1ResTime" : 817.0,
    "pct2ResTime" : 817.0,
    "pct3ResTime" : 817.0,
    "throughput" : 1.2410027302060065,
    "receivedKBytesPerSec" : 0.9719572164308762,
    "sentKBytesPerSec" : 0.30903876582278483
  },
  "create api key" : {
    "transaction" : "create api key",
    "sampleCount" : 5,
    "errorCount" : 0,
    "errorPct" : 0.0,
    "meanResTime" : 61.4,
    "medianResTime" : 46.0,
    "minResTime" : 40.0,
    "maxResTime" : 89.0,
    "pct1ResTime" : 89.0,
    "pct2ResTime" : 89.0,
    "pct3ResTime" : 89.0,
    "throughput" : 1.8443378827001107,
    "receivedKBytesPerSec" : 1.2243954029878275,
    "sentKBytesPerSec" : 0.5187200295094061
  }
}