{
  "zone activity" : {
    "transaction" : "zone activity",
    "sampleCount" : 5,
    "errorCount" : 0,
    "errorPct" : 0.0,
    "meanResTime" : 897.4,
    "medianResTime" : 830.0,
    "minResTime" : 93.0,
    "maxResTime" : 1738.0,
    "pct1ResTime" : 1738.0,
    "pct2ResTime" : 1738.0,
    "pct3ResTime" : 1738.0,
    "throughput" : 1.699524133242692,
    "receivedKBytesPerSec" : 472.6678678407546,
    "sentKBytesPerSec" : 0.5543369731475186
  },
  "Total" : {
    "transaction" : "Total",
    "sampleCount" : 15,
    "errorCount" : 0,
    "errorPct" : 0.0,
    "meanResTime" : 353.99999999999994,
    "medianResTime" : 87.0,
    "minResTime" : 18.0,
    "maxResTime" : 1738.0,
    "pct1ResTime" : 1733.2,
    "pct2ResTime" : 1738.0,
    "pct3ResTime" : 1738.0,
    "throughput" : 3.671071953010279,
    "receivedKBytesPerSec" : 342.1008856461086,
    "sentKBytesPerSec" : 1.048024122001958
  },
  "login" : {
    "transaction" : "login",
    "sampleCount" : 5,
    "errorCount" : 0,
    "errorPct" : 0.0,
    "meanResTime" : 136.6,
    "medianResTime" : 87.0,
    "minResTime" : 54.0,
    "maxResTime" : 393.0,
    "pct1ResTime" : 393.0,
    "pct2ResTime" : 393.0,
    "pct3ResTime" : 393.0,
    "throughput" : 1.2588116817724069,
    "receivedKBytesPerSec" : 0.9859052429506546,
    "sentKBytesPerSec" : 0.3134736121601209
  },
  "create api key" : {
    "transaction" : "create api key",
    "sampleCount" : 5,
    "errorCount" : 0,
    "errorPct" : 0.0,
    "meanResTime" : 28.0,
    "medianResTime" : 25.0,
    "minResTime" : 18.0,
    "maxResTime" : 40.0,
    "pct1ResTime" : 40.0,
    "pct2ResTime" : 40.0,
    "pct3ResTime" : 40.0,
    "throughput" : 1.723543605653223,
    "receivedKBytesPerSec" : 1.1442040460186143,
    "sentKBytesPerSec" : 0.484746639089969
  }
}