{
  "zone activity" : {
    "transaction" : "zone activity",
    "sampleCount" : 5,
    "errorCount" : 0,
    "errorPct" : 0.0,
    "meanResTime" : 532.6,
    "medianResTime" : 742.0,
    "minResTime" : 185.0,
    "maxResTime" : 767.0,
    "pct1ResTime" : 767.0,
    "pct2ResTime" : 767.0,
    "pct3ResTime" : 767.0,
    "throughput" : 2.8200789622109417,
    "receivedKBytesPerSec" : 784.9970697617034,
    "sentKBytesPerSec" : 0.9198304427523971
  },
  "Total" : {
    "transaction" : "Total",
    "sampleCount" : 15,
    "errorCount" : 0,
    "errorPct" : 0.0,
    "meanResTime" : 400.4666666666667,
    "medianResTime" : 145.0,
    "minResTime" : 40.0,
    "maxResTime" : 1795.0,
    "pct1ResTime" : 1247.2000000000003,
    "pct2ResTime" : 1795.0,
    "pct3ResTime" : 1795.0,
    "throughput" : 3.5244360902255636,
    "receivedKBytesPerSec" : 328.7204369566494,
    "sentKBytesPerSec" : 1.0061622562265038
  },
  "login" : {
    "transaction" : "login",
    "sampleCount" : 5,
    "errorCount" : 0,
    "errorPct" : 0.0,
    "meanResTime" : 614.6,
    "medianResTime" : 145.0,
    "minResTime" : 118.0,
    "maxResTime" : 1795.0,
    "pct1ResTime" : 1795.0,
    "pct2ResTime" : 1795.0,
    "pct3ResTime" : 1795.0,
    "throughput" : 1.2410027302060065,
    "receivedKBytesPerSec" : 0.9719572164308762,
    "sentKBytesPerSec" : 0.30903876582278483
  },
  "create api key" : {
    "transaction" : "create api key",
    "sampleCount" : 5,
    "errorCount" : 0,
    "errorPct" : 0.0,
    "meanResTime" : 54.2,
    "medianResTime" : 55.0,
    "minResTime" : 40.0,
    "maxResTime" : 70.0,
    "pct1ResTime" : 70.0,
    "pct2ResTime" : 70.0,
    "pct3ResTime" : 70.0,
    "throughput" : 3.017501508750754,
    "receivedKBytesPerSec" : 2.002630884127942,
    "sentKBytesPerSec" : 0.8486722993361496
  }
}