{
  "zone activity" : {
    "transaction" : "zone activity",
    "sampleCount" : 10,
    "errorCount" : 0,
    "errorPct" : 0.0,
    "meanResTime" : 23.299999999999997,
    "medianResTime" : 23.0,
    "minResTime" : 21.0,
    "maxResTime" : 27.0,
    "pct1ResTime" : 26.9,
    "pct2ResTime" : 27.0,
    "pct3ResTime" : 27.0,
    "throughput" : 1.3197835554968984,
    "receivedKBytesPerSec" : 20.590943397782763,
    "sentKBytesPerSec" : 0.429187425762175
  },
  "Total" : {
    "transaction" : "Total",
    "sampleCount" : 30,
    "errorCount" : 0,
    "errorPct" : 0.0,
    "meanResTime" : 54.56666666666666,
    "medianResTime" : 23.5,
    "minResTime" : 14.0,
    "maxResTime" : 768.0,
    "pct1ResTime" : 47.900000000000006,
    "pct2ResTime" : 384.6499999999995,
    "pct3ResTime" : 768.0,
    "throughput" : 3.338526596928556,
    "receivedKBytesPerSec" : 21.232464041286445,
    "sentKBytesPerSec" : 0.953088484865346
  },
  "login" : {
    "transaction" : "login",
    "sampleCount" : 10,
    "errorCount" : 0,
    "errorPct" : 0.0,
    "meanResTime" : 118.69999999999999,
    "medianResTime" : 43.5,
    "minResTime" : 41.0,
    "maxResTime" : 768.0,
    "pct1ResTime" : 698.3000000000003,
    "pct2ResTime" : 768.0,
    "pct3ResTime" : 768.0,
    "throughput" : 1.1179429849077698,
    "receivedKBytesPerSec" : 2.0109872833985465,
    "sentKBytesPerSec" : 0.27948574622694244
  },
  "create api key" : {
    "transaction" : "create api key",
    "sampleCount" : 10,
    "errorCount" : 0,
    "errorPct" : 0.0,
    "meanResTime" : 21.700000000000003,
    "medianResTime" : 16.0,
    "minResTime" : 14.0,
    "maxResTime" : 47.0,
    "pct1ResTime" : 46.8,
    "pct2ResTime" : 47.0,
    "pct3ResTime" : 47.0,
    "throughput" : 1.3137151865475565,
    "receivedKBytesPerSec" : 2.2056046374146083,
    "sentKBytesPerSec" : 0.36948239621650025
  }
}