{
  "zone activity" : {
    "transaction" : "zone activity",
    "sampleCount" : 5,
    "errorCount" : 0,
    "errorPct" : 0.0,
    "meanResTime" : 429.8,
    "medianResTime" : 420.0,
    "minResTime" : 407.0,
    "maxResTime" : 469.0,
    "pct1ResTime" : 469.0,
    "pct2ResTime" : 469.0,
    "pct3ResTime" : 469.0,
    "throughput" : 1.7711654268508679,
    "receivedKBytesPerSec" : 492.7195414895501,
    "sentKBytesPerSec" : 0.5777043482111229
  },
  "Total" : {
    "transaction" : "Total",
    "sampleCount" : 15,
    "errorCount" : 0,
    "errorPct" : 0.0,
    "meanResTime" : 310.26666666666665,
    "medianResTime" : 241.0,
    "minResTime" : 79.0,
    "maxResTime" : 1097.0,
    "pct1ResTime" : 720.2000000000003,
    "pct2ResTime" : 1097.0,
    "pct3ResTime" : 1097.0,
    "throughput" : 3.2341526520051747,
    "receivedKBytesPerSec" : 301.4619801773394,
    "sentKBytesPerSec" : 0.9232916262397586
  },
  "login" : {
    "transaction" : "login",
    "sampleCount" : 5,
    "errorCount" : 0,
    "errorPct" : 0.0,
    "meanResTime" : 412.0,
    "medianResTime" : 241.0,
    "minResTime" : 237.0,
    "maxResTime" : 1097.0,
    "pct1ResTime" : 1097.0,
    "pct2ResTime" : 1097.0,
    "pct3ResTime" : 1097.0,
    "throughput" : 1.205109664979513,
    "receivedKBytesPerSec" : 0.9438456555796577,
    "sentKBytesPerSec" : 0.3001005513376717
  },
  "create api key" : {
    "transaction" : "create api key",
    "sampleCount" : 5,
    "errorCount" : 0,
    "errorPct" : 0.0,
    "meanResTime" : 89.0,
    "medianResTime" : 82.0,
    "minResTime" : 79.0,
    "maxResTime" : 103.0,
    "pct1ResTime" : 103.0,
    "pct2ResTime" : 103.0,
    "pct3ResTime" : 103.0,
    "throughput" : 1.9755037534571318,
    "receivedKBytesPerSec" : 1.3107004395495852,
    "sentKBytesPerSec" : 0.5556104306598182
  }
}