{
  "zone activity" : {
    "transaction" : "zone activity",
    "sampleCount" : 5,
    "errorCount" : 0,
    "errorPct" : 0.0,
    "meanResTime" : 345.6,
    "medianResTime" : 334.0,
    "minResTime" : 316.0,
    "maxResTime" : 384.0,
    "pct1ResTime" : 384.0,
    "pct2ResTime" : 384.0,
    "pct3ResTime" : 384.0,
    "throughput" : 1.654533421575116,
    "receivedKBytesPerSec" : 460.26243743795504,
    "sentKBytesPerSec" : 0.539662268365321
  },
  "Total" : {
    "transaction" : "Total",
    "sampleCount" : 15,
    "errorCount" : 0,
    "errorPct" : 0.0,
    "meanResTime" : 253.33333333333337,
    "medianResTime" : 214.0,
    "minResTime" : 63.0,
    "maxResTime" : 885.0,
    "pct1ResTime" : 584.4000000000002,
    "pct2ResTime" : 885.0,
    "pct3ResTime" : 885.0,
    "throughput" : 3.3163829316825115,
    "receivedKBytesPerSec" : 309.1192757848773,
    "sentKBytesPerSec" : 0.946766872098165
  },
  "login" : {
    "transaction" : "login",
    "sampleCount" : 5,
    "errorCount" : 0,
    "errorPct" : 0.0,
    "meanResTime" : 342.6,
    "medianResTime" : 214.0,
    "minResTime" : 196.0,
    "maxResTime" : 885.0,
    "pct1ResTime" : 885.0,
    "pct2ResTime" : 885.0,
    "pct3ResTime" : 885.0,
    "throughput" : 1.207437816952427,
    "receivedKBytesPerSec" : 0.9456690714803188,
    "sentKBytesPerSec" : 0.30068031574498916
  },
  "create api key" : {
    "transaction" : "create api key",
    "sampleCount" : 5,
    "errorCount" : 0,
    "errorPct" : 0.0,
    "meanResTime" : 71.8,
    "medianResTime" : 67.0,
    "minResTime" : 63.0,
    "maxResTime" : 84.0,
    "pct1ResTime" : 84.0,
    "pct2ResTime" : 84.0,
    "pct3ResTime" : 84.0,
    "throughput" : 1.7895490336435218,
    "receivedKBytesPerSec" : 1.1873238412670006,
    "sentKBytesPerSec" : 0.5033106657122405
  }
}