{
  "zone activity" : {
    "transaction" : "zone activity",
    "sampleCount" : 5,
    "errorCount" : 0,
    "errorPct" : 0.0,
    "meanResTime" : 448.0,
    "medianResTime" : 346.0,
    "minResTime" : 341.0,
    "maxResTime" : 609.0,
    "pct1ResTime" : 609.0,
    "pct2ResTime" : 609.0,
    "pct3ResTime" : 609.0,
    "throughput" : 1.7895490336435218,
    "receivedKBytesPerSec" : 497.730208706156,
    "sentKBytesPerSec" : 0.5837005637079455
  },
  "Total" : {
    "transaction" : "Total",
    "sampleCount" : 15,
    "errorCount" : 0,
    "errorPct" : 0.0,
    "meanResTime" : 350.9333333333334,
    "medianResTime" : 341.0,
    "minResTime" : 71.0,
    "maxResTime" : 772.0,
    "pct1ResTime" : 674.2,
    "pct2ResTime" : 772.0,
    "pct3ResTime" : 772.0,
    "throughput" : 3.2552083333333335,
    "receivedKBytesPerSec" : 303.36316426595056,
    "sentKBytesPerSec" : 0.9293026394314237
  },
  "login" : {
    "transaction" : "login",
    "sampleCount" : 5,
    "errorCount" : 0,
    "errorPct" : 0.0,
    "meanResTime" : 369.0,
    "medianResTime" : 267.0,
    "minResTime" : 250.0,
    "maxResTime" : 772.0,
    "pct1ResTime" : 772.0,
    "pct2ResTime" : 772.0,
    "pct3ResTime" : 772.0,
    "throughput" : 1.1930326890956813,
    "receivedKBytesPerSec" : 0.93461994452398,
    "sentKBytesPerSec" : 0.2970931012884753
  },
  "create api key" : {
    "transaction" : "create api key",
    "sampleCount" : 5,
    "errorCount" : 0,
    "errorPct" : 0.0,
    "meanResTime" : 235.8,
    "medianResTime" : 103.0,
    "minResTime" : 71.0,
    "maxResTime" : 464.0,
    "pct1ResTime" : 464.0,
    "pct2ResTime" : 464.0,
    "pct3ResTime" : 464.0,
    "throughput" : 1.7135023989033584,
    "receivedKBytesPerSec" : 1.138542023646333,
    "sentKBytesPerSec" : 0.48192254969156956
  }
}