{
  "zone activity" : {
    "transaction" : "zone activity",
    "sampleCount" : 10,
    "errorCount" : 0,
    "errorPct" : 0.0,
    "meanResTime" : 72.89999999999999,
    "medianResTime" : 75.5,
    "minResTime" : 63.0,
    "maxResTime" : 81.0,
    "pct1ResTime" : 81.0,
    "pct2ResTime" : 81.0,
    "pct3ResTime" : 81.0,
    "throughput" : 1.392369813422445,
    "receivedKBytesPerSec" : 21.838722239626843,
    "sentKBytesPerSec" : 0.45279213659147866
  },
  "Total" : {
    "transaction" : "Total",
    "sampleCount" : 30,
    "errorCount" : 0,
    "errorPct" : 0.0,
    "meanResTime" : 128.36666666666665,
    "medianResTime" : 75.5,
    "minResTime" : 34.0,
    "maxResTime" : 1320.0,
    "pct1ResTime" : 131.0,
    "pct2ResTime" : 818.3999999999994,
    "pct3ResTime" : 1320.0,
    "throughput" : 3.290195218249616,
    "receivedKBytesPerSec" : 21.19798235632814,
    "sentKBytesPerSec" : 0.939290757293266
  },
  "login" : {
    "transaction" : "login",
    "sampleCount" : 10,
    "errorCount" : 0,
    "errorPct" : 0.0,
    "meanResTime" : 268.40000000000003,
    "medianResTime" : 126.5,
    "minResTime" : 104.0,
    "maxResTime" : 1320.0,
    "pct1ResTime" : 1228.8000000000002,
    "pct2ResTime" : 1320.0,
    "pct3ResTime" : 1320.0,
    "throughput" : 1.1092623405435387,
    "receivedKBytesPerSec" : 2.087449736550194,
    "sentKBytesPerSec" : 0.2773155851358846
  },
  "create api key" : {
    "transaction" : "create api key",
    "sampleCount" : 10,
    "errorCount" : 0,
    "errorPct" : 0.0,
    "meanResTime" : 43.8,
    "medianResTime" : 43.5,
    "minResTime" : 34.0,
    "maxResTime" : 57.0,
    "pct1ResTime" : 56.7,
    "pct2ResTime" : 57.0,
    "pct3ResTime" : 57.0,
    "throughput" : 1.3917884481558804,
    "receivedKBytesPerSec" : 2.4522116388308977,
    "sentKBytesPerSec" : 0.39144050104384137
  }
}