{
  "zone activity" : {
    "transaction" : "zone activity",
    "sampleCount" : 5,
    "errorCount" : 0,
    "errorPct" : 0.0,
    "meanResTime" : 334.0,
    "medianResTime" : 340.0,
    "minResTime" : 314.0,
    "maxResTime" : 346.0,
    "pct1ResTime" : 346.0,
    "pct2ResTime" : 346.0,
    "pct3ResTime" : 346.0,
    "throughput" : 1.8719580681392738,
    "receivedKBytesPerSec" : 520.681114868027,
    "sentKBytesPerSec" : 0.6105800730063647
  },
  "Total" : {
    "transaction" : "Total",
    "sampleCount" : 15,
    "errorCount" : 0,
    "errorPct" : 0.0,
    "meanResTime" : 263.2,
    "medianResTime" : 204.0,
    "minResTime" : 65.0,
    "maxResTime" : 1111.0,
    "pct1ResTime" : 652.0000000000002,
    "pct2ResTime" : 1111.0,
    "pct3ResTime" : 1111.0,
    "throughput" : 3.3370411568409346,
    "receivedKBytesPerSec" : 311.0065871802002,
    "sentKBytesPerSec" : 0.9526644187986651
  },
  "login" : {
    "transaction" : "login",
    "sampleCount" : 5,
    "errorCount" : 0,
    "errorPct" : 0.0,
    "meanResTime" : 380.2,
    "medianResTime" : 204.0,
    "minResTime" : 190.0,
    "maxResTime" : 1111.0,
    "pct1ResTime" : 1111.0,
    "pct2ResTime" : 1111.0,
    "pct3ResTime" : 1111.0,
    "throughput" : 1.21921482565228,
    "receivedKBytesPerSec" : 0.9548928614971958,
    "sentKBytesPerSec" : 0.3036130669348939
  },
  "create api key" : {
    "transaction" : "create api key",
    "sampleCount" : 5,
    "errorCount" : 0,
    "errorPct" : 0.0,
    "meanResTime" : 75.4,
    "medianResTime" : 71.0,
    "minResTime" : 65.0,
    "maxResTime" : 88.0,
    "pct1ResTime" : 88.0,
    "pct2ResTime" : 88.0,
    "pct3ResTime" : 88.0,
    "throughput" : 2.043318348998774,
    "receivedKBytesPerSec" : 1.3564920055169596,
    "sentKBytesPerSec" : 0.5746832856559052
  }
}