{
  "zone activity" : {
    "transaction" : "zone activity",
    "sampleCount" : 5,
    "errorCount" : 0,
    "errorPct" : 0.0,
    "meanResTime" : 639.4,
    "medianResTime" : 369.0,
    "minResTime" : 168.0,
    "maxResTime" : 1237.0,
    "pct1ResTime" : 1237.0,
    "pct2ResTime" : 1237.0,
    "pct3ResTime" : 1237.0,
    "throughput" : 1.6452780519907866,
    "receivedKBytesPerSec" : 457.6546561368871,
    "sentKBytesPerSec" : 0.5366434271141822
  },
  "Total" : {
    "transaction" : "Total",
    "sampleCount" : 15,
    "errorCount" : 0,
    "errorPct" : 0.0,
    "meanResTime" : 294.1333333333333,
    "medianResTime" : 106.0,
    "minResTime" : 32.0,
    "maxResTime" : 1237.0,
    "pct1ResTime" : 1236.4,
    "pct2ResTime" : 1237.0,
    "pct3ResTime" : 1237.0,
    "throughput" : 3.535234503888758,
    "receivedKBytesPerSec" : 329.49513352875323,
    "sentKBytesPerSec" : 1.0092450064812633
  },
  "login" : {
    "transaction" : "login",
    "sampleCount" : 5,
    "errorCount" : 0,
    "errorPct" : 0.0,
    "meanResTime" : 195.8,
    "medianResTime" : 106.0,
    "minResTime" : 96.0,
    "maxResTime" : 563.0,
    "pct1ResTime" : 563.0,
    "pct2ResTime" : 563.0,
    "pct3ResTime" : 563.0,
    "throughput" : 1.2434717731907485,
    "receivedKBytesPerSec" : 0.9738909786122856,
    "sentKBytesPerSec" : 0.30965361539418057
  },
  "create api key" : {
    "transaction" : "create api key",
    "sampleCount" : 5,
    "errorCount" : 0,
    "errorPct" : 0.0,
    "meanResTime" : 47.2,
    "medianResTime" : 48.0,
    "minResTime" : 32.0,
    "maxResTime" : 64.0,
    "pct1ResTime" : 64.0,
    "pct2ResTime" : 64.0,
    "pct3ResTime" : 64.0,
    "throughput" : 1.7088174982911826,
    "receivedKBytesPerSec" : 1.1344278665413534,
    "sentKBytesPerSec" : 0.48060492139439503
  }
}