{
  "zone activity" : {
    "transaction" : "zone activity",
    "sampleCount" : 5,
    "errorCount" : 0,
    "errorPct" : 0.0,
    "meanResTime" : 936.6,
    "medianResTime" : 1095.0,
    "minResTime" : 371.0,
    "maxResTime" : 1425.0,
    "pct1ResTime" : 1425.0,
    "pct2ResTime" : 1425.0,
    "pct3ResTime" : 1425.0,
    "throughput" : 1.8456995201181248,
    "receivedKBytesPerSec" : 513.3510405131044,
    "sentKBytesPerSec" : 0.602015273163529
  },
  "Total" : {
    "transaction" : "Total",
    "sampleCount" : 15,
    "errorCount" : 0,
    "errorPct" : 0.0,
    "meanResTime" : 491.20000000000005,
    "medianResTime" : 260.0,
    "minResTime" : 77.0,
    "maxResTime" : 1425.0,
    "pct1ResTime" : 1421.4,
    "pct2ResTime" : 1425.0,
    "pct3ResTime" : 1425.0,
    "throughput" : 3.2530904359141184,
    "receivedKBytesPerSec" : 303.16706144274565,
    "sentKBytesPerSec" : 0.9286980183257428
  },
  "login" : {
    "transaction" : "login",
    "sampleCount" : 5,
    "errorCount" : 0,
    "errorPct" : 0.0,
    "meanResTime" : 447.6,
    "medianResTime" : 260.0,
    "minResTime" : 229.0,
    "maxResTime" : 1205.0,
    "pct1ResTime" : 1205.0,
    "pct2ResTime" : 1205.0,
    "pct3ResTime" : 1205.0,
    "throughput" : 1.201923076923077,
    "receivedKBytesPerSec" : 0.9413499098557692,
    "sentKBytesPerSec" : 0.2993070162259615
  },
  "create api key" : {
    "transaction" : "create api key",
    "sampleCount" : 5,
    "errorCount" : 0,
    "errorPct" : 0.0,
    "meanResTime" : 89.4,
    "medianResTime" : 85.0,
    "minResTime" : 77.0,
    "maxResTime" : 105.0,
    "pct1ResTime" : 105.0,
    "pct2ResTime" : 105.0,
    "pct3ResTime" : 105.0,
    "throughput" : 2.038320423970648,
    "receivedKBytesPerSec" : 1.3531740470852018,
    "sentKBytesPerSec" : 0.5732776192417448
  }
}