{
  "zone activity" : {
    "transaction" : "zone activity",
    "sampleCount" : 5,
    "errorCount" : 0,
    "errorPct" : 0.0,
    "meanResTime" : 111.2,
    "medianResTime" : 95.0,
    "minResTime" : 90.0,
    "maxResTime" : 143.0,
    "pct1ResTime" : 143.0,
    "pct2ResTime" : 143.0,
    "pct3ResTime" : 143.0,
    "throughput" : 1.9747235387045812,
    "receivedKBytesPerSec" : 549.2219126431675,
    "sentKBytesPerSec" : 0.6440992792259084
  },
  "Total" : {
    "transaction" : "Total",
    "sampleCount" : 15,
    "errorCount" : 0,
    "errorPct" : 0.0,
    "meanResTime" : 122.53333333333336,
    "medianResTime" : 67.0,
    "minResTime" : 19.0,
    "maxResTime" : 862.0,
    "pct1ResTime" : 430.60000000000025,
    "pct2ResTime" : 862.0,
    "pct3ResTime" : 862.0,
    "throughput" : 3.6746692797648213,
    "receivedKBytesPerSec" : 342.4459230309897,
    "sentKBytesPerSec" : 1.0490510932141108
  },
  "login" : {
    "transaction" : "login",
    "sampleCount" : 5,
    "errorCount" : 0,
    "errorPct" : 0.0,
    "meanResTime" : 218.6,
    "medianResTime" : 56.0,
    "minResTime" : 53.0,
    "maxResTime" : 862.0,
    "pct1ResTime" : 862.0,
    "pct2ResTime" : 862.0,
    "pct3ResTime" : 862.0,
    "throughput" : 1.2597631645250693,
    "receivedKBytesPerSec" : 0.9866504472159234,
    "sentKBytesPerSec" : 0.31371055366591083
  },
  "create api key" : {
    "transaction" : "create api key",
    "sampleCount" : 5,
    "errorCount" : 0,
    "errorPct" : 0.0,
    "meanResTime" : 37.8,
    "medianResTime" : 19.0,
    "minResTime" : 19.0,
    "maxResTime" : 70.0,
    "pct1ResTime" : 70.0,
    "pct2ResTime" : 70.0,
    "pct3ResTime" : 70.0,
    "throughput" : 1.9857029388403493,
    "receivedKBytesPerSec" : 1.3178551926131852,
    "sentKBytesPerSec" : 0.5584789515488483
  }
}