{
  "zone activity" : {
    "transaction" : "zone activity",
    "sampleCount" : 5,
    "errorCount" : 0,
    "errorPct" : 0.0,
    "meanResTime" : 607.0,
    "medianResTime" : 625.0,
    "minResTime" : 96.0,
    "maxResTime" : 1105.0,
    "pct1ResTime" : 1105.0,
    "pct2ResTime" : 1105.0,
    "pct3ResTime" : 1105.0,
    "throughput" : 1.9290123456790123,
    "receivedKBytesPerSec" : 536.7013436776621,
    "sentKBytesPerSec" : 0.6291895736882716
  },
  "Total" : {
    "transaction" : "Total",
    "sampleCount" : 15,
    "errorCount" : 0,
    "errorPct" : 0.0,
    "meanResTime" : 283.0666666666666,
    "medianResTime" : 55.0,
    "minResTime" : 19.0,
    "maxResTime" : 1105.0,
    "pct1ResTime" : 1103.8,
    "pct2ResTime" : 1105.0,
    "pct3ResTime" : 1105.0,
    "throughput" : 3.697313285679073,
    "receivedKBytesPerSec" : 344.6793832419275,
    "sentKBytesPerSec" : 1.0555155441212718
  },
  "login" : {
    "transaction" : "login",
    "sampleCount" : 5,
    "errorCount" : 0,
    "errorPct" : 0.0,
    "meanResTime" : 211.6,
    "medianResTime" : 55.0,
    "minResTime" : 52.0,
    "maxResTime" : 829.0,
    "pct1ResTime" : 829.0,
    "pct2ResTime" : 829.0,
    "pct3ResTime" : 829.0,
    "throughput" : 1.2729124236252547,
    "receivedKBytesPerSec" : 0.9969489880346233,
    "sentKBytesPerSec" : 0.31698502736761713
  },
  "create api key" : {
    "transaction" : "create api key",
    "sampleCount" : 5,
    "errorCount" : 0,
    "errorPct" : 0.0,
    "meanResTime" : 30.6,
    "medianResTime" : 21.0,
    "minResTime" : 19.0,
    "maxResTime" : 47.0,
    "pct1ResTime" : 47.0,
    "pct2ResTime" : 47.0,
    "pct3ResTime" : 47.0,
    "throughput" : 1.9630938358853554,
    "receivedKBytesPerSec" : 1.302850166862976,
    "sentKBytesPerSec" : 0.5521201413427561
  }
}