{
  "zone activity" : {
    "transaction" : "zone activity",
    "sampleCount" : 5,
    "errorCount" : 0,
    "errorPct" : 0.0,
    "meanResTime" : 88.0,
    "medianResTime" : 76.0,
    "minResTime" : 74.0,
    "maxResTime" : 107.0,
    "pct1ResTime" : 107.0,
    "pct2ResTime" : 107.0,
    "pct3ResTime" : 107.0,
    "throughput" : 2.035830618892508,
    "receivedKBytesPerSec" : 566.6384619299674,
    "sentKBytesPerSec" : 0.6640306901465798
  },
  "Total" : {
    "transaction" : "Total",
    "sampleCount" : 15,
    "errorCount" : 0,
    "errorPct" : 0.0,
    "meanResTime" : 105.79999999999998,
    "medianResTime" : 54.0,
    "minResTime" : 17.0,
    "maxResTime" : 783.0,
    "pct1ResTime" : 377.40000000000026,
    "pct2ResTime" : 783.0,
    "pct3ResTime" : 783.0,
    "throughput" : 3.8610038610038613,
    "receivedKBytesPerSec" : 360.07656652187904,
    "sentKBytesPerSec" : 1.1022462194337195
  },
  "login" : {
    "transaction" : "login",
    "sampleCount" : 5,
    "errorCount" : 0,
    "errorPct" : 0.0,
    "meanResTime" : 200.6,
    "medianResTime" : 54.0,
    "minResTime" : 49.0,
    "maxResTime" : 783.0,
    "pct1ResTime" : 783.0,
    "pct2ResTime" : 783.0,
    "pct3ResTime" : 783.0,
    "throughput" : 1.3189132155104195,
    "receivedKBytesPerSec" : 1.032976951991559,
    "sentKBytesPerSec" : 0.32844030269058294
  },
  "create api key" : {
    "transaction" : "create api key",
    "sampleCount" : 5,
    "errorCount" : 0,
    "errorPct" : 0.0,
    "meanResTime" : 28.8,
    "medianResTime" : 18.0,
    "minResTime" : 17.0,
    "maxResTime" : 51.0,
    "pct1ResTime" : 51.0,
    "pct2ResTime" : 51.0,
    "pct3ResTime" : 51.0,
    "throughput" : 2.051702913418137,
    "receivedKBytesPerSec" : 1.3612567962659008,
    "sentKBytesPerSec" : 0.5770414443988511
  }
}