{
  "zone activity" : {
    "transaction" : "zone activity",
    "sampleCount" : 5,
    "errorCount" : 0,
    "errorPct" : 0.0,
    "meanResTime" : 518.0,
    "medianResTime" : 382.0,
    "minResTime" : 314.0,
    "maxResTime" : 807.0,
    "pct1ResTime" : 807.0,
    "pct2ResTime" : 807.0,
    "pct3ResTime" : 807.0,
    "throughput" : 1.8315018315018314,
    "receivedKBytesPerSec" : 509.63076636904765,
    "sentKBytesPerSec" : 0.5973843864468864
  },
  "Total" : {
    "transaction" : "Total",
    "sampleCount" : 15,
    "errorCount" : 0,
    "errorPct" : 0.0,
    "meanResTime" : 332.19999999999993,
    "medianResTime" : 210.0,
    "minResTime" : 64.0,
    "maxResTime" : 988.0,
    "pct1ResTime" : 879.4000000000001,
    "pct2ResTime" : 988.0,
    "pct3ResTime" : 988.0,
    "throughput" : 3.338526596928556,
    "receivedKBytesPerSec" : 311.26870096539056,
    "sentKBytesPerSec" : 0.953088484865346
  },
  "login" : {
    "transaction" : "login",
    "sampleCount" : 5,
    "errorCount" : 0,
    "errorPct" : 0.0,
    "meanResTime" : 356.0,
    "medianResTime" : 198.0,
    "minResTime" : 183.0,
    "maxResTime" : 988.0,
    "pct1ResTime" : 988.0,
    "pct2ResTime" : 988.0,
    "pct3ResTime" : 988.0,
    "throughput" : 1.22040517451794,
    "receivedKBytesPerSec" : 0.9558251464486208,
    "sentKBytesPerSec" : 0.30390949170124476
  },
  "create api key" : {
    "transaction" : "create api key",
    "sampleCount" : 5,
    "errorCount" : 0,
    "errorPct" : 0.0,
    "meanResTime" : 122.6,
    "medianResTime" : 67.0,
    "minResTime" : 64.0,
    "maxResTime" : 210.0,
    "pct1ResTime" : 210.0,
    "pct2ResTime" : 210.0,
    "pct3ResTime" : 210.0,
    "throughput" : 1.9062142584826536,
    "receivedKBytesPerSec" : 1.2665900209683567,
    "sentKBytesPerSec" : 0.5361227601982462
  }
}