{
  "zone activity" : {
    "transaction" : "zone activity",
    "sampleCount" : 5,
    "errorCount" : 0,
    "errorPct" : 0.0,
    "meanResTime" : 729.6,
    "medianResTime" : 824.0,
    "minResTime" : 167.0,
    "maxResTime" : 1238.0,
    "pct1ResTime" : 1238.0,
    "pct2ResTime" : 1238.0,
    "pct3ResTime" : 1238.0,
    "throughput" : 1.9409937888198758,
    "receivedKBytesPerSec" : 539.9071355784162,
    "sentKBytesPerSec" : 0.6330975834627329
  },
  "Total" : {
    "transaction" : "Total",
    "sampleCount" : 15,
    "errorCount" : 0,
    "errorPct" : 0.0,
    "meanResTime" : 351.6,
    "medianResTime" : 96.0,
    "minResTime" : 31.0,
    "maxResTime" : 1238.0,
    "pct1ResTime" : 1235.6,
    "pct2ResTime" : 1238.0,
    "pct3ResTime" : 1238.0,
    "throughput" : 3.549455750118315,
    "receivedKBytesPerSec" : 330.8180571166588,
    "sentKBytesPerSec" : 1.013304913038334
  },
  "login" : {
    "transaction" : "login",
    "sampleCount" : 5,
    "errorCount" : 0,
    "errorPct" : 0.0,
    "meanResTime" : 274.2,
    "medianResTime" : 96.0,
    "minResTime" : 94.0,
    "maxResTime" : 981.0,
    "pct1ResTime" : 981.0,
    "pct2ResTime" : 981.0,
    "pct3ResTime" : 981.0,
    "throughput" : 1.2484394506866416,
    "receivedKBytesPerSec" : 0.9777816791510612,
    "sentKBytesPerSec" : 0.3108906835205993
  },
  "create api key" : {
    "transaction" : "create api key",
    "sampleCount" : 5,
    "errorCount" : 0,
    "errorPct" : 0.0,
    "meanResTime" : 51.0,
    "medianResTime" : 34.0,
    "minResTime" : 31.0,
    "maxResTime" : 81.0,
    "pct1ResTime" : 81.0,
    "pct2ResTime" : 81.0,
    "pct3ResTime" : 81.0,
    "throughput" : 2.011263073209976,
    "receivedKBytesPerSec" : 1.3356043845534995,
    "sentKBytesPerSec" : 0.5656677393403057
  }
}