{
  "zone activity" : {
    "transaction" : "zone activity",
    "sampleCount" : 5,
    "errorCount" : 0,
    "errorPct" : 0.0,
    "meanResTime" : 397.4,
    "medianResTime" : 396.0,
    "minResTime" : 382.0,
    "maxResTime" : 418.0,
    "pct1ResTime" : 418.0,
    "pct2ResTime" : 418.0,
    "pct3ResTime" : 418.0,
    "throughput" : 1.840264998159735,
    "receivedKBytesPerSec" : 511.92649866580786,
    "sentKBytesPerSec" : 0.6002426849466322
  },
  "Total" : {
    "transaction" : "Total",
    "sampleCount" : 15,
    "errorCount" : 0,
    "errorPct" : 0.0,
    "meanResTime" : 320.13333333333327,
    "medianResTime" : 260.0,
    "minResTime" : 75.0,
    "maxResTime" : 1158.0,
    "pct1ResTime" : 741.0000000000002,
    "pct2ResTime" : 1158.0,
    "pct3ResTime" : 1158.0,
    "throughput" : 3.2587442971974796,
    "receivedKBytesPerSec" : 303.74509491092766,
    "sentKBytesPerSec" : 0.9303120926569629
  },
  "login" : {
    "transaction" : "login",
    "sampleCount" : 5,
    "errorCount" : 0,
    "errorPct" : 0.0,
    "meanResTime" : 470.2,
    "medianResTime" : 260.0,
    "minResTime" : 234.0,
    "maxResTime" : 1158.0,
    "pct1ResTime" : 1158.0,
    "pct2ResTime" : 1158.0,
    "pct3ResTime" : 1158.0,
    "throughput" : 1.2068549360366883,
    "receivedKBytesPerSec" : 0.9454482711803042,
    "sentKBytesPerSec" : 0.3005351647356988
  },
  "create api key" : {
    "transaction" : "create api key",
    "sampleCount" : 5,
    "errorCount" : 0,
    "errorPct" : 0.0,
    "meanResTime" : 92.8,
    "medianResTime" : 77.0,
    "minResTime" : 75.0,
    "maxResTime" : 136.0,
    "pct1ResTime" : 136.0,
    "pct2ResTime" : 136.0,
    "pct3ResTime" : 136.0,
    "throughput" : 2.0424836601307192,
    "receivedKBytesPerSec" : 1.3551400377859477,
    "sentKBytesPerSec" : 0.5744485294117647
  }
}