{
  "zone activity" : {
    "transaction" : "zone activity",
    "sampleCount" : 5,
    "errorCount" : 0,
    "errorPct" : 0.0,
    "meanResTime" : 54.2,
    "medianResTime" : 53.0,
    "minResTime" : 52.0,
    "maxResTime" : 58.0,
    "pct1ResTime" : 58.0,
    "pct2ResTime" : 58.0,
    "pct3ResTime" : 58.0,
    "throughput" : 1.7674089784376106,
    "receivedKBytesPerSec" : 25.696469600565568,
    "sentKBytesPerSec" : 0.5747531150583245
  },
  "Total" : {
    "transaction" : "Total",
    "sampleCount" : 15,
    "errorCount" : 0,
    "errorPct" : 0.0,
    "meanResTime" : 97.39999999999999,
    "medianResTime" : 54.0,
    "minResTime" : 31.0,
    "maxResTime" : 597.0,
    "pct1ResTime" : 301.8000000000002,
    "pct2ResTime" : 597.0,
    "pct3ResTime" : 597.0,
    "throughput" : 3.653190452995616,
    "receivedKBytesPerSec" : 19.466320247808085,
    "sentKBytesPerSec" : 1.0417300901120312
  },
  "login" : {
    "transaction" : "login",
    "sampleCount" : 5,
    "errorCount" : 0,
    "errorPct" : 0.0,
    "meanResTime" : 197.8,
    "medianResTime" : 99.0,
    "minResTime" : 92.0,
    "maxResTime" : 597.0,
    "pct1ResTime" : 597.0,
    "pct2ResTime" : 597.0,
    "pct3ResTime" : 597.0,
    "throughput" : 1.244090569793481,
    "receivedKBytesPerSec" : 0.9743756220452848,
    "sentKBytesPerSec" : 0.30980771025130627
  },
  "create api key" : {
    "transaction" : "create api key",
    "sampleCount" : 5,
    "errorCount" : 0,
    "errorPct" : 0.0,
    "meanResTime" : 40.2,
    "medianResTime" : 31.0,
    "minResTime" : 31.0,
    "maxResTime" : 54.0,
    "pct1ResTime" : 54.0,
    "pct2ResTime" : 54.0,
    "pct3ResTime" : 54.0,
    "throughput" : 1.758705592683785,
    "receivedKBytesPerSec" : 1.1668599410833627,
    "sentKBytesPerSec" : 0.49463594794231447
  }
}