{
  "zone activity" : {
    "transaction" : "zone activity",
    "sampleCount" : 5,
    "errorCount" : 0,
    "errorPct" : 0.0,
    "meanResTime" : 325.8,
    "medianResTime" : 318.0,
    "minResTime" : 312.0,
    "maxResTime" : 345.0,
    "pct1ResTime" : 345.0,
    "pct2ResTime" : 345.0,
    "pct3ResTime" : 345.0,
    "throughput" : 1.6728002676480427,
    "receivedKBytesPerSec" : 465.1943192748411,
    "sentKBytesPerSec" : 0.545620399799264
  },
  "Total" : {
    "transaction" : "Total",
    "sampleCount" : 15,
    "errorCount" : 0,
    "errorPct" : 0.0,
    "meanResTime" : 245.66666666666666,
    "medianResTime" : 200.0,
    "minResTime" : 66.0,
    "maxResTime" : 887.0,
    "pct1ResTime" : 561.8000000000002,
    "pct2ResTime" : 887.0,
    "pct3ResTime" : 887.0,
    "throughput" : 3.309066843150232,
    "receivedKBytesPerSec" : 308.33932239962496,
    "sentKBytesPerSec" : 0.9446782621883961
  },
  "login" : {
    "transaction" : "login",
    "sampleCount" : 5,
    "errorCount" : 0,
    "errorPct" : 0.0,
    "meanResTime" : 335.8,
    "medianResTime" : 200.0,
    "minResTime" : 192.0,
    "maxResTime" : 887.0,
    "pct1ResTime" : 887.0,
    "pct2ResTime" : 887.0,
    "pct3ResTime" : 887.0,
    "throughput" : 1.215066828675577,
    "receivedKBytesPerSec" : 0.9516441373025516,
    "sentKBytesPerSec" : 0.3025801184690158
  },
  "create api key" : {
    "transaction" : "create api key",
    "sampleCount" : 5,
    "errorCount" : 0,
    "errorPct" : 0.0,
    "meanResTime" : 75.4,
    "medianResTime" : 70.0,
    "minResTime" : 66.0,
    "maxResTime" : 90.0,
    "pct1ResTime" : 90.0,
    "pct2ResTime" : 90.0,
    "pct3ResTime" : 90.0,
    "throughput" : 1.8228217280349983,
    "receivedKBytesPerSec" : 1.210467553773241,
    "sentKBytesPerSec" : 0.5126686110098433
  }
}