{
  "zone activity" : {
    "transaction" : "zone activity",
    "sampleCount" : 5,
    "errorCount" : 0,
    "errorPct" : 0.0,
    "meanResTime" : 983.4,
    "medianResTime" : 1208.0,
    "minResTime" : 303.0,
    "maxResTime" : 1561.0,
    "pct1ResTime" : 1561.0,
    "pct2ResTime" : 1561.0,
    "pct3ResTime" : 1561.0,
    "throughput" : 1.9054878048780488,
    "receivedKBytesPerSec" : 529.9113203839557,
    "sentKBytesPerSec" : 0.6215165301067073
  },
  "Total" : {
    "transaction" : "Total",
    "sampleCount" : 15,
    "errorCount" : 0,
    "errorPct" : 0.0,
    "meanResTime" : 481.80000000000007,
    "medianResTime" : 213.0,
    "minResTime" : 59.0,
    "maxResTime" : 1561.0,
    "pct1ResTime" : 1547.2,
    "pct2ResTime" : 1561.0,
    "pct3ResTime" : 1561.0,
    "throughput" : 3.369272237196766,
    "receivedKBytesPerSec" : 313.95343735961364,
    "sentKBytesPerSec" : 0.9618658046945193
  },
  "login" : {
    "transaction" : "login",
    "sampleCount" : 5,
    "errorCount" : 0,
    "errorPct" : 0.0,
    "meanResTime" : 393.0,
    "medianResTime" : 213.0,
    "minResTime" : 173.0,
    "maxResTime" : 1156.0,
    "pct1ResTime" : 1156.0,
    "pct2ResTime" : 1156.0,
    "pct3ResTime" : 1156.0,
    "throughput" : 1.2242899118511263,
    "receivedKBytesPerSec" : 0.9588676848677767,
    "sentKBytesPerSec" : 0.3048768823457395
  },
  "create api key" : {
    "transaction" : "create api key",
    "sampleCount" : 5,
    "errorCount" : 0,
    "errorPct" : 0.0,
    "meanResTime" : 69.0,
    "medianResTime" : 60.0,
    "minResTime" : 59.0,
    "maxResTime" : 91.0,
    "pct1ResTime" : 91.0,
    "pct2ResTime" : 91.0,
    "pct3ResTime" : 91.0,
    "throughput" : 2.077274615704196,
    "receivedKBytesPerSec" : 1.3782230213959286,
    "sentKBytesPerSec" : 0.5842334856668051
  }
}