{
  "zone activity" : {
    "transaction" : "zone activity",
    "sampleCount" : 5,
    "errorCount" : 0,
    "errorPct" : 0.0,
    "meanResTime" : 124.6,
    "medianResTime" : 95.0,
    "minResTime" : 79.0,
    "maxResTime" : 187.0,
    "pct1ResTime" : 187.0,
    "pct2ResTime" : 187.0,
    "pct3ResTime" : 187.0,
    "throughput" : 2.0678246484698097,
    "receivedKBytesPerSec" : 575.2567010442514,
    "sentKBytesPerSec" : 0.6744662427626137
  },
  "Total" : {
    "transaction" : "Total",
    "sampleCount" : 15,
    "errorCount" : 0,
    "errorPct" : 0.0,
    "meanResTime" : 130.79999999999998,
    "medianResTime" : 40.0,
    "minResTime" : 11.0,
    "maxResTime" : 1008.0,
    "pct1ResTime" : 515.4000000000003,
    "pct2ResTime" : 1008.0,
    "pct3ResTime" : 1008.0,
    "throughput" : 3.679175864606328,
    "receivedKBytesPerSec" : 342.94949181383373,
    "sentKBytesPerSec" : 1.0503376410350749
  },
  "login" : {
    "transaction" : "login",
    "sampleCount" : 5,
    "errorCount" : 0,
    "errorPct" : 0.0,
    "meanResTime" : 245.0,
    "medianResTime" : 40.0,
    "minResTime" : 34.0,
    "maxResTime" : 1008.0,
    "pct1ResTime" : 1008.0,
    "pct2ResTime" : 1008.0,
    "pct3ResTime" : 1008.0,
    "throughput" : 1.2696800406297613,
    "receivedKBytesPerSec" : 0.994417375571356,
    "sentKBytesPerSec" : 0.31618008824276284
  },
  "create api key" : {
    "transaction" : "create api key",
    "sampleCount" : 5,
    "errorCount" : 0,
    "errorPct" : 0.0,
    "meanResTime" : 22.8,
    "medianResTime" : 29.0,
    "minResTime" : 11.0,
    "maxResTime" : 33.0,
    "pct1ResTime" : 33.0,
    "pct2ResTime" : 33.0,
    "pct3ResTime" : 33.0,
    "throughput" : 2.1186440677966103,
    "receivedKBytesPerSec" : 1.4060844809322035,
    "sentKBytesPerSec" : 0.5958686440677966
  }
}