{
  "zone activity" : {
    "transaction" : "zone activity",
    "sampleCount" : 5,
    "errorCount" : 0,
    "errorPct" : 0.0,
    "meanResTime" : 109.8,
    "medianResTime" : 100.0,
    "minResTime" : 87.0,
    "maxResTime" : 137.0,
    "pct1ResTime" : 137.0,
    "pct2ResTime" : 137.0,
    "pct3ResTime" : 137.0,
    "throughput" : 2.0202020202020203,
    "receivedKBytesPerSec" : 562.0616319444445,
    "sentKBytesPerSec" : 0.6589330808080808
  },
  "Total" : {
    "transaction" : "Total",
    "sampleCount" : 15,
    "errorCount" : 0,
    "errorPct" : 0.0,
    "meanResTime" : 126.66666666666667,
    "medianResTime" : 57.0,
    "minResTime" : 14.0,
    "maxResTime" : 1008.0,
    "pct1ResTime" : 485.4000000000003,
    "pct2ResTime" : 1008.0,
    "pct3ResTime" : 1008.0,
    "throughput" : 3.678273663560569,
    "receivedKBytesPerSec" : 342.8974834477685,
    "sentKBytesPerSec" : 1.0500800790828837
  },
  "login" : {
    "transaction" : "login",
    "sampleCount" : 5,
    "errorCount" : 0,
    "errorPct" : 0.0,
    "meanResTime" : 248.2,
    "medianResTime" : 57.0,
    "minResTime" : 43.0,
    "maxResTime" : 1008.0,
    "pct1ResTime" : 1008.0,
    "pct2ResTime" : 1008.0,
    "pct3ResTime" : 1008.0,
    "throughput" : 1.2619888944977284,
    "receivedKBytesPerSec" : 0.9883936458859162,
    "sentKBytesPerSec" : 0.31426481259464917
  },
  "create api key" : {
    "transaction" : "create api key",
    "sampleCount" : 5,
    "errorCount" : 0,
    "errorPct" : 0.0,
    "meanResTime" : 22.0,
    "medianResTime" : 16.0,
    "minResTime" : 14.0,
    "maxResTime" : 35.0,
    "pct1ResTime" : 35.0,
    "pct2ResTime" : 35.0,
    "pct3ResTime" : 35.0,
    "throughput" : 2.066115702479339,
    "receivedKBytesPerSec" : 1.3708193440082646,
    "sentKBytesPerSec" : 0.581095041322314
  }
}