{
  "zone activity" : {
    "transaction" : "zone activity",
    "sampleCount" : 5,
    "errorCount" : 0,
    "errorPct" : 0.0,
    "meanResTime" : 228.2,
    "medianResTime" : 237.0,
    "minResTime" : 176.0,
    "maxResTime" : 253.0,
    "pct1ResTime" : 253.0,
    "pct2ResTime" : 253.0,
    "pct3ResTime" : 253.0,
    "throughput" : 7.429420505200594,
    "receivedKBytesPerSec" : 2066.6834022102526,
    "sentKBytesPerSec" : 2.423268016344725
  },
  "Total" : {
    "transaction" : "Total",
    "sampleCount" : 15,
    "errorCount" : 0,
    "errorPct" : 0.0,
    "meanResTime" : 465.59999999999997,
    "medianResTime" : 176.0,
    "minResTime" : 37.0,
    "maxResTime" : 2701.0,
    "pct1ResTime" : 2167.6000000000004,
    "pct2ResTime" : 2701.0,
    "pct3ResTime" : 2701.0,
    "throughput" : 3.562099263832819,
    "receivedKBytesPerSec" : 332.0147845672049,
    "sentKBytesPerSec" : 1.016914405723106
  },
  "login" : {
    "transaction" : "login",
    "sampleCount" : 5,
    "errorCount" : 0,
    "errorPct" : 0.0,
    "meanResTime" : 1108.6,
    "medianResTime" : 813.0,
    "minResTime" : 106.0,
    "maxResTime" : 2701.0,
    "pct1ResTime" : 2701.0,
    "pct2ResTime" : 2701.0,
    "pct3ResTime" : 2701.0,
    "throughput" : 1.2518778167250877,
    "receivedKBytesPerSec" : 0.9804746181772659,
    "sentKBytesPerSec" : 0.3117469172508763
  },
  "create api key" : {
    "transaction" : "create api key",
    "sampleCount" : 5,
    "errorCount" : 0,
    "errorPct" : 0.0,
    "meanResTime" : 60.0,
    "medianResTime" : 64.0,
    "minResTime" : 37.0,
    "maxResTime" : 69.0,
    "pct1ResTime" : 69.0,
    "pct2ResTime" : 69.0,
    "pct3ResTime" : 69.0,
    "throughput" : 8.695652173913043,
    "receivedKBytesPerSec" : 5.774456521739131,
    "sentKBytesPerSec" : 2.4456521739130435
  }
}