{
  "zone activity" : {
    "transaction" : "zone activity",
    "sampleCount" : 5,
    "errorCount" : 0,
    "errorPct" : 0.0,
    "meanResTime" : 131.2,
    "medianResTime" : 114.0,
    "minResTime" : 112.0,
    "maxResTime" : 161.0,
    "pct1ResTime" : 161.0,
    "pct2ResTime" : 161.0,
    "pct3ResTime" : 161.0,
    "throughput" : 1.877581674802854,
    "receivedKBytesPerSec" : 522.2203723479159,
    "sentKBytesPerSec" : 0.6124143353360871
  },
  "Total" : {
    "transaction" : "Total",
    "sampleCount" : 15,
    "errorCount" : 0,
    "errorPct" : 0.0,
    "meanResTime" : 121.8,
    "medianResTime" : 54.0,
    "minResTime" : 18.0,
    "maxResTime" : 814.0,
    "pct1ResTime" : 422.2000000000002,
    "pct2ResTime" : 814.0,
    "pct3ResTime" : 814.0,
    "throughput" : 3.659429129055867,
    "receivedKBytesPerSec" : 341.0359233959502,
    "sentKBytesPerSec" : 1.0447003080019517
  },
  "login" : {
    "transaction" : "login",
    "sampleCount" : 5,
    "errorCount" : 0,
    "errorPct" : 0.0,
    "meanResTime" : 208.2,
    "medianResTime" : 54.0,
    "minResTime" : 51.0,
    "maxResTime" : 814.0,
    "pct1ResTime" : 814.0,
    "pct2ResTime" : 814.0,
    "pct3ResTime" : 814.0,
    "throughput" : 1.2610340479192939,
    "receivedKBytesPerSec" : 0.9876458070617907,
    "sentKBytesPerSec" : 0.3140270334174023
  },
  "create api key" : {
    "transaction" : "create api key",
    "sampleCount" : 5,
    "errorCount" : 0,
    "errorPct" : 0.0,
    "meanResTime" : 26.0,
    "medianResTime" : 18.0,
    "minResTime" : 18.0,
    "maxResTime" : 39.0,
    "pct1ResTime" : 39.0,
    "pct2ResTime" : 39.0,
    "pct3ResTime" : 39.0,
    "throughput" : 1.9230769230769231,
    "receivedKBytesPerSec" : 1.2759164663461537,
    "sentKBytesPerSec" : 0.5408653846153846
  }
}