{
  "zone activity" : {
    "transaction" : "zone activity",
    "sampleCount" : 5,
    "errorCount" : 0,
    "errorPct" : 0.0,
    "meanResTime" : 443.0,
    "medianResTime" : 395.0,
    "minResTime" : 380.0,
    "maxResTime" : 524.0,
    "pct1ResTime" : 524.0,
    "pct2ResTime" : 524.0,
    "pct3ResTime" : 524.0,
    "throughput" : 1.485001485001485,
    "receivedKBytesPerSec" : 413.1651182432432,
    "sentKBytesPerSec" : 0.48436571874071876
  },
  "Total" : {
    "transaction" : "Total",
    "sampleCount" : 15,
    "errorCount" : 0,
    "errorPct" : 0.0,
    "meanResTime" : 275.33333333333337,
    "medianResTime" : 229.0,
    "minResTime" : 73.0,
    "maxResTime" : 604.0,
    "pct1ResTime" : 556.0,
    "pct2ResTime" : 604.0,
    "pct3ResTime" : 604.0,
    "throughput" : 3.2425421530479897,
    "receivedKBytesPerSec" : 302.28282567282747,
    "sentKBytesPerSec" : 0.9256866758538693
  },
  "login" : {
    "transaction" : "login",
    "sampleCount" : 5,
    "errorCount" : 0,
    "errorPct" : 0.0,
    "meanResTime" : 304.0,
    "medianResTime" : 229.0,
    "minResTime" : 223.0,
    "maxResTime" : 604.0,
    "pct1ResTime" : 604.0,
    "pct2ResTime" : 604.0,
    "pct3ResTime" : 604.0,
    "throughput" : 1.2039489525644114,
    "receivedKBytesPerSec" : 0.9429365819889237,
    "sentKBytesPerSec" : 0.29981150674211415
  },
  "create api key" : {
    "transaction" : "create api key",
    "sampleCount" : 5,
    "errorCount" : 0,
    "errorPct" : 0.0,
    "meanResTime" : 79.0,
    "medianResTime" : 76.0,
    "minResTime" : 73.0,
    "maxResTime" : 88.0,
    "pct1ResTime" : 88.0,
    "pct2ResTime" : 88.0,
    "pct3ResTime" : 88.0,
    "throughput" : 1.6260162601626016,
    "receivedKBytesPerSec" : 1.0788236788617886,
    "sentKBytesPerSec" : 0.45731707317073167
  }
}