{
  "zone activity" : {
    "transaction" : "zone activity",
    "sampleCount" : 5,
    "errorCount" : 0,
    "errorPct" : 0.0,
    "meanResTime" : 872.6,
    "medianResTime" : 688.0,
    "minResTime" : 364.0,
    "maxResTime" : 1475.0,
    "pct1ResTime" : 1475.0,
    "pct2ResTime" : 1475.0,
    "pct3ResTime" : 1475.0,
    "throughput" : 1.586797841954935,
    "receivedKBytesPerSec" : 441.42546513011746,
    "sentKBytesPerSec" : 0.5175688273563949
  },
  "Total" : {
    "transaction" : "Total",
    "sampleCount" : 15,
    "errorCount" : 0,
    "errorPct" : 0.0,
    "meanResTime" : 434.5999999999999,
    "medianResTime" : 235.0,
    "minResTime" : 75.0,
    "maxResTime" : 1475.0,
    "pct1ResTime" : 1469.6,
    "pct2ResTime" : 1475.0,
    "pct3ResTime" : 1475.0,
    "throughput" : 3.258036490008688,
    "receivedKBytesPerSec" : 303.6848477546699,
    "sentKBytesPerSec" : 0.930110026607298
  },
  "login" : {
    "transaction" : "login",
    "sampleCount" : 5,
    "errorCount" : 0,
    "errorPct" : 0.0,
    "meanResTime" : 339.6,
    "medianResTime" : 235.0,
    "minResTime" : 225.0,
    "maxResTime" : 763.0,
    "pct1ResTime" : 763.0,
    "pct2ResTime" : 763.0,
    "pct3ResTime" : 763.0,
    "throughput" : 1.2039489525644114,
    "receivedKBytesPerSec" : 0.9429365819889237,
    "sentKBytesPerSec" : 0.29981150674211415
  },
  "create api key" : {
    "transaction" : "create api key",
    "sampleCount" : 5,
    "errorCount" : 0,
    "errorPct" : 0.0,
    "meanResTime" : 91.6,
    "medianResTime" : 77.0,
    "minResTime" : 75.0,
    "maxResTime" : 115.0,
    "pct1ResTime" : 115.0,
    "pct2ResTime" : 115.0,
    "pct3ResTime" : 115.0,
    "throughput" : 1.71939477303989,
    "receivedKBytesPerSec" : 1.140778133596974,
    "sentKBytesPerSec" : 0.4835797799174691
  }
}