{
  "zone activity" : {
    "transaction" : "zone activity",
    "sampleCount" : 5,
    "errorCount" : 0,
    "errorPct" : 0.0,
    "meanResTime" : 794.4,
    "medianResTime" : 857.0,
    "minResTime" : 217.0,
    "maxResTime" : 1347.0,
    "pct1ResTime" : 1347.0,
    "pct2ResTime" : 1347.0,
    "pct3ResTime" : 1347.0,
    "throughput" : 1.8436578171091444,
    "receivedKBytesPerSec" : 512.9959871635324,
    "sentKBytesPerSec" : 0.6013493270648967
  },
  "Total" : {
    "transaction" : "Total",
    "sampleCount" : 15,
    "errorCount" : 0,
    "errorPct" : 0.0,
    "meanResTime" : 386.6666666666667,
    "medianResTime" : 142.0,
    "minResTime" : 48.0,
    "maxResTime" : 1347.0,
    "pct1ResTime" : 1338.6,
    "pct2ResTime" : 1347.0,
    "pct3ResTime" : 1347.0,
    "throughput" : 3.4714186530895623,
    "receivedKBytesPerSec" : 323.6476383504976,
    "sentKBytesPerSec" : 0.9910267443878732
  },
  "login" : {
    "transaction" : "login",
    "sampleCount" : 5,
    "errorCount" : 0,
    "errorPct" : 0.0,
    "meanResTime" : 307.6,
    "medianResTime" : 142.0,
    "minResTime" : 138.0,
    "maxResTime" : 965.0,
    "pct1ResTime" : 965.0,
    "pct2ResTime" : 965.0,
    "pct3ResTime" : 965.0,
    "throughput" : 1.2342631449024932,
    "receivedKBytesPerSec" : 0.9666787521599605,
    "sentKBytesPerSec" : 0.30736045112317945
  },
  "create api key" : {
    "transaction" : "create api key",
    "sampleCount" : 5,
    "errorCount" : 0,
    "errorPct" : 0.0,
    "meanResTime" : 58.0,
    "medianResTime" : 49.0,
    "minResTime" : 48.0,
    "maxResTime" : 73.0,
    "pct1ResTime" : 73.0,
    "pct2ResTime" : 73.0,
    "pct3ResTime" : 73.0,
    "throughput" : 1.938735944164405,
    "receivedKBytesPerSec" : 1.287441837921675,
    "sentKBytesPerSec" : 0.5452694842962388
  }
}