{
  "zone activity" : {
    "transaction" : "zone activity",
    "sampleCount" : 5,
    "errorCount" : 0,
    "errorPct" : 0.0,
    "meanResTime" : 495.6,
    "medianResTime" : 445.0,
    "minResTime" : 81.0,
    "maxResTime" : 937.0,
    "pct1ResTime" : 937.0,
    "pct2ResTime" : 937.0,
    "pct3ResTime" : 937.0,
    "throughput" : 1.9623233908948192,
    "receivedKBytesPerSec" : 545.9747074911695,
    "sentKBytesPerSec" : 0.6400546997645212
  },
  "Total" : {
    "transaction" : "Total",
    "sampleCount" : 15,
    "errorCount" : 0,
    "errorPct" : 0.0,
    "meanResTime" : 247.93333333333334,
    "medianResTime" : 74.0,
    "minResTime" : 20.0,
    "maxResTime" : 937.0,
    "pct1ResTime" : 934.6,
    "pct2ResTime" : 937.0,
    "pct3ResTime" : 937.0,
    "throughput" : 3.6864094372081593,
    "receivedKBytesPerSec" : 343.6667197868027,
    "sentKBytesPerSec" : 1.052402694150897
  },
  "login" : {
    "transaction" : "login",
    "sampleCount" : 5,
    "errorCount" : 0,
    "errorPct" : 0.0,
    "meanResTime" : 218.2,
    "medianResTime" : 74.0,
    "minResTime" : 54.0,
    "maxResTime" : 832.0,
    "pct1ResTime" : 832.0,
    "pct2ResTime" : 832.0,
    "pct3ResTime" : 832.0,
    "throughput" : 1.2619888944977284,
    "receivedKBytesPerSec" : 0.9883936458859162,
    "sentKBytesPerSec" : 0.31426481259464917
  },
  "create api key" : {
    "transaction" : "create api key",
    "sampleCount" : 5,
    "errorCount" : 0,
    "errorPct" : 0.0,
    "meanResTime" : 30.0,
    "medianResTime" : 21.0,
    "minResTime" : 20.0,
    "maxResTime" : 46.0,
    "pct1ResTime" : 46.0,
    "pct2ResTime" : 46.0,
    "pct3ResTime" : 46.0,
    "throughput" : 1.9833399444664814,
    "receivedKBytesPerSec" : 1.317061681872273,
    "sentKBytesPerSec" : 0.5578143593811979
  }
}