{
  "zone activity" : {
    "transaction" : "zone activity",
    "sampleCount" : 5,
    "errorCount" : 0,
    "errorPct" : 0.0,
    "meanResTime" : 2174.4,
    "medianResTime" : 2432.0,
    "minResTime" : 1248.0,
    "maxResTime" : 2465.0,
    "pct1ResTime" : 2465.0,
    "pct2ResTime" : 2465.0,
    "pct3ResTime" : 2465.0,
    "throughput" : 2.025111381125962,
    "receivedKBytesPerSec" : 563.4876373278655,
    "sentKBytesPerSec" : 0.6605343762656947
  },
  "Total" : {
    "transaction" : "Total",
    "sampleCount" : 15,
    "errorCount" : 0,
    "errorPct" : 0.0,
    "meanResTime" : 1035.6000000000001,
    "medianResTime" : 270.0,
    "minResTime" : 83.0,
    "maxResTime" : 2465.0,
    "pct1ResTime" : 2459.0,
    "pct2ResTime" : 2465.0,
    "pct3ResTime" : 2465.0,
    "throughput" : 2.7149321266968323,
    "receivedKBytesPerSec" : 253.1198741515837,
    "sentKBytesPerSec" : 0.7750636312217194
  },
  "login" : {
    "transaction" : "login",
    "sampleCount" : 5,
    "errorCount" : 0,
    "errorPct" : 0.0,
    "meanResTime" : 837.8,
    "medianResTime" : 270.0,
    "minResTime" : 250.0,
    "maxResTime" : 2165.0,
    "pct1ResTime" : 2165.0,
    "pct2ResTime" : 2165.0,
    "pct3ResTime" : 2165.0,
    "throughput" : 1.199616122840691,
    "receivedKBytesPerSec" : 0.9395430962092131,
    "sentKBytesPerSec" : 0.2987325305902111
  },
  "create api key" : {
    "transaction" : "create api key",
    "sampleCount" : 5,
    "errorCount" : 0,
    "errorPct" : 0.0,
    "meanResTime" : 94.6,
    "medianResTime" : 99.0,
    "minResTime" : 83.0,
    "maxResTime" : 104.0,
    "pct1ResTime" : 104.0,
    "pct2ResTime" : 104.0,
    "pct3ResTime" : 104.0,
    "throughput" : 3.799392097264438,
    "receivedKBytesPerSec" : 2.5230338145896654,
    "sentKBytesPerSec" : 1.068579027355623
  }
}