{
  "zone activity" : {
    "transaction" : "zone activity",
    "sampleCount" : 10,
    "errorCount" : 0,
    "errorPct" : 0.0,
    "meanResTime" : 13.299999999999999,
    "medianResTime" : 12.5,
    "minResTime" : 12.0,
    "maxResTime" : 17.0,
    "pct1ResTime" : 16.9,
    "pct2ResTime" : 17.0,
    "pct3ResTime" : 17.0,
    "throughput" : 1.466275659824047,
    "receivedKBytesPerSec" : 22.876191348973606,
    "sentKBytesPerSec" : 0.4768259714076246
  },
  "Total" : {
    "transaction" : "Total",
    "sampleCount" : 30,
    "errorCount" : 0,
    "errorPct" : 0.0,
    "meanResTime" : 86.93333333333332,
    "medianResTime" : 15.0,
    "minResTime" : 9.0,
    "maxResTime" : 1479.0,
    "pct1ResTime" : 44.90000000000002,
    "pct2ResTime" : 977.3999999999994,
    "pct3ResTime" : 1479.0,
    "throughput" : 3.347467083240348,
    "receivedKBytesPerSec" : 21.28921505383843,
    "sentKBytesPerSec" : 0.9556408307297478
  },
  "login" : {
    "transaction" : "login",
    "sampleCount" : 10,
    "errorCount" : 0,
    "errorPct" : 0.0,
    "meanResTime" : 230.5,
    "medianResTime" : 31.5,
    "minResTime" : 28.0,
    "maxResTime" : 1479.0,
    "pct1ResTime" : 1387.8000000000002,
    "pct2ResTime" : 1479.0,
    "pct3ResTime" : 1479.0,
    "throughput" : 1.1188185276348177,
    "receivedKBytesPerSec" : 2.0125622342805998,
    "sentKBytesPerSec" : 0.27970463190870437
  },
  "create api key" : {
    "transaction" : "create api key",
    "sampleCount" : 10,
    "errorCount" : 0,
    "errorPct" : 0.0,
    "meanResTime" : 17.0,
    "medianResTime" : 11.0,
    "minResTime" : 9.0,
    "maxResTime" : 35.0,
    "pct1ResTime" : 34.7,
    "pct2ResTime" : 35.0,
    "pct3ResTime" : 35.0,
    "throughput" : 1.4598540145985401,
    "receivedKBytesPerSec" : 2.4511005930656937,
    "sentKBytesPerSec" : 0.41058394160583944
  }
}