{
  "zone activity" : {
    "transaction" : "zone activity",
    "sampleCount" : 5,
    "errorCount" : 0,
    "errorPct" : 0.0,
    "meanResTime" : 114.4,
    "medianResTime" : 107.0,
    "minResTime" : 91.0,
    "maxResTime" : 141.0,
    "pct1ResTime" : 141.0,
    "pct2ResTime" : 141.0,
    "pct3ResTime" : 141.0,
    "throughput" : 2.1385799828913603,
    "receivedKBytesPerSec" : 595.0206172476476,
    "sentKBytesPerSec" : 0.6975446428571428
  },
  "Total" : {
    "transaction" : "Total",
    "sampleCount" : 15,
    "errorCount" : 0,
    "errorPct" : 0.0,
    "meanResTime" : 141.73333333333335,
    "medianResTime" : 57.0,
    "minResTime" : 18.0,
    "maxResTime" : 1076.0,
    "pct1ResTime" : 531.8000000000003,
    "pct2ResTime" : 1076.0,
    "pct3ResTime" : 1076.0,
    "throughput" : 3.667481662591687,
    "receivedKBytesPerSec" : 341.90527582518337,
    "sentKBytesPerSec" : 1.0469991595354524
  },
  "login" : {
    "transaction" : "login",
    "sampleCount" : 5,
    "errorCount" : 0,
    "errorPct" : 0.0,
    "meanResTime" : 281.6,
    "medianResTime" : 57.0,
    "minResTime" : 52.0,
    "maxResTime" : 1076.0,
    "pct1ResTime" : 1076.0,
    "pct2ResTime" : 1076.0,
    "pct3ResTime" : 1076.0,
    "throughput" : 1.2626262626262628,
    "receivedKBytesPerSec" : 0.9888928345959596,
    "sentKBytesPerSec" : 0.3144235321969697
  },
  "create api key" : {
    "transaction" : "create api key",
    "sampleCount" : 5,
    "errorCount" : 0,
    "errorPct" : 0.0,
    "meanResTime" : 29.2,
    "medianResTime" : 22.0,
    "minResTime" : 18.0,
    "maxResTime" : 43.0,
    "pct1ResTime" : 43.0,
    "pct2ResTime" : 43.0,
    "pct3ResTime" : 43.0,
    "throughput" : 2.182453077258839,
    "receivedKBytesPerSec" : 1.4484327258838936,
    "sentKBytesPerSec" : 0.6138149279790485
  }
}