{
  "zone activity" : {
    "transaction" : "zone activity",
    "sampleCount" : 5,
    "errorCount" : 0,
    "errorPct" : 0.0,
    "meanResTime" : 1217.8,
    "medianResTime" : 1698.0,
    "minResTime" : 157.0,
    "maxResTime" : 1702.0,
    "pct1ResTime" : 1702.0,
    "pct2ResTime" : 1702.0,
    "pct3ResTime" : 1702.0,
    "throughput" : 2.485089463220676,
    "receivedKBytesPerSec" : 691.4135305355368,
    "sentKBytesPerSec" : 0.8105662897614314
  },
  "Total" : {
    "transaction" : "Total",
    "sampleCount" : 15,
    "errorCount" : 0,
    "errorPct" : 0.0,
    "meanResTime" : 579.7333333333333,
    "medianResTime" : 101.0,
    "minResTime" : 30.0,
    "maxResTime" : 1702.0,
    "pct1ResTime" : 1700.2,
    "pct2ResTime" : 1702.0,
    "pct3ResTime" : 1702.0,
    "throughput" : 3.586800573888092,
    "receivedKBytesPerSec" : 334.3755137344572,
    "sentKBytesPerSec" : 1.0239661794595887
  },
  "login" : {
    "transaction" : "login",
    "sampleCount" : 5,
    "errorCount" : 0,
    "errorPct" : 0.0,
    "meanResTime" : 470.6,
    "medianResTime" : 101.0,
    "minResTime" : 90.0,
    "maxResTime" : 1487.0,
    "pct1ResTime" : 1487.0,
    "pct2ResTime" : 1487.0,
    "pct3ResTime" : 1487.0,
    "throughput" : 1.252191334835963,
    "receivedKBytesPerSec" : 0.9807201665414476,
    "sentKBytesPerSec" : 0.311824990608565
  },
  "create api key" : {
    "transaction" : "create api key",
    "sampleCount" : 5,
    "errorCount" : 0,
    "errorPct" : 0.0,
    "meanResTime" : 50.8,
    "medianResTime" : 56.0,
    "minResTime" : 30.0,
    "maxResTime" : 76.0,
    "pct1ResTime" : 76.0,
    "pct2ResTime" : 76.0,
    "pct3ResTime" : 76.0,
    "throughput" : 2.596053997923157,
    "receivedKBytesPerSec" : 1.7229280244029077,
    "sentKBytesPerSec" : 0.7301401869158879
  }
}