{
  "zone activity" : {
    "transaction" : "zone activity",
    "sampleCount" : 5,
    "errorCount" : 0,
    "errorPct" : 0.0,
    "meanResTime" : 1503.6,
    "medianResTime" : 1956.0,
    "minResTime" : 401.0,
    "maxResTime" : 2101.0,
    "pct1ResTime" : 2101.0,
    "pct2ResTime" : 2101.0,
    "pct3ResTime" : 2101.0,
    "throughput" : 1.9896538002387585,
    "receivedKBytesPerSec" : 553.4556245025866,
    "sentKBytesPerSec" : 0.6489691106247513
  },
  "Total" : {
    "transaction" : "Total",
    "sampleCount" : 15,
    "errorCount" : 0,
    "errorPct" : 0.0,
    "meanResTime" : 707.4,
    "medianResTime" : 253.0,
    "minResTime" : 77.0,
    "maxResTime" : 2101.0,
    "pct1ResTime" : 2099.2,
    "pct2ResTime" : 2101.0,
    "pct3ResTime" : 2101.0,
    "throughput" : 3.2530904359141184,
    "receivedKBytesPerSec" : 303.2032774886142,
    "sentKBytesPerSec" : 0.9286980183257428
  },
  "login" : {
    "transaction" : "login",
    "sampleCount" : 5,
    "errorCount" : 0,
    "errorPct" : 0.0,
    "meanResTime" : 523.4,
    "medianResTime" : 253.0,
    "minResTime" : 229.0,
    "maxResTime" : 1396.0,
    "pct1ResTime" : 1396.0,
    "pct2ResTime" : 1396.0,
    "pct3ResTime" : 1396.0,
    "throughput" : 1.2103606874848705,
    "receivedKBytesPerSec" : 0.9479582728152989,
    "sentKBytesPerSec" : 0.3014081790123457
  },
  "create api key" : {
    "transaction" : "create api key",
    "sampleCount" : 5,
    "errorCount" : 0,
    "errorPct" : 0.0,
    "meanResTime" : 95.2,
    "medianResTime" : 84.0,
    "minResTime" : 77.0,
    "maxResTime" : 123.0,
    "pct1ResTime" : 123.0,
    "pct2ResTime" : 123.0,
    "pct3ResTime" : 123.0,
    "throughput" : 2.232142857142857,
    "receivedKBytesPerSec" : 1.4822823660714284,
    "sentKBytesPerSec" : 0.6277901785714285
  }
}