{
  "zone activity" : {
    "transaction" : "zone activity",
    "sampleCount" : 5,
    "errorCount" : 0,
    "errorPct" : 0.0,
    "meanResTime" : 96.6,
    "medianResTime" : 98.0,
    "minResTime" : 87.0,
    "maxResTime" : 106.0,
    "pct1ResTime" : 106.0,
    "pct2ResTime" : 106.0,
    "pct3ResTime" : 106.0,
    "throughput" : 2.5839793281653747,
    "receivedKBytesPerSec" : 718.9236111111111,
    "sentKBytesPerSec" : 0.8428213824289406
  },
  "Total" : {
    "transaction" : "Total",
    "sampleCount" : 15,
    "errorCount" : 0,
    "errorPct" : 0.0,
    "meanResTime" : 176.9333333333333,
    "medianResTime" : 57.0,
    "minResTime" : 14.0,
    "maxResTime" : 1306.0,
    "pct1ResTime" : 868.0000000000002,
    "pct2ResTime" : 1306.0,
    "pct3ResTime" : 1306.0,
    "throughput" : 3.8729666924864445,
    "receivedKBytesPerSec" : 361.05126839659175,
    "sentKBytesPerSec" : 1.1056613897495482
  },
  "login" : {
    "transaction" : "login",
    "sampleCount" : 5,
    "errorCount" : 0,
    "errorPct" : 0.0,
    "meanResTime" : 406.99999999999994,
    "medianResTime" : 57.0,
    "minResTime" : 42.0,
    "maxResTime" : 1306.0,
    "pct1ResTime" : 1306.0,
    "pct2ResTime" : 1306.0,
    "pct3ResTime" : 1306.0,
    "throughput" : 1.3266118333775536,
    "receivedKBytesPerSec" : 1.0390065335632794,
    "sentKBytesPerSec" : 0.3303574389758557
  },
  "create api key" : {
    "transaction" : "create api key",
    "sampleCount" : 5,
    "errorCount" : 0,
    "errorPct" : 0.0,
    "meanResTime" : 27.2,
    "medianResTime" : 29.0,
    "minResTime" : 14.0,
    "maxResTime" : 43.0,
    "pct1ResTime" : 43.0,
    "pct2ResTime" : 43.0,
    "pct3ResTime" : 43.0,
    "throughput" : 2.641310089804543,
    "receivedKBytesPerSec" : 1.7529632197569995,
    "sentKBytesPerSec" : 0.7428684627575277
  }
}