{
  "zone activity" : {
    "transaction" : "zone activity",
    "sampleCount" : 5,
    "errorCount" : 0,
    "errorPct" : 0.0,
    "meanResTime" : 596.0,
    "medianResTime" : 802.0,
    "minResTime" : 281.0,
    "maxResTime" : 810.0,
    "pct1ResTime" : 810.0,
    "pct2ResTime" : 810.0,
    "pct3ResTime" : 810.0,
    "throughput" : 2.295684113865932,
    "receivedKBytesPerSec" : 638.9579387626263,
    "sentKBytesPerSec" : 0.7487875918273645
  },
  "Total" : {
    "transaction" : "Total",
    "sampleCount" : 15,
    "errorCount" : 0,
    "errorPct" : 0.0,
    "meanResTime" : 409.6666666666667,
    "medianResTime" : 190.0,
    "minResTime" : 60.0,
    "maxResTime" : 1582.0,
    "pct1ResTime" : 1118.8000000000002,
    "pct2ResTime" : 1582.0,
    "pct3ResTime" : 1582.0,
    "throughput" : 3.390596745027125,
    "receivedKBytesPerSec" : 316.20382960838606,
    "sentKBytesPerSec" : 0.9679535629520795
  },
  "login" : {
    "transaction" : "login",
    "sampleCount" : 5,
    "errorCount" : 0,
    "errorPct" : 0.0,
    "meanResTime" : 561.6,
    "medianResTime" : 190.0,
    "minResTime" : 178.0,
    "maxResTime" : 1582.0,
    "pct1ResTime" : 1582.0,
    "pct2ResTime" : 1582.0,
    "pct3ResTime" : 1582.0,
    "throughput" : 1.2257906349595489,
    "receivedKBytesPerSec" : 0.960043055896053,
    "sentKBytesPerSec" : 0.30525059757293455
  },
  "create api key" : {
    "transaction" : "create api key",
    "sampleCount" : 5,
    "errorCount" : 0,
    "errorPct" : 0.0,
    "meanResTime" : 71.4,
    "medianResTime" : 77.0,
    "minResTime" : 60.0,
    "maxResTime" : 80.0,
    "pct1ResTime" : 80.0,
    "pct2ResTime" : 80.0,
    "pct3ResTime" : 80.0,
    "throughput" : 2.5163563160543534,
    "receivedKBytesPerSec" : 1.6705263902868646,
    "sentKBytesPerSec" : 0.7077252138902869
  }
}