{
  "zone activity" : {
    "transaction" : "zone activity",
    "sampleCount" : 5,
    "errorCount" : 0,
    "errorPct" : 0.0,
    "meanResTime" : 181.2,
    "medianResTime" : 170.0,
    "minResTime" : 151.0,
    "maxResTime" : 215.0,
    "pct1ResTime" : 215.0,
    "pct2ResTime" : 215.0,
    "pct3ResTime" : 215.0,
    "throughput" : 1.8960940462646947,
    "receivedKBytesPerSec" : 527.5503946245734,
    "sentKBytesPerSec" : 0.6184525502464923
  },
  "Total" : {
    "transaction" : "Total",
    "sampleCount" : 15,
    "errorCount" : 0,
    "errorPct" : 0.0,
    "meanResTime" : 151.99999999999997,
    "medianResTime" : 94.0,
    "minResTime" : 28.0,
    "maxResTime" : 818.0,
    "pct1ResTime" : 456.2000000000002,
    "pct2ResTime" : 818.0,
    "pct3ResTime" : 818.0,
    "throughput" : 3.687315634218289,
    "receivedKBytesPerSec" : 343.75216053650445,
    "sentKBytesPerSec" : 1.052661396878073
  },
  "login" : {
    "transaction" : "login",
    "sampleCount" : 5,
    "errorCount" : 0,
    "errorPct" : 0.0,
    "meanResTime" : 237.2,
    "medianResTime" : 94.0,
    "minResTime" : 84.0,
    "maxResTime" : 818.0,
    "pct1ResTime" : 818.0,
    "pct2ResTime" : 818.0,
    "pct3ResTime" : 818.0,
    "throughput" : 1.2926577042399172,
    "receivedKBytesPerSec" : 1.012413553516029,
    "sentKBytesPerSec" : 0.3219020650206825
  },
  "create api key" : {
    "transaction" : "create api key",
    "sampleCount" : 5,
    "errorCount" : 0,
    "errorPct" : 0.0,
    "meanResTime" : 37.6,
    "medianResTime" : 29.0,
    "minResTime" : 28.0,
    "maxResTime" : 58.0,
    "pct1ResTime" : 58.0,
    "pct2ResTime" : 58.0,
    "pct3ResTime" : 58.0,
    "throughput" : 1.9770660340055357,
    "receivedKBytesPerSec" : 1.311736976077501,
    "sentKBytesPerSec" : 0.556049822064057
  }
}