{
  "zone activity" : {
    "transaction" : "zone activity",
    "sampleCount" : 5,
    "errorCount" : 0,
    "errorPct" : 0.0,
    "meanResTime" : 147.6,
    "medianResTime" : 147.0,
    "minResTime" : 144.0,
    "maxResTime" : 150.0,
    "pct1ResTime" : 150.0,
    "pct2ResTime" : 150.0,
    "pct3ResTime" : 150.0,
    "throughput" : 2.002402883460152,
    "receivedKBytesPerSec" : 557.3516344613537,
    "sentKBytesPerSec" : 0.6531275030036043
  },
  "Total" : {
    "transaction" : "Total",
    "sampleCount" : 15,
    "errorCount" : 0,
    "errorPct" : 0.0,
    "meanResTime" : 151.53333333333333,
    "medianResTime" : 95.0,
    "minResTime" : 30.0,
    "maxResTime" : 966.0,
    "pct1ResTime" : 476.4000000000003,
    "pct2ResTime" : 966.0,
    "pct3ResTime" : 966.0,
    "throughput" : 3.5971223021582737,
    "receivedKBytesPerSec" : 335.47732126798564,
    "sentKBytesPerSec" : 1.0269128447242206
  },
  "login" : {
    "transaction" : "login",
    "sampleCount" : 5,
    "errorCount" : 0,
    "errorPct" : 0.0,
    "meanResTime" : 267.2,
    "medianResTime" : 95.0,
    "minResTime" : 87.0,
    "maxResTime" : 966.0,
    "pct1ResTime" : 966.0,
    "pct2ResTime" : 966.0,
    "pct3ResTime" : 966.0,
    "throughput" : 1.254075746175069,
    "receivedKBytesPerSec" : 0.9821960433910208,
    "sentKBytesPerSec" : 0.31229425319789317
  },
  "create api key" : {
    "transaction" : "create api key",
    "sampleCount" : 5,
    "errorCount" : 0,
    "errorPct" : 0.0,
    "meanResTime" : 39.8,
    "medianResTime" : 32.0,
    "minResTime" : 30.0,
    "maxResTime" : 56.0,
    "pct1ResTime" : 56.0,
    "pct2ResTime" : 56.0,
    "pct3ResTime" : 56.0,
    "throughput" : 2.0721094073767095,
    "receivedKBytesPerSec" : 1.3747960267302115,
    "sentKBytesPerSec" : 0.5827807708246996
  }
}