{
  "zone activity" : {
    "transaction" : "zone activity",
    "sampleCount" : 5,
    "errorCount" : 0,
    "errorPct" : 0.0,
    "meanResTime" : 1374.0,
    "medianResTime" : 1630.0,
    "minResTime" : 390.0,
    "maxResTime" : 2120.0,
    "pct1ResTime" : 2120.0,
    "pct2ResTime" : 2120.0,
    "pct3ResTime" : 2120.0,
    "throughput" : 1.751927119831815,
    "receivedKBytesPerSec" : 487.462429375438,
    "sentKBytesPerSec" : 0.5714293535388928
  },
  "Total" : {
    "transaction" : "Total",
    "sampleCount" : 15,
    "errorCount" : 0,
    "errorPct" : 0.0,
    "meanResTime" : 617.6666666666666,
    "medianResTime" : 234.0,
    "minResTime" : 75.0,
    "maxResTime" : 2120.0,
    "pct1ResTime" : 2107.4,
    "pct2ResTime" : 2120.0,
    "pct3ResTime" : 2120.0,
    "throughput" : 3.260869565217391,
    "receivedKBytesPerSec" : 304.0111243206522,
    "sentKBytesPerSec" : 0.9309188179347827
  },
  "login" : {
    "transaction" : "login",
    "sampleCount" : 5,
    "errorCount" : 0,
    "errorPct" : 0.0,
    "meanResTime" : 394.2,
    "medianResTime" : 234.0,
    "minResTime" : 226.0,
    "maxResTime" : 1044.0,
    "pct1ResTime" : 1044.0,
    "pct2ResTime" : 1044.0,
    "pct3ResTime" : 1044.0,
    "throughput" : 1.2100677637947725,
    "receivedKBytesPerSec" : 0.9477288540658277,
    "sentKBytesPerSec" : 0.3013352341481123
  },
  "create api key" : {
    "transaction" : "create api key",
    "sampleCount" : 5,
    "errorCount" : 0,
    "errorPct" : 0.0,
    "meanResTime" : 84.8,
    "medianResTime" : 78.0,
    "minResTime" : 75.0,
    "maxResTime" : 99.0,
    "pct1ResTime" : 99.0,
    "pct2ResTime" : 99.0,
    "pct3ResTime" : 99.0,
    "throughput" : 1.944012441679627,
    "receivedKBytesPerSec" : 1.2898066922628304,
    "sentKBytesPerSec" : 0.546753499222395
  }
}