{
  "zone activity" : {
    "transaction" : "zone activity",
    "sampleCount" : 5,
    "errorCount" : 0,
    "errorPct" : 0.0,
    "meanResTime" : 1113.2,
    "medianResTime" : 1453.0,
    "minResTime" : 397.0,
    "maxResTime" : 1623.0,
    "pct1ResTime" : 1623.0,
    "pct2ResTime" : 1623.0,
    "pct3ResTime" : 1623.0,
    "throughput" : 1.9569471624266144,
    "receivedKBytesPerSec" : 544.5109925391389,
    "sentKBytesPerSec" : 0.6383011252446184
  },
  "Total" : {
    "transaction" : "Total",
    "sampleCount" : 15,
    "errorCount" : 0,
    "errorPct" : 0.0,
    "meanResTime" : 574.4666666666666,
    "medianResTime" : 239.0,
    "minResTime" : 75.0,
    "maxResTime" : 1623.0,
    "pct1ResTime" : 1618.2,
    "pct2ResTime" : 1623.0,
    "pct3ResTime" : 1623.0,
    "throughput" : 3.246753246753247,
    "receivedKBytesPerSec" : 302.6967498647186,
    "sentKBytesPerSec" : 0.9268888663419913
  },
  "login" : {
    "transaction" : "login",
    "sampleCount" : 5,
    "errorCount" : 0,
    "errorPct" : 0.0,
    "meanResTime" : 505.4,
    "medianResTime" : 239.0,
    "minResTime" : 229.0,
    "maxResTime" : 1366.0,
    "pct1ResTime" : 1366.0,
    "pct2ResTime" : 1366.0,
    "pct3ResTime" : 1366.0,
    "throughput" : 1.2077294685990339,
    "receivedKBytesPerSec" : 0.9458974939613527,
    "sentKBytesPerSec" : 0.3007529438405797
  },
  "create api key" : {
    "transaction" : "create api key",
    "sampleCount" : 5,
    "errorCount" : 0,
    "errorPct" : 0.0,
    "meanResTime" : 104.8,
    "medianResTime" : 80.0,
    "minResTime" : 75.0,
    "maxResTime" : 149.0,
    "pct1ResTime" : 149.0,
    "pct2ResTime" : 149.0,
    "pct3ResTime" : 149.0,
    "throughput" : 2.1542438604049976,
    "receivedKBytesPerSec" : 1.4292903112882378,
    "sentKBytesPerSec" : 0.6058810857389056
  }
}