{
  "zone activity" : {
    "transaction" : "zone activity",
    "sampleCount" : 5,
    "errorCount" : 0,
    "errorPct" : 0.0,
    "meanResTime" : 292.0,
    "medianResTime" : 292.0,
    "minResTime" : 257.0,
    "maxResTime" : 318.0,
    "pct1ResTime" : 318.0,
    "pct2ResTime" : 318.0,
    "pct3ResTime" : 318.0,
    "throughput" : 1.9157088122605364,
    "receivedKBytesPerSec" : 533.210608237548,
    "sentKBytesPerSec" : 0.6248503352490422
  },
  "Total" : {
    "transaction" : "Total",
    "sampleCount" : 15,
    "errorCount" : 0,
    "errorPct" : 0.0,
    "meanResTime" : 245.66666666666666,
    "medianResTime" : 174.0,
    "minResTime" : 54.0,
    "maxResTime" : 1142.0,
    "pct1ResTime" : 647.6000000000004,
    "pct2ResTime" : 1142.0,
    "pct3ResTime" : 1142.0,
    "throughput" : 3.3852403520649967,
    "receivedKBytesPerSec" : 315.7104685031596,
    "sentKBytesPerSec" : 0.966424410403972
  },
  "login" : {
    "transaction" : "login",
    "sampleCount" : 5,
    "errorCount" : 0,
    "errorPct" : 0.0,
    "meanResTime" : 377.4,
    "medianResTime" : 174.0,
    "minResTime" : 164.0,
    "maxResTime" : 1142.0,
    "pct1ResTime" : 1142.0,
    "pct2ResTime" : 1142.0,
    "pct3ResTime" : 1142.0,
    "throughput" : 1.2251899044351875,
    "receivedKBytesPerSec" : 0.9595725618720901,
    "sentKBytesPerSec" : 0.30510100159274683
  },
  "create api key" : {
    "transaction" : "create api key",
    "sampleCount" : 5,
    "errorCount" : 0,
    "errorPct" : 0.0,
    "meanResTime" : 67.6,
    "medianResTime" : 60.0,
    "minResTime" : 54.0,
    "maxResTime" : 85.0,
    "pct1ResTime" : 85.0,
    "pct2ResTime" : 85.0,
    "pct3ResTime" : 85.0,
    "throughput" : 2.06953642384106,
    "receivedKBytesPerSec" : 1.3730889124586094,
    "sentKBytesPerSec" : 0.582057119205298
  }
}