{
  "zone activity" : {
    "transaction" : "zone activity",
    "sampleCount" : 10,
    "errorCount" : 1,
    "errorPct" : 10.0,
    "meanResTime" : 16.1,
    "medianResTime" : 14.0,
    "minResTime" : 13.0,
    "maxResTime" : 34.0,
    "pct1ResTime" : 32.2,
    "pct2ResTime" : 34.0,
    "pct3ResTime" : 34.0,
    "throughput" : 1.3478905512872354,
    "receivedKBytesPerSec" : 21.02919867906726,
    "sentKBytesPerSec" : 0.4383276890416498
  },
  "Total" : {
    "transaction" : "Total",
    "sampleCount" : 30,
    "errorCount" : 1,
    "errorPct" : 3.3333333,
    "meanResTime" : 52.7,
    "medianResTime" : 16.0,
    "minResTime" : 10.0,
    "maxResTime" : 950.0,
    "pct1ResTime" : 42.10000000000002,
    "pct2ResTime" : 461.59999999999934,
    "pct3ResTime" : 950.0,
    "throughput" : 3.348961821835231,
    "receivedKBytesPerSec" : 21.298612273945075,
    "sentKBytesPerSec" : 0.956067551350748
  },
  "login" : {
    "transaction" : "login",
    "sampleCount" : 10,
    "errorCount" : 0,
    "errorPct" : 0.0,
    "meanResTime" : 126.8,
    "medianResTime" : 32.0,
    "minResTime" : 27.0,
    "maxResTime" : 950.0,
    "pct1ResTime" : 861.2000000000003,
    "pct2ResTime" : 950.0,
    "pct3ResTime" : 950.0,
    "throughput" : 1.119444755401321,
    "receivedKBytesPerSec" : 2.013688710399642,
    "sentKBytesPerSec" : 0.27986118885033023
  },
  "create api key" : {
    "transaction" : "create api key",
    "sampleCount" : 10,
    "errorCount" : 0,
    "errorPct" : 0.0,
    "meanResTime" : 15.200000000000001,
    "medianResTime" : 10.0,
    "minResTime" : 10.0,
    "maxResTime" : 31.0,
    "pct1ResTime" : 30.9,
    "pct2ResTime" : 31.0,
    "pct3ResTime" : 31.0,
    "throughput" : 1.3421017313112333,
    "receivedKBytesPerSec" : 2.2532629848342505,
    "sentKBytesPerSec" : 0.37746611193128443
  }
}