{
  "zone activity" : {
    "transaction" : "zone activity",
    "sampleCount" : 10,
    "errorCount" : 0,
    "errorPct" : 0.0,
    "meanResTime" : 51.0,
    "medianResTime" : 50.5,
    "minResTime" : 49.0,
    "maxResTime" : 54.0,
    "pct1ResTime" : 54.0,
    "pct2ResTime" : 54.0,
    "pct3ResTime" : 54.0,
    "throughput" : 1.3520822065981613,
    "receivedKBytesPerSec" : 21.094595051379123,
    "sentKBytesPerSec" : 0.4396907957003786
  },
  "Total" : {
    "transaction" : "Total",
    "sampleCount" : 30,
    "errorCount" : 0,
    "errorPct" : 0.0,
    "meanResTime" : 91.5,
    "medianResTime" : 50.5,
    "minResTime" : 28.0,
    "maxResTime" : 1081.0,
    "pct1ResTime" : 91.9,
    "pct2ResTime" : 577.7499999999993,
    "pct3ResTime" : 1081.0,
    "throughput" : 3.304692663582287,
    "receivedKBytesPerSec" : 21.01707080304032,
    "sentKBytesPerSec" : 0.9434295136593964
  },
  "login" : {
    "transaction" : "login",
    "sampleCount" : 10,
    "errorCount" : 0,
    "errorPct" : 0.0,
    "meanResTime" : 192.4,
    "medianResTime" : 84.0,
    "minResTime" : 80.0,
    "maxResTime" : 1081.0,
    "pct1ResTime" : 989.5000000000003,
    "pct2ResTime" : 1081.0,
    "pct3ResTime" : 1081.0,
    "throughput" : 1.1116051578479322,
    "receivedKBytesPerSec" : 1.9995866218319251,
    "sentKBytesPerSec" : 0.2779012894619831
  },
  "create api key" : {
    "transaction" : "create api key",
    "sampleCount" : 10,
    "errorCount" : 0,
    "errorPct" : 0.0,
    "meanResTime" : 31.099999999999998,
    "medianResTime" : 29.0,
    "minResTime" : 28.0,
    "maxResTime" : 44.0,
    "pct1ResTime" : 43.5,
    "pct2ResTime" : 44.0,
    "pct3ResTime" : 44.0,
    "throughput" : 1.3518994186832498,
    "receivedKBytesPerSec" : 2.269712383398675,
    "sentKBytesPerSec" : 0.38022171150466405
  }
}