{
  "zone activity" : {
    "transaction" : "zone activity",
    "sampleCount" : 5,
    "errorCount" : 0,
    "errorPct" : 0.0,
    "meanResTime" : 957.2,
    "medianResTime" : 1155.0,
    "minResTime" : 100.0,
    "maxResTime" : 1691.0,
    "pct1ResTime" : 1691.0,
    "pct2ResTime" : 1691.0,
    "pct3ResTime" : 1691.0,
    "throughput" : 1.9062142584826536,
    "receivedKBytesPerSec" : 530.2656190430804,
    "sentKBytesPerSec" : 0.6217534788410217
  },
  "Total" : {
    "transaction" : "Total",
    "sampleCount" : 15,
    "errorCount" : 0,
    "errorPct" : 0.0,
    "meanResTime" : 402.2666666666667,
    "medianResTime" : 64.0,
    "minResTime" : 19.0,
    "maxResTime" : 1691.0,
    "pct1ResTime" : 1686.2,
    "pct2ResTime" : 1691.0,
    "pct3ResTime" : 1691.0,
    "throughput" : 3.669275929549902,
    "receivedKBytesPerSec" : 342.00661616316046,
    "sentKBytesPerSec" : 1.0475113900440314
  },
  "login" : {
    "transaction" : "login",
    "sampleCount" : 5,
    "errorCount" : 0,
    "errorPct" : 0.0,
    "meanResTime" : 214.59999999999997,
    "medianResTime" : 59.0,
    "minResTime" : 52.0,
    "maxResTime" : 830.0,
    "pct1ResTime" : 830.0,
    "pct2ResTime" : 830.0,
    "pct3ResTime" : 830.0,
    "throughput" : 1.2610340479192939,
    "receivedKBytesPerSec" : 0.9876458070617907,
    "sentKBytesPerSec" : 0.3140270334174023
  },
  "create api key" : {
    "transaction" : "create api key",
    "sampleCount" : 5,
    "errorCount" : 0,
    "errorPct" : 0.0,
    "meanResTime" : 35.0,
    "medianResTime" : 23.0,
    "minResTime" : 19.0,
    "maxResTime" : 64.0,
    "pct1ResTime" : 64.0,
    "pct2ResTime" : 64.0,
    "pct3ResTime" : 64.0,
    "throughput" : 1.934984520123839,
    "receivedKBytesPerSec" : 1.2849506578947367,
    "sentKBytesPerSec" : 0.5442143962848297
  }
}