{
  "zone activity" : {
    "transaction" : "zone activity",
    "sampleCount" : 5,
    "errorCount" : 0,
    "errorPct" : 0.0,
    "meanResTime" : 382.0,
    "medianResTime" : 228.0,
    "minResTime" : 139.0,
    "maxResTime" : 698.0,
    "pct1ResTime" : 698.0,
    "pct2ResTime" : 698.0,
    "pct3ResTime" : 698.0,
    "throughput" : 1.924557351809084,
    "receivedKBytesPerSec" : 535.6885103926097,
    "sentKBytesPerSec" : 0.6277364799846036
  },
  "Total" : {
    "transaction" : "Total",
    "sampleCount" : 15,
    "errorCount" : 0,
    "errorPct" : 0.0,
    "meanResTime" : 228.93333333333337,
    "medianResTime" : 93.0,
    "minResTime" : 30.0,
    "maxResTime" : 947.0,
    "pct1ResTime" : 797.6000000000001,
    "pct2ResTime" : 947.0,
    "pct3ResTime" : 947.0,
    "throughput" : 3.58337314859054,
    "receivedKBytesPerSec" : 334.19783765826566,
    "sentKBytesPerSec" : 1.0229877120162447
  },
  "login" : {
    "transaction" : "login",
    "sampleCount" : 5,
    "errorCount" : 0,
    "errorPct" : 0.0,
    "meanResTime" : 265.0,
    "medianResTime" : 93.0,
    "minResTime" : 87.0,
    "maxResTime" : 947.0,
    "pct1ResTime" : 947.0,
    "pct2ResTime" : 947.0,
    "pct3ResTime" : 947.0,
    "throughput" : 1.2490632025980515,
    "receivedKBytesPerSec" : 0.978270203597302,
    "sentKBytesPerSec" : 0.3110460123657257
  },
  "create api key" : {
    "transaction" : "create api key",
    "sampleCount" : 5,
    "errorCount" : 0,
    "errorPct" : 0.0,
    "meanResTime" : 39.8,
    "medianResTime" : 32.0,
    "minResTime" : 30.0,
    "maxResTime" : 58.0,
    "pct1ResTime" : 58.0,
    "pct2ResTime" : 58.0,
    "pct3ResTime" : 58.0,
    "throughput" : 1.9896538002387585,
    "receivedKBytesPerSec" : 1.3200886639474732,
    "sentKBytesPerSec" : 0.5595901313171509
  }
}