{
  "zone activity" : {
    "transaction" : "zone activity",
    "sampleCount" : 5,
    "errorCount" : 0,
    "errorPct" : 0.0,
    "meanResTime" : 350.4,
    "medianResTime" : 346.0,
    "minResTime" : 325.0,
    "maxResTime" : 385.0,
    "pct1ResTime" : 385.0,
    "pct2ResTime" : 385.0,
    "pct3ResTime" : 385.0,
    "throughput" : 1.8281535648994516,
    "receivedKBytesPerSec" : 508.4698497486289,
    "sentKBytesPerSec" : 0.5962922760511883
  },
  "Total" : {
    "transaction" : "Total",
    "sampleCount" : 15,
    "errorCount" : 0,
    "errorPct" : 0.0,
    "meanResTime" : 270.3333333333334,
    "medianResTime" : 206.0,
    "minResTime" : 65.0,
    "maxResTime" : 1103.0,
    "pct1ResTime" : 672.2000000000003,
    "pct2ResTime" : 1103.0,
    "pct3ResTime" : 1103.0,
    "throughput" : 3.3400133600534403,
    "receivedKBytesPerSec" : 311.267282829548,
    "sentKBytesPerSec" : 0.953512928635048
  },
  "login" : {
    "transaction" : "login",
    "sampleCount" : 5,
    "errorCount" : 0,
    "errorPct" : 0.0,
    "meanResTime" : 381.6,
    "medianResTime" : 206.0,
    "minResTime" : 191.0,
    "maxResTime" : 1103.0,
    "pct1ResTime" : 1103.0,
    "pct2ResTime" : 1103.0,
    "pct3ResTime" : 1103.0,
    "throughput" : 1.22040517451794,
    "receivedKBytesPerSec" : 0.9558251464486208,
    "sentKBytesPerSec" : 0.30390949170124476
  },
  "create api key" : {
    "transaction" : "create api key",
    "sampleCount" : 5,
    "errorCount" : 0,
    "errorPct" : 0.0,
    "meanResTime" : 79.0,
    "medianResTime" : 71.0,
    "minResTime" : 65.0,
    "maxResTime" : 98.0,
    "pct1ResTime" : 98.0,
    "pct2ResTime" : 98.0,
    "pct3ResTime" : 98.0,
    "throughput" : 1.9880715705765406,
    "receivedKBytesPerSec" : 1.320203777335984,
    "sentKBytesPerSec" : 0.5591451292246521
  }
}