{
  "zone activity" : {
    "transaction" : "zone activity",
    "sampleCount" : 5,
    "errorCount" : 0,
    "errorPct" : 0.0,
    "meanResTime" : 158.4,
    "medianResTime" : 157.0,
    "minResTime" : 145.0,
    "maxResTime" : 175.0,
    "pct1ResTime" : 175.0,
    "pct2ResTime" : 175.0,
    "pct3ResTime" : 175.0,
    "throughput" : 1.6144656118824667,
    "receivedKBytesPerSec" : 449.23924614546337,
    "sentKBytesPerSec" : 0.5265932757507266
  },
  "Total" : {
    "transaction" : "Total",
    "sampleCount" : 15,
    "errorCount" : 0,
    "errorPct" : 0.0,
    "meanResTime" : 123.59999999999998,
    "medianResTime" : 94.0,
    "minResTime" : 31.0,
    "maxResTime" : 476.0,
    "pct1ResTime" : 295.4000000000001,
    "pct2ResTime" : 476.0,
    "pct3ResTime" : 476.0,
    "throughput" : 3.57653791130186,
    "receivedKBytesPerSec" : 333.45907099427757,
    "sentKBytesPerSec" : 1.0210363763710062
  },
  "login" : {
    "transaction" : "login",
    "sampleCount" : 5,
    "errorCount" : 0,
    "errorPct" : 0.0,
    "meanResTime" : 172.6,
    "medianResTime" : 94.0,
    "minResTime" : 89.0,
    "maxResTime" : 476.0,
    "pct1ResTime" : 476.0,
    "pct2ResTime" : 476.0,
    "pct3ResTime" : 476.0,
    "throughput" : 1.2453300124533002,
    "receivedKBytesPerSec" : 0.9753463574097136,
    "sentKBytesPerSec" : 0.31011636052303865
  },
  "create api key" : {
    "transaction" : "create api key",
    "sampleCount" : 5,
    "errorCount" : 0,
    "errorPct" : 0.0,
    "meanResTime" : 39.8,
    "medianResTime" : 32.0,
    "minResTime" : 31.0,
    "maxResTime" : 53.0,
    "pct1ResTime" : 53.0,
    "pct2ResTime" : 53.0,
    "pct3ResTime" : 53.0,
    "throughput" : 1.6572754391779914,
    "receivedKBytesPerSec" : 1.0995634115014916,
    "sentKBytesPerSec" : 0.4661087172688101
  }
}