{
  "zone activity" : {
    "transaction" : "zone activity",
    "sampleCount" : 5,
    "errorCount" : 0,
    "errorPct" : 0.0,
    "meanResTime" : 334.2,
    "medianResTime" : 432.0,
    "minResTime" : 71.0,
    "maxResTime" : 549.0,
    "pct1ResTime" : 549.0,
    "pct2ResTime" : 549.0,
    "pct3ResTime" : 549.0,
    "throughput" : 2.293577981651376,
    "receivedKBytesPerSec" : 638.4250465883027,
    "sentKBytesPerSec" : 0.748100630733945
  },
  "Total" : {
    "transaction" : "Total",
    "sampleCount" : 15,
    "errorCount" : 0,
    "errorPct" : 0.0,
    "meanResTime" : 239.13333333333333,
    "medianResTime" : 59.0,
    "minResTime" : 17.0,
    "maxResTime" : 1265.0,
    "pct1ResTime" : 835.4000000000003,
    "pct2ResTime" : 1265.0,
    "pct3ResTime" : 1265.0,
    "throughput" : 3.7018756169792697,
    "receivedKBytesPerSec" : 345.2615992102666,
    "sentKBytesPerSec" : 1.0568180065399804
  },
  "login" : {
    "transaction" : "login",
    "sampleCount" : 5,
    "errorCount" : 0,
    "errorPct" : 0.0,
    "meanResTime" : 356.8,
    "medianResTime" : 59.0,
    "minResTime" : 48.0,
    "maxResTime" : 1265.0,
    "pct1ResTime" : 1265.0,
    "pct2ResTime" : 1265.0,
    "pct3ResTime" : 1265.0,
    "throughput" : 1.2639029322548028,
    "receivedKBytesPerSec" : 0.9898927262386249,
    "sentKBytesPerSec" : 0.31474145285642063
  },
  "create api key" : {
    "transaction" : "create api key",
    "sampleCount" : 5,
    "errorCount" : 0,
    "errorPct" : 0.0,
    "meanResTime" : 26.4,
    "medianResTime" : 18.0,
    "minResTime" : 17.0,
    "maxResTime" : 44.0,
    "pct1ResTime" : 44.0,
    "pct2ResTime" : 44.0,
    "pct3ResTime" : 44.0,
    "throughput" : 2.321262766945218,
    "receivedKBytesPerSec" : 1.540103441272052,
    "sentKBytesPerSec" : 0.6528551532033426
  }
}