{
  "zone activity" : {
    "transaction" : "zone activity",
    "sampleCount" : 10,
    "errorCount" : 0,
    "errorPct" : 0.0,
    "meanResTime" : 15.2,
    "medianResTime" : 14.0,
    "minResTime" : 13.0,
    "maxResTime" : 20.0,
    "pct1ResTime" : 19.9,
    "pct2ResTime" : 20.0,
    "pct3ResTime" : 20.0,
    "throughput" : 1.3246787653993908,
    "receivedKBytesPerSec" : 20.667317277122798,
    "sentKBytesPerSec" : 0.430779325076169
  },
  "Total" : {
    "transaction" : "Total",
    "sampleCount" : 30,
    "errorCount" : 0,
    "errorPct" : 0.0,
    "meanResTime" : 46.86666666666665,
    "medianResTime" : 16.0,
    "minResTime" : 9.0,
    "maxResTime" : 797.0,
    "pct1ResTime" : 35.0,
    "pct2ResTime" : 388.89999999999947,
    "pct3ResTime" : 797.0,
    "throughput" : 3.3456005352960854,
    "receivedKBytesPerSec" : 21.277453091892493,
    "sentKBytesPerSec" : 0.9551079653172744
  },
  "login" : {
    "transaction" : "login",
    "sampleCount" : 10,
    "errorCount" : 0,
    "errorPct" : 0.0,
    "meanResTime" : 110.49999999999997,
    "medianResTime" : 32.0,
    "minResTime" : 29.0,
    "maxResTime" : 797.0,
    "pct1ResTime" : 722.8000000000003,
    "pct2ResTime" : 797.0,
    "pct3ResTime" : 797.0,
    "throughput" : 1.1184431271669835,
    "receivedKBytesPerSec" : 2.0118869533609214,
    "sentKBytesPerSec" : 0.27961078179174587
  },
  "create api key" : {
    "transaction" : "create api key",
    "sampleCount" : 10,
    "errorCount" : 0,
    "errorPct" : 0.0,
    "meanResTime" : 14.9,
    "medianResTime" : 11.0,
    "minResTime" : 9.0,
    "maxResTime" : 29.0,
    "pct1ResTime" : 29.0,
    "pct2ResTime" : 29.0,
    "pct3ResTime" : 29.0,
    "throughput" : 1.3194352816994326,
    "receivedKBytesPerSec" : 2.215208140915688,
    "sentKBytesPerSec" : 0.37109117297796546
  }
}