{
  "zone activity" : {
    "transaction" : "zone activity",
    "sampleCount" : 5,
    "errorCount" : 0,
    "errorPct" : 0.0,
    "meanResTime" : 387.2,
    "medianResTime" : 379.0,
    "minResTime" : 376.0,
    "maxResTime" : 403.0,
    "pct1ResTime" : 403.0,
    "pct2ResTime" : 403.0,
    "pct3ResTime" : 403.0,
    "throughput" : 1.8129079042784628,
    "receivedKBytesPerSec" : 504.1718126812908,
    "sentKBytesPerSec" : 0.5913195703408267
  },
  "Total" : {
    "transaction" : "Total",
    "sampleCount" : 15,
    "errorCount" : 0,
    "errorPct" : 0.0,
    "meanResTime" : 298.26666666666665,
    "medianResTime" : 234.0,
    "minResTime" : 78.0,
    "maxResTime" : 1151.0,
    "pct1ResTime" : 702.2000000000003,
    "pct2ResTime" : 1151.0,
    "pct3ResTime" : 1151.0,
    "throughput" : 3.262287951283166,
    "receivedKBytesPerSec" : 303.988529319813,
    "sentKBytesPerSec" : 0.9313237413005655
  },
  "login" : {
    "transaction" : "login",
    "sampleCount" : 5,
    "errorCount" : 0,
    "errorPct" : 0.0,
    "meanResTime" : 418.2,
    "medianResTime" : 234.0,
    "minResTime" : 230.0,
    "maxResTime" : 1151.0,
    "pct1ResTime" : 1151.0,
    "pct2ResTime" : 1151.0,
    "pct3ResTime" : 1151.0,
    "throughput" : 1.2080212611741967,
    "receivedKBytesPerSec" : 0.9461260268180719,
    "sentKBytesPerSec" : 0.30082560703068373
  },
  "create api key" : {
    "transaction" : "create api key",
    "sampleCount" : 5,
    "errorCount" : 0,
    "errorPct" : 0.0,
    "meanResTime" : 89.4,
    "medianResTime" : 79.0,
    "minResTime" : 78.0,
    "maxResTime" : 107.0,
    "pct1ResTime" : 107.0,
    "pct2ResTime" : 107.0,
    "pct3ResTime" : 107.0,
    "throughput" : 2.00160128102482,
    "receivedKBytesPerSec" : 1.3280155374299438,
    "sentKBytesPerSec" : 0.5629503602882305
  }
}