{
  "zone activity" : {
    "transaction" : "zone activity",
    "sampleCount" : 5,
    "errorCount" : 0,
    "errorPct" : 0.0,
    "meanResTime" : 102.2,
    "medianResTime" : 95.0,
    "minResTime" : 83.0,
    "maxResTime" : 124.0,
    "pct1ResTime" : 124.0,
    "pct2ResTime" : 124.0,
    "pct3ResTime" : 124.0,
    "throughput" : 2.0096463022508035,
    "receivedKBytesPerSec" : 559.0930215032155,
    "sentKBytesPerSec" : 0.6554901024919614
  },
  "Total" : {
    "transaction" : "Total",
    "sampleCount" : 15,
    "errorCount" : 0,
    "errorPct" : 0.0,
    "meanResTime" : 113.19999999999997,
    "medianResTime" : 49.0,
    "minResTime" : 11.0,
    "maxResTime" : 908.0,
    "pct1ResTime" : 437.60000000000025,
    "pct2ResTime" : 908.0,
    "pct3ResTime" : 908.0,
    "throughput" : 3.707365299060801,
    "receivedKBytesPerSec" : 345.5901662135442,
    "sentKBytesPerSec" : 1.0583852107019278
  },
  "login" : {
    "transaction" : "login",
    "sampleCount" : 5,
    "errorCount" : 0,
    "errorPct" : 0.0,
    "meanResTime" : 212.8,
    "medianResTime" : 39.0,
    "minResTime" : 33.0,
    "maxResTime" : 908.0,
    "pct1ResTime" : 908.0,
    "pct2ResTime" : 908.0,
    "pct3ResTime" : 908.0,
    "throughput" : 1.266784899923993,
    "receivedKBytesPerSec" : 0.9921498923232835,
    "sentKBytesPerSec" : 0.3154591303521662
  },
  "create api key" : {
    "transaction" : "create api key",
    "sampleCount" : 5,
    "errorCount" : 0,
    "errorPct" : 0.0,
    "meanResTime" : 24.6,
    "medianResTime" : 23.0,
    "minResTime" : 11.0,
    "maxResTime" : 51.0,
    "pct1ResTime" : 51.0,
    "pct2ResTime" : 51.0,
    "pct3ResTime" : 51.0,
    "throughput" : 2.0508613617719442,
    "receivedKBytesPerSec" : 1.3610990053322394,
    "sentKBytesPerSec" : 0.5768047579983593
  }
}