{
  "zone activity" : {
    "transaction" : "zone activity",
    "sampleCount" : 5,
    "errorCount" : 0,
    "errorPct" : 0.0,
    "meanResTime" : 1018.8,
    "medianResTime" : 1034.0,
    "minResTime" : 414.0,
    "maxResTime" : 1622.0,
    "pct1ResTime" : 1622.0,
    "pct2ResTime" : 1622.0,
    "pct3ResTime" : 1622.0,
    "throughput" : 1.7006802721088434,
    "receivedKBytesPerSec" : 472.9870854591837,
    "sentKBytesPerSec" : 0.5547140731292517
  },
  "Total" : {
    "transaction" : "Total",
    "sampleCount" : 15,
    "errorCount" : 0,
    "errorPct" : 0.0,
    "meanResTime" : 506.0,
    "medianResTime" : 246.0,
    "minResTime" : 80.0,
    "maxResTime" : 1622.0,
    "pct1ResTime" : 1614.2,
    "pct2ResTime" : 1622.0,
    "pct3ResTime" : 1622.0,
    "throughput" : 3.2292787944025836,
    "receivedKBytesPerSec" : 300.9290483719053,
    "sentKBytesPerSec" : 0.9219002287405813
  },
  "login" : {
    "transaction" : "login",
    "sampleCount" : 5,
    "errorCount" : 0,
    "errorPct" : 0.0,
    "meanResTime" : 398.0,
    "medianResTime" : 246.0,
    "minResTime" : 240.0,
    "maxResTime" : 1003.0,
    "pct1ResTime" : 1003.0,
    "pct2ResTime" : 1003.0,
    "pct3ResTime" : 1003.0,
    "throughput" : 1.2054001928640308,
    "receivedKBytesPerSec" : 0.9440731979267117,
    "sentKBytesPerSec" : 0.30017289959016397
  },
  "create api key" : {
    "transaction" : "create api key",
    "sampleCount" : 5,
    "errorCount" : 0,
    "errorPct" : 0.0,
    "meanResTime" : 101.2,
    "medianResTime" : 109.0,
    "minResTime" : 80.0,
    "maxResTime" : 125.0,
    "pct1ResTime" : 125.0,
    "pct2ResTime" : 125.0,
    "pct3ResTime" : 125.0,
    "throughput" : 1.8889308651303363,
    "receivedKBytesPerSec" : 1.2532613571968267,
    "sentKBytesPerSec" : 0.531261805817907
  }
}