{
  "zone activity" : {
    "transaction" : "zone activity",
    "sampleCount" : 5,
    "errorCount" : 0,
    "errorPct" : 0.0,
    "meanResTime" : 176.6,
    "medianResTime" : 159.0,
    "minResTime" : 143.0,
    "maxResTime" : 266.0,
    "pct1ResTime" : 266.0,
    "pct2ResTime" : 266.0,
    "pct3ResTime" : 266.0,
    "throughput" : 2.1997360316761987,
    "receivedKBytesPerSec" : 611.9738678233612,
    "sentKBytesPerSec" : 0.7174920259568851
  },
  "Total" : {
    "transaction" : "Total",
    "sampleCount" : 15,
    "errorCount" : 0,
    "errorPct" : 0.0,
    "meanResTime" : 205.1333333333333,
    "medianResTime" : 103.0,
    "minResTime" : 33.0,
    "maxResTime" : 1300.0,
    "pct1ResTime" : 740.8000000000004,
    "pct2ResTime" : 1300.0,
    "pct3ResTime" : 1300.0,
    "throughput" : 3.58337314859054,
    "receivedKBytesPerSec" : 334.03080021201623,
    "sentKBytesPerSec" : 1.0229877120162447
  },
  "login" : {
    "transaction" : "login",
    "sampleCount" : 5,
    "errorCount" : 0,
    "errorPct" : 0.0,
    "meanResTime" : 391.8,
    "medianResTime" : 103.0,
    "minResTime" : 93.0,
    "maxResTime" : 1300.0,
    "pct1ResTime" : 1300.0,
    "pct2ResTime" : 1300.0,
    "pct3ResTime" : 1300.0,
    "throughput" : 1.2478163214374844,
    "receivedKBytesPerSec" : 0.9772936423758424,
    "sentKBytesPerSec" : 0.3107355097329673
  },
  "create api key" : {
    "transaction" : "create api key",
    "sampleCount" : 5,
    "errorCount" : 0,
    "errorPct" : 0.0,
    "meanResTime" : 47.0,
    "medianResTime" : 44.0,
    "minResTime" : 33.0,
    "maxResTime" : 62.0,
    "pct1ResTime" : 62.0,
    "pct2ResTime" : 62.0,
    "pct3ResTime" : 62.0,
    "throughput" : 2.2675736961451247,
    "receivedKBytesPerSec" : 1.505810657596372,
    "sentKBytesPerSec" : 0.6377551020408163
  }
}