{
  "zone activity" : {
    "transaction" : "zone activity",
    "sampleCount" : 10,
    "errorCount" : 0,
    "errorPct" : 0.0,
    "meanResTime" : 22.700000000000003,
    "medianResTime" : 22.0,
    "minResTime" : 21.0,
    "maxResTime" : 27.0,
    "pct1ResTime" : 27.0,
    "pct2ResTime" : 27.0,
    "pct3ResTime" : 27.0,
    "throughput" : 1.3241525423728813,
    "receivedKBytesPerSec" : 20.658977961136124,
    "sentKBytesPerSec" : 0.4306081998146187
  },
  "Total" : {
    "transaction" : "Total",
    "sampleCount" : 30,
    "errorCount" : 0,
    "errorPct" : 0.0,
    "meanResTime" : 55.900000000000006,
    "medianResTime" : 22.0,
    "minResTime" : 14.0,
    "maxResTime" : 865.0,
    "pct1ResTime" : 52.20000000000002,
    "pct2ResTime" : 421.1499999999994,
    "pct3ResTime" : 865.0,
    "throughput" : 3.3374123929246857,
    "receivedKBytesPerSec" : 21.22526925269774,
    "sentKBytesPerSec" : 0.9527703999332516
  },
  "login" : {
    "transaction" : "login",
    "sampleCount" : 10,
    "errorCount" : 0,
    "errorPct" : 0.0,
    "meanResTime" : 127.4,
    "medianResTime" : 44.0,
    "minResTime" : 40.0,
    "maxResTime" : 865.0,
    "pct1ResTime" : 784.3000000000003,
    "pct2ResTime" : 865.0,
    "pct3ResTime" : 865.0,
    "throughput" : 1.117193609652553,
    "receivedKBytesPerSec" : 2.0096392861132832,
    "sentKBytesPerSec" : 0.2792984024131382
  },
  "create api key" : {
    "transaction" : "create api key",
    "sampleCount" : 10,
    "errorCount" : 0,
    "errorPct" : 0.0,
    "meanResTime" : 17.599999999999998,
    "medianResTime" : 15.0,
    "minResTime" : 14.0,
    "maxResTime" : 30.0,
    "pct1ResTime" : 29.5,
    "pct2ResTime" : 30.0,
    "pct3ResTime" : 30.0,
    "throughput" : 1.321003963011889,
    "receivedKBytesPerSec" : 2.2178418097754293,
    "sentKBytesPerSec" : 0.37153236459709377
  }
}