{
  "zone activity" : {
    "transaction" : "zone activity",
    "sampleCount" : 5,
    "errorCount" : 0,
    "errorPct" : 0.0,
    "meanResTime" : 407.6,
    "medianResTime" : 415.0,
    "minResTime" : 386.0,
    "maxResTime" : 422.0,
    "pct1ResTime" : 422.0,
    "pct2ResTime" : 422.0,
    "pct3ResTime" : 422.0,
    "throughput" : 1.742767514813524,
    "receivedKBytesPerSec" : 484.73682848989193,
    "sentKBytesPerSec" : 0.5684417479958174
  },
  "Total" : {
    "transaction" : "Total",
    "sampleCount" : 15,
    "errorCount" : 0,
    "errorPct" : 0.0,
    "meanResTime" : 304.06666666666666,
    "medianResTime" : 234.0,
    "minResTime" : 80.0,
    "maxResTime" : 1133.0,
    "pct1ResTime" : 706.4000000000003,
    "pct2ResTime" : 1133.0,
    "pct3ResTime" : 1133.0,
    "throughput" : 3.229974160206718,
    "receivedKBytesPerSec" : 301.0220260685831,
    "sentKBytesPerSec" : 0.9220987430017227
  },
  "login" : {
    "transaction" : "login",
    "sampleCount" : 5,
    "errorCount" : 0,
    "errorPct" : 0.0,
    "meanResTime" : 415.6,
    "medianResTime" : 234.0,
    "minResTime" : 232.0,
    "maxResTime" : 1133.0,
    "pct1ResTime" : 1133.0,
    "pct2ResTime" : 1133.0,
    "pct3ResTime" : 1133.0,
    "throughput" : 1.2062726176115801,
    "receivedKBytesPerSec" : 0.9447564837153197,
    "sentKBytesPerSec" : 0.30039015379975875
  },
  "create api key" : {
    "transaction" : "create api key",
    "sampleCount" : 5,
    "errorCount" : 0,
    "errorPct" : 0.0,
    "meanResTime" : 89.0,
    "medianResTime" : 83.0,
    "minResTime" : 80.0,
    "maxResTime" : 103.0,
    "pct1ResTime" : 103.0,
    "pct2ResTime" : 103.0,
    "pct3ResTime" : 103.0,
    "throughput" : 1.9477989871445267,
    "receivedKBytesPerSec" : 1.2934602649006621,
    "sentKBytesPerSec" : 0.5478184651343981
  }
}