{
  "zone activity" : {
    "transaction" : "zone activity",
    "sampleCount" : 5,
    "errorCount" : 0,
    "errorPct" : 0.0,
    "meanResTime" : 194.4,
    "medianResTime" : 194.0,
    "minResTime" : 184.0,
    "maxResTime" : 207.0,
    "pct1ResTime" : 207.0,
    "pct2ResTime" : 207.0,
    "pct3ResTime" : 207.0,
    "throughput" : 2.109704641350211,
    "receivedKBytesPerSec" : 586.8637921940928,
    "sentKBytesPerSec" : 0.6881263185654009
  },
  "Total" : {
    "transaction" : "Total",
    "sampleCount" : 15,
    "errorCount" : 0,
    "errorPct" : 0.0,
    "meanResTime" : 207.8,
    "medianResTime" : 139.0,
    "minResTime" : 39.0,
    "maxResTime" : 1224.0,
    "pct1ResTime" : 679.2000000000003,
    "pct2ResTime" : 1224.0,
    "pct3ResTime" : 1224.0,
    "throughput" : 3.521953510213665,
    "receivedKBytesPerSec" : 328.26968441829064,
    "sentKBytesPerSec" : 1.0054535248884713
  },
  "login" : {
    "transaction" : "login",
    "sampleCount" : 5,
    "errorCount" : 0,
    "errorPct" : 0.0,
    "meanResTime" : 382.8,
    "medianResTime" : 139.0,
    "minResTime" : 117.0,
    "maxResTime" : 1224.0,
    "pct1ResTime" : 1224.0,
    "pct2ResTime" : 1224.0,
    "pct3ResTime" : 1224.0,
    "throughput" : 1.2422360248447206,
    "receivedKBytesPerSec" : 0.9729231366459626,
    "sentKBytesPerSec" : 0.3093458850931677
  },
  "create api key" : {
    "transaction" : "create api key",
    "sampleCount" : 5,
    "errorCount" : 0,
    "errorPct" : 0.0,
    "meanResTime" : 46.2,
    "medianResTime" : 44.0,
    "minResTime" : 39.0,
    "maxResTime" : 57.0,
    "pct1ResTime" : 57.0,
    "pct2ResTime" : 57.0,
    "pct3ResTime" : 57.0,
    "throughput" : 2.2212350066637048,
    "receivedKBytesPerSec" : 1.4737373667258997,
    "sentKBytesPerSec" : 0.6247223456241671
  }
}