{
  "zone activity" : {
    "transaction" : "zone activity",
    "sampleCount" : 5,
    "errorCount" : 0,
    "errorPct" : 0.0,
    "meanResTime" : 321.8,
    "medianResTime" : 336.0,
    "minResTime" : 288.0,
    "maxResTime" : 342.0,
    "pct1ResTime" : 342.0,
    "pct2ResTime" : 342.0,
    "pct3ResTime" : 342.0,
    "throughput" : 2.6852846401718584,
    "receivedKBytesPerSec" : 747.4442593649302,
    "sentKBytesPerSec" : 0.8758643259935552
  },
  "Total" : {
    "transaction" : "Total",
    "sampleCount" : 15,
    "errorCount" : 0,
    "errorPct" : 0.0,
    "meanResTime" : 348.8,
    "medianResTime" : 193.0,
    "minResTime" : 59.0,
    "maxResTime" : 1801.0,
    "pct1ResTime" : 1268.8000000000002,
    "pct2ResTime" : 1801.0,
    "pct3ResTime" : 1801.0,
    "throughput" : 3.386769022352676,
    "receivedKBytesPerSec" : 315.8671451653872,
    "sentKBytesPerSec" : 0.9668608179047189
  },
  "login" : {
    "transaction" : "login",
    "sampleCount" : 5,
    "errorCount" : 0,
    "errorPct" : 0.0,
    "meanResTime" : 653.8,
    "medianResTime" : 193.0,
    "minResTime" : 178.0,
    "maxResTime" : 1801.0,
    "pct1ResTime" : 1801.0,
    "pct2ResTime" : 1801.0,
    "pct3ResTime" : 1801.0,
    "throughput" : 1.2303149606299213,
    "receivedKBytesPerSec" : 0.9635865218996063,
    "sentKBytesPerSec" : 0.30637726070374016
  },
  "create api key" : {
    "transaction" : "create api key",
    "sampleCount" : 5,
    "errorCount" : 0,
    "errorPct" : 0.0,
    "meanResTime" : 70.8,
    "medianResTime" : 77.0,
    "minResTime" : 59.0,
    "maxResTime" : 80.0,
    "pct1ResTime" : 80.0,
    "pct2ResTime" : 80.0,
    "pct3ResTime" : 80.0,
    "throughput" : 3.0284675953967293,
    "receivedKBytesPerSec" : 2.009908767413689,
    "sentKBytesPerSec" : 0.8517565112053301
  }
}