{
  "zone activity" : {
    "transaction" : "zone activity",
    "sampleCount" : 5,
    "errorCount" : 0,
    "errorPct" : 0.0,
    "meanResTime" : 785.8,
    "medianResTime" : 444.0,
    "minResTime" : 301.0,
    "maxResTime" : 1448.0,
    "pct1ResTime" : 1448.0,
    "pct2ResTime" : 1448.0,
    "pct3ResTime" : 1448.0,
    "throughput" : 1.5220700152207,
    "receivedKBytesPerSec" : 423.47703814687975,
    "sentKBytesPerSec" : 0.4964564307458143
  },
  "Total" : {
    "transaction" : "Total",
    "sampleCount" : 15,
    "errorCount" : 0,
    "errorPct" : 0.0,
    "meanResTime" : 368.26666666666665,
    "medianResTime" : 188.0,
    "minResTime" : 60.0,
    "maxResTime" : 1448.0,
    "pct1ResTime" : 1440.2,
    "pct2ResTime" : 1448.0,
    "pct3ResTime" : 1448.0,
    "throughput" : 3.3579583613163195,
    "receivedKBytesPerSec" : 313.0410772750168,
    "sentKBytesPerSec" : 0.9586358993731812
  },
  "login" : {
    "transaction" : "login",
    "sampleCount" : 5,
    "errorCount" : 0,
    "errorPct" : 0.0,
    "meanResTime" : 255.2,
    "medianResTime" : 188.0,
    "minResTime" : 177.0,
    "maxResTime" : 543.0,
    "pct1ResTime" : 543.0,
    "pct2ResTime" : 543.0,
    "pct3ResTime" : 543.0,
    "throughput" : 1.2183235867446394,
    "receivedKBytesPerSec" : 0.9541948403996101,
    "sentKBytesPerSec" : 0.3033911275584795
  },
  "create api key" : {
    "transaction" : "create api key",
    "sampleCount" : 5,
    "errorCount" : 0,
    "errorPct" : 0.0,
    "meanResTime" : 63.8,
    "medianResTime" : 60.0,
    "minResTime" : 60.0,
    "maxResTime" : 79.0,
    "pct1ResTime" : 79.0,
    "pct2ResTime" : 79.0,
    "pct3ResTime" : 79.0,
    "throughput" : 1.625487646293888,
    "receivedKBytesPerSec" : 1.078155477893368,
    "sentKBytesPerSec" : 0.45716840052015606
  }
}