{
  "zone activity" : {
    "transaction" : "zone activity",
    "sampleCount" : 5,
    "errorCount" : 0,
    "errorPct" : 0.0,
    "meanResTime" : 510.8,
    "medianResTime" : 512.0,
    "minResTime" : 495.0,
    "maxResTime" : 535.0,
    "pct1ResTime" : 535.0,
    "pct2ResTime" : 535.0,
    "pct3ResTime" : 535.0,
    "throughput" : 9.31098696461825,
    "receivedKBytesPerSec" : 2590.878506168529,
    "sentKBytesPerSec" : 3.036982076350093
  },
  "Total" : {
    "transaction" : "Total",
    "sampleCount" : 15,
    "errorCount" : 0,
    "errorPct" : 0.0,
    "meanResTime" : 895.0,
    "medianResTime" : 497.0,
    "minResTime" : 93.0,
    "maxResTime" : 3890.0,
    "pct1ResTime" : 3407.0000000000005,
    "pct2ResTime" : 3890.0,
    "pct3ResTime" : 3890.0,
    "throughput" : 2.889060092449923,
    "receivedKBytesPerSec" : 269.3640381235555,
    "sentKBytesPerSec" : 0.8247739912365177
  },
  "login" : {
    "transaction" : "login",
    "sampleCount" : 5,
    "errorCount" : 0,
    "errorPct" : 0.0,
    "meanResTime" : 2075.8,
    "medianResTime" : 2087.0,
    "minResTime" : 231.0,
    "maxResTime" : 3890.0,
    "pct1ResTime" : 3890.0,
    "pct2ResTime" : 3890.0,
    "pct3ResTime" : 3890.0,
    "throughput" : 1.2391573729863692,
    "receivedKBytesPerSec" : 0.970511926889715,
    "sentKBytesPerSec" : 0.3085792286245353
  },
  "create api key" : {
    "transaction" : "create api key",
    "sampleCount" : 5,
    "errorCount" : 0,
    "errorPct" : 0.0,
    "meanResTime" : 98.4,
    "medianResTime" : 97.0,
    "minResTime" : 93.0,
    "maxResTime" : 105.0,
    "pct1ResTime" : 105.0,
    "pct2ResTime" : 105.0,
    "pct3ResTime" : 105.0,
    "throughput" : 47.61904761904761,
    "receivedKBytesPerSec" : 31.62202380952381,
    "sentKBytesPerSec" : 13.392857142857144
  }
}