{
  "zone activity" : {
    "transaction" : "zone activity",
    "sampleCount" : 5,
    "errorCount" : 0,
    "errorPct" : 0.0,
    "meanResTime" : 87.0,
    "medianResTime" : 85.0,
    "minResTime" : 76.0,
    "maxResTime" : 99.0,
    "pct1ResTime" : 99.0,
    "pct2ResTime" : 99.0,
    "pct3ResTime" : 99.0,
    "throughput" : 1.9290123456790123,
    "receivedKBytesPerSec" : 536.6485972463348,
    "sentKBytesPerSec" : 0.6291895736882716
  },
  "Total" : {
    "transaction" : "Total",
    "sampleCount" : 15,
    "errorCount" : 0,
    "errorPct" : 0.0,
    "meanResTime" : 106.59999999999998,
    "medianResTime" : 45.0,
    "minResTime" : 14.0,
    "maxResTime" : 851.0,
    "pct1ResTime" : 399.8000000000003,
    "pct2ResTime" : 851.0,
    "pct3ResTime" : 851.0,
    "throughput" : 3.692762186115214,
    "receivedKBytesPerSec" : 344.2212118414574,
    "sentKBytesPerSec" : 1.0542162881585426
  },
  "login" : {
    "transaction" : "login",
    "sampleCount" : 5,
    "errorCount" : 0,
    "errorPct" : 0.0,
    "meanResTime" : 209.60000000000002,
    "medianResTime" : 45.0,
    "minResTime" : 45.0,
    "maxResTime" : 851.0,
    "pct1ResTime" : 851.0,
    "pct2ResTime" : 851.0,
    "pct3ResTime" : 851.0,
    "throughput" : 1.2629451881788332,
    "receivedKBytesPerSec" : 0.9891426180853751,
    "sentKBytesPerSec" : 0.31450295213437734
  },
  "create api key" : {
    "transaction" : "create api key",
    "sampleCount" : 5,
    "errorCount" : 0,
    "errorPct" : 0.0,
    "meanResTime" : 23.2,
    "medianResTime" : 16.0,
    "minResTime" : 14.0,
    "maxResTime" : 38.0,
    "pct1ResTime" : 38.0,
    "pct2ResTime" : 38.0,
    "pct3ResTime" : 38.0,
    "throughput" : 1.9569471624266144,
    "receivedKBytesPerSec" : 1.2983885763209393,
    "sentKBytesPerSec" : 0.5503913894324853
  }
}