{
  "zone activity" : {
    "transaction" : "zone activity",
    "sampleCount" : 5,
    "errorCount" : 0,
    "errorPct" : 0.0,
    "meanResTime" : 195.6,
    "medianResTime" : 174.0,
    "minResTime" : 161.0,
    "maxResTime" : 240.0,
    "pct1ResTime" : 240.0,
    "pct2ResTime" : 240.0,
    "pct3ResTime" : 240.0,
    "throughput" : 1.944012441679627,
    "receivedKBytesPerSec" : 540.8815944547044,
    "sentKBytesPerSec" : 0.634082183125972
  },
  "Total" : {
    "transaction" : "Total",
    "sampleCount" : 15,
    "errorCount" : 0,
    "errorPct" : 0.0,
    "meanResTime" : 171.4,
    "medianResTime" : 98.0,
    "minResTime" : 32.0,
    "maxResTime" : 978.0,
    "pct1ResTime" : 535.2000000000003,
    "pct2ResTime" : 978.0,
    "pct3ResTime" : 978.0,
    "throughput" : 3.562099263832819,
    "receivedKBytesPerSec" : 332.07855913084774,
    "sentKBytesPerSec" : 1.016914405723106
  },
  "login" : {
    "transaction" : "login",
    "sampleCount" : 5,
    "errorCount" : 0,
    "errorPct" : 0.0,
    "meanResTime" : 274.2,
    "medianResTime" : 98.0,
    "minResTime" : 93.0,
    "maxResTime" : 978.0,
    "pct1ResTime" : 978.0,
    "pct2ResTime" : 978.0,
    "pct3ResTime" : 978.0,
    "throughput" : 1.2490632025980515,
    "receivedKBytesPerSec" : 0.978270203597302,
    "sentKBytesPerSec" : 0.3110460123657257
  },
  "create api key" : {
    "transaction" : "create api key",
    "sampleCount" : 5,
    "errorCount" : 0,
    "errorPct" : 0.0,
    "meanResTime" : 44.4,
    "medianResTime" : 34.0,
    "minResTime" : 32.0,
    "maxResTime" : 65.0,
    "pct1ResTime" : 65.0,
    "pct2ResTime" : 65.0,
    "pct3ResTime" : 65.0,
    "throughput" : 2.0234722784297854,
    "receivedKBytesPerSec" : 1.3433168504653985,
    "sentKBytesPerSec" : 0.5691015783083772
  }
}