{
  "zone activity" : {
    "transaction" : "zone activity",
    "sampleCount" : 5,
    "errorCount" : 0,
    "errorPct" : 0.0,
    "meanResTime" : 414.2,
    "medianResTime" : 411.0,
    "minResTime" : 380.0,
    "maxResTime" : 441.0,
    "pct1ResTime" : 441.0,
    "pct2ResTime" : 441.0,
    "pct3ResTime" : 441.0,
    "throughput" : 1.7780938833570412,
    "receivedKBytesPerSec" : 494.70982341305125,
    "sentKBytesPerSec" : 0.5799642158605974
  },
  "Total" : {
    "transaction" : "Total",
    "sampleCount" : 15,
    "errorCount" : 0,
    "errorPct" : 0.0,
    "meanResTime" : 303.3333333333334,
    "medianResTime" : 238.0,
    "minResTime" : 73.0,
    "maxResTime" : 1138.0,
    "pct1ResTime" : 719.8000000000002,
    "pct2ResTime" : 1138.0,
    "pct3ResTime" : 1138.0,
    "throughput" : 3.2327586206896552,
    "receivedKBytesPerSec" : 301.3701340247845,
    "sentKBytesPerSec" : 0.922893655711207
  },
  "login" : {
    "transaction" : "login",
    "sampleCount" : 5,
    "errorCount" : 0,
    "errorPct" : 0.0,
    "meanResTime" : 414.4,
    "medianResTime" : 238.0,
    "minResTime" : 221.0,
    "maxResTime" : 1138.0,
    "pct1ResTime" : 1138.0,
    "pct2ResTime" : 1138.0,
    "pct3ResTime" : 1138.0,
    "throughput" : 1.2054001928640308,
    "receivedKBytesPerSec" : 0.9440731979267117,
    "sentKBytesPerSec" : 0.30017289959016397
  },
  "create api key" : {
    "transaction" : "create api key",
    "sampleCount" : 5,
    "errorCount" : 0,
    "errorPct" : 0.0,
    "meanResTime" : 81.4,
    "medianResTime" : 79.0,
    "minResTime" : 73.0,
    "maxResTime" : 90.0,
    "pct1ResTime" : 90.0,
    "pct2ResTime" : 90.0,
    "pct3ResTime" : 90.0,
    "throughput" : 1.9984012789768186,
    "receivedKBytesPerSec" : 1.3258924110711432,
    "sentKBytesPerSec" : 0.5620503597122303
  }
}