{
  "zone activity" : {
    "transaction" : "zone activity",
    "sampleCount" : 5,
    "errorCount" : 0,
    "errorPct" : 0.0,
    "meanResTime" : 1115.4,
    "medianResTime" : 1535.0,
    "minResTime" : 74.0,
    "maxResTime" : 1714.0,
    "pct1ResTime" : 1714.0,
    "pct2ResTime" : 1714.0,
    "pct3ResTime" : 1714.0,
    "throughput" : 2.237136465324385,
    "receivedKBytesPerSec" : 622.4543833892618,
    "sentKBytesPerSec" : 0.7296909955257271
  },
  "Total" : {
    "transaction" : "Total",
    "sampleCount" : 15,
    "errorCount" : 0,
    "errorPct" : 0.0,
    "meanResTime" : 482.2666666666667,
    "medianResTime" : 49.0,
    "minResTime" : 15.0,
    "maxResTime" : 1714.0,
    "pct1ResTime" : 1708.0,
    "pct2ResTime" : 1714.0,
    "pct3ResTime" : 1714.0,
    "throughput" : 3.714710252600297,
    "receivedKBytesPerSec" : 346.31547176820203,
    "sentKBytesPerSec" : 1.0604820610450718
  },
  "login" : {
    "transaction" : "login",
    "sampleCount" : 5,
    "errorCount" : 0,
    "errorPct" : 0.0,
    "meanResTime" : 305.6,
    "medianResTime" : 49.0,
    "minResTime" : 42.0,
    "maxResTime" : 1147.0,
    "pct1ResTime" : 1147.0,
    "pct2ResTime" : 1147.0,
    "pct3ResTime" : 1147.0,
    "throughput" : 1.2677484787018256,
    "receivedKBytesPerSec" : 0.9929045702332657,
    "sentKBytesPerSec" : 0.31569908405172414
  },
  "create api key" : {
    "transaction" : "create api key",
    "sampleCount" : 5,
    "errorCount" : 0,
    "errorPct" : 0.0,
    "meanResTime" : 25.8,
    "medianResTime" : 18.0,
    "minResTime" : 15.0,
    "maxResTime" : 41.0,
    "pct1ResTime" : 41.0,
    "pct2ResTime" : 41.0,
    "pct3ResTime" : 41.0,
    "throughput" : 2.256317689530686,
    "receivedKBytesPerSec" : 1.498335965703971,
    "sentKBytesPerSec" : 0.6345893501805053
  }
}