{
  "zone activity" : {
    "transaction" : "zone activity",
    "sampleCount" : 5,
    "errorCount" : 0,
    "errorPct" : 0.0,
    "meanResTime" : 496.4,
    "medianResTime" : 607.0,
    "minResTime" : 79.0,
    "maxResTime" : 610.0,
    "pct1ResTime" : 610.0,
    "pct2ResTime" : 610.0,
    "pct3ResTime" : 610.0,
    "throughput" : 4.549590536851683,
    "receivedKBytesPerSec" : 1266.5580214968154,
    "sentKBytesPerSec" : 1.4839484758871702
  },
  "Total" : {
    "transaction" : "Total",
    "sampleCount" : 15,
    "errorCount" : 0,
    "errorPct" : 0.0,
    "meanResTime" : 458.00000000000006,
    "medianResTime" : 79.0,
    "minResTime" : 16.0,
    "maxResTime" : 2319.0,
    "pct1ResTime" : 1772.4000000000003,
    "pct2ResTime" : 2319.0,
    "pct3ResTime" : 2319.0,
    "throughput" : 3.70004933399112,
    "receivedKBytesPerSec" : 345.1363140571041,
    "sentKBytesPerSec" : 1.0562966360384805
  },
  "login" : {
    "transaction" : "login",
    "sampleCount" : 5,
    "errorCount" : 0,
    "errorPct" : 0.0,
    "meanResTime" : 845.8,
    "medianResTime" : 403.0,
    "minResTime" : 47.0,
    "maxResTime" : 2319.0,
    "pct1ResTime" : 2319.0,
    "pct2ResTime" : 2319.0,
    "pct3ResTime" : 2319.0,
    "throughput" : 1.2639029322548028,
    "receivedKBytesPerSec" : 0.9898927262386249,
    "sentKBytesPerSec" : 0.31474145285642063
  },
  "create api key" : {
    "transaction" : "create api key",
    "sampleCount" : 5,
    "errorCount" : 0,
    "errorPct" : 0.0,
    "meanResTime" : 31.8,
    "medianResTime" : 37.0,
    "minResTime" : 16.0,
    "maxResTime" : 44.0,
    "pct1ResTime" : 44.0,
    "pct2ResTime" : 44.0,
    "pct3ResTime" : 44.0,
    "throughput" : 4.6685340802987865,
    "receivedKBytesPerSec" : 3.0992865896358546,
    "sentKBytesPerSec" : 1.3130252100840336
  }
}