{
  "zone activity" : {
    "transaction" : "zone activity",
    "sampleCount" : 5,
    "errorCount" : 0,
    "errorPct" : 0.0,
    "meanResTime" : 95.2,
    "medianResTime" : 74.0,
    "minResTime" : 72.0,
    "maxResTime" : 132.0,
    "pct1ResTime" : 132.0,
    "pct2ResTime" : 132.0,
    "pct3ResTime" : 132.0,
    "throughput" : 2.2461814914645104,
    "receivedKBytesPerSec" : 624.9385809748428,
    "sentKBytesPerSec" : 0.7326412286612758
  },
  "Total" : {
    "transaction" : "Total",
    "sampleCount" : 15,
    "errorCount" : 0,
    "errorPct" : 0.0,
    "meanResTime" : 149.8,
    "medianResTime" : 46.0,
    "minResTime" : 12.0,
    "maxResTime" : 1216.0,
    "pct1ResTime" : 674.8000000000003,
    "pct2ResTime" : 1216.0,
    "pct3ResTime" : 1216.0,
    "throughput" : 3.711952487008166,
    "receivedKBytesPerSec" : 346.03976235770847,
    "sentKBytesPerSec" : 1.059694769240287
  },
  "login" : {
    "transaction" : "login",
    "sampleCount" : 5,
    "errorCount" : 0,
    "errorPct" : 0.0,
    "meanResTime" : 330.6,
    "medianResTime" : 46.0,
    "minResTime" : 38.0,
    "maxResTime" : 1216.0,
    "pct1ResTime" : 1216.0,
    "pct2ResTime" : 1216.0,
    "pct3ResTime" : 1216.0,
    "throughput" : 1.2693577050012694,
    "receivedKBytesPerSec" : 0.9941649212998223,
    "sentKBytesPerSec" : 0.316099819116527
  },
  "create api key" : {
    "transaction" : "create api key",
    "sampleCount" : 5,
    "errorCount" : 0,
    "errorPct" : 0.0,
    "meanResTime" : 23.6,
    "medianResTime" : 28.0,
    "minResTime" : 12.0,
    "maxResTime" : 34.0,
    "pct1ResTime" : 34.0,
    "pct2ResTime" : 34.0,
    "pct3ResTime" : 34.0,
    "throughput" : 2.271694684234439,
    "receivedKBytesPerSec" : 1.5072161801453885,
    "sentKBytesPerSec" : 0.6389141299409359
  }
}