{
  "zone activity" : {
    "transaction" : "zone activity",
    "sampleCount" : 5,
    "errorCount" : 0,
    "errorPct" : 0.0,
    "meanResTime" : 941.2,
    "medianResTime" : 1122.0,
    "minResTime" : 305.0,
    "maxResTime" : 1504.0,
    "pct1ResTime" : 1504.0,
    "pct2ResTime" : 1504.0,
    "pct3ResTime" : 1504.0,
    "throughput" : 1.8796992481203008,
    "receivedKBytesPerSec" : 522.9506872650376,
    "sentKBytesPerSec" : 0.6131050281954887
  },
  "Total" : {
    "transaction" : "Total",
    "sampleCount" : 15,
    "errorCount" : 0,
    "errorPct" : 0.0,
    "meanResTime" : 465.93333333333334,
    "medianResTime" : 208.0,
    "minResTime" : 56.0,
    "maxResTime" : 1504.0,
    "pct1ResTime" : 1483.0,
    "pct2ResTime" : 1504.0,
    "pct3ResTime" : 1504.0,
    "throughput" : 3.3587102552619794,
    "receivedKBytesPerSec" : 313.0954276057994,
    "sentKBytesPerSec" : 0.9588505513882669
  },
  "login" : {
    "transaction" : "login",
    "sampleCount" : 5,
    "errorCount" : 0,
    "errorPct" : 0.0,
    "meanResTime" : 383.2,
    "medianResTime" : 208.0,
    "minResTime" : 167.0,
    "maxResTime" : 1139.0,
    "pct1ResTime" : 1139.0,
    "pct2ResTime" : 1139.0,
    "pct3ResTime" : 1139.0,
    "throughput" : 1.221001221001221,
    "receivedKBytesPerSec" : 0.956291971916972,
    "sentKBytesPerSec" : 0.30405792124542125
  },
  "create api key" : {
    "transaction" : "create api key",
    "sampleCount" : 5,
    "errorCount" : 0,
    "errorPct" : 0.0,
    "meanResTime" : 73.4,
    "medianResTime" : 62.0,
    "minResTime" : 56.0,
    "maxResTime" : 97.0,
    "pct1ResTime" : 97.0,
    "pct2ResTime" : 97.0,
    "pct3ResTime" : 97.0,
    "throughput" : 2.035002035002035,
    "receivedKBytesPerSec" : 1.3509710775335777,
    "sentKBytesPerSec" : 0.5723443223443224
  }
}