{
  "zone activity" : {
    "transaction" : "zone activity",
    "sampleCount" : 5,
    "errorCount" : 0,
    "errorPct" : 0.0,
    "meanResTime" : 293.6,
    "medianResTime" : 285.0,
    "minResTime" : 281.0,
    "maxResTime" : 309.0,
    "pct1ResTime" : 309.0,
    "pct2ResTime" : 309.0,
    "pct3ResTime" : 309.0,
    "throughput" : 2.1114864864864864,
    "receivedKBytesPerSec" : 587.4431713207348,
    "sentKBytesPerSec" : 0.6887075063344595
  },
  "Total" : {
    "transaction" : "Total",
    "sampleCount" : 15,
    "errorCount" : 0,
    "errorPct" : 0.0,
    "meanResTime" : 275.8666666666667,
    "medianResTime" : 198.0,
    "minResTime" : 63.0,
    "maxResTime" : 1271.0,
    "pct1ResTime" : 786.8000000000003,
    "pct2ResTime" : 1271.0,
    "pct3ResTime" : 1271.0,
    "throughput" : 3.459409594095941,
    "receivedKBytesPerSec" : 322.4865677611854,
    "sentKBytesPerSec" : 0.987598376960332
  },
  "login" : {
    "transaction" : "login",
    "sampleCount" : 5,
    "errorCount" : 0,
    "errorPct" : 0.0,
    "meanResTime" : 459.4,
    "medianResTime" : 198.0,
    "minResTime" : 181.0,
    "maxResTime" : 1271.0,
    "pct1ResTime" : 1271.0,
    "pct2ResTime" : 1271.0,
    "pct3ResTime" : 1271.0,
    "throughput" : 1.254075746175069,
    "receivedKBytesPerSec" : 0.9821960433910208,
    "sentKBytesPerSec" : 0.31229425319789317
  },
  "create api key" : {
    "transaction" : "create api key",
    "sampleCount" : 5,
    "errorCount" : 0,
    "errorPct" : 0.0,
    "meanResTime" : 74.6,
    "medianResTime" : 66.0,
    "minResTime" : 63.0,
    "maxResTime" : 96.0,
    "pct1ResTime" : 96.0,
    "pct2ResTime" : 96.0,
    "pct3ResTime" : 96.0,
    "throughput" : 2.2914757103574703,
    "receivedKBytesPerSec" : 1.5216830889092576,
    "sentKBytesPerSec" : 0.6444775435380385
  }
}