{
  "zone activity" : {
    "transaction" : "zone activity",
    "sampleCount" : 5,
    "errorCount" : 0,
    "errorPct" : 0.0,
    "meanResTime" : 325.6,
    "medianResTime" : 321.0,
    "minResTime" : 299.0,
    "maxResTime" : 364.0,
    "pct1ResTime" : 364.0,
    "pct2ResTime" : 364.0,
    "pct3ResTime" : 364.0,
    "throughput" : 1.8670649738610905,
    "receivedKBytesPerSec" : 519.665809956124,
    "sentKBytesPerSec" : 0.6089840832710979
  },
  "Total" : {
    "transaction" : "Total",
    "sampleCount" : 15,
    "errorCount" : 0,
    "errorPct" : 0.0,
    "meanResTime" : 257.0,
    "medianResTime" : 198.0,
    "minResTime" : 63.0,
    "maxResTime" : 1090.0,
    "pct1ResTime" : 654.4000000000003,
    "pct2ResTime" : 1090.0,
    "pct3ResTime" : 1090.0,
    "throughput" : 3.3579583613163195,
    "receivedKBytesPerSec" : 313.1628469890307,
    "sentKBytesPerSec" : 0.9586358993731812
  },
  "login" : {
    "transaction" : "login",
    "sampleCount" : 5,
    "errorCount" : 0,
    "errorPct" : 0.0,
    "meanResTime" : 373.8,
    "medianResTime" : 198.0,
    "minResTime" : 185.0,
    "maxResTime" : 1090.0,
    "pct1ResTime" : 1090.0,
    "pct2ResTime" : 1090.0,
    "pct3ResTime" : 1090.0,
    "throughput" : 1.220703125,
    "receivedKBytesPerSec" : 0.9560585021972656,
    "sentKBytesPerSec" : 0.3039836883544922
  },
  "create api key" : {
    "transaction" : "create api key",
    "sampleCount" : 5,
    "errorCount" : 0,
    "errorPct" : 0.0,
    "meanResTime" : 71.6,
    "medianResTime" : 67.0,
    "minResTime" : 63.0,
    "maxResTime" : 84.0,
    "pct1ResTime" : 84.0,
    "pct2ResTime" : 84.0,
    "pct3ResTime" : 84.0,
    "throughput" : 2.025931928687196,
    "receivedKBytesPerSec" : 1.344158351904376,
    "sentKBytesPerSec" : 0.5697933549432739
  }
}