{
  "zone activity" : {
    "transaction" : "zone activity",
    "sampleCount" : 10,
    "errorCount" : 0,
    "errorPct" : 0.0,
    "meanResTime" : 15.2,
    "medianResTime" : 14.5,
    "minResTime" : 13.0,
    "maxResTime" : 19.0,
    "pct1ResTime" : 18.8,
    "pct2ResTime" : 19.0,
    "pct3ResTime" : 19.0,
    "throughput" : 1.4965579167913798,
    "receivedKBytesPerSec" : 23.474037058515414,
    "sentKBytesPerSec" : 0.4866736194253217
  },
  "Total" : {
    "transaction" : "Total",
    "sampleCount" : 30,
    "errorCount" : 0,
    "errorPct" : 0.0,
    "meanResTime" : 96.99999999999999,
    "medianResTime" : 17.0,
    "minResTime" : 10.0,
    "maxResTime" : 1608.0,
    "pct1ResTime" : 51.00000000000002,
    "pct2ResTime" : 1105.8499999999995,
    "pct3ResTime" : 1608.0,
    "throughput" : 3.3456005352960854,
    "receivedKBytesPerSec" : 21.555926417698224,
    "sentKBytesPerSec" : 0.9551079653172744
  },
  "login" : {
    "transaction" : "login",
    "sampleCount" : 10,
    "errorCount" : 0,
    "errorPct" : 0.0,
    "meanResTime" : 258.0,
    "medianResTime" : 32.0,
    "minResTime" : 29.0,
    "maxResTime" : 1608.0,
    "pct1ResTime" : 1516.7000000000003,
    "pct2ResTime" : 1608.0,
    "pct3ResTime" : 1608.0,
    "throughput" : 1.1184431271669835,
    "receivedKBytesPerSec" : 2.1047264707527122,
    "sentKBytesPerSec" : 0.27961078179174587
  },
  "create api key" : {
    "transaction" : "create api key",
    "sampleCount" : 10,
    "errorCount" : 0,
    "errorPct" : 0.0,
    "meanResTime" : 17.8,
    "medianResTime" : 11.0,
    "minResTime" : 10.0,
    "maxResTime" : 42.0,
    "pct1ResTime" : 41.6,
    "pct2ResTime" : 42.0,
    "pct3ResTime" : 42.0,
    "throughput" : 1.490979573579842,
    "receivedKBytesPerSec" : 2.6271234810645594,
    "sentKBytesPerSec" : 0.41933800506933055
  }
}