{
  "zone activity" : {
    "transaction" : "zone activity",
    "sampleCount" : 5,
    "errorCount" : 0,
    "errorPct" : 0.0,
    "meanResTime" : 788.0,
    "medianResTime" : 1007.0,
    "minResTime" : 81.0,
    "maxResTime" : 1372.0,
    "pct1ResTime" : 1372.0,
    "pct2ResTime" : 1372.0,
    "pct3ResTime" : 1372.0,
    "throughput" : 2.0193861066235863,
    "receivedKBytesPerSec" : 561.6366335571487,
    "sentKBytesPerSec" : 0.6586669527463651
  },
  "Total" : {
    "transaction" : "Total",
    "sampleCount" : 15,
    "errorCount" : 0,
    "errorPct" : 0.0,
    "meanResTime" : 346.20000000000005,
    "medianResTime" : 54.0,
    "minResTime" : 13.0,
    "maxResTime" : 1372.0,
    "pct1ResTime" : 1370.8,
    "pct2ResTime" : 1372.0,
    "pct3ResTime" : 1372.0,
    "throughput" : 3.676470588235294,
    "receivedKBytesPerSec" : 342.6092409620098,
    "sentKBytesPerSec" : 1.0495653339460784
  },
  "login" : {
    "transaction" : "login",
    "sampleCount" : 5,
    "errorCount" : 0,
    "errorPct" : 0.0,
    "meanResTime" : 230.2,
    "medianResTime" : 54.0,
    "minResTime" : 43.0,
    "maxResTime" : 953.0,
    "pct1ResTime" : 953.0,
    "pct2ResTime" : 953.0,
    "pct3ResTime" : 953.0,
    "throughput" : 1.2655024044545686,
    "receivedKBytesPerSec" : 0.9911454378638319,
    "sentKBytesPerSec" : 0.31513975892179197
  },
  "create api key" : {
    "transaction" : "create api key",
    "sampleCount" : 5,
    "errorCount" : 0,
    "errorPct" : 0.0,
    "meanResTime" : 20.4,
    "medianResTime" : 15.0,
    "minResTime" : 13.0,
    "maxResTime" : 31.0,
    "pct1ResTime" : 31.0,
    "pct2ResTime" : 31.0,
    "pct3ResTime" : 31.0,
    "throughput" : 2.077274615704196,
    "receivedKBytesPerSec" : 1.3782230213959286,
    "sentKBytesPerSec" : 0.5842334856668051
  }
}