{
  "zone activity" : {
    "transaction" : "zone activity",
    "sampleCount" : 5,
    "errorCount" : 0,
    "errorPct" : 0.0,
    "meanResTime" : 627.8,
    "medianResTime" : 692.0,
    "minResTime" : 75.0,
    "maxResTime" : 1124.0,
    "pct1ResTime" : 1124.0,
    "pct2ResTime" : 1124.0,
    "pct3ResTime" : 1124.0,
    "throughput" : 1.8796992481203008,
    "receivedKBytesPerSec" : 523.0678013392857,
    "sentKBytesPerSec" : 0.6131050281954887
  },
  "Total" : {
    "transaction" : "Total",
    "sampleCount" : 15,
    "errorCount" : 0,
    "errorPct" : 0.0,
    "meanResTime" : 306.0,
    "medianResTime" : 75.0,
    "minResTime" : 19.0,
    "maxResTime" : 1124.0,
    "pct1ResTime" : 1064.0,
    "pct2ResTime" : 1124.0,
    "pct3ResTime" : 1124.0,
    "throughput" : 3.561253561253561,
    "receivedKBytesPerSec" : 332.05095745785854,
    "sentKBytesPerSec" : 1.0166729730531814
  },
  "login" : {
    "transaction" : "login",
    "sampleCount" : 5,
    "errorCount" : 0,
    "errorPct" : 0.0,
    "meanResTime" : 239.2,
    "medianResTime" : 60.0,
    "minResTime" : 51.0,
    "maxResTime" : 856.0,
    "pct1ResTime" : 856.0,
    "pct2ResTime" : 856.0,
    "pct3ResTime" : 856.0,
    "throughput" : 1.2610340479192939,
    "receivedKBytesPerSec" : 0.987892102774275,
    "sentKBytesPerSec" : 0.3140270334174023
  },
  "create api key" : {
    "transaction" : "create api key",
    "sampleCount" : 5,
    "errorCount" : 0,
    "errorPct" : 0.0,
    "meanResTime" : 51.0,
    "medianResTime" : 21.0,
    "minResTime" : 19.0,
    "maxResTime" : 154.0,
    "pct1ResTime" : 154.0,
    "pct2ResTime" : 154.0,
    "pct3ResTime" : 154.0,
    "throughput" : 2.008032128514056,
    "receivedKBytesPerSec" : 1.3338510291164658,
    "sentKBytesPerSec" : 0.5647590361445782
  }
}