{
  "zone activity" : {
    "transaction" : "zone activity",
    "sampleCount" : 5,
    "errorCount" : 0,
    "errorPct" : 0.0,
    "meanResTime" : 221.8,
    "medianResTime" : 227.0,
    "minResTime" : 183.0,
    "maxResTime" : 246.0,
    "pct1ResTime" : 246.0,
    "pct2ResTime" : 246.0,
    "pct3ResTime" : 246.0,
    "throughput" : 1.984126984126984,
    "receivedKBytesPerSec" : 552.063957093254,
    "sentKBytesPerSec" : 0.6471664186507936
  },
  "Total" : {
    "transaction" : "Total",
    "sampleCount" : 15,
    "errorCount" : 0,
    "errorPct" : 0.0,
    "meanResTime" : 202.26666666666662,
    "medianResTime" : 148.0,
    "minResTime" : 41.0,
    "maxResTime" : 1073.0,
    "pct1ResTime" : 576.8000000000003,
    "pct2ResTime" : 1073.0,
    "pct3ResTime" : 1073.0,
    "throughput" : 3.5277516462841016,
    "receivedKBytesPerSec" : 328.8893461900282,
    "sentKBytesPerSec" : 1.0071087870413924
  },
  "login" : {
    "transaction" : "login",
    "sampleCount" : 5,
    "errorCount" : 0,
    "errorPct" : 0.0,
    "meanResTime" : 328.4,
    "medianResTime" : 148.0,
    "minResTime" : 114.0,
    "maxResTime" : 1073.0,
    "pct1ResTime" : 1073.0,
    "pct2ResTime" : 1073.0,
    "pct3ResTime" : 1073.0,
    "throughput" : 1.2422360248447206,
    "receivedKBytesPerSec" : 0.9729231366459626,
    "sentKBytesPerSec" : 0.3093458850931677
  },
  "create api key" : {
    "transaction" : "create api key",
    "sampleCount" : 5,
    "errorCount" : 0,
    "errorPct" : 0.0,
    "meanResTime" : 56.6,
    "medianResTime" : 51.0,
    "minResTime" : 41.0,
    "maxResTime" : 76.0,
    "pct1ResTime" : 76.0,
    "pct2ResTime" : 76.0,
    "pct3ResTime" : 76.0,
    "throughput" : 2.066969822240595,
    "receivedKBytesPerSec" : 1.3725971475816452,
    "sentKBytesPerSec" : 0.5813352625051674
  }
}