{
  "zone activity" : {
    "transaction" : "zone activity",
    "sampleCount" : 5,
    "errorCount" : 0,
    "errorPct" : 0.0,
    "meanResTime" : 375.0,
    "medianResTime" : 425.0,
    "minResTime" : 284.0,
    "maxResTime" : 433.0,
    "pct1ResTime" : 433.0,
    "pct2ResTime" : 433.0,
    "pct3ResTime" : 433.0,
    "throughput" : 3.342245989304813,
    "receivedKBytesPerSec" : 930.1568505598262,
    "sentKBytesPerSec" : 1.0901466410427807
  },
  "Total" : {
    "transaction" : "Total",
    "sampleCount" : 15,
    "errorCount" : 0,
    "errorPct" : 0.0,
    "meanResTime" : 429.13333333333344,
    "medianResTime" : 213.0,
    "minResTime" : 65.0,
    "maxResTime" : 2065.0,
    "pct1ResTime" : 1523.8000000000002,
    "pct2ResTime" : 2065.0,
    "pct3ResTime" : 2065.0,
    "throughput" : 3.384476534296029,
    "receivedKBytesPerSec" : 315.60331819720216,
    "sentKBytesPerSec" : 0.966206354354693
  },
  "login" : {
    "transaction" : "login",
    "sampleCount" : 5,
    "errorCount" : 0,
    "errorPct" : 0.0,
    "meanResTime" : 757.6,
    "medianResTime" : 191.0,
    "minResTime" : 179.0,
    "maxResTime" : 2065.0,
    "pct1ResTime" : 2065.0,
    "pct2ResTime" : 2065.0,
    "pct3ResTime" : 2065.0,
    "throughput" : 1.2254901960784315,
    "receivedKBytesPerSec" : 0.9598077512254902,
    "sentKBytesPerSec" : 0.30517578125
  },
  "create api key" : {
    "transaction" : "create api key",
    "sampleCount" : 5,
    "errorCount" : 0,
    "errorPct" : 0.0,
    "meanResTime" : 154.8,
    "medianResTime" : 209.0,
    "minResTime" : 65.0,
    "maxResTime" : 213.0,
    "pct1ResTime" : 213.0,
    "pct2ResTime" : 213.0,
    "pct3ResTime" : 213.0,
    "throughput" : 3.486750348675035,
    "receivedKBytesPerSec" : 2.3174631711994422,
    "sentKBytesPerSec" : 0.9806485355648537
  }
}