{
  "zone activity" : {
    "transaction" : "zone activity",
    "sampleCount" : 5,
    "errorCount" : 0,
    "errorPct" : 0.0,
    "meanResTime" : 1454.8,
    "medianResTime" : 1809.0,
    "minResTime" : 399.0,
    "maxResTime" : 2139.0,
    "pct1ResTime" : 2139.0,
    "pct2ResTime" : 2139.0,
    "pct3ResTime" : 2139.0,
    "throughput" : 1.847063169560399,
    "receivedKBytesPerSec" : 513.9478522118582,
    "sentKBytesPerSec" : 0.6024600572589582
  },
  "Total" : {
    "transaction" : "Total",
    "sampleCount" : 15,
    "errorCount" : 0,
    "errorPct" : 0.0,
    "meanResTime" : 662.9333333333334,
    "medianResTime" : 253.0,
    "minResTime" : 77.0,
    "maxResTime" : 2139.0,
    "pct1ResTime" : 2118.6,
    "pct2ResTime" : 2139.0,
    "pct3ResTime" : 2139.0,
    "throughput" : 3.251680034684587,
    "receivedKBytesPerSec" : 303.16285158790373,
    "sentKBytesPerSec" : 0.9282953744851505
  },
  "login" : {
    "transaction" : "login",
    "sampleCount" : 5,
    "errorCount" : 0,
    "errorPct" : 0.0,
    "meanResTime" : 446.8,
    "medianResTime" : 253.0,
    "minResTime" : 235.0,
    "maxResTime" : 1201.0,
    "pct1ResTime" : 1201.0,
    "pct2ResTime" : 1201.0,
    "pct3ResTime" : 1201.0,
    "throughput" : 1.2097749818533754,
    "receivedKBytesPerSec" : 0.9474995463343818,
    "sentKBytesPerSec" : 0.30126232458262764
  },
  "create api key" : {
    "transaction" : "create api key",
    "sampleCount" : 5,
    "errorCount" : 0,
    "errorPct" : 0.0,
    "meanResTime" : 87.2,
    "medianResTime" : 81.0,
    "minResTime" : 77.0,
    "maxResTime" : 104.0,
    "pct1ResTime" : 104.0,
    "pct2ResTime" : 104.0,
    "pct3ResTime" : 104.0,
    "throughput" : 2.071251035625518,
    "receivedKBytesPerSec" : 1.3742265171913834,
    "sentKBytesPerSec" : 0.5825393537696768
  }
}