{
  "zone activity" : {
    "transaction" : "zone activity",
    "sampleCount" : 5,
    "errorCount" : 0,
    "errorPct" : 0.0,
    "meanResTime" : 1244.8,
    "medianResTime" : 1533.0,
    "minResTime" : 329.0,
    "maxResTime" : 1930.0,
    "pct1ResTime" : 1930.0,
    "pct2ResTime" : 1930.0,
    "pct3ResTime" : 1930.0,
    "throughput" : 1.8539117538005192,
    "receivedKBytesPerSec" : 515.8650670884316,
    "sentKBytesPerSec" : 0.6046938728216537
  },
  "Total" : {
    "transaction" : "Total",
    "sampleCount" : 15,
    "errorCount" : 0,
    "errorPct" : 0.0,
    "meanResTime" : 569.3333333333334,
    "medianResTime" : 203.0,
    "minResTime" : 66.0,
    "maxResTime" : 1930.0,
    "pct1ResTime" : 1923.4,
    "pct2ResTime" : 1930.0,
    "pct3ResTime" : 1930.0,
    "throughput" : 3.328894806924101,
    "receivedKBytesPerSec" : 310.36937728861517,
    "sentKBytesPerSec" : 0.9503387843985797
  },
  "login" : {
    "transaction" : "login",
    "sampleCount" : 5,
    "errorCount" : 0,
    "errorPct" : 0.0,
    "meanResTime" : 380.2,
    "medianResTime" : 203.0,
    "minResTime" : 192.0,
    "maxResTime" : 1099.0,
    "pct1ResTime" : 1099.0,
    "pct2ResTime" : 1099.0,
    "pct3ResTime" : 1099.0,
    "throughput" : 1.2177301509985388,
    "receivedKBytesPerSec" : 0.9537300596687774,
    "sentKBytesPerSec" : 0.3032433481490502
  },
  "create api key" : {
    "transaction" : "create api key",
    "sampleCount" : 5,
    "errorCount" : 0,
    "errorPct" : 0.0,
    "meanResTime" : 83.0,
    "medianResTime" : 71.0,
    "minResTime" : 66.0,
    "maxResTime" : 107.0,
    "pct1ResTime" : 107.0,
    "pct2ResTime" : 107.0,
    "pct3ResTime" : 107.0,
    "throughput" : 2.012882447665056,
    "receivedKBytesPerSec" : 1.3366797504025765,
    "sentKBytesPerSec" : 0.5661231884057971
  }
}