{
  "zone activity" : {
    "transaction" : "zone activity",
    "sampleCount" : 5,
    "errorCount" : 0,
    "errorPct" : 0.0,
    "meanResTime" : 540.8,
    "medianResTime" : 216.0,
    "minResTime" : 57.0,
    "maxResTime" : 1187.0,
    "pct1ResTime" : 1187.0,
    "pct2ResTime" : 1187.0,
    "pct3ResTime" : 1187.0,
    "throughput" : 1.659475605708596,
    "receivedKBytesPerSec" : 461.73255735562566,
    "sentKBytesPerSec" : 0.5412742698307335
  },
  "Total" : {
    "transaction" : "Total",
    "sampleCount" : 15,
    "errorCount" : 0,
    "errorPct" : 0.0,
    "meanResTime" : 225.2666666666667,
    "medianResTime" : 40.0,
    "minResTime" : 11.0,
    "maxResTime" : 1187.0,
    "pct1ResTime" : 1185.8,
    "pct2ResTime" : 1187.0,
    "pct3ResTime" : 1187.0,
    "throughput" : 3.7183936539414972,
    "receivedKBytesPerSec" : 346.66177336390683,
    "sentKBytesPerSec" : 1.0615336049826476
  },
  "login" : {
    "transaction" : "login",
    "sampleCount" : 5,
    "errorCount" : 0,
    "errorPct" : 0.0,
    "meanResTime" : 116.4,
    "medianResTime" : 40.0,
    "minResTime" : 34.0,
    "maxResTime" : 418.0,
    "pct1ResTime" : 418.0,
    "pct2ResTime" : 418.0,
    "pct3ResTime" : 418.0,
    "throughput" : 1.2619888944977284,
    "receivedKBytesPerSec" : 0.9883936458859162,
    "sentKBytesPerSec" : 0.31426481259464917
  },
  "create api key" : {
    "transaction" : "create api key",
    "sampleCount" : 5,
    "errorCount" : 0,
    "errorPct" : 0.0,
    "meanResTime" : 18.6,
    "medianResTime" : 13.0,
    "minResTime" : 11.0,
    "maxResTime" : 37.0,
    "pct1ResTime" : 37.0,
    "pct2ResTime" : 37.0,
    "pct3ResTime" : 37.0,
    "throughput" : 1.6627868307283007,
    "receivedKBytesPerSec" : 1.1032200906218823,
    "sentKBytesPerSec" : 0.4676587961423345
  }
}