{
  "zone activity" : {
    "transaction" : "zone activity",
    "sampleCount" : 5,
    "errorCount" : 0,
    "errorPct" : 0.0,
    "meanResTime" : 219.8,
    "medianResTime" : 178.0,
    "minResTime" : 172.0,
    "maxResTime" : 297.0,
    "pct1ResTime" : 297.0,
    "pct2ResTime" : 297.0,
    "pct3ResTime" : 297.0,
    "throughput" : 1.785076758300607,
    "receivedKBytesPerSec" : 496.61114334166365,
    "sentKBytesPerSec" : 0.5822418332738307
  },
  "Total" : {
    "transaction" : "Total",
    "sampleCount" : 15,
    "errorCount" : 0,
    "errorPct" : 0.0,
    "meanResTime" : 169.0,
    "medianResTime" : 105.0,
    "minResTime" : 34.0,
    "maxResTime" : 774.0,
    "pct1ResTime" : 487.8000000000002,
    "pct2ResTime" : 774.0,
    "pct3ResTime" : 774.0,
    "throughput" : 3.565486094604231,
    "receivedKBytesPerSec" : 332.3606396333492,
    "sentKBytesPerSec" : 1.0178812841692417
  },
  "login" : {
    "transaction" : "login",
    "sampleCount" : 5,
    "errorCount" : 0,
    "errorPct" : 0.0,
    "meanResTime" : 240.4,
    "medianResTime" : 105.0,
    "minResTime" : 98.0,
    "maxResTime" : 774.0,
    "pct1ResTime" : 774.0,
    "pct2ResTime" : 774.0,
    "pct3ResTime" : 774.0,
    "throughput" : 1.2509382036527394,
    "receivedKBytesPerSec" : 0.9797387102827121,
    "sentKBytesPerSec" : 0.31151293157368026
  },
  "create api key" : {
    "transaction" : "create api key",
    "sampleCount" : 5,
    "errorCount" : 0,
    "errorPct" : 0.0,
    "meanResTime" : 46.8,
    "medianResTime" : 36.0,
    "minResTime" : 34.0,
    "maxResTime" : 65.0,
    "pct1ResTime" : 65.0,
    "pct2ResTime" : 65.0,
    "pct3ResTime" : 65.0,
    "throughput" : 1.847063169560399,
    "receivedKBytesPerSec" : 1.2254831224602882,
    "sentKBytesPerSec" : 0.5194865164388622
  }
}