{
  "zone activity" : {
    "transaction" : "zone activity",
    "sampleCount" : 5,
    "errorCount" : 0,
    "errorPct" : 0.0,
    "meanResTime" : 374.0,
    "medianResTime" : 376.0,
    "minResTime" : 361.0,
    "maxResTime" : 383.0,
    "pct1ResTime" : 383.0,
    "pct2ResTime" : 383.0,
    "pct3ResTime" : 383.0,
    "throughput" : 2.061855670103093,
    "receivedKBytesPerSec" : 573.686775128866,
    "sentKBytesPerSec" : 0.6725193298969072
  },
  "Total" : {
    "transaction" : "Total",
    "sampleCount" : 15,
    "errorCount" : 0,
    "errorPct" : 0.0,
    "meanResTime" : 335.6,
    "medianResTime" : 252.0,
    "minResTime" : 78.0,
    "maxResTime" : 1435.0,
    "pct1ResTime" : 903.4000000000003,
    "pct2ResTime" : 1435.0,
    "pct3ResTime" : 1435.0,
    "throughput" : 3.2729653065677504,
    "receivedKBytesPerSec" : 305.1332710560768,
    "sentKBytesPerSec" : 0.9343719315950251
  },
  "login" : {
    "transaction" : "login",
    "sampleCount" : 5,
    "errorCount" : 0,
    "errorPct" : 0.0,
    "meanResTime" : 542.0,
    "medianResTime" : 252.0,
    "minResTime" : 236.0,
    "maxResTime" : 1435.0,
    "pct1ResTime" : 1435.0,
    "pct2ResTime" : 1435.0,
    "pct3ResTime" : 1435.0,
    "throughput" : 1.2132977432661975,
    "receivedKBytesPerSec" : 0.9502585840815335,
    "sentKBytesPerSec" : 0.30213957473914094
  },
  "create api key" : {
    "transaction" : "create api key",
    "sampleCount" : 5,
    "errorCount" : 0,
    "errorPct" : 0.0,
    "meanResTime" : 90.8,
    "medianResTime" : 84.0,
    "minResTime" : 78.0,
    "maxResTime" : 109.0,
    "pct1ResTime" : 109.0,
    "pct2ResTime" : 109.0,
    "pct3ResTime" : 109.0,
    "throughput" : 2.3105360443622924,
    "receivedKBytesPerSec" : 1.53388906538817,
    "sentKBytesPerSec" : 0.6498382624768946
  }
}