{
  "zone activity" : {
    "transaction" : "zone activity",
    "sampleCount" : 5,
    "errorCount" : 0,
    "errorPct" : 0.0,
    "meanResTime" : 971.6,
    "medianResTime" : 1184.0,
    "minResTime" : 397.0,
    "maxResTime" : 1441.0,
    "pct1ResTime" : 1441.0,
    "pct2ResTime" : 1441.0,
    "pct3ResTime" : 1441.0,
    "throughput" : 1.8846588767433095,
    "receivedKBytesPerSec" : 524.1987254994345,
    "sentKBytesPerSec" : 0.6147227195627591
  },
  "Total" : {
    "transaction" : "Total",
    "sampleCount" : 15,
    "errorCount" : 0,
    "errorPct" : 0.0,
    "meanResTime" : 520.6000000000001,
    "medianResTime" : 262.0,
    "minResTime" : 83.0,
    "maxResTime" : 1441.0,
    "pct1ResTime" : 1436.8,
    "pct2ResTime" : 1441.0,
    "pct3ResTime" : 1441.0,
    "throughput" : 3.24114088159032,
    "receivedKBytesPerSec" : 302.0604033869922,
    "sentKBytesPerSec" : 0.9252866383967157
  },
  "login" : {
    "transaction" : "login",
    "sampleCount" : 5,
    "errorCount" : 0,
    "errorPct" : 0.0,
    "meanResTime" : 493.6,
    "medianResTime" : 262.0,
    "minResTime" : 245.0,
    "maxResTime" : 1298.0,
    "pct1ResTime" : 1298.0,
    "pct2ResTime" : 1298.0,
    "pct3ResTime" : 1298.0,
    "throughput" : 1.208313194780087,
    "receivedKBytesPerSec" : 0.9463546701304979,
    "sentKBytesPerSec" : 0.30089830534074435
  },
  "create api key" : {
    "transaction" : "create api key",
    "sampleCount" : 5,
    "errorCount" : 0,
    "errorPct" : 0.0,
    "meanResTime" : 96.6,
    "medianResTime" : 87.0,
    "minResTime" : 83.0,
    "maxResTime" : 122.0,
    "pct1ResTime" : 122.0,
    "pct2ResTime" : 122.0,
    "pct3ResTime" : 122.0,
    "throughput" : 2.109704641350211,
    "receivedKBytesPerSec" : 1.4009757383966244,
    "sentKBytesPerSec" : 0.5933544303797468
  }
}