{
  "zone activity" : {
    "transaction" : "zone activity",
    "sampleCount" : 5,
    "errorCount" : 0,
    "errorPct" : 0.0,
    "meanResTime" : 96.0,
    "medianResTime" : 80.0,
    "minResTime" : 78.0,
    "maxResTime" : 124.0,
    "pct1ResTime" : 124.0,
    "pct2ResTime" : 124.0,
    "pct3ResTime" : 124.0,
    "throughput" : 1.9083969465648853,
    "receivedKBytesPerSec" : 530.8232198234732,
    "sentKBytesPerSec" : 0.6224654103053435
  },
  "Total" : {
    "transaction" : "Total",
    "sampleCount" : 15,
    "errorCount" : 0,
    "errorPct" : 0.0,
    "meanResTime" : 108.06666666666668,
    "medianResTime" : 52.0,
    "minResTime" : 17.0,
    "maxResTime" : 785.0,
    "pct1ResTime" : 388.40000000000026,
    "pct2ResTime" : 785.0,
    "pct3ResTime" : 785.0,
    "throughput" : 3.694581280788177,
    "receivedKBytesPerSec" : 344.33305110837443,
    "sentKBytesPerSec" : 1.0547356065270936
  },
  "login" : {
    "transaction" : "login",
    "sampleCount" : 5,
    "errorCount" : 0,
    "errorPct" : 0.0,
    "meanResTime" : 201.6,
    "medianResTime" : 52.0,
    "minResTime" : 49.0,
    "maxResTime" : 785.0,
    "pct1ResTime" : 785.0,
    "pct2ResTime" : 785.0,
    "pct3ResTime" : 785.0,
    "throughput" : 1.2616704516780217,
    "receivedKBytesPerSec" : 0.9881442404743881,
    "sentKBytesPerSec" : 0.3141855128690386
  },
  "create api key" : {
    "transaction" : "create api key",
    "sampleCount" : 5,
    "errorCount" : 0,
    "errorPct" : 0.0,
    "meanResTime" : 26.6,
    "medianResTime" : 20.0,
    "minResTime" : 17.0,
    "maxResTime" : 41.0,
    "pct1ResTime" : 41.0,
    "pct2ResTime" : 41.0,
    "pct3ResTime" : 41.0,
    "throughput" : 1.9282684149633629,
    "receivedKBytesPerSec" : 1.2801141293868106,
    "sentKBytesPerSec" : 0.5423254917084458
  }
}