{
  "zone activity" : {
    "transaction" : "zone activity",
    "sampleCount" : 5,
    "errorCount" : 0,
    "errorPct" : 0.0,
    "meanResTime" : 962.4,
    "medianResTime" : 958.0,
    "minResTime" : 363.0,
    "maxResTime" : 1590.0,
    "pct1ResTime" : 1590.0,
    "pct2ResTime" : 1590.0,
    "pct3ResTime" : 1590.0,
    "throughput" : 1.6739203213927016,
    "receivedKBytesPerSec" : 465.7333471083026,
    "sentKBytesPerSec" : 0.5459857298292601
  },
  "Total" : {
    "transaction" : "Total",
    "sampleCount" : 15,
    "errorCount" : 0,
    "errorPct" : 0.0,
    "meanResTime" : 474.0666666666667,
    "medianResTime" : 241.0,
    "minResTime" : 74.0,
    "maxResTime" : 1590.0,
    "pct1ResTime" : 1542.0,
    "pct2ResTime" : 1590.0,
    "pct3ResTime" : 1590.0,
    "throughput" : 3.234850118611171,
    "receivedKBytesPerSec" : 301.5697447164115,
    "sentKBytesPerSec" : 0.9234907402415355
  },
  "login" : {
    "transaction" : "login",
    "sampleCount" : 5,
    "errorCount" : 0,
    "errorPct" : 0.0,
    "meanResTime" : 375.2,
    "medianResTime" : 241.0,
    "minResTime" : 221.0,
    "maxResTime" : 920.0,
    "pct1ResTime" : 920.0,
    "pct2ResTime" : 920.0,
    "pct3ResTime" : 920.0,
    "throughput" : 1.199328376109379,
    "receivedKBytesPerSec" : 0.9393177320700409,
    "sentKBytesPerSec" : 0.2986608749100504
  },
  "create api key" : {
    "transaction" : "create api key",
    "sampleCount" : 5,
    "errorCount" : 0,
    "errorPct" : 0.0,
    "meanResTime" : 84.6,
    "medianResTime" : 77.0,
    "minResTime" : 74.0,
    "maxResTime" : 102.0,
    "pct1ResTime" : 102.0,
    "pct2ResTime" : 102.0,
    "pct3ResTime" : 102.0,
    "throughput" : 1.8477457501847745,
    "receivedKBytesPerSec" : 1.225935998706578,
    "sentKBytesPerSec" : 0.5196784922394678
  }
}