{
  "zone activity" : {
    "transaction" : "zone activity",
    "sampleCount" : 5,
    "errorCount" : 0,
    "errorPct" : 0.0,
    "meanResTime" : 125.0,
    "medianResTime" : 92.0,
    "minResTime" : 87.0,
    "maxResTime" : 179.0,
    "pct1ResTime" : 179.0,
    "pct2ResTime" : 179.0,
    "pct3ResTime" : 179.0,
    "throughput" : 2.1459227467811157,
    "receivedKBytesPerSec" : 597.046841469957,
    "sentKBytesPerSec" : 0.6999396459227467
  },
  "Total" : {
    "transaction" : "Total",
    "sampleCount" : 15,
    "errorCount" : 0,
    "errorPct" : 0.0,
    "meanResTime" : 142.33333333333331,
    "medianResTime" : 54.0,
    "minResTime" : 15.0,
    "maxResTime" : 1082.0,
    "pct1ResTime" : 540.2000000000003,
    "pct2ResTime" : 1082.0,
    "pct3ResTime" : 1082.0,
    "throughput" : 3.694581280788177,
    "receivedKBytesPerSec" : 344.4218076508621,
    "sentKBytesPerSec" : 1.0547356065270936
  },
  "login" : {
    "transaction" : "login",
    "sampleCount" : 5,
    "errorCount" : 0,
    "errorPct" : 0.0,
    "meanResTime" : 280.4,
    "medianResTime" : 54.0,
    "minResTime" : 46.0,
    "maxResTime" : 1082.0,
    "pct1ResTime" : 1082.0,
    "pct2ResTime" : 1082.0,
    "pct3ResTime" : 1082.0,
    "throughput" : 1.2642225031605563,
    "receivedKBytesPerSec" : 0.99014301517067,
    "sentKBytesPerSec" : 0.31482103350189633
  },
  "create api key" : {
    "transaction" : "create api key",
    "sampleCount" : 5,
    "errorCount" : 0,
    "errorPct" : 0.0,
    "meanResTime" : 21.6,
    "medianResTime" : 16.0,
    "minResTime" : 15.0,
    "maxResTime" : 35.0,
    "pct1ResTime" : 35.0,
    "pct2ResTime" : 35.0,
    "pct3ResTime" : 35.0,
    "throughput" : 2.189141856392294,
    "receivedKBytesPerSec" : 1.4524443137040282,
    "sentKBytesPerSec" : 0.6156961471103328
  }
}