{
  "zone activity" : {
    "transaction" : "zone activity",
    "sampleCount" : 5,
    "errorCount" : 0,
    "errorPct" : 0.0,
    "meanResTime" : 205.2,
    "medianResTime" : 209.0,
    "minResTime" : 179.0,
    "maxResTime" : 220.0,
    "pct1ResTime" : 220.0,
    "pct2ResTime" : 220.0,
    "pct3ResTime" : 220.0,
    "throughput" : 2.2999080036798527,
    "receivedKBytesPerSec" : 639.9116691582337,
    "sentKBytesPerSec" : 0.7501653058877645
  },
  "Total" : {
    "transaction" : "Total",
    "sampleCount" : 15,
    "errorCount" : 0,
    "errorPct" : 0.0,
    "meanResTime" : 251.93333333333334,
    "medianResTime" : 133.0,
    "minResTime" : 45.0,
    "maxResTime" : 1453.0,
    "pct1ResTime" : 930.4000000000003,
    "pct2ResTime" : 1453.0,
    "pct3ResTime" : 1453.0,
    "throughput" : 3.520300398967379,
    "receivedKBytesPerSec" : 328.1866510942267,
    "sentKBytesPerSec" : 1.0049815917624971
  },
  "login" : {
    "transaction" : "login",
    "sampleCount" : 5,
    "errorCount" : 0,
    "errorPct" : 0.0,
    "meanResTime" : 485.4,
    "medianResTime" : 133.0,
    "minResTime" : 127.0,
    "maxResTime" : 1453.0,
    "pct1ResTime" : 1453.0,
    "pct2ResTime" : 1453.0,
    "pct3ResTime" : 1453.0,
    "throughput" : 1.2493753123438283,
    "receivedKBytesPerSec" : 0.9785146489255373,
    "sentKBytesPerSec" : 0.3111237350074963
  },
  "create api key" : {
    "transaction" : "create api key",
    "sampleCount" : 5,
    "errorCount" : 0,
    "errorPct" : 0.0,
    "meanResTime" : 65.2,
    "medianResTime" : 63.0,
    "minResTime" : 45.0,
    "maxResTime" : 96.0,
    "pct1ResTime" : 96.0,
    "pct2ResTime" : 96.0,
    "pct3ResTime" : 96.0,
    "throughput" : 2.4485798237022527,
    "receivedKBytesPerSec" : 1.6255318009304605,
    "sentKBytesPerSec" : 0.6886630754162586
  }
}