{
  "zone activity" : {
    "transaction" : "zone activity",
    "sampleCount" : 5,
    "errorCount" : 0,
    "errorPct" : 0.0,
    "meanResTime" : 389.8,
    "medianResTime" : 389.0,
    "minResTime" : 383.0,
    "maxResTime" : 398.0,
    "pct1ResTime" : 398.0,
    "pct2ResTime" : 398.0,
    "pct3ResTime" : 398.0,
    "throughput" : 1.78826895565093,
    "receivedKBytesPerSec" : 497.72868886355513,
    "sentKBytesPerSec" : 0.5832830382689557
  },
  "Total" : {
    "transaction" : "Total",
    "sampleCount" : 15,
    "errorCount" : 0,
    "errorPct" : 0.0,
    "meanResTime" : 301.00000000000006,
    "medianResTime" : 244.0,
    "minResTime" : 81.0,
    "maxResTime" : 1133.0,
    "pct1ResTime" : 692.0000000000002,
    "pct2ResTime" : 1133.0,
    "pct3ResTime" : 1133.0,
    "throughput" : 3.231365790607497,
    "receivedKBytesPerSec" : 301.35389177617407,
    "sentKBytesPerSec" : 0.9224960281128823
  },
  "login" : {
    "transaction" : "login",
    "sampleCount" : 5,
    "errorCount" : 0,
    "errorPct" : 0.0,
    "meanResTime" : 421.6,
    "medianResTime" : 244.0,
    "minResTime" : 241.0,
    "maxResTime" : 1133.0,
    "pct1ResTime" : 1133.0,
    "pct2ResTime" : 1133.0,
    "pct3ResTime" : 1133.0,
    "throughput" : 1.203369434416366,
    "receivedKBytesPerSec" : 0.9424827015643802,
    "sentKBytesPerSec" : 0.2996671931407942
  },
  "create api key" : {
    "transaction" : "create api key",
    "sampleCount" : 5,
    "errorCount" : 0,
    "errorPct" : 0.0,
    "meanResTime" : 91.6,
    "medianResTime" : 86.0,
    "minResTime" : 81.0,
    "maxResTime" : 106.0,
    "pct1ResTime" : 106.0,
    "pct2ResTime" : 106.0,
    "pct3ResTime" : 106.0,
    "throughput" : 1.9880715705765406,
    "receivedKBytesPerSec" : 1.3198154821073558,
    "sentKBytesPerSec" : 0.5591451292246521
  }
}