{
  "zone activity" : {
    "transaction" : "zone activity",
    "sampleCount" : 5,
    "errorCount" : 0,
    "errorPct" : 0.0,
    "meanResTime" : 672.6,
    "medianResTime" : 672.0,
    "minResTime" : 415.0,
    "maxResTime" : 928.0,
    "pct1ResTime" : 928.0,
    "pct2ResTime" : 928.0,
    "pct3ResTime" : 928.0,
    "throughput" : 1.855976243504083,
    "receivedKBytesPerSec" : 516.2629918337045,
    "sentKBytesPerSec" : 0.6053672512991833
  },
  "Total" : {
    "transaction" : "Total",
    "sampleCount" : 15,
    "errorCount" : 0,
    "errorPct" : 0.0,
    "meanResTime" : 420.00000000000006,
    "medianResTime" : 257.0,
    "minResTime" : 87.0,
    "maxResTime" : 1247.0,
    "pct1ResTime" : 1055.6000000000001,
    "pct2ResTime" : 1247.0,
    "pct3ResTime" : 1247.0,
    "throughput" : 3.1901318587834964,
    "receivedKBytesPerSec" : 297.330673782433,
    "sentKBytesPerSec" : 0.9107244922373459
  },
  "login" : {
    "transaction" : "login",
    "sampleCount" : 5,
    "errorCount" : 0,
    "errorPct" : 0.0,
    "meanResTime" : 469.0,
    "medianResTime" : 257.0,
    "minResTime" : 249.0,
    "maxResTime" : 1247.0,
    "pct1ResTime" : 1247.0,
    "pct2ResTime" : 1247.0,
    "pct3ResTime" : 1247.0,
    "throughput" : 1.2007684918347743,
    "receivedKBytesPerSec" : 0.9404456352065322,
    "sentKBytesPerSec" : 0.2990194974783862
  },
  "create api key" : {
    "transaction" : "create api key",
    "sampleCount" : 5,
    "errorCount" : 0,
    "errorPct" : 0.0,
    "meanResTime" : 118.4,
    "medianResTime" : 88.0,
    "minResTime" : 87.0,
    "maxResTime" : 167.0,
    "pct1ResTime" : 167.0,
    "pct2ResTime" : 167.0,
    "pct3ResTime" : 167.0,
    "throughput" : 2.0601565718994643,
    "receivedKBytesPerSec" : 1.368072723526988,
    "sentKBytesPerSec" : 0.5794190358467244
  }
}