{
  "zone activity" : {
    "transaction" : "zone activity",
    "sampleCount" : 5,
    "errorCount" : 0,
    "errorPct" : 0.0,
    "meanResTime" : 1123.0,
    "medianResTime" : 1552.0,
    "minResTime" : 339.0,
    "maxResTime" : 1555.0,
    "pct1ResTime" : 1555.0,
    "pct2ResTime" : 1555.0,
    "pct3ResTime" : 1555.0,
    "throughput" : 2.208480565371025,
    "receivedKBytesPerSec" : 614.209933331493,
    "sentKBytesPerSec" : 0.7203442469081273
  },
  "Total" : {
    "transaction" : "Total",
    "sampleCount" : 15,
    "errorCount" : 0,
    "errorPct" : 0.0,
    "meanResTime" : 576.6666666666666,
    "medianResTime" : 215.0,
    "minResTime" : 66.0,
    "maxResTime" : 1555.0,
    "pct1ResTime" : 1553.8,
    "pct2ResTime" : 1555.0,
    "pct3ResTime" : 1555.0,
    "throughput" : 3.4746351633078527,
    "receivedKBytesPerSec" : 323.79143321461663,
    "sentKBytesPerSec" : 0.9919449994208941
  },
  "login" : {
    "transaction" : "login",
    "sampleCount" : 5,
    "errorCount" : 0,
    "errorPct" : 0.0,
    "meanResTime" : 519.2,
    "medianResTime" : 215.0,
    "minResTime" : 205.0,
    "maxResTime" : 1335.0,
    "pct1ResTime" : 1335.0,
    "pct2ResTime" : 1335.0,
    "pct3ResTime" : 1335.0,
    "throughput" : 1.2810658467845246,
    "receivedKBytesPerSec" : 1.003334774532411,
    "sentKBytesPerSec" : 0.3190154208301307
  },
  "create api key" : {
    "transaction" : "create api key",
    "sampleCount" : 5,
    "errorCount" : 0,
    "errorPct" : 0.0,
    "meanResTime" : 87.8,
    "medianResTime" : 98.0,
    "minResTime" : 66.0,
    "maxResTime" : 103.0,
    "pct1ResTime" : 103.0,
    "pct2ResTime" : 103.0,
    "pct3ResTime" : 103.0,
    "throughput" : 2.4533856722276743,
    "receivedKBytesPerSec" : 1.62920142296369,
    "sentKBytesPerSec" : 0.6900147203140334
  }
}