{
  "zone activity" : {
    "transaction" : "zone activity",
    "sampleCount" : 5,
    "errorCount" : 0,
    "errorPct" : 0.0,
    "meanResTime" : 1402.2,
    "medianResTime" : 1902.0,
    "minResTime" : 349.0,
    "maxResTime" : 1928.0,
    "pct1ResTime" : 1928.0,
    "pct2ResTime" : 1928.0,
    "pct3ResTime" : 1928.0,
    "throughput" : 2.131287297527707,
    "receivedKBytesPerSec" : 592.8400402280478,
    "sentKBytesPerSec" : 0.6951659739982949
  },
  "Total" : {
    "transaction" : "Total",
    "sampleCount" : 15,
    "errorCount" : 0,
    "errorPct" : 0.0,
    "meanResTime" : 656.8,
    "medianResTime" : 210.0,
    "minResTime" : 65.0,
    "maxResTime" : 1928.0,
    "pct1ResTime" : 1915.4,
    "pct2ResTime" : 1928.0,
    "pct3ResTime" : 1928.0,
    "throughput" : 3.4778576396939482,
    "receivedKBytesPerSec" : 324.1451625173893,
    "sentKBytesPerSec" : 0.9928649576860654
  },
  "login" : {
    "transaction" : "login",
    "sampleCount" : 5,
    "errorCount" : 0,
    "errorPct" : 0.0,
    "meanResTime" : 487.8,
    "medianResTime" : 210.0,
    "minResTime" : 202.0,
    "maxResTime" : 1252.0,
    "pct1ResTime" : 1252.0,
    "pct2ResTime" : 1252.0,
    "pct3ResTime" : 1252.0,
    "throughput" : 1.2846865364850977,
    "receivedKBytesPerSec" : 1.006170510020555,
    "sentKBytesPerSec" : 0.3199170574254882
  },
  "create api key" : {
    "transaction" : "create api key",
    "sampleCount" : 5,
    "errorCount" : 0,
    "errorPct" : 0.0,
    "meanResTime" : 80.4,
    "medianResTime" : 70.0,
    "minResTime" : 65.0,
    "maxResTime" : 104.0,
    "pct1ResTime" : 104.0,
    "pct2ResTime" : 104.0,
    "pct3ResTime" : 104.0,
    "throughput" : 2.36630383341221,
    "receivedKBytesPerSec" : 1.5709114706578324,
    "sentKBytesPerSec" : 0.6655229531471841
  }
}