{
  "zone activity" : {
    "transaction" : "zone activity",
    "sampleCount" : 5,
    "errorCount" : 0,
    "errorPct" : 0.0,
    "meanResTime" : 550.2,
    "medianResTime" : 490.0,
    "minResTime" : 59.0,
    "maxResTime" : 1071.0,
    "pct1ResTime" : 1071.0,
    "pct2ResTime" : 1071.0,
    "pct3ResTime" : 1071.0,
    "throughput" : 1.8932222642938281,
    "receivedKBytesPerSec" : 526.986552205604,
    "sentKBytesPerSec" : 0.6175158557364635
  },
  "Total" : {
    "transaction" : "Total",
    "sampleCount" : 15,
    "errorCount" : 0,
    "errorPct" : 0.0,
    "meanResTime" : 254.00000000000003,
    "medianResTime" : 39.0,
    "minResTime" : 14.0,
    "maxResTime" : 1071.0,
    "pct1ResTime" : 1071.0,
    "pct2ResTime" : 1071.0,
    "pct3ResTime" : 1071.0,
    "throughput" : 3.732271709380443,
    "receivedKBytesPerSec" : 348.09775636041303,
    "sentKBytesPerSec" : 1.065495536825081
  },
  "login" : {
    "transaction" : "login",
    "sampleCount" : 5,
    "errorCount" : 0,
    "errorPct" : 0.0,
    "meanResTime" : 190.0,
    "medianResTime" : 39.0,
    "minResTime" : 36.0,
    "maxResTime" : 785.0,
    "pct1ResTime" : 785.0,
    "pct2ResTime" : 785.0,
    "pct3ResTime" : 785.0,
    "throughput" : 1.2680699974638598,
    "receivedKBytesPerSec" : 0.9931563847324372,
    "sentKBytesPerSec" : 0.3157791497590667
  },
  "create api key" : {
    "transaction" : "create api key",
    "sampleCount" : 5,
    "errorCount" : 0,
    "errorPct" : 0.0,
    "meanResTime" : 21.8,
    "medianResTime" : 14.0,
    "minResTime" : 14.0,
    "maxResTime" : 38.0,
    "pct1ResTime" : 38.0,
    "pct2ResTime" : 38.0,
    "pct3ResTime" : 38.0,
    "throughput" : 1.9054878048780488,
    "receivedKBytesPerSec" : 1.2642464986661586,
    "sentKBytesPerSec" : 0.5359184451219512
  }
}