{
  "zone activity" : {
    "transaction" : "zone activity",
    "sampleCount" : 5,
    "errorCount" : 0,
    "errorPct" : 0.0,
    "meanResTime" : 78.6,
    "medianResTime" : 78.0,
    "minResTime" : 76.0,
    "maxResTime" : 82.0,
    "pct1ResTime" : 82.0,
    "pct2ResTime" : 82.0,
    "pct3ResTime" : 82.0,
    "throughput" : 1.846381093057607,
    "receivedKBytesPerSec" : 513.6862998522895,
    "sentKBytesPerSec" : 0.6022375830871491
  },
  "Total" : {
    "transaction" : "Total",
    "sampleCount" : 15,
    "errorCount" : 0,
    "errorPct" : 0.0,
    "meanResTime" : 100.13333333333334,
    "medianResTime" : 47.0,
    "minResTime" : 15.0,
    "maxResTime" : 768.0,
    "pct1ResTime" : 356.40000000000026,
    "pct2ResTime" : 768.0,
    "pct3ResTime" : 768.0,
    "throughput" : 3.697313285679073,
    "receivedKBytesPerSec" : 344.662774217402,
    "sentKBytesPerSec" : 1.0555155441212718
  },
  "login" : {
    "transaction" : "login",
    "sampleCount" : 5,
    "errorCount" : 0,
    "errorPct" : 0.0,
    "meanResTime" : 195.6,
    "medianResTime" : 47.0,
    "minResTime" : 44.0,
    "maxResTime" : 768.0,
    "pct1ResTime" : 768.0,
    "pct2ResTime" : 768.0,
    "pct3ResTime" : 768.0,
    "throughput" : 1.2661433274246643,
    "receivedKBytesPerSec" : 0.9916474107368954,
    "sentKBytesPerSec" : 0.31529936376297796
  },
  "create api key" : {
    "transaction" : "create api key",
    "sampleCount" : 5,
    "errorCount" : 0,
    "errorPct" : 0.0,
    "meanResTime" : 26.2,
    "medianResTime" : 30.0,
    "minResTime" : 15.0,
    "maxResTime" : 35.0,
    "pct1ResTime" : 35.0,
    "pct2ResTime" : 35.0,
    "pct3ResTime" : 35.0,
    "throughput" : 1.8656716417910448,
    "receivedKBytesPerSec" : 1.238193796641791,
    "sentKBytesPerSec" : 0.5247201492537313
  }
}