{
  "zone activity" : {
    "transaction" : "zone activity",
    "sampleCount" : 5,
    "errorCount" : 0,
    "errorPct" : 0.0,
    "meanResTime" : 964.4,
    "medianResTime" : 908.0,
    "minResTime" : 149.0,
    "maxResTime" : 1805.0,
    "pct1ResTime" : 1805.0,
    "pct2ResTime" : 1805.0,
    "pct3ResTime" : 1805.0,
    "throughput" : 1.6463615409944024,
    "receivedKBytesPerSec" : 458.0676217278565,
    "sentKBytesPerSec" : 0.5369968307540336
  },
  "Total" : {
    "transaction" : "Total",
    "sampleCount" : 15,
    "errorCount" : 0,
    "errorPct" : 0.0,
    "meanResTime" : 397.8666666666666,
    "medianResTime" : 99.0,
    "minResTime" : 29.0,
    "maxResTime" : 1805.0,
    "pct1ResTime" : 1802.6,
    "pct2ResTime" : 1805.0,
    "pct3ResTime" : 1805.0,
    "throughput" : 3.57653791130186,
    "receivedKBytesPerSec" : 333.42507525631856,
    "sentKBytesPerSec" : 1.0210363763710062
  },
  "login" : {
    "transaction" : "login",
    "sampleCount" : 5,
    "errorCount" : 0,
    "errorPct" : 0.0,
    "meanResTime" : 187.2,
    "medianResTime" : 99.0,
    "minResTime" : 88.0,
    "maxResTime" : 547.0,
    "pct1ResTime" : 547.0,
    "pct2ResTime" : 547.0,
    "pct3ResTime" : 547.0,
    "throughput" : 1.2456402590931739,
    "receivedKBytesPerSec" : 0.9755893435475834,
    "sentKBytesPerSec" : 0.3101936192077728
  },
  "create api key" : {
    "transaction" : "create api key",
    "sampleCount" : 5,
    "errorCount" : 0,
    "errorPct" : 0.0,
    "meanResTime" : 42.0,
    "medianResTime" : 30.0,
    "minResTime" : 29.0,
    "maxResTime" : 61.0,
    "pct1ResTime" : 61.0,
    "pct2ResTime" : 61.0,
    "pct3ResTime" : 61.0,
    "throughput" : 1.6874789065136686,
    "receivedKBytesPerSec" : 1.1196027041849477,
    "sentKBytesPerSec" : 0.4746034424569693
  }
}