{
  "zone activity" : {
    "transaction" : "zone activity",
    "sampleCount" : 10,
    "errorCount" : 10,
    "errorPct" : 100.0,
    "meanResTime" : 40.699999999999996,
    "medianResTime" : 41.0,
    "minResTime" : 34.0,
    "maxResTime" : 50.0,
    "pct1ResTime" : 49.300000000000004,
    "pct2ResTime" : 50.0,
    "pct3ResTime" : 50.0,
    "throughput" : 1.3831258644536653,
    "receivedKBytesPerSec" : 2.2705415802213,
    "sentKBytesPerSec" : 0.29850665629322265
  },
  "Total" : {
    "transaction" : "Total",
    "sampleCount" : 30,
    "errorCount" : 30,
    "errorPct" : 100.0,
    "meanResTime" : 112.23333333333333,
    "medianResTime" : 43.5,
    "minResTime" : 34.0,
    "maxResTime" : 1228.0,
    "pct1ResTime" : 148.70000000000002,
    "pct2ResTime" : 739.5999999999993,
    "pct3ResTime" : 1228.0,
    "throughput" : 3.299967000329997,
    "receivedKBytesPerSec" : 5.7096304036959635,
    "sentKBytesPerSec" : 0.7820234297657024
  },
  "login" : {
    "transaction" : "login",
    "sampleCount" : 10,
    "errorCount" : 10,
    "errorPct" : 100.0,
    "meanResTime" : 253.5,
    "medianResTime" : 120.5,
    "minResTime" : 102.0,
    "maxResTime" : 1228.0,
    "pct1ResTime" : 1139.2000000000003,
    "pct2ResTime" : 1228.0,
    "pct3ResTime" : 1228.0,
    "throughput" : 1.1103708638685321,
    "receivedKBytesPerSec" : 1.8772207417277371,
    "sentKBytesPerSec" : 0.29385791416833223
  },
  "create api key" : {
    "transaction" : "create api key",
    "sampleCount" : 10,
    "errorCount" : 10,
    "errorPct" : 100.0,
    "meanResTime" : 42.5,
    "medianResTime" : 42.5,
    "minResTime" : 38.0,
    "maxResTime" : 51.0,
    "pct1ResTime" : 50.400000000000006,
    "pct2ResTime" : 51.0,
    "pct3ResTime" : 51.0,
    "throughput" : 1.3796909492273732,
    "receivedKBytesPerSec" : 2.564015504277042,
    "sentKBytesPerSec" : 0.31797564845474613
  }
}