{
  "zone activity" : {
    "transaction" : "zone activity",
    "sampleCount" : 5,
    "errorCount" : 0,
    "errorPct" : 0.0,
    "meanResTime" : 794.0,
    "medianResTime" : 881.0,
    "minResTime" : 292.0,
    "maxResTime" : 1257.0,
    "pct1ResTime" : 1257.0,
    "pct2ResTime" : 1257.0,
    "pct3ResTime" : 1257.0,
    "throughput" : 1.8635855385762206,
    "receivedKBytesPerSec" : 518.7508735557212,
    "sentKBytesPerSec" : 0.6078491893402908
  },
  "Total" : {
    "transaction" : "Total",
    "sampleCount" : 15,
    "errorCount" : 0,
    "errorPct" : 0.0,
    "meanResTime" : 405.1333333333333,
    "medianResTime" : 178.0,
    "minResTime" : 54.0,
    "maxResTime" : 1257.0,
    "pct1ResTime" : 1250.4,
    "pct2ResTime" : 1257.0,
    "pct3ResTime" : 1257.0,
    "throughput" : 3.372302158273381,
    "receivedKBytesPerSec" : 314.53282198459976,
    "sentKBytesPerSec" : 0.9627307919289567
  },
  "login" : {
    "transaction" : "login",
    "sampleCount" : 5,
    "errorCount" : 0,
    "errorPct" : 0.0,
    "meanResTime" : 350.0,
    "medianResTime" : 178.0,
    "minResTime" : 158.0,
    "maxResTime" : 1056.0,
    "pct1ResTime" : 1056.0,
    "pct2ResTime" : 1056.0,
    "pct3ResTime" : 1056.0,
    "throughput" : 1.2221950623319482,
    "receivedKBytesPerSec" : 0.9572269921779516,
    "sentKBytesPerSec" : 0.30435521571742846
  },
  "create api key" : {
    "transaction" : "create api key",
    "sampleCount" : 5,
    "errorCount" : 0,
    "errorPct" : 0.0,
    "meanResTime" : 71.4,
    "medianResTime" : 62.0,
    "minResTime" : 54.0,
    "maxResTime" : 96.0,
    "pct1ResTime" : 96.0,
    "pct2ResTime" : 96.0,
    "pct3ResTime" : 96.0,
    "throughput" : 2.0096463022508035,
    "receivedKBytesPerSec" : 1.3333532204581993,
    "sentKBytesPerSec" : 0.5652130225080386
  }
}