{
  "zone activity" : {
    "transaction" : "zone activity",
    "sampleCount" : 5,
    "errorCount" : 0,
    "errorPct" : 0.0,
    "meanResTime" : 83.2,
    "medianResTime" : 86.0,
    "minResTime" : 77.0,
    "maxResTime" : 88.0,
    "pct1ResTime" : 88.0,
    "pct2ResTime" : 88.0,
    "pct3ResTime" : 88.0,
    "throughput" : 2.1431633090441493,
    "receivedKBytesPerSec" : 596.5193688384054,
    "sentKBytesPerSec" : 0.6990395949421345
  },
  "Total" : {
    "transaction" : "Total",
    "sampleCount" : 15,
    "errorCount" : 0,
    "errorPct" : 0.0,
    "meanResTime" : 126.79999999999998,
    "medianResTime" : 65.0,
    "minResTime" : 16.0,
    "maxResTime" : 1030.0,
    "pct1ResTime" : 493.00000000000034,
    "pct2ResTime" : 1030.0,
    "pct3ResTime" : 1030.0,
    "throughput" : 3.704618424302297,
    "receivedKBytesPerSec" : 345.4959461441096,
    "sentKBytesPerSec" : 1.0576010280316126
  },
  "login" : {
    "transaction" : "login",
    "sampleCount" : 5,
    "errorCount" : 0,
    "errorPct" : 0.0,
    "meanResTime" : 264.2,
    "medianResTime" : 57.0,
    "minResTime" : 49.0,
    "maxResTime" : 1030.0,
    "pct1ResTime" : 1030.0,
    "pct2ResTime" : 1030.0,
    "pct3ResTime" : 1030.0,
    "throughput" : 1.2680699974638598,
    "receivedKBytesPerSec" : 0.9931563847324372,
    "sentKBytesPerSec" : 0.3157791497590667
  },
  "create api key" : {
    "transaction" : "create api key",
    "sampleCount" : 5,
    "errorCount" : 0,
    "errorPct" : 0.0,
    "meanResTime" : 33.0,
    "medianResTime" : 17.0,
    "minResTime" : 16.0,
    "maxResTime" : 65.0,
    "pct1ResTime" : 65.0,
    "pct2ResTime" : 65.0,
    "pct3ResTime" : 65.0,
    "throughput" : 2.162629757785467,
    "receivedKBytesPerSec" : 1.4348541576557095,
    "sentKBytesPerSec" : 0.6082396193771626
  }
}