{
  "zone activity" : {
    "transaction" : "zone activity",
    "sampleCount" : 5,
    "errorCount" : 0,
    "errorPct" : 0.0,
    "meanResTime" : 70.2,
    "medianResTime" : 73.0,
    "minResTime" : 62.0,
    "maxResTime" : 76.0,
    "pct1ResTime" : 76.0,
    "pct2ResTime" : 76.0,
    "pct3ResTime" : 76.0,
    "throughput" : 2.2172949002217295,
    "receivedKBytesPerSec" : 616.8951808481153,
    "sentKBytesPerSec" : 0.7232192350332595
  },
  "Total" : {
    "transaction" : "Total",
    "sampleCount" : 15,
    "errorCount" : 0,
    "errorPct" : 0.0,
    "meanResTime" : 129.1333333333333,
    "medianResTime" : 41.0,
    "minResTime" : 12.0,
    "maxResTime" : 1147.0,
    "pct1ResTime" : 601.0000000000003,
    "pct2ResTime" : 1147.0,
    "pct3ResTime" : 1147.0,
    "throughput" : 3.7285607755406414,
    "receivedKBytesPerSec" : 347.5843975267214,
    "sentKBytesPerSec" : 1.064436132861049
  },
  "login" : {
    "transaction" : "login",
    "sampleCount" : 5,
    "errorCount" : 0,
    "errorPct" : 0.0,
    "meanResTime" : 299.2,
    "medianResTime" : 41.0,
    "minResTime" : 35.0,
    "maxResTime" : 1147.0,
    "pct1ResTime" : 1147.0,
    "pct2ResTime" : 1147.0,
    "pct3ResTime" : 1147.0,
    "throughput" : 1.2677484787018256,
    "receivedKBytesPerSec" : 0.9929045702332657,
    "sentKBytesPerSec" : 0.31569908405172414
  },
  "create api key" : {
    "transaction" : "create api key",
    "sampleCount" : 5,
    "errorCount" : 0,
    "errorPct" : 0.0,
    "meanResTime" : 18.0,
    "medianResTime" : 13.0,
    "minResTime" : 12.0,
    "maxResTime" : 26.0,
    "pct1ResTime" : 26.0,
    "pct2ResTime" : 26.0,
    "pct3ResTime" : 26.0,
    "throughput" : 2.242152466367713,
    "receivedKBytesPerSec" : 1.487615610986547,
    "sentKBytesPerSec" : 0.6306053811659192
  }
}