{
  "zone activity" : {
    "transaction" : "zone activity",
    "sampleCount" : 5,
    "errorCount" : 0,
    "errorPct" : 0.0,
    "meanResTime" : 152.8,
    "medianResTime" : 154.0,
    "minResTime" : 141.0,
    "maxResTime" : 164.0,
    "pct1ResTime" : 164.0,
    "pct2ResTime" : 164.0,
    "pct3ResTime" : 164.0,
    "throughput" : 2.037489812550937,
    "receivedKBytesPerSec" : 29.056116926446617,
    "sentKBytesPerSec" : 0.6625821363080684
  },
  "Total" : {
    "transaction" : "Total",
    "sampleCount" : 15,
    "errorCount" : 0,
    "errorPct" : 0.0,
    "meanResTime" : 230.39999999999998,
    "medianResTime" : 154.0,
    "minResTime" : 75.0,
    "maxResTime" : 1232.0,
    "pct1ResTime" : 690.8000000000003,
    "pct2ResTime" : 1232.0,
    "pct3ResTime" : 1232.0,
    "throughput" : 3.4474833371638707,
    "receivedKBytesPerSec" : 18.050358394621927,
    "sentKBytesPerSec" : 0.9830714203631349
  },
  "login" : {
    "transaction" : "login",
    "sampleCount" : 5,
    "errorCount" : 0,
    "errorPct" : 0.0,
    "meanResTime" : 452.4,
    "medianResTime" : 243.0,
    "minResTime" : 228.0,
    "maxResTime" : 1232.0,
    "pct1ResTime" : 1232.0,
    "pct2ResTime" : 1232.0,
    "pct3ResTime" : 1232.0,
    "throughput" : 1.210946960523129,
    "receivedKBytesPerSec" : 0.9484174436909665,
    "sentKBytesPerSec" : 0.30155417473964646
  },
  "create api key" : {
    "transaction" : "create api key",
    "sampleCount" : 5,
    "errorCount" : 0,
    "errorPct" : 0.0,
    "meanResTime" : 86.0,
    "medianResTime" : 80.0,
    "minResTime" : 75.0,
    "maxResTime" : 100.0,
    "pct1ResTime" : 100.0,
    "pct2ResTime" : 100.0,
    "pct3ResTime" : 100.0,
    "throughput" : 2.0627062706270625,
    "receivedKBytesPerSec" : 1.3685572658828382,
    "sentKBytesPerSec" : 0.5801361386138614
  }
}