{
  "zone activity" : {
    "transaction" : "zone activity",
    "sampleCount" : 5,
    "errorCount" : 0,
    "errorPct" : 0.0,
    "meanResTime" : 663.6,
    "medianResTime" : 404.0,
    "minResTime" : 378.0,
    "maxResTime" : 1068.0,
    "pct1ResTime" : 1068.0,
    "pct2ResTime" : 1068.0,
    "pct3ResTime" : 1068.0,
    "throughput" : 1.5792798483891346,
    "receivedKBytesPerSec" : 439.5780485036324,
    "sentKBytesPerSec" : 0.5151166692987997
  },
  "Total" : {
    "transaction" : "Total",
    "sampleCount" : 15,
    "errorCount" : 0,
    "errorPct" : 0.0,
    "meanResTime" : 368.40000000000003,
    "medianResTime" : 251.0,
    "minResTime" : 84.0,
    "maxResTime" : 1068.0,
    "pct1ResTime" : 1066.2,
    "pct2ResTime" : 1068.0,
    "pct3ResTime" : 1068.0,
    "throughput" : 3.236245954692557,
    "receivedKBytesPerSec" : 301.8203883495146,
    "sentKBytesPerSec" : 0.9238892259978425
  },
  "login" : {
    "transaction" : "login",
    "sampleCount" : 5,
    "errorCount" : 0,
    "errorPct" : 0.0,
    "meanResTime" : 347.4,
    "medianResTime" : 251.0,
    "minResTime" : 229.0,
    "maxResTime" : 752.0,
    "pct1ResTime" : 752.0,
    "pct2ResTime" : 752.0,
    "pct3ResTime" : 752.0,
    "throughput" : 1.203369434416366,
    "receivedKBytesPerSec" : 0.9424827015643802,
    "sentKBytesPerSec" : 0.2996671931407942
  },
  "create api key" : {
    "transaction" : "create api key",
    "sampleCount" : 5,
    "errorCount" : 0,
    "errorPct" : 0.0,
    "meanResTime" : 94.2,
    "medianResTime" : 99.0,
    "minResTime" : 84.0,
    "maxResTime" : 102.0,
    "pct1ResTime" : 102.0,
    "pct2ResTime" : 102.0,
    "pct3ResTime" : 102.0,
    "throughput" : 1.722356183258698,
    "receivedKBytesPerSec" : 1.142742959869101,
    "sentKBytesPerSec" : 0.48441267654150877
  }
}