{
  "zone activity" : {
    "transaction" : "zone activity",
    "sampleCount" : 5,
    "errorCount" : 0,
    "errorPct" : 0.0,
    "meanResTime" : 81.8,
    "medianResTime" : 76.0,
    "minResTime" : 75.0,
    "maxResTime" : 93.0,
    "pct1ResTime" : 93.0,
    "pct2ResTime" : 93.0,
    "pct3ResTime" : 93.0,
    "throughput" : 2.297794117647059,
    "receivedKBytesPerSec" : 639.5622702205882,
    "sentKBytesPerSec" : 0.7494758157169117
  },
  "Total" : {
    "transaction" : "Total",
    "sampleCount" : 15,
    "errorCount" : 0,
    "errorPct" : 0.0,
    "meanResTime" : 147.06666666666663,
    "medianResTime" : 58.0,
    "minResTime" : 16.0,
    "maxResTime" : 1207.0,
    "pct1ResTime" : 662.8000000000003,
    "pct2ResTime" : 1207.0,
    "pct3ResTime" : 1207.0,
    "throughput" : 3.7037037037037037,
    "receivedKBytesPerSec" : 345.4125675154321,
    "sentKBytesPerSec" : 1.0573398919753088
  },
  "login" : {
    "transaction" : "login",
    "sampleCount" : 5,
    "errorCount" : 0,
    "errorPct" : 0.0,
    "meanResTime" : 331.8,
    "medianResTime" : 58.0,
    "minResTime" : 46.0,
    "maxResTime" : 1207.0,
    "pct1ResTime" : 1207.0,
    "pct2ResTime" : 1207.0,
    "pct3ResTime" : 1207.0,
    "throughput" : 1.2642225031605563,
    "receivedKBytesPerSec" : 0.99014301517067,
    "sentKBytesPerSec" : 0.31482103350189633
  },
  "create api key" : {
    "transaction" : "create api key",
    "sampleCount" : 5,
    "errorCount" : 0,
    "errorPct" : 0.0,
    "meanResTime" : 27.6,
    "medianResTime" : 19.0,
    "minResTime" : 16.0,
    "maxResTime" : 46.0,
    "pct1ResTime" : 46.0,
    "pct2ResTime" : 46.0,
    "pct3ResTime" : 46.0,
    "throughput" : 2.320185614849188,
    "receivedKBytesPerSec" : 1.5393887761020884,
    "sentKBytesPerSec" : 0.6525522041763342
  }
}