{
  "zone activity" : {
    "transaction" : "zone activity",
    "sampleCount" : 5,
    "errorCount" : 0,
    "errorPct" : 0.0,
    "meanResTime" : 297.4,
    "medianResTime" : 293.0,
    "minResTime" : 143.0,
    "maxResTime" : 451.0,
    "pct1ResTime" : 451.0,
    "pct2ResTime" : 451.0,
    "pct3ResTime" : 451.0,
    "throughput" : 2.172024326672459,
    "receivedKBytesPerSec" : 604.9639240334492,
    "sentKBytesPerSec" : 0.7084532471763684
  },
  "Total" : {
    "transaction" : "Total",
    "sampleCount" : 15,
    "errorCount" : 0,
    "errorPct" : 0.0,
    "meanResTime" : 234.5333333333333,
    "medianResTime" : 107.0,
    "minResTime" : 34.0,
    "maxResTime" : 1195.0,
    "pct1ResTime" : 748.6000000000003,
    "pct2ResTime" : 1195.0,
    "pct3ResTime" : 1195.0,
    "throughput" : 3.5773908895778677,
    "receivedKBytesPerSec" : 333.85720993322207,
    "sentKBytesPerSec" : 1.0212798861197234
  },
  "login" : {
    "transaction" : "login",
    "sampleCount" : 5,
    "errorCount" : 0,
    "errorPct" : 0.0,
    "meanResTime" : 357.2,
    "medianResTime" : 107.0,
    "minResTime" : 96.0,
    "maxResTime" : 1195.0,
    "pct1ResTime" : 1195.0,
    "pct2ResTime" : 1195.0,
    "pct3ResTime" : 1195.0,
    "throughput" : 1.25,
    "receivedKBytesPerSec" : 0.97900390625,
    "sentKBytesPerSec" : 0.311279296875
  },
  "create api key" : {
    "transaction" : "create api key",
    "sampleCount" : 5,
    "errorCount" : 0,
    "errorPct" : 0.0,
    "meanResTime" : 49.0,
    "medianResTime" : 41.0,
    "minResTime" : 34.0,
    "maxResTime" : 69.0,
    "pct1ResTime" : 69.0,
    "pct2ResTime" : 69.0,
    "pct3ResTime" : 69.0,
    "throughput" : 2.247191011235955,
    "receivedKBytesPerSec" : 1.4922752808988764,
    "sentKBytesPerSec" : 0.6320224719101123
  }
}