{
  "zone activity" : {
    "transaction" : "zone activity",
    "sampleCount" : 10,
    "errorCount" : 0,
    "errorPct" : 0.0,
    "meanResTime" : 114.0,
    "medianResTime" : 109.0,
    "minResTime" : 106.0,
    "maxResTime" : 145.0,
    "pct1ResTime" : 143.6,
    "pct2ResTime" : 145.0,
    "pct3ResTime" : 145.0,
    "throughput" : 1.3908205841446453,
    "receivedKBytesPerSec" : 21.698974269819193,
    "sentKBytesPerSec" : 0.45228833449235045
  },
  "Total" : {
    "transaction" : "Total",
    "sampleCount" : 30,
    "errorCount" : 0,
    "errorPct" : 0.0,
    "meanResTime" : 171.06666666666672,
    "medianResTime" : 109.0,
    "minResTime" : 57.0,
    "maxResTime" : 1442.0,
    "pct1ResTime" : 183.3,
    "pct2ResTime" : 939.2999999999993,
    "pct3ResTime" : 1442.0,
    "throughput" : 3.225806451612903,
    "receivedKBytesPerSec" : 20.515372983870964,
    "sentKBytesPerSec" : 0.9209089381720429
  },
  "login" : {
    "transaction" : "login",
    "sampleCount" : 10,
    "errorCount" : 0,
    "errorPct" : 0.0,
    "meanResTime" : 335.6,
    "medianResTime" : 172.0,
    "minResTime" : 170.0,
    "maxResTime" : 1442.0,
    "pct1ResTime" : 1350.6000000000004,
    "pct2ResTime" : 1442.0,
    "pct3ResTime" : 1442.0,
    "throughput" : 1.1001100110011,
    "receivedKBytesPerSec" : 1.9789088283828382,
    "sentKBytesPerSec" : 0.27502750275027504
  },
  "create api key" : {
    "transaction" : "create api key",
    "sampleCount" : 10,
    "errorCount" : 0,
    "errorPct" : 0.0,
    "meanResTime" : 63.6,
    "medianResTime" : 58.5,
    "minResTime" : 57.0,
    "maxResTime" : 77.0,
    "pct1ResTime" : 76.8,
    "pct2ResTime" : 77.0,
    "pct3ResTime" : 77.0,
    "throughput" : 1.3991884706870015,
    "receivedKBytesPerSec" : 2.3491062683643484,
    "sentKBytesPerSec" : 0.39352175738071915
  }
}