{
  "zone activity" : {
    "transaction" : "zone activity",
    "sampleCount" : 5,
    "errorCount" : 0,
    "errorPct" : 0.0,
    "meanResTime" : 1189.0,
    "medianResTime" : 1541.0,
    "minResTime" : 163.0,
    "maxResTime" : 1857.0,
    "pct1ResTime" : 1857.0,
    "pct2ResTime" : 1857.0,
    "pct3ResTime" : 1857.0,
    "throughput" : 2.0242914979757085,
    "receivedKBytesPerSec" : 563.2428991649797,
    "sentKBytesPerSec" : 0.6602669534412955
  },
  "Total" : {
    "transaction" : "Total",
    "sampleCount" : 15,
    "errorCount" : 0,
    "errorPct" : 0.0,
    "meanResTime" : 507.73333333333335,
    "medianResTime" : 103.0,
    "minResTime" : 31.0,
    "maxResTime" : 1857.0,
    "pct1ResTime" : 1851.0,
    "pct2ResTime" : 1857.0,
    "pct3ResTime" : 1857.0,
    "throughput" : 3.57653791130186,
    "receivedKBytesPerSec" : 333.4392789550548,
    "sentKBytesPerSec" : 1.0210363763710062
  },
  "login" : {
    "transaction" : "login",
    "sampleCount" : 5,
    "errorCount" : 0,
    "errorPct" : 0.0,
    "meanResTime" : 294.6,
    "medianResTime" : 103.0,
    "minResTime" : 91.0,
    "maxResTime" : 1048.0,
    "pct1ResTime" : 1048.0,
    "pct2ResTime" : 1048.0,
    "pct3ResTime" : 1048.0,
    "throughput" : 1.250625312656328,
    "receivedKBytesPerSec" : 0.9794936530765382,
    "sentKBytesPerSec" : 0.31143501438219107
  },
  "create api key" : {
    "transaction" : "create api key",
    "sampleCount" : 5,
    "errorCount" : 0,
    "errorPct" : 0.0,
    "meanResTime" : 39.6,
    "medianResTime" : 33.0,
    "minResTime" : 31.0,
    "maxResTime" : 53.0,
    "pct1ResTime" : 53.0,
    "pct2ResTime" : 53.0,
    "pct3ResTime" : 53.0,
    "throughput" : 2.1061499578770007,
    "receivedKBytesPerSec" : 1.3977924915754,
    "sentKBytesPerSec" : 0.5923546756529064
  }
}