{
  "zone activity" : {
    "transaction" : "zone activity",
    "sampleCount" : 5,
    "errorCount" : 0,
    "errorPct" : 0.0,
    "meanResTime" : 119.2,
    "medianResTime" : 100.0,
    "minResTime" : 93.0,
    "maxResTime" : 155.0,
    "pct1ResTime" : 155.0,
    "pct2ResTime" : 155.0,
    "pct3ResTime" : 155.0,
    "throughput" : 1.9646365422396854,
    "receivedKBytesPerSec" : 546.5872114440078,
    "sentKBytesPerSec" : 0.640809184675835
  },
  "Total" : {
    "transaction" : "Total",
    "sampleCount" : 15,
    "errorCount" : 0,
    "errorPct" : 0.0,
    "meanResTime" : 122.59999999999998,
    "medianResTime" : 52.0,
    "minResTime" : 18.0,
    "maxResTime" : 885.0,
    "pct1ResTime" : 447.0000000000003,
    "pct2ResTime" : 885.0,
    "pct3ResTime" : 885.0,
    "throughput" : 3.678273663560569,
    "receivedKBytesPerSec" : 342.88814408104463,
    "sentKBytesPerSec" : 1.0500800790828837
  },
  "login" : {
    "transaction" : "login",
    "sampleCount" : 5,
    "errorCount" : 0,
    "errorPct" : 0.0,
    "meanResTime" : 221.0,
    "medianResTime" : 52.0,
    "minResTime" : 49.0,
    "maxResTime" : 885.0,
    "pct1ResTime" : 885.0,
    "pct2ResTime" : 885.0,
    "pct3ResTime" : 885.0,
    "throughput" : 1.2623074981065388,
    "receivedKBytesPerSec" : 0.9886431772279728,
    "sentKBytesPerSec" : 0.31434415236051505
  },
  "create api key" : {
    "transaction" : "create api key",
    "sampleCount" : 5,
    "errorCount" : 0,
    "errorPct" : 0.0,
    "meanResTime" : 27.6,
    "medianResTime" : 19.0,
    "minResTime" : 18.0,
    "maxResTime" : 42.0,
    "pct1ResTime" : 42.0,
    "pct2ResTime" : 42.0,
    "pct3ResTime" : 42.0,
    "throughput" : 1.996805111821086,
    "receivedKBytesPerSec" : 1.3248333915734825,
    "sentKBytesPerSec" : 0.5616014376996805
  }
}