{
  "zone activity" : {
    "transaction" : "zone activity",
    "sampleCount" : 5,
    "errorCount" : 0,
    "errorPct" : 0.0,
    "meanResTime" : 207.2,
    "medianResTime" : 211.0,
    "minResTime" : 190.0,
    "maxResTime" : 226.0,
    "pct1ResTime" : 226.0,
    "pct2ResTime" : 226.0,
    "pct3ResTime" : 226.0,
    "throughput" : 1.9692792437967706,
    "receivedKBytesPerSec" : 547.9019483556518,
    "sentKBytesPerSec" : 0.6423235033477747
  },
  "Total" : {
    "transaction" : "Total",
    "sampleCount" : 15,
    "errorCount" : 0,
    "errorPct" : 0.0,
    "meanResTime" : 198.93333333333337,
    "medianResTime" : 132.0,
    "minResTime" : 41.0,
    "maxResTime" : 1102.0,
    "pct1ResTime" : 576.4000000000003,
    "pct2ResTime" : 1102.0,
    "pct3ResTime" : 1102.0,
    "throughput" : 3.484320557491289,
    "receivedKBytesPerSec" : 324.82147394018585,
    "sentKBytesPerSec" : 0.9947100029036006
  },
  "login" : {
    "transaction" : "login",
    "sampleCount" : 5,
    "errorCount" : 0,
    "errorPct" : 0.0,
    "meanResTime" : 336.0,
    "medianResTime" : 132.0,
    "minResTime" : 125.0,
    "maxResTime" : 1102.0,
    "pct1ResTime" : 1102.0,
    "pct2ResTime" : 1102.0,
    "pct3ResTime" : 1102.0,
    "throughput" : 1.2394645513138325,
    "receivedKBytesPerSec" : 0.9707525099157165,
    "sentKBytesPerSec" : 0.3086557232275657
  },
  "create api key" : {
    "transaction" : "create api key",
    "sampleCount" : 5,
    "errorCount" : 0,
    "errorPct" : 0.0,
    "meanResTime" : 53.6,
    "medianResTime" : 44.0,
    "minResTime" : 41.0,
    "maxResTime" : 71.0,
    "pct1ResTime" : 71.0,
    "pct2ResTime" : 71.0,
    "pct3ResTime" : 71.0,
    "throughput" : 2.0868113522537564,
    "receivedKBytesPerSec" : 1.3845504225792988,
    "sentKBytesPerSec" : 0.586915692821369
  }
}