{
  "zone activity" : {
    "transaction" : "zone activity",
    "sampleCount" : 5,
    "errorCount" : 0,
    "errorPct" : 0.0,
    "meanResTime" : 543.6,
    "medianResTime" : 384.0,
    "minResTime" : 370.0,
    "maxResTime" : 801.0,
    "pct1ResTime" : 801.0,
    "pct2ResTime" : 801.0,
    "pct3ResTime" : 801.0,
    "throughput" : 1.6886187098953056,
    "receivedKBytesPerSec" : 470.01448518237083,
    "sentKBytesPerSec" : 0.5507799307666329
  },
  "Total" : {
    "transaction" : "Total",
    "sampleCount" : 15,
    "errorCount" : 0,
    "errorPct" : 0.0,
    "meanResTime" : 335.79999999999995,
    "medianResTime" : 231.0,
    "minResTime" : 75.0,
    "maxResTime" : 962.0,
    "pct1ResTime" : 865.4000000000001,
    "pct2ResTime" : 962.0,
    "pct3ResTime" : 962.0,
    "throughput" : 3.2552083333333335,
    "receivedKBytesPerSec" : 303.5907745361328,
    "sentKBytesPerSec" : 0.9293026394314237
  },
  "login" : {
    "transaction" : "login",
    "sampleCount" : 5,
    "errorCount" : 0,
    "errorPct" : 0.0,
    "meanResTime" : 377.0,
    "medianResTime" : 231.0,
    "minResTime" : 226.0,
    "maxResTime" : 962.0,
    "pct1ResTime" : 962.0,
    "pct2ResTime" : 962.0,
    "pct3ResTime" : 962.0,
    "throughput" : 1.2068549360366883,
    "receivedKBytesPerSec" : 0.9452125573256095,
    "sentKBytesPerSec" : 0.3005351647356988
  },
  "create api key" : {
    "transaction" : "create api key",
    "sampleCount" : 5,
    "errorCount" : 0,
    "errorPct" : 0.0,
    "meanResTime" : 86.8,
    "medianResTime" : 78.0,
    "minResTime" : 75.0,
    "maxResTime" : 106.0,
    "pct1ResTime" : 106.0,
    "pct2ResTime" : 106.0,
    "pct3ResTime" : 106.0,
    "throughput" : 1.8580453363062057,
    "receivedKBytesPerSec" : 1.232769532701598,
    "sentKBytesPerSec" : 0.5225752508361204
  }
}