{
  "zone activity" : {
    "transaction" : "zone activity",
    "sampleCount" : 10,
    "errorCount" : 0,
    "errorPct" : 0.0,
    "meanResTime" : 149.4,
    "medianResTime" : 144.0,
    "minResTime" : 139.0,
    "maxResTime" : 198.0,
    "pct1ResTime" : 193.0,
    "pct2ResTime" : 198.0,
    "pct3ResTime" : 198.0,
    "throughput" : 1.3607293509320995,
    "receivedKBytesPerSec" : 21.342455180977,
    "sentKBytesPerSec" : 0.4425028065042863
  },
  "Total" : {
    "transaction" : "Total",
    "sampleCount" : 30,
    "errorCount" : 0,
    "errorPct" : 0.0,
    "meanResTime" : 192.00000000000006,
    "medianResTime" : 144.0,
    "minResTime" : 73.0,
    "maxResTime" : 1274.0,
    "pct1ResTime" : 250.60000000000005,
    "pct2ResTime" : 780.0999999999993,
    "pct3ResTime" : 1274.0,
    "throughput" : 3.2116475752060807,
    "receivedKBytesPerSec" : 20.692022233968526,
    "sentKBytesPerSec" : 0.9168668370624131
  },
  "login" : {
    "transaction" : "login",
    "sampleCount" : 10,
    "errorCount" : 0,
    "errorPct" : 0.0,
    "meanResTime" : 346.9,
    "medianResTime" : 225.5,
    "minResTime" : 218.0,
    "maxResTime" : 1274.0,
    "pct1ResTime" : 1184.2000000000003,
    "pct2ResTime" : 1274.0,
    "pct3ResTime" : 1274.0,
    "throughput" : 1.096611470555982,
    "receivedKBytesPerSec" : 2.06364287476697,
    "sentKBytesPerSec" : 0.2741528676389955
  },
  "create api key" : {
    "transaction" : "create api key",
    "sampleCount" : 10,
    "errorCount" : 0,
    "errorPct" : 0.0,
    "meanResTime" : 79.69999999999999,
    "medianResTime" : 76.5,
    "minResTime" : 73.0,
    "maxResTime" : 93.0,
    "pct1ResTime" : 92.9,
    "pct2ResTime" : 93.0,
    "pct3ResTime" : 93.0,
    "throughput" : 1.367801942278758,
    "receivedKBytesPerSec" : 2.410083051224183,
    "sentKBytesPerSec" : 0.3846942962659007
  }
}