{
  "zone activity" : {
    "transaction" : "zone activity",
    "sampleCount" : 5,
    "errorCount" : 0,
    "errorPct" : 0.0,
    "meanResTime" : 80.2,
    "medianResTime" : 61.0,
    "minResTime" : 50.0,
    "maxResTime" : 118.0,
    "pct1ResTime" : 118.0,
    "pct2ResTime" : 118.0,
    "pct3ResTime" : 118.0,
    "throughput" : 2.2665457842248413,
    "receivedKBytesPerSec" : 32.64047271645512,
    "sentKBytesPerSec" : 0.7370700645965549
  },
  "Total" : {
    "transaction" : "Total",
    "sampleCount" : 15,
    "errorCount" : 0,
    "errorPct" : 0.0,
    "meanResTime" : 164.86666666666662,
    "medianResTime" : 101.0,
    "minResTime" : 31.0,
    "maxResTime" : 1177.0,
    "pct1ResTime" : 632.2000000000003,
    "pct2ResTime" : 1177.0,
    "pct3ResTime" : 1177.0,
    "throughput" : 3.673769287288758,
    "receivedKBytesPerSec" : 19.406877602253243,
    "sentKBytesPerSec" : 1.047598273328435
  },
  "login" : {
    "transaction" : "login",
    "sampleCount" : 5,
    "errorCount" : 0,
    "errorPct" : 0.0,
    "meanResTime" : 351.6,
    "medianResTime" : 120.0,
    "minResTime" : 91.0,
    "maxResTime" : 1177.0,
    "pct1ResTime" : 1177.0,
    "pct2ResTime" : 1177.0,
    "pct3ResTime" : 1177.0,
    "throughput" : 1.250625312656328,
    "receivedKBytesPerSec" : 0.9794936530765382,
    "sentKBytesPerSec" : 0.31143501438219107
  },
  "create api key" : {
    "transaction" : "create api key",
    "sampleCount" : 5,
    "errorCount" : 0,
    "errorPct" : 0.0,
    "meanResTime" : 62.8,
    "medianResTime" : 39.0,
    "minResTime" : 31.0,
    "maxResTime" : 109.0,
    "pct1ResTime" : 109.0,
    "pct2ResTime" : 109.0,
    "pct3ResTime" : 109.0,
    "throughput" : 2.1958717610891525,
    "receivedKBytesPerSec" : 1.456909447738252,
    "sentKBytesPerSec" : 0.6175889328063241
  }
}