{
  "zone activity" : {
    "transaction" : "zone activity",
    "sampleCount" : 5,
    "errorCount" : 0,
    "errorPct" : 0.0,
    "meanResTime" : 289.2,
    "medianResTime" : 287.0,
    "minResTime" : 282.0,
    "maxResTime" : 300.0,
    "pct1ResTime" : 300.0,
    "pct2ResTime" : 300.0,
    "pct3ResTime" : 300.0,
    "throughput" : 2.1729682746631895,
    "receivedKBytesPerSec" : 604.287622908518,
    "sentKBytesPerSec" : 0.7087611364624076
  },
  "Total" : {
    "transaction" : "Total",
    "sampleCount" : 15,
    "errorCount" : 0,
    "errorPct" : 0.0,
    "meanResTime" : 282.33333333333337,
    "medianResTime" : 186.0,
    "minResTime" : 59.0,
    "maxResTime" : 1393.0,
    "pct1ResTime" : 852.4000000000003,
    "pct2ResTime" : 1393.0,
    "pct3ResTime" : 1393.0,
    "throughput" : 3.3952014486192845,
    "receivedKBytesPerSec" : 316.36469414893617,
    "sentKBytesPerSec" : 0.9692681218877319
  },
  "login" : {
    "transaction" : "login",
    "sampleCount" : 5,
    "errorCount" : 0,
    "errorPct" : 0.0,
    "meanResTime" : 485.2,
    "medianResTime" : 186.0,
    "minResTime" : 175.0,
    "maxResTime" : 1393.0,
    "pct1ResTime" : 1393.0,
    "pct2ResTime" : 1393.0,
    "pct3ResTime" : 1393.0,
    "throughput" : 1.2272950417280315,
    "receivedKBytesPerSec" : 0.9612213119783997,
    "sentKBytesPerSec" : 0.30562523011782033
  },
  "create api key" : {
    "transaction" : "create api key",
    "sampleCount" : 5,
    "errorCount" : 0,
    "errorPct" : 0.0,
    "meanResTime" : 72.6,
    "medianResTime" : 60.0,
    "minResTime" : 59.0,
    "maxResTime" : 104.0,
    "pct1ResTime" : 104.0,
    "pct2ResTime" : 104.0,
    "pct3ResTime" : 104.0,
    "throughput" : 2.3651844843897822,
    "receivedKBytesPerSec" : 1.5692444713812679,
    "sentKBytesPerSec" : 0.6652081362346264
  }
}