{
  "zone activity" : {
    "transaction" : "zone activity",
    "sampleCount" : 5,
    "errorCount" : 0,
    "errorPct" : 0.0,
    "meanResTime" : 1370.6,
    "medianResTime" : 1585.0,
    "minResTime" : 540.0,
    "maxResTime" : 1605.0,
    "pct1ResTime" : 1605.0,
    "pct2ResTime" : 1605.0,
    "pct3ResTime" : 1605.0,
    "throughput" : 3.115264797507788,
    "receivedKBytesPerSec" : 866.784097546729,
    "sentKBytesPerSec" : 1.0161117601246106
  },
  "Total" : {
    "transaction" : "Total",
    "sampleCount" : 15,
    "errorCount" : 0,
    "errorPct" : 0.0,
    "meanResTime" : 792.1333333333334,
    "medianResTime" : 464.0,
    "minResTime" : 65.0,
    "maxResTime" : 2250.0,
    "pct1ResTime" : 1863.0000000000002,
    "pct2ResTime" : 2250.0,
    "pct3ResTime" : 2250.0,
    "throughput" : 3.2530904359141184,
    "receivedKBytesPerSec" : 303.2801571649317,
    "sentKBytesPerSec" : 0.9286980183257428
  },
  "login" : {
    "transaction" : "login",
    "sampleCount" : 5,
    "errorCount" : 0,
    "errorPct" : 0.0,
    "meanResTime" : 916.2,
    "medianResTime" : 464.0,
    "minResTime" : 198.0,
    "maxResTime" : 2250.0,
    "pct1ResTime" : 2250.0,
    "pct2ResTime" : 2250.0,
    "pct3ResTime" : 2250.0,
    "throughput" : 1.2550200803212852,
    "receivedKBytesPerSec" : 0.9829356488453815,
    "sentKBytesPerSec" : 0.31252941453313254
  },
  "create api key" : {
    "transaction" : "create api key",
    "sampleCount" : 5,
    "errorCount" : 0,
    "errorPct" : 0.0,
    "meanResTime" : 89.6,
    "medianResTime" : 100.0,
    "minResTime" : 65.0,
    "maxResTime" : 117.0,
    "pct1ResTime" : 117.0,
    "pct2ResTime" : 117.0,
    "pct3ResTime" : 117.0,
    "throughput" : 4.3140638481449525,
    "receivedKBytesPerSec" : 2.8648080241587577,
    "sentKBytesPerSec" : 1.213330457290768
  }
}