{
  "zone activity" : {
    "transaction" : "zone activity",
    "sampleCount" : 5,
    "errorCount" : 0,
    "errorPct" : 0.0,
    "meanResTime" : 62.4,
    "medianResTime" : 62.0,
    "minResTime" : 47.0,
    "maxResTime" : 76.0,
    "pct1ResTime" : 76.0,
    "pct2ResTime" : 76.0,
    "pct3ResTime" : 76.0,
    "throughput" : 2.1070375052675936,
    "receivedKBytesPerSec" : 586.1514959966287,
    "sentKBytesPerSec" : 0.6872563737884534
  },
  "Total" : {
    "transaction" : "Total",
    "sampleCount" : 15,
    "errorCount" : 0,
    "errorPct" : 0.0,
    "meanResTime" : 110.46666666666665,
    "medianResTime" : 47.0,
    "minResTime" : 10.0,
    "maxResTime" : 1020.0,
    "pct1ResTime" : 473.4000000000003,
    "pct2ResTime" : 1020.0,
    "pct3ResTime" : 1020.0,
    "throughput" : 3.730415319572246,
    "receivedKBytesPerSec" : 347.717209260756,
    "sentKBytesPerSec" : 1.0649655713752797
  },
  "login" : {
    "transaction" : "login",
    "sampleCount" : 5,
    "errorCount" : 0,
    "errorPct" : 0.0,
    "meanResTime" : 252.6,
    "medianResTime" : 60.0,
    "minResTime" : 35.0,
    "maxResTime" : 1020.0,
    "pct1ResTime" : 1020.0,
    "pct2ResTime" : 1020.0,
    "pct3ResTime" : 1020.0,
    "throughput" : 1.2671059300557526,
    "receivedKBytesPerSec" : 0.9924013241256968,
    "sentKBytesPerSec" : 0.3155390743791181
  },
  "create api key" : {
    "transaction" : "create api key",
    "sampleCount" : 5,
    "errorCount" : 0,
    "errorPct" : 0.0,
    "meanResTime" : 16.4,
    "medianResTime" : 12.0,
    "minResTime" : 10.0,
    "maxResTime" : 25.0,
    "pct1ResTime" : 25.0,
    "pct2ResTime" : 25.0,
    "pct3ResTime" : 25.0,
    "throughput" : 2.127659574468085,
    "receivedKBytesPerSec" : 1.4116522606382977,
    "sentKBytesPerSec" : 0.5984042553191489
  }
}