{
  "zone activity" : {
    "transaction" : "zone activity",
    "sampleCount" : 5,
    "errorCount" : 0,
    "errorPct" : 0.0,
    "meanResTime" : 578.4,
    "medianResTime" : 679.0,
    "minResTime" : 393.0,
    "maxResTime" : 717.0,
    "pct1ResTime" : 717.0,
    "pct2ResTime" : 717.0,
    "pct3ResTime" : 717.0,
    "throughput" : 2.046663937781416,
    "receivedKBytesPerSec" : 569.9651267652476,
    "sentKBytesPerSec" : 0.6675642140810478
  },
  "Total" : {
    "transaction" : "Total",
    "sampleCount" : 15,
    "errorCount" : 0,
    "errorPct" : 0.0,
    "meanResTime" : 416.53333333333336,
    "medianResTime" : 261.0,
    "minResTime" : 86.0,
    "maxResTime" : 1417.0,
    "pct1ResTime" : 997.0000000000002,
    "pct2ResTime" : 1417.0,
    "pct3ResTime" : 1417.0,
    "throughput" : 3.3222591362126246,
    "receivedKBytesPerSec" : 310.0024657392027,
    "sentKBytesPerSec" : 0.9484444213732005
  },
  "login" : {
    "transaction" : "login",
    "sampleCount" : 5,
    "errorCount" : 0,
    "errorPct" : 0.0,
    "meanResTime" : 569.0,
    "medianResTime" : 261.0,
    "minResTime" : 251.0,
    "maxResTime" : 1417.0,
    "pct1ResTime" : 1417.0,
    "pct2ResTime" : 1417.0,
    "pct3ResTime" : 1417.0,
    "throughput" : 1.2490632025980515,
    "receivedKBytesPerSec" : 0.978270203597302,
    "sentKBytesPerSec" : 0.3110460123657257
  },
  "create api key" : {
    "transaction" : "create api key",
    "sampleCount" : 5,
    "errorCount" : 0,
    "errorPct" : 0.0,
    "meanResTime" : 102.2,
    "medianResTime" : 109.0,
    "minResTime" : 86.0,
    "maxResTime" : 115.0,
    "pct1ResTime" : 115.0,
    "pct2ResTime" : 115.0,
    "pct3ResTime" : 115.0,
    "throughput" : 2.3030861354214647,
    "receivedKBytesPerSec" : 1.5293931368033167,
    "sentKBytesPerSec" : 0.647742975587287
  }
}