{
  "zone activity" : {
    "transaction" : "zone activity",
    "sampleCount" : 10,
    "errorCount" : 0,
    "errorPct" : 0.0,
    "meanResTime" : 22.900000000000006,
    "medianResTime" : 22.5,
    "minResTime" : 21.0,
    "maxResTime" : 26.0,
    "pct1ResTime" : 25.9,
    "pct2ResTime" : 26.0,
    "pct3ResTime" : 26.0,
    "throughput" : 1.3399437223636608,
    "receivedKBytesPerSec" : 20.9052157309393,
    "sentKBytesPerSec" : 0.4357434175264639
  },
  "Total" : {
    "transaction" : "Total",
    "sampleCount" : 30,
    "errorCount" : 0,
    "errorPct" : 0.0,
    "meanResTime" : 56.76666666666666,
    "medianResTime" : 24.0,
    "minResTime" : 14.0,
    "maxResTime" : 903.0,
    "pct1ResTime" : 45.800000000000004,
    "pct2ResTime" : 437.6999999999994,
    "pct3ResTime" : 903.0,
    "throughput" : 3.3392698130008904,
    "receivedKBytesPerSec" : 21.23697336932324,
    "sentKBytesPerSec" : 0.953300659505788
  },
  "login" : {
    "transaction" : "login",
    "sampleCount" : 10,
    "errorCount" : 0,
    "errorPct" : 0.0,
    "meanResTime" : 129.79999999999995,
    "medianResTime" : 42.5,
    "minResTime" : 40.0,
    "maxResTime" : 903.0,
    "pct1ResTime" : 818.4000000000003,
    "pct2ResTime" : 903.0,
    "pct3ResTime" : 903.0,
    "throughput" : 1.1183180496533214,
    "receivedKBytesPerSec" : 2.011661960411541,
    "sentKBytesPerSec" : 0.27957951241333034
  },
  "create api key" : {
    "transaction" : "create api key",
    "sampleCount" : 10,
    "errorCount" : 0,
    "errorPct" : 0.0,
    "meanResTime" : 17.6,
    "medianResTime" : 14.0,
    "minResTime" : 14.0,
    "maxResTime" : 32.0,
    "pct1ResTime" : 31.9,
    "pct2ResTime" : 32.0,
    "pct3ResTime" : 32.0,
    "throughput" : 1.3363624214887078,
    "receivedKBytesPerSec" : 2.2436272217025257,
    "sentKBytesPerSec" : 0.3758519310436991
  }
}