{
  "zone activity" : {
    "transaction" : "zone activity",
    "sampleCount" : 5,
    "errorCount" : 0,
    "errorPct" : 0.0,
    "meanResTime" : 272.4,
    "medianResTime" : 276.0,
    "minResTime" : 251.0,
    "maxResTime" : 285.0,
    "pct1ResTime" : 285.0,
    "pct2ResTime" : 285.0,
    "pct3ResTime" : 285.0,
    "throughput" : 1.601024655779699,
    "receivedKBytesPerSec" : 445.63301763128396,
    "sentKBytesPerSec" : 0.522209213896894
  },
  "Total" : {
    "transaction" : "Total",
    "sampleCount" : 15,
    "errorCount" : 0,
    "errorPct" : 0.0,
    "meanResTime" : 203.4,
    "medianResTime" : 177.0,
    "minResTime" : 53.0,
    "maxResTime" : 665.0,
    "pct1ResTime" : 437.0000000000001,
    "pct2ResTime" : 665.0,
    "pct3ResTime" : 665.0,
    "throughput" : 3.3875338753387534,
    "receivedKBytesPerSec" : 315.93164238934054,
    "sentKBytesPerSec" : 0.9670791694896116
  },
  "login" : {
    "transaction" : "login",
    "sampleCount" : 5,
    "errorCount" : 0,
    "errorPct" : 0.0,
    "meanResTime" : 271.4,
    "medianResTime" : 177.0,
    "minResTime" : 159.0,
    "maxResTime" : 665.0,
    "pct1ResTime" : 665.0,
    "pct2ResTime" : 665.0,
    "pct3ResTime" : 665.0,
    "throughput" : 1.2224938875305624,
    "receivedKBytesPerSec" : 0.957461033007335,
    "sentKBytesPerSec" : 0.30442963019559904
  },
  "create api key" : {
    "transaction" : "create api key",
    "sampleCount" : 5,
    "errorCount" : 0,
    "errorPct" : 0.0,
    "meanResTime" : 66.4,
    "medianResTime" : 60.0,
    "minResTime" : 53.0,
    "maxResTime" : 80.0,
    "pct1ResTime" : 80.0,
    "pct2ResTime" : 80.0,
    "pct3ResTime" : 80.0,
    "throughput" : 1.7001020061203673,
    "receivedKBytesPerSec" : 1.1279778349200953,
    "sentKBytesPerSec" : 0.4781536892213533
  }
}