{
  "zone activity" : {
    "transaction" : "zone activity",
    "sampleCount" : 5,
    "errorCount" : 0,
    "errorPct" : 0.0,
    "meanResTime" : 81.0,
    "medianResTime" : 57.0,
    "minResTime" : 52.0,
    "maxResTime" : 122.0,
    "pct1ResTime" : 122.0,
    "pct2ResTime" : 122.0,
    "pct3ResTime" : 122.0,
    "throughput" : 2.1862702229995628,
    "receivedKBytesPerSec" : 31.835425092916484,
    "sentKBytesPerSec" : 0.7109648283777875
  },
  "Total" : {
    "transaction" : "Total",
    "sampleCount" : 15,
    "errorCount" : 0,
    "errorPct" : 0.0,
    "meanResTime" : 143.8,
    "medianResTime" : 69.0,
    "minResTime" : 31.0,
    "maxResTime" : 1066.0,
    "pct1ResTime" : 527.2000000000003,
    "pct2ResTime" : 1066.0,
    "pct3ResTime" : 1066.0,
    "throughput" : 3.681885125184094,
    "receivedKBytesPerSec" : 19.64678832228768,
    "sentKBytesPerSec" : 1.0499125552282769
  },
  "login" : {
    "transaction" : "login",
    "sampleCount" : 5,
    "errorCount" : 0,
    "errorPct" : 0.0,
    "meanResTime" : 304.8,
    "medianResTime" : 101.0,
    "minResTime" : 93.0,
    "maxResTime" : 1066.0,
    "pct1ResTime" : 1066.0,
    "pct2ResTime" : 1066.0,
    "pct3ResTime" : 1066.0,
    "throughput" : 1.25344697919278,
    "receivedKBytesPerSec" : 0.9817035911255955,
    "sentKBytesPerSec" : 0.3121376754825771
  },
  "create api key" : {
    "transaction" : "create api key",
    "sampleCount" : 5,
    "errorCount" : 0,
    "errorPct" : 0.0,
    "meanResTime" : 45.6,
    "medianResTime" : 33.0,
    "minResTime" : 31.0,
    "maxResTime" : 69.0,
    "pct1ResTime" : 69.0,
    "pct2ResTime" : 69.0,
    "pct3ResTime" : 69.0,
    "throughput" : 2.16169476869866,
    "receivedKBytesPerSec" : 1.4342338143104192,
    "sentKBytesPerSec" : 0.607976653696498
  }
}