{
  "zone activity" : {
    "transaction" : "zone activity",
    "sampleCount" : 5,
    "errorCount" : 0,
    "errorPct" : 0.0,
    "meanResTime" : 2176.0,
    "medianResTime" : 2366.0,
    "minResTime" : 1415.0,
    "maxResTime" : 2371.0,
    "pct1ResTime" : 2371.0,
    "pct2ResTime" : 2371.0,
    "pct3ResTime" : 2371.0,
    "throughput" : 2.0824656393169514,
    "receivedKBytesPerSec" : 579.4664007184507,
    "sentKBytesPerSec" : 0.6792417221990837
  },
  "Total" : {
    "transaction" : "Total",
    "sampleCount" : 15,
    "errorCount" : 0,
    "errorPct" : 0.0,
    "meanResTime" : 1037.0,
    "medianResTime" : 297.0,
    "minResTime" : 69.0,
    "maxResTime" : 2371.0,
    "pct1ResTime" : 2368.0,
    "pct2ResTime" : 2371.0,
    "pct3ResTime" : 2371.0,
    "throughput" : 2.6800071466857247,
    "receivedKBytesPerSec" : 249.87193195015186,
    "sentKBytesPerSec" : 0.7650931860818295
  },
  "login" : {
    "transaction" : "login",
    "sampleCount" : 5,
    "errorCount" : 0,
    "errorPct" : 0.0,
    "meanResTime" : 843.6,
    "medianResTime" : 297.0,
    "minResTime" : 209.0,
    "maxResTime" : 2201.0,
    "pct1ResTime" : 2201.0,
    "pct2ResTime" : 2201.0,
    "pct3ResTime" : 2201.0,
    "throughput" : 1.2162490878131842,
    "receivedKBytesPerSec" : 0.9525700863536853,
    "sentKBytesPerSec" : 0.3028745287034785
  },
  "create api key" : {
    "transaction" : "create api key",
    "sampleCount" : 5,
    "errorCount" : 0,
    "errorPct" : 0.0,
    "meanResTime" : 91.4,
    "medianResTime" : 91.0,
    "minResTime" : 69.0,
    "maxResTime" : 119.0,
    "pct1ResTime" : 119.0,
    "pct2ResTime" : 119.0,
    "pct3ResTime" : 119.0,
    "throughput" : 4.5662100456621,
    "receivedKBytesPerSec" : 3.0304651826484017,
    "sentKBytesPerSec" : 1.284246575342466
  }
}