{
  "zone activity" : {
    "transaction" : "zone activity",
    "sampleCount" : 5,
    "errorCount" : 0,
    "errorPct" : 0.0,
    "meanResTime" : 187.8,
    "medianResTime" : 174.0,
    "minResTime" : 168.0,
    "maxResTime" : 213.0,
    "pct1ResTime" : 213.0,
    "pct2ResTime" : 213.0,
    "pct3ResTime" : 213.0,
    "throughput" : 1.9142419601837672,
    "receivedKBytesPerSec" : 532.4127524406584,
    "sentKBytesPerSec" : 0.6243718893568146
  },
  "Total" : {
    "transaction" : "Total",
    "sampleCount" : 15,
    "errorCount" : 0,
    "errorPct" : 0.0,
    "meanResTime" : 168.99999999999997,
    "medianResTime" : 96.0,
    "minResTime" : 31.0,
    "maxResTime" : 985.0,
    "pct1ResTime" : 521.8000000000003,
    "pct2ResTime" : 985.0,
    "pct3ResTime" : 985.0,
    "throughput" : 3.5773908895778677,
    "receivedKBytesPerSec" : 333.3883760881231,
    "sentKBytesPerSec" : 1.0212798861197234
  },
  "login" : {
    "transaction" : "login",
    "sampleCount" : 5,
    "errorCount" : 0,
    "errorPct" : 0.0,
    "meanResTime" : 275.4,
    "medianResTime" : 96.0,
    "minResTime" : 93.0,
    "maxResTime" : 985.0,
    "pct1ResTime" : 985.0,
    "pct2ResTime" : 985.0,
    "pct3ResTime" : 985.0,
    "throughput" : 1.2550200803212852,
    "receivedKBytesPerSec" : 0.9829356488453815,
    "sentKBytesPerSec" : 0.31252941453313254
  },
  "create api key" : {
    "transaction" : "create api key",
    "sampleCount" : 5,
    "errorCount" : 0,
    "errorPct" : 0.0,
    "meanResTime" : 43.8,
    "medianResTime" : 34.0,
    "minResTime" : 31.0,
    "maxResTime" : 64.0,
    "pct1ResTime" : 64.0,
    "pct2ResTime" : 64.0,
    "pct3ResTime" : 64.0,
    "throughput" : 1.9912385503783352,
    "receivedKBytesPerSec" : 1.3219179360812425,
    "sentKBytesPerSec" : 0.5600358422939068
  }
}