{
  "zone activity" : {
    "transaction" : "zone activity",
    "sampleCount" : 5,
    "errorCount" : 0,
    "errorPct" : 0.0,
    "meanResTime" : 205.0,
    "medianResTime" : 202.0,
    "minResTime" : 196.0,
    "maxResTime" : 218.0,
    "pct1ResTime" : 218.0,
    "pct2ResTime" : 218.0,
    "pct3ResTime" : 218.0,
    "throughput" : 1.8691588785046729,
    "receivedKBytesPerSec" : 520.2770882009346,
    "sentKBytesPerSec" : 0.6096670560747663
  },
  "Total" : {
    "transaction" : "Total",
    "sampleCount" : 15,
    "errorCount" : 0,
    "errorPct" : 0.0,
    "meanResTime" : 184.80000000000004,
    "medianResTime" : 134.0,
    "minResTime" : 46.0,
    "maxResTime" : 907.0,
    "pct1ResTime" : 493.60000000000025,
    "pct2ResTime" : 907.0,
    "pct3ResTime" : 907.0,
    "throughput" : 3.4851301115241635,
    "receivedKBytesPerSec" : 325.04056909270446,
    "sentKBytesPerSec" : 0.9949411158224907
  },
  "login" : {
    "transaction" : "login",
    "sampleCount" : 5,
    "errorCount" : 0,
    "errorPct" : 0.0,
    "meanResTime" : 289.4,
    "medianResTime" : 134.0,
    "minResTime" : 132.0,
    "maxResTime" : 907.0,
    "pct1ResTime" : 907.0,
    "pct2ResTime" : 907.0,
    "pct3ResTime" : 907.0,
    "throughput" : 1.238543472875898,
    "receivedKBytesPerSec" : 0.970031118404756,
    "sentKBytesPerSec" : 0.3084263531087441
  },
  "create api key" : {
    "transaction" : "create api key",
    "sampleCount" : 5,
    "errorCount" : 0,
    "errorPct" : 0.0,
    "meanResTime" : 60.0,
    "medianResTime" : 50.0,
    "minResTime" : 46.0,
    "maxResTime" : 78.0,
    "pct1ResTime" : 78.0,
    "pct2ResTime" : 78.0,
    "pct3ResTime" : 78.0,
    "throughput" : 1.9630938358853554,
    "receivedKBytesPerSec" : 1.3024667500981546,
    "sentKBytesPerSec" : 0.5521201413427561
  }
}