{
  "zone activity" : {
    "transaction" : "zone activity",
    "sampleCount" : 5,
    "errorCount" : 0,
    "errorPct" : 0.0,
    "meanResTime" : 1185.4,
    "medianResTime" : 1669.0,
    "minResTime" : 102.0,
    "maxResTime" : 1673.0,
    "pct1ResTime" : 1673.0,
    "pct2ResTime" : 1673.0,
    "pct3ResTime" : 1673.0,
    "throughput" : 2.5746652935118437,
    "receivedKBytesPerSec" : 716.1944435504635,
    "sentKBytesPerSec" : 0.8397834062821833
  },
  "Total" : {
    "transaction" : "Total",
    "sampleCount" : 15,
    "errorCount" : 0,
    "errorPct" : 0.0,
    "meanResTime" : 519.5333333333334,
    "medianResTime" : 73.0,
    "minResTime" : 19.0,
    "maxResTime" : 1673.0,
    "pct1ResTime" : 1671.8,
    "pct2ResTime" : 1673.0,
    "pct3ResTime" : 1673.0,
    "throughput" : 3.697313285679073,
    "receivedKBytesPerSec" : 344.61054003882174,
    "sentKBytesPerSec" : 1.0555155441212718
  },
  "login" : {
    "transaction" : "login",
    "sampleCount" : 5,
    "errorCount" : 0,
    "errorPct" : 0.0,
    "meanResTime" : 325.4,
    "medianResTime" : 70.0,
    "minResTime" : 52.0,
    "maxResTime" : 1164.0,
    "pct1ResTime" : 1164.0,
    "pct2ResTime" : 1164.0,
    "pct3ResTime" : 1164.0,
    "throughput" : 1.2709710218607015,
    "receivedKBytesPerSec" : 0.9954284761057447,
    "sentKBytesPerSec" : 0.31650157282663954
  },
  "create api key" : {
    "transaction" : "create api key",
    "sampleCount" : 5,
    "errorCount" : 0,
    "errorPct" : 0.0,
    "meanResTime" : 47.8,
    "medianResTime" : 59.0,
    "minResTime" : 19.0,
    "maxResTime" : 73.0,
    "pct1ResTime" : 73.0,
    "pct2ResTime" : 73.0,
    "pct3ResTime" : 73.0,
    "throughput" : 2.6041666666666665,
    "receivedKBytesPerSec" : 1.72882080078125,
    "sentKBytesPerSec" : 0.732421875
  }
}