{
  "zone activity" : {
    "transaction" : "zone activity",
    "sampleCount" : 5,
    "errorCount" : 0,
    "errorPct" : 0.0,
    "meanResTime" : 443.8,
    "medianResTime" : 436.0,
    "minResTime" : 394.0,
    "maxResTime" : 492.0,
    "pct1ResTime" : 492.0,
    "pct2ResTime" : 492.0,
    "pct3ResTime" : 492.0,
    "throughput" : 2.0764119601328903,
    "receivedKBytesPerSec" : 577.5762919175664,
    "sentKBytesPerSec" : 0.6772671823089701
  },
  "Total" : {
    "transaction" : "Total",
    "sampleCount" : 15,
    "errorCount" : 0,
    "errorPct" : 0.0,
    "meanResTime" : 363.79999999999995,
    "medianResTime" : 263.0,
    "minResTime" : 77.0,
    "maxResTime" : 1464.0,
    "pct1ResTime" : 922.2000000000003,
    "pct2ResTime" : 1464.0,
    "pct3ResTime" : 1464.0,
    "throughput" : 3.249566724436742,
    "receivedKBytesPerSec" : 302.8682926911829,
    "sentKBytesPerSec" : 0.9276920629332757
  },
  "login" : {
    "transaction" : "login",
    "sampleCount" : 5,
    "errorCount" : 0,
    "errorPct" : 0.0,
    "meanResTime" : 555.0,
    "medianResTime" : 263.0,
    "minResTime" : 237.0,
    "maxResTime" : 1464.0,
    "pct1ResTime" : 1464.0,
    "pct2ResTime" : 1464.0,
    "pct3ResTime" : 1464.0,
    "throughput" : 1.208313194780087,
    "receivedKBytesPerSec" : 0.9463546701304979,
    "sentKBytesPerSec" : 0.30089830534074435
  },
  "create api key" : {
    "transaction" : "create api key",
    "sampleCount" : 5,
    "errorCount" : 0,
    "errorPct" : 0.0,
    "meanResTime" : 92.6,
    "medianResTime" : 90.0,
    "minResTime" : 77.0,
    "maxResTime" : 110.0,
    "pct1ResTime" : 110.0,
    "pct2ResTime" : 110.0,
    "pct3ResTime" : 110.0,
    "throughput" : 2.346316283435007,
    "receivedKBytesPerSec" : 1.5581006569685596,
    "sentKBytesPerSec" : 0.6599014547160958
  }
}