{
  "zone activity" : {
    "transaction" : "zone activity",
    "sampleCount" : 5,
    "errorCount" : 0,
    "errorPct" : 0.0,
    "meanResTime" : 199.2,
    "medianResTime" : 203.0,
    "minResTime" : 161.0,
    "maxResTime" : 217.0,
    "pct1ResTime" : 217.0,
    "pct2ResTime" : 217.0,
    "pct3ResTime" : 217.0,
    "throughput" : 1.644195988161789,
    "receivedKBytesPerSec" : 458.18379285185796,
    "sentKBytesPerSec" : 0.5362904883262085
  },
  "Total" : {
    "transaction" : "Total",
    "sampleCount" : 15,
    "errorCount" : 0,
    "errorPct" : 0.0,
    "meanResTime" : 161.06666666666666,
    "medianResTime" : 144.0,
    "minResTime" : 37.0,
    "maxResTime" : 655.0,
    "pct1ResTime" : 392.20000000000016,
    "pct2ResTime" : 655.0,
    "pct3ResTime" : 655.0,
    "throughput" : 3.4786641929499074,
    "receivedKBytesPerSec" : 324.80758638682744,
    "sentKBytesPerSec" : 0.9930952139378478
  },
  "login" : {
    "transaction" : "login",
    "sampleCount" : 5,
    "errorCount" : 0,
    "errorPct" : 0.0,
    "meanResTime" : 239.2,
    "medianResTime" : 144.0,
    "minResTime" : 112.0,
    "maxResTime" : 655.0,
    "pct1ResTime" : 655.0,
    "pct2ResTime" : 655.0,
    "pct3ResTime" : 655.0,
    "throughput" : 1.2309207287050714,
    "receivedKBytesPerSec" : 0.964060961349089,
    "sentKBytesPerSec" : 0.3065281111521418
  },
  "create api key" : {
    "transaction" : "create api key",
    "sampleCount" : 5,
    "errorCount" : 0,
    "errorPct" : 0.0,
    "meanResTime" : 44.8,
    "medianResTime" : 46.0,
    "minResTime" : 37.0,
    "maxResTime" : 49.0,
    "pct1ResTime" : 49.0,
    "pct2ResTime" : 49.0,
    "pct3ResTime" : 49.0,
    "throughput" : 1.7247326664367024,
    "receivedKBytesPerSec" : 1.1443197007588823,
    "sentKBytesPerSec" : 0.4850810624353225
  }
}