{
  "zone activity" : {
    "transaction" : "zone activity",
    "sampleCount" : 5,
    "errorCount" : 0,
    "errorPct" : 0.0,
    "meanResTime" : 88.0,
    "medianResTime" : 74.0,
    "minResTime" : 73.0,
    "maxResTime" : 122.0,
    "pct1ResTime" : 122.0,
    "pct2ResTime" : 122.0,
    "pct3ResTime" : 122.0,
    "throughput" : 2.1159542953872195,
    "receivedKBytesPerSec" : 588.7043582046127,
    "sentKBytesPerSec" : 0.6901647799407533
  },
  "Total" : {
    "transaction" : "Total",
    "sampleCount" : 15,
    "errorCount" : 0,
    "errorPct" : 0.0,
    "meanResTime" : 112.53333333333333,
    "medianResTime" : 49.0,
    "minResTime" : 10.0,
    "maxResTime" : 962.0,
    "pct1ResTime" : 458.0000000000003,
    "pct2ResTime" : 962.0,
    "pct3ResTime" : 962.0,
    "throughput" : 3.7193156459211507,
    "receivedKBytesPerSec" : 346.7249682308455,
    "sentKBytesPerSec" : 1.0617968168856928
  },
  "login" : {
    "transaction" : "login",
    "sampleCount" : 5,
    "errorCount" : 0,
    "errorPct" : 0.0,
    "meanResTime" : 222.6,
    "medianResTime" : 35.0,
    "minResTime" : 32.0,
    "maxResTime" : 962.0,
    "pct1ResTime" : 962.0,
    "pct2ResTime" : 962.0,
    "pct3ResTime" : 962.0,
    "throughput" : 1.266784899923993,
    "receivedKBytesPerSec" : 0.9921498923232835,
    "sentKBytesPerSec" : 0.3154591303521662
  },
  "create api key" : {
    "transaction" : "create api key",
    "sampleCount" : 5,
    "errorCount" : 0,
    "errorPct" : 0.0,
    "meanResTime" : 27.0,
    "medianResTime" : 11.0,
    "minResTime" : 10.0,
    "maxResTime" : 70.0,
    "pct1ResTime" : 70.0,
    "pct2ResTime" : 70.0,
    "pct3ResTime" : 70.0,
    "throughput" : 2.1404109589041096,
    "receivedKBytesPerSec" : 1.4201125053510275,
    "sentKBytesPerSec" : 0.6019905821917808
  }
}