{
  "zone activity" : {
    "transaction" : "zone activity",
    "sampleCount" : 5,
    "errorCount" : 0,
    "errorPct" : 0.0,
    "meanResTime" : 1408.6,
    "medianResTime" : 1715.0,
    "minResTime" : 394.0,
    "maxResTime" : 2118.0,
    "pct1ResTime" : 2118.0,
    "pct2ResTime" : 2118.0,
    "pct3ResTime" : 2118.0,
    "throughput" : 1.7914725904693658,
    "receivedKBytesPerSec" : 498.4768984011107,
    "sentKBytesPerSec" : 0.5843279738445002
  },
  "Total" : {
    "transaction" : "Total",
    "sampleCount" : 15,
    "errorCount" : 0,
    "errorPct" : 0.0,
    "meanResTime" : 635.2666666666667,
    "medianResTime" : 233.0,
    "minResTime" : 74.0,
    "maxResTime" : 2118.0,
    "pct1ResTime" : 2110.8,
    "pct2ResTime" : 2118.0,
    "pct3ResTime" : 2118.0,
    "throughput" : 3.2545020611846387,
    "receivedKBytesPerSec" : 303.42426163484487,
    "sentKBytesPerSec" : 0.9291010116077241
  },
  "login" : {
    "transaction" : "login",
    "sampleCount" : 5,
    "errorCount" : 0,
    "errorPct" : 0.0,
    "meanResTime" : 407.4,
    "medianResTime" : 233.0,
    "minResTime" : 227.0,
    "maxResTime" : 1108.0,
    "pct1ResTime" : 1108.0,
    "pct2ResTime" : 1108.0,
    "pct3ResTime" : 1108.0,
    "throughput" : 1.2088974854932302,
    "receivedKBytesPerSec" : 0.94681228844294,
    "sentKBytesPerSec" : 0.30104380742263054
  },
  "create api key" : {
    "transaction" : "create api key",
    "sampleCount" : 5,
    "errorCount" : 0,
    "errorPct" : 0.0,
    "meanResTime" : 89.8,
    "medianResTime" : 77.0,
    "minResTime" : 74.0,
    "maxResTime" : 114.0,
    "pct1ResTime" : 114.0,
    "pct2ResTime" : 114.0,
    "pct3ResTime" : 114.0,
    "throughput" : 1.986491855383393,
    "receivedKBytesPerSec" : 1.3179907876440207,
    "sentKBytesPerSec" : 0.5587008343265792
  }
}