{
  "zone activity" : {
    "transaction" : "zone activity",
    "sampleCount" : 5,
    "errorCount" : 0,
    "errorPct" : 0.0,
    "meanResTime" : 379.4,
    "medianResTime" : 386.0,
    "minResTime" : 365.0,
    "maxResTime" : 390.0,
    "pct1ResTime" : 390.0,
    "pct2ResTime" : 390.0,
    "pct3ResTime" : 390.0,
    "throughput" : 1.6425755584756898,
    "receivedKBytesPerSec" : 456.923455978975,
    "sentKBytesPerSec" : 0.5357619497371879
  },
  "Total" : {
    "transaction" : "Total",
    "sampleCount" : 15,
    "errorCount" : 0,
    "errorPct" : 0.0,
    "meanResTime" : 275.53333333333336,
    "medianResTime" : 235.0,
    "minResTime" : 75.0,
    "maxResTime" : 881.0,
    "pct1ResTime" : 586.4000000000002,
    "pct2ResTime" : 881.0,
    "pct3ResTime" : 881.0,
    "throughput" : 3.2665505226480835,
    "receivedKBytesPerSec" : 304.46611464231273,
    "sentKBytesPerSec" : 0.9325406277221255
  },
  "login" : {
    "transaction" : "login",
    "sampleCount" : 5,
    "errorCount" : 0,
    "errorPct" : 0.0,
    "meanResTime" : 363.8,
    "medianResTime" : 235.0,
    "minResTime" : 221.0,
    "maxResTime" : 881.0,
    "pct1ResTime" : 881.0,
    "pct2ResTime" : 881.0,
    "pct3ResTime" : 881.0,
    "throughput" : 1.2048192771084338,
    "receivedKBytesPerSec" : 0.9436182228915662,
    "sentKBytesPerSec" : 0.3000282379518072
  },
  "create api key" : {
    "transaction" : "create api key",
    "sampleCount" : 5,
    "errorCount" : 0,
    "errorPct" : 0.0,
    "meanResTime" : 83.4,
    "medianResTime" : 81.0,
    "minResTime" : 75.0,
    "maxResTime" : 94.0,
    "pct1ResTime" : 94.0,
    "pct2ResTime" : 94.0,
    "pct3ResTime" : 94.0,
    "throughput" : 1.7972681524083394,
    "receivedKBytesPerSec" : 1.192445295650611,
    "sentKBytesPerSec" : 0.5054816678648454
  }
}