{
  "zone activity" : {
    "transaction" : "zone activity",
    "sampleCount" : 5,
    "errorCount" : 0,
    "errorPct" : 0.0,
    "meanResTime" : 83.8,
    "medianResTime" : 81.0,
    "minResTime" : 78.0,
    "maxResTime" : 96.0,
    "pct1ResTime" : 96.0,
    "pct2ResTime" : 96.0,
    "pct3ResTime" : 96.0,
    "throughput" : 1.9592476489028212,
    "receivedKBytesPerSec" : 545.3049232219828,
    "sentKBytesPerSec" : 0.6390514792319749
  },
  "Total" : {
    "transaction" : "Total",
    "sampleCount" : 15,
    "errorCount" : 0,
    "errorPct" : 0.0,
    "meanResTime" : 106.93333333333332,
    "medianResTime" : 53.0,
    "minResTime" : 17.0,
    "maxResTime" : 838.0,
    "pct1ResTime" : 392.80000000000024,
    "pct2ResTime" : 838.0,
    "pct3ResTime" : 838.0,
    "throughput" : 3.7546933667083855,
    "receivedKBytesPerSec" : 350.1508232947434,
    "sentKBytesPerSec" : 1.0718965112640801
  },
  "login" : {
    "transaction" : "login",
    "sampleCount" : 5,
    "errorCount" : 0,
    "errorPct" : 0.0,
    "meanResTime" : 210.79999999999998,
    "medianResTime" : 53.0,
    "minResTime" : 50.0,
    "maxResTime" : 838.0,
    "pct1ResTime" : 838.0,
    "pct2ResTime" : 838.0,
    "pct3ResTime" : 838.0,
    "throughput" : 1.288659793814433,
    "receivedKBytesPerSec" : 1.0092823775773196,
    "sentKBytesPerSec" : 0.3209064916237114
  },
  "create api key" : {
    "transaction" : "create api key",
    "sampleCount" : 5,
    "errorCount" : 0,
    "errorPct" : 0.0,
    "meanResTime" : 26.2,
    "medianResTime" : 21.0,
    "minResTime" : 17.0,
    "maxResTime" : 42.0,
    "pct1ResTime" : 42.0,
    "pct2ResTime" : 42.0,
    "pct3ResTime" : 42.0,
    "throughput" : 1.994415636218588,
    "receivedKBytesPerSec" : 1.3236375648185081,
    "sentKBytesPerSec" : 0.5609293976864779
  }
}