{
  "zone activity" : {
    "transaction" : "zone activity",
    "sampleCount" : 5,
    "errorCount" : 0,
    "errorPct" : 0.0,
    "meanResTime" : 106.2,
    "medianResTime" : 50.0,
    "minResTime" : 47.0,
    "maxResTime" : 195.0,
    "pct1ResTime" : 195.0,
    "pct2ResTime" : 195.0,
    "pct3ResTime" : 195.0,
    "throughput" : 2.061005770816158,
    "receivedKBytesPerSec" : 573.6133295548227,
    "sentKBytesPerSec" : 0.6722421166529265
  },
  "Total" : {
    "transaction" : "Total",
    "sampleCount" : 15,
    "errorCount" : 0,
    "errorPct" : 0.0,
    "meanResTime" : 115.26666666666667,
    "medianResTime" : 42.0,
    "minResTime" : 13.0,
    "maxResTime" : 922.0,
    "pct1ResTime" : 485.80000000000024,
    "pct2ResTime" : 922.0,
    "pct3ResTime" : 922.0,
    "throughput" : 3.7425149700598803,
    "receivedKBytesPerSec" : 349.00682034368765,
    "sentKBytesPerSec" : 1.0684198010229542
  },
  "login" : {
    "transaction" : "login",
    "sampleCount" : 5,
    "errorCount" : 0,
    "errorPct" : 0.0,
    "meanResTime" : 218.2,
    "medianResTime" : 42.0,
    "minResTime" : 37.0,
    "maxResTime" : 922.0,
    "pct1ResTime" : 922.0,
    "pct2ResTime" : 922.0,
    "pct3ResTime" : 922.0,
    "throughput" : 1.268713524486171,
    "receivedKBytesPerSec" : 0.9936603971073332,
    "sentKBytesPerSec" : 0.31593940307028673
  },
  "create api key" : {
    "transaction" : "create api key",
    "sampleCount" : 5,
    "errorCount" : 0,
    "errorPct" : 0.0,
    "meanResTime" : 21.4,
    "medianResTime" : 15.0,
    "minResTime" : 13.0,
    "maxResTime" : 33.0,
    "pct1ResTime" : 33.0,
    "pct2ResTime" : 33.0,
    "pct3ResTime" : 33.0,
    "throughput" : 2.0644095788604457,
    "receivedKBytesPerSec" : 1.3696873709744013,
    "sentKBytesPerSec" : 0.5806151940545003
  }
}