{
  "zone activity" : {
    "transaction" : "zone activity",
    "sampleCount" : 5,
    "errorCount" : 0,
    "errorPct" : 0.0,
    "meanResTime" : 191.8,
    "medianResTime" : 156.0,
    "minResTime" : 144.0,
    "maxResTime" : 261.0,
    "pct1ResTime" : 261.0,
    "pct2ResTime" : 261.0,
    "pct3ResTime" : 261.0,
    "throughput" : 2.061005770816158,
    "receivedKBytesPerSec" : 573.6455327699917,
    "sentKBytesPerSec" : 0.6722421166529265
  },
  "Total" : {
    "transaction" : "Total",
    "sampleCount" : 15,
    "errorCount" : 0,
    "errorPct" : 0.0,
    "meanResTime" : 184.73333333333338,
    "medianResTime" : 97.0,
    "minResTime" : 31.0,
    "maxResTime" : 1110.0,
    "pct1ResTime" : 600.6000000000004,
    "pct2ResTime" : 1110.0,
    "pct3ResTime" : 1110.0,
    "throughput" : 3.586800573888092,
    "receivedKBytesPerSec" : 334.50464789574363,
    "sentKBytesPerSec" : 1.0239661794595887
  },
  "login" : {
    "transaction" : "login",
    "sampleCount" : 5,
    "errorCount" : 0,
    "errorPct" : 0.0,
    "meanResTime" : 319.8,
    "medianResTime" : 97.0,
    "minResTime" : 87.0,
    "maxResTime" : 1110.0,
    "pct1ResTime" : 1110.0,
    "pct2ResTime" : 1110.0,
    "pct3ResTime" : 1110.0,
    "throughput" : 1.25344697919278,
    "receivedKBytesPerSec" : 0.9817035911255955,
    "sentKBytesPerSec" : 0.3121376754825771
  },
  "create api key" : {
    "transaction" : "create api key",
    "sampleCount" : 5,
    "errorCount" : 0,
    "errorPct" : 0.0,
    "meanResTime" : 42.6,
    "medianResTime" : 34.0,
    "minResTime" : 31.0,
    "maxResTime" : 62.0,
    "pct1ResTime" : 62.0,
    "pct2ResTime" : 62.0,
    "pct3ResTime" : 62.0,
    "throughput" : 2.1385799828913603,
    "receivedKBytesPerSec" : 1.4193153870829769,
    "sentKBytesPerSec" : 0.601475620188195
  }
}