{
  "zone activity" : {
    "transaction" : "zone activity",
    "sampleCount" : 5,
    "errorCount" : 0,
    "errorPct" : 0.0,
    "meanResTime" : 359.2,
    "medianResTime" : 328.0,
    "minResTime" : 327.0,
    "maxResTime" : 408.0,
    "pct1ResTime" : 408.0,
    "pct2ResTime" : 408.0,
    "pct3ResTime" : 408.0,
    "throughput" : 1.80635838150289,
    "receivedKBytesPerSec" : 502.4128290959177,
    "sentKBytesPerSec" : 0.589183300216763
  },
  "Total" : {
    "transaction" : "Total",
    "sampleCount" : 15,
    "errorCount" : 0,
    "errorPct" : 0.0,
    "meanResTime" : 272.6666666666667,
    "medianResTime" : 199.0,
    "minResTime" : 66.0,
    "maxResTime" : 1117.0,
    "pct1ResTime" : 691.6000000000003,
    "pct2ResTime" : 1117.0,
    "pct3ResTime" : 1117.0,
    "throughput" : 3.3274179236912156,
    "receivedKBytesPerSec" : 310.0965037849379,
    "sentKBytesPerSec" : 0.9499171611579414
  },
  "login" : {
    "transaction" : "login",
    "sampleCount" : 5,
    "errorCount" : 0,
    "errorPct" : 0.0,
    "meanResTime" : 382.4,
    "medianResTime" : 199.0,
    "minResTime" : 192.0,
    "maxResTime" : 1117.0,
    "pct1ResTime" : 1117.0,
    "pct2ResTime" : 1117.0,
    "pct3ResTime" : 1117.0,
    "throughput" : 1.2162490878131842,
    "receivedKBytesPerSec" : 0.9525700863536853,
    "sentKBytesPerSec" : 0.3028745287034785
  },
  "create api key" : {
    "transaction" : "create api key",
    "sampleCount" : 5,
    "errorCount" : 0,
    "errorPct" : 0.0,
    "meanResTime" : 76.4,
    "medianResTime" : 67.0,
    "minResTime" : 66.0,
    "maxResTime" : 94.0,
    "pct1ResTime" : 94.0,
    "pct2ResTime" : 94.0,
    "pct3ResTime" : 94.0,
    "throughput" : 1.968503937007874,
    "receivedKBytesPerSec" : 1.3072096456692914,
    "sentKBytesPerSec" : 0.5536417322834646
  }
}