{
  "zone activity" : {
    "transaction" : "zone activity",
    "sampleCount" : 5,
    "errorCount" : 0,
    "errorPct" : 0.0,
    "meanResTime" : 396.2,
    "medianResTime" : 401.0,
    "minResTime" : 371.0,
    "maxResTime" : 413.0,
    "pct1ResTime" : 413.0,
    "pct2ResTime" : 413.0,
    "pct3ResTime" : 413.0,
    "throughput" : 3.0921459492888066,
    "receivedKBytesPerSec" : 860.6644007034632,
    "sentKBytesPerSec" : 1.0085710420531848
  },
  "Total" : {
    "transaction" : "Total",
    "sampleCount" : 15,
    "errorCount" : 0,
    "errorPct" : 0.0,
    "meanResTime" : 442.9333333333334,
    "medianResTime" : 285.0,
    "minResTime" : 75.0,
    "maxResTime" : 2151.0,
    "pct1ResTime" : 1630.8000000000002,
    "pct2ResTime" : 2151.0,
    "pct3ResTime" : 2151.0,
    "throughput" : 3.280122457905095,
    "receivedKBytesPerSec" : 305.9104987836212,
    "sentKBytesPerSec" : 0.9364151678329323
  },
  "login" : {
    "transaction" : "login",
    "sampleCount" : 5,
    "errorCount" : 0,
    "errorPct" : 0.0,
    "meanResTime" : 836.6,
    "medianResTime" : 285.0,
    "minResTime" : 227.0,
    "maxResTime" : 2151.0,
    "pct1ResTime" : 2151.0,
    "pct2ResTime" : 2151.0,
    "pct3ResTime" : 2151.0,
    "throughput" : 1.2186205215695831,
    "receivedKBytesPerSec" : 0.9544274006824276,
    "sentKBytesPerSec" : 0.3034650712893005
  },
  "create api key" : {
    "transaction" : "create api key",
    "sampleCount" : 5,
    "errorCount" : 0,
    "errorPct" : 0.0,
    "meanResTime" : 96.0,
    "medianResTime" : 103.0,
    "minResTime" : 75.0,
    "maxResTime" : 118.0,
    "pct1ResTime" : 118.0,
    "pct2ResTime" : 118.0,
    "pct3ResTime" : 118.0,
    "throughput" : 3.717472118959108,
    "receivedKBytesPerSec" : 2.4671816914498144,
    "sentKBytesPerSec" : 1.0455390334572492
  }
}