{
  "zone activity" : {
    "transaction" : "zone activity",
    "sampleCount" : 5,
    "errorCount" : 0,
    "errorPct" : 0.0,
    "meanResTime" : 316.2,
    "medianResTime" : 317.0,
    "minResTime" : 297.0,
    "maxResTime" : 337.0,
    "pct1ResTime" : 337.0,
    "pct2ResTime" : 337.0,
    "pct3ResTime" : 337.0,
    "throughput" : 1.9409937888198758,
    "receivedKBytesPerSec" : 540.0299640916149,
    "sentKBytesPerSec" : 0.6330975834627329
  },
  "Total" : {
    "transaction" : "Total",
    "sampleCount" : 15,
    "errorCount" : 0,
    "errorPct" : 0.0,
    "meanResTime" : 258.1333333333333,
    "medianResTime" : 178.0,
    "minResTime" : 56.0,
    "maxResTime" : 1186.0,
    "pct1ResTime" : 676.6000000000004,
    "pct2ResTime" : 1186.0,
    "pct3ResTime" : 1186.0,
    "throughput" : 3.381424706943192,
    "receivedKBytesPerSec" : 315.2278146838368,
    "sentKBytesPerSec" : 0.9653351132777277
  },
  "login" : {
    "transaction" : "login",
    "sampleCount" : 5,
    "errorCount" : 0,
    "errorPct" : 0.0,
    "meanResTime" : 395.8,
    "medianResTime" : 178.0,
    "minResTime" : 169.0,
    "maxResTime" : 1186.0,
    "pct1ResTime" : 1186.0,
    "pct2ResTime" : 1186.0,
    "pct3ResTime" : 1186.0,
    "throughput" : 1.2257906349595489,
    "receivedKBytesPerSec" : 0.960043055896053,
    "sentKBytesPerSec" : 0.30525059757293455
  },
  "create api key" : {
    "transaction" : "create api key",
    "sampleCount" : 5,
    "errorCount" : 0,
    "errorPct" : 0.0,
    "meanResTime" : 62.4,
    "medianResTime" : 57.0,
    "minResTime" : 56.0,
    "maxResTime" : 72.0,
    "pct1ResTime" : 72.0,
    "pct2ResTime" : 72.0,
    "pct3ResTime" : 72.0,
    "throughput" : 2.1150592216582065,
    "receivedKBytesPerSec" : 1.4032922218697124,
    "sentKBytesPerSec" : 0.5948604060913706
  }
}