{
  "zone activity" : {
    "transaction" : "zone activity",
    "sampleCount" : 5,
    "errorCount" : 2,
    "errorPct" : 40.0,
    "meanResTime" : 2351.4,
    "medianResTime" : 2817.0,
    "minResTime" : 806.0,
    "maxResTime" : 3159.0,
    "pct1ResTime" : 3159.0,
    "pct2ResTime" : 3159.0,
    "pct3ResTime" : 3159.0,
    "throughput" : 1.5827793605571383,
    "receivedKBytesPerSec" : 440.50418941912,
    "sentKBytesPerSec" : 0.5162581117442229
  },
  "Total" : {
    "transaction" : "Total",
    "sampleCount" : 15,
    "errorCount" : 2,
    "errorPct" : 13.333333,
    "meanResTime" : 871.5333333333333,
    "medianResTime" : 53.0,
    "minResTime" : 16.0,
    "maxResTime" : 3159.0,
    "pct1ResTime" : 3156.6,
    "pct2ResTime" : 3159.0,
    "pct3ResTime" : 3159.0,
    "throughput" : 3.1302170283806343,
    "receivedKBytesPerSec" : 291.90088950333893,
    "sentKBytesPerSec" : 0.8936199003547579
  },
  "login" : {
    "transaction" : "login",
    "sampleCount" : 5,
    "errorCount" : 0,
    "errorPct" : 0.0,
    "meanResTime" : 232.4,
    "medianResTime" : 46.0,
    "minResTime" : 41.0,
    "maxResTime" : 970.0,
    "pct1ResTime" : 970.0,
    "pct2ResTime" : 970.0,
    "pct3ResTime" : 970.0,
    "throughput" : 1.2642225031605563,
    "receivedKBytesPerSec" : 0.99014301517067,
    "sentKBytesPerSec" : 0.31482103350189633
  },
  "create api key" : {
    "transaction" : "create api key",
    "sampleCount" : 5,
    "errorCount" : 0,
    "errorPct" : 0.0,
    "meanResTime" : 30.8,
    "medianResTime" : 17.0,
    "minResTime" : 16.0,
    "maxResTime" : 53.0,
    "pct1ResTime" : 53.0,
    "pct2ResTime" : 53.0,
    "pct3ResTime" : 53.0,
    "throughput" : 2.0764119601328903,
    "receivedKBytesPerSec" : 1.3788673172757475,
    "sentKBytesPerSec" : 0.5839908637873754
  }
}