{
  "zone activity" : {
    "transaction" : "zone activity",
    "sampleCount" : 5,
    "errorCount" : 0,
    "errorPct" : 0.0,
    "meanResTime" : 578.2,
    "medianResTime" : 692.0,
    "minResTime" : 75.0,
    "maxResTime" : 1025.0,
    "pct1ResTime" : 1025.0,
    "pct2ResTime" : 1025.0,
    "pct3ResTime" : 1025.0,
    "throughput" : 2.089427496865859,
    "receivedKBytesPerSec" : 581.5860223829922,
    "sentKBytesPerSec" : 0.6815124843292938
  },
  "Total" : {
    "transaction" : "Total",
    "sampleCount" : 15,
    "errorCount" : 0,
    "errorPct" : 0.0,
    "meanResTime" : 284.53333333333336,
    "medianResTime" : 56.0,
    "minResTime" : 16.0,
    "maxResTime" : 1025.0,
    "pct1ResTime" : 1024.4,
    "pct2ResTime" : 1025.0,
    "pct3ResTime" : 1025.0,
    "throughput" : 3.7183936539414972,
    "receivedKBytesPerSec" : 346.7944348041646,
    "sentKBytesPerSec" : 1.0615336049826476
  },
  "login" : {
    "transaction" : "login",
    "sampleCount" : 5,
    "errorCount" : 0,
    "errorPct" : 0.0,
    "meanResTime" : 246.2,
    "medianResTime" : 56.0,
    "minResTime" : 47.0,
    "maxResTime" : 988.0,
    "pct1ResTime" : 988.0,
    "pct2ResTime" : 988.0,
    "pct3ResTime" : 988.0,
    "throughput" : 1.268713524486171,
    "receivedKBytesPerSec" : 0.9936603971073332,
    "sentKBytesPerSec" : 0.31593940307028673
  },
  "create api key" : {
    "transaction" : "create api key",
    "sampleCount" : 5,
    "errorCount" : 0,
    "errorPct" : 0.0,
    "meanResTime" : 29.2,
    "medianResTime" : 18.0,
    "minResTime" : 16.0,
    "maxResTime" : 51.0,
    "pct1ResTime" : 51.0,
    "pct2ResTime" : 51.0,
    "pct3ResTime" : 51.0,
    "throughput" : 2.1026072329688814,
    "receivedKBytesPerSec" : 1.3950306192178301,
    "sentKBytesPerSec" : 0.5913582842724978
  }
}