{
  "zone activity" : {
    "transaction" : "zone activity",
    "sampleCount" : 10,
    "errorCount" : 0,
    "errorPct" : 0.0,
    "meanResTime" : 143.4,
    "medianResTime" : 143.0,
    "minResTime" : 139.0,
    "maxResTime" : 150.0,
    "pct1ResTime" : 149.8,
    "pct2ResTime" : 150.0,
    "pct3ResTime" : 150.0,
    "throughput" : 1.3217023526301876,
    "receivedKBytesPerSec" : 20.622557948387524,
    "sentKBytesPerSec" : 0.4298114095955591
  },
  "Total" : {
    "transaction" : "Total",
    "sampleCount" : 30,
    "errorCount" : 0,
    "errorPct" : 0.0,
    "meanResTime" : 179.10000000000002,
    "medianResTime" : 143.0,
    "minResTime" : 74.0,
    "maxResTime" : 1096.0,
    "pct1ResTime" : 239.5,
    "pct2ResTime" : 627.3999999999994,
    "pct3ResTime" : 1096.0,
    "throughput" : 3.20958596341072,
    "receivedKBytesPerSec" : 20.413781661228203,
    "sentKBytesPerSec" : 0.9162782844763026
  },
  "login" : {
    "transaction" : "login",
    "sampleCount" : 10,
    "errorCount" : 0,
    "errorPct" : 0.0,
    "meanResTime" : 315.3,
    "medianResTime" : 228.5,
    "minResTime" : 216.0,
    "maxResTime" : 1096.0,
    "pct1ResTime" : 1010.8000000000003,
    "pct2ResTime" : 1096.0,
    "pct3ResTime" : 1096.0,
    "throughput" : 1.0956502684343157,
    "receivedKBytesPerSec" : 1.9708865180234467,
    "sentKBytesPerSec" : 0.2739125671085789
  },
  "create api key" : {
    "transaction" : "create api key",
    "sampleCount" : 10,
    "errorCount" : 0,
    "errorPct" : 0.0,
    "meanResTime" : 78.6,
    "medianResTime" : 76.5,
    "minResTime" : 74.0,
    "maxResTime" : 90.0,
    "pct1ResTime" : 89.9,
    "pct2ResTime" : 90.0,
    "pct3ResTime" : 90.0,
    "throughput" : 1.3281976358082084,
    "receivedKBytesPerSec" : 2.2299193119936245,
    "sentKBytesPerSec" : 0.37355558507105857
  }
}