{
  "zone activity" : {
    "transaction" : "zone activity",
    "sampleCount" : 5,
    "errorCount" : 0,
    "errorPct" : 0.0,
    "meanResTime" : 327.0,
    "medianResTime" : 308.0,
    "minResTime" : 305.0,
    "maxResTime" : 407.0,
    "pct1ResTime" : 407.0,
    "pct2ResTime" : 407.0,
    "pct3ResTime" : 407.0,
    "throughput" : 1.9319938176197837,
    "receivedKBytesPerSec" : 537.7376503332689,
    "sentKBytesPerSec" : 0.6301620459814529
  },
  "Total" : {
    "transaction" : "Total",
    "sampleCount" : 15,
    "errorCount" : 0,
    "errorPct" : 0.0,
    "meanResTime" : 272.0,
    "medianResTime" : 195.0,
    "minResTime" : 63.0,
    "maxResTime" : 1194.0,
    "pct1ResTime" : 721.8000000000003,
    "pct2ResTime" : 1194.0,
    "pct3ResTime" : 1194.0,
    "throughput" : 3.35345405767941,
    "receivedKBytesPerSec" : 312.74277610105077,
    "sentKBytesPerSec" : 0.9573500027945451
  },
  "login" : {
    "transaction" : "login",
    "sampleCount" : 5,
    "errorCount" : 0,
    "errorPct" : 0.0,
    "meanResTime" : 410.0,
    "medianResTime" : 195.0,
    "minResTime" : 187.0,
    "maxResTime" : 1194.0,
    "pct1ResTime" : 1194.0,
    "pct2ResTime" : 1194.0,
    "pct3ResTime" : 1194.0,
    "throughput" : 1.2201073694485114,
    "receivedKBytesPerSec" : 0.9555919045876038,
    "sentKBytesPerSec" : 0.3038353312591508
  },
  "create api key" : {
    "transaction" : "create api key",
    "sampleCount" : 5,
    "errorCount" : 0,
    "errorPct" : 0.0,
    "meanResTime" : 79.0,
    "medianResTime" : 64.0,
    "minResTime" : 63.0,
    "maxResTime" : 109.0,
    "pct1ResTime" : 109.0,
    "pct2ResTime" : 109.0,
    "pct3ResTime" : 109.0,
    "throughput" : 2.0946795140343526,
    "receivedKBytesPerSec" : 1.3897707635106828,
    "sentKBytesPerSec" : 0.5891286133221617
  }
}