{
  "zone activity" : {
    "transaction" : "zone activity",
    "sampleCount" : 10,
    "errorCount" : 0,
    "errorPct" : 0.0,
    "meanResTime" : 155.10000000000002,
    "medianResTime" : 154.0,
    "minResTime" : 152.0,
    "maxResTime" : 164.0,
    "pct1ResTime" : 163.4,
    "pct2ResTime" : 164.0,
    "pct3ResTime" : 164.0,
    "throughput" : 1.3220518244315178,
    "receivedKBytesPerSec" : 20.62620327373083,
    "sentKBytesPerSec" : 0.42992505618720256
  },
  "Total" : {
    "transaction" : "Total",
    "sampleCount" : 30,
    "errorCount" : 0,
    "errorPct" : 0.0,
    "meanResTime" : 192.33333333333334,
    "medianResTime" : 154.0,
    "minResTime" : 80.0,
    "maxResTime" : 1124.0,
    "pct1ResTime" : 255.60000000000002,
    "pct2ResTime" : 667.4999999999994,
    "pct3ResTime" : 1124.0,
    "throughput" : 3.1928480204342273,
    "receivedKBytesPerSec" : 20.305869020061728,
    "sentKBytesPerSec" : 0.9114999068752659
  },
  "login" : {
    "transaction" : "login",
    "sampleCount" : 10,
    "errorCount" : 0,
    "errorPct" : 0.0,
    "meanResTime" : 336.7,
    "medianResTime" : 243.0,
    "minResTime" : 237.0,
    "maxResTime" : 1124.0,
    "pct1ResTime" : 1041.0000000000005,
    "pct2ResTime" : 1124.0,
    "pct3ResTime" : 1124.0,
    "throughput" : 1.09217999126256,
    "receivedKBytesPerSec" : 1.964644085845347,
    "sentKBytesPerSec" : 0.27304499781564
  },
  "create api key" : {
    "transaction" : "create api key",
    "sampleCount" : 10,
    "errorCount" : 0,
    "errorPct" : 0.0,
    "meanResTime" : 85.19999999999999,
    "medianResTime" : 81.0,
    "minResTime" : 80.0,
    "maxResTime" : 97.0,
    "pct1ResTime" : 97.0,
    "pct2ResTime" : 97.0,
    "pct3ResTime" : 97.0,
    "throughput" : 1.3296104241457252,
    "receivedKBytesPerSec" : 2.232291251163409,
    "sentKBytesPerSec" : 0.37395293179098527
  }
}