{
  "zone activity" : {
    "transaction" : "zone activity",
    "sampleCount" : 5,
    "errorCount" : 0,
    "errorPct" : 0.0,
    "meanResTime" : 439.2,
    "medianResTime" : 436.0,
    "minResTime" : 426.0,
    "maxResTime" : 461.0,
    "pct1ResTime" : 461.0,
    "pct2ResTime" : 461.0,
    "pct3ResTime" : 461.0,
    "throughput" : 1.7140898183064792,
    "receivedKBytesPerSec" : 476.85911788652726,
    "sentKBytesPerSec" : 0.5590878899554337
  },
  "Total" : {
    "transaction" : "Total",
    "sampleCount" : 15,
    "errorCount" : 0,
    "errorPct" : 0.0,
    "meanResTime" : 319.33333333333337,
    "medianResTime" : 264.0,
    "minResTime" : 84.0,
    "maxResTime" : 1089.0,
    "pct1ResTime" : 712.2000000000003,
    "pct2ResTime" : 1089.0,
    "pct3ResTime" : 1089.0,
    "throughput" : 3.1996587030716723,
    "receivedKBytesPerSec" : 298.2579774824019,
    "sentKBytesPerSec" : 0.9134442326151878
  },
  "login" : {
    "transaction" : "login",
    "sampleCount" : 5,
    "errorCount" : 0,
    "errorPct" : 0.0,
    "meanResTime" : 427.2,
    "medianResTime" : 264.0,
    "minResTime" : 249.0,
    "maxResTime" : 1089.0,
    "pct1ResTime" : 1089.0,
    "pct2ResTime" : 1089.0,
    "pct3ResTime" : 1089.0,
    "throughput" : 1.199616122840691,
    "receivedKBytesPerSec" : 0.9395430962092131,
    "sentKBytesPerSec" : 0.2987325305902111
  },
  "create api key" : {
    "transaction" : "create api key",
    "sampleCount" : 5,
    "errorCount" : 0,
    "errorPct" : 0.0,
    "meanResTime" : 91.6,
    "medianResTime" : 90.0,
    "minResTime" : 84.0,
    "maxResTime" : 102.0,
    "pct1ResTime" : 102.0,
    "pct2ResTime" : 102.0,
    "pct3ResTime" : 102.0,
    "throughput" : 1.9282684149633629,
    "receivedKBytesPerSec" : 1.2801141293868106,
    "sentKBytesPerSec" : 0.5423254917084458
  }
}