{
  "zone activity" : {
    "transaction" : "zone activity",
    "sampleCount" : 5,
    "errorCount" : 0,
    "errorPct" : 0.0,
    "meanResTime" : 667.6,
    "medianResTime" : 656.0,
    "minResTime" : 323.0,
    "maxResTime" : 1010.0,
    "pct1ResTime" : 1010.0,
    "pct2ResTime" : 1010.0,
    "pct3ResTime" : 1010.0,
    "throughput" : 1.8839487565938207,
    "receivedKBytesPerSec" : 524.1885037914469,
    "sentKBytesPerSec" : 0.6144910983421251
  },
  "Total" : {
    "transaction" : "Total",
    "sampleCount" : 15,
    "errorCount" : 0,
    "errorPct" : 0.0,
    "meanResTime" : 374.26666666666665,
    "medianResTime" : 201.0,
    "minResTime" : 64.0,
    "maxResTime" : 1111.0,
    "pct1ResTime" : 1050.4,
    "pct2ResTime" : 1111.0,
    "pct3ResTime" : 1111.0,
    "throughput" : 3.3392698130008904,
    "receivedKBytesPerSec" : 311.3158201385797,
    "sentKBytesPerSec" : 0.953300659505788
  },
  "login" : {
    "transaction" : "login",
    "sampleCount" : 5,
    "errorCount" : 0,
    "errorPct" : 0.0,
    "meanResTime" : 381.2,
    "medianResTime" : 201.0,
    "minResTime" : 189.0,
    "maxResTime" : 1111.0,
    "pct1ResTime" : 1111.0,
    "pct2ResTime" : 1111.0,
    "pct3ResTime" : 1111.0,
    "throughput" : 1.22040517451794,
    "receivedKBytesPerSec" : 0.9558251464486208,
    "sentKBytesPerSec" : 0.30390949170124476
  },
  "create api key" : {
    "transaction" : "create api key",
    "sampleCount" : 5,
    "errorCount" : 0,
    "errorPct" : 0.0,
    "meanResTime" : 74.0,
    "medianResTime" : 67.0,
    "minResTime" : 64.0,
    "maxResTime" : 87.0,
    "pct1ResTime" : 87.0,
    "pct2ResTime" : 87.0,
    "pct3ResTime" : 87.0,
    "throughput" : 2.054231717337716,
    "receivedKBytesPerSec" : 1.3633358155299917,
    "sentKBytesPerSec" : 0.5777526705012325
  }
}