{
  "zone activity" : {
    "transaction" : "zone activity",
    "sampleCount" : 5,
    "errorCount" : 0,
    "errorPct" : 0.0,
    "meanResTime" : 593.2,
    "medianResTime" : 748.0,
    "minResTime" : 64.0,
    "maxResTime" : 1045.0,
    "pct1ResTime" : 1045.0,
    "pct2ResTime" : 1045.0,
    "pct3ResTime" : 1045.0,
    "throughput" : 2.1285653469561514,
    "receivedKBytesPerSec" : 592.6233570136228,
    "sentKBytesPerSec" : 0.6942781502767135
  },
  "Total" : {
    "transaction" : "Total",
    "sampleCount" : 15,
    "errorCount" : 0,
    "errorPct" : 0.0,
    "meanResTime" : 286.6666666666667,
    "medianResTime" : 49.0,
    "minResTime" : 14.0,
    "maxResTime" : 1045.0,
    "pct1ResTime" : 1045.0,
    "pct2ResTime" : 1045.0,
    "pct3ResTime" : 1045.0,
    "throughput" : 3.7294878170064645,
    "receivedKBytesPerSec" : 347.9128950926156,
    "sentKBytesPerSec" : 1.064700786300348
  },
  "login" : {
    "transaction" : "login",
    "sampleCount" : 5,
    "errorCount" : 0,
    "errorPct" : 0.0,
    "meanResTime" : 240.4,
    "medianResTime" : 49.0,
    "minResTime" : 35.0,
    "maxResTime" : 992.0,
    "pct1ResTime" : 992.0,
    "pct2ResTime" : 992.0,
    "pct3ResTime" : 992.0,
    "throughput" : 1.2683916793505834,
    "receivedKBytesPerSec" : 0.9934083269913749,
    "sentKBytesPerSec" : 0.31585925608828
  },
  "create api key" : {
    "transaction" : "create api key",
    "sampleCount" : 5,
    "errorCount" : 0,
    "errorPct" : 0.0,
    "meanResTime" : 26.4,
    "medianResTime" : 14.0,
    "minResTime" : 14.0,
    "maxResTime" : 48.0,
    "pct1ResTime" : 48.0,
    "pct2ResTime" : 48.0,
    "pct3ResTime" : 48.0,
    "throughput" : 2.134927412467976,
    "receivedKBytesPerSec" : 1.4164743008112723,
    "sentKBytesPerSec" : 0.6004483347566183
  }
}