{
  "zone activity" : {
    "transaction" : "zone activity",
    "sampleCount" : 5,
    "errorCount" : 0,
    "errorPct" : 0.0,
    "meanResTime" : 182.2,
    "medianResTime" : 171.0,
    "minResTime" : 160.0,
    "maxResTime" : 217.0,
    "pct1ResTime" : 217.0,
    "pct2ResTime" : 217.0,
    "pct3ResTime" : 217.0,
    "throughput" : 2.0300446609825418,
    "receivedKBytesPerSec" : 564.7100525274055,
    "sentKBytesPerSec" : 0.6621434734064149
  },
  "Total" : {
    "transaction" : "Total",
    "sampleCount" : 15,
    "errorCount" : 0,
    "errorPct" : 0.0,
    "meanResTime" : 178.20000000000002,
    "medianResTime" : 98.0,
    "minResTime" : 30.0,
    "maxResTime" : 1090.0,
    "pct1ResTime" : 566.2000000000003,
    "pct2ResTime" : 1090.0,
    "pct3ResTime" : 1090.0,
    "throughput" : 3.566333808844508,
    "receivedKBytesPerSec" : 332.40947641761767,
    "sentKBytesPerSec" : 1.0181232911317164
  },
  "login" : {
    "transaction" : "login",
    "sampleCount" : 5,
    "errorCount" : 0,
    "errorPct" : 0.0,
    "meanResTime" : 311.0,
    "medianResTime" : 98.0,
    "minResTime" : 91.0,
    "maxResTime" : 1090.0,
    "pct1ResTime" : 1090.0,
    "pct2ResTime" : 1090.0,
    "pct3ResTime" : 1090.0,
    "throughput" : 1.2478163214374844,
    "receivedKBytesPerSec" : 0.9772936423758424,
    "sentKBytesPerSec" : 0.3107355097329673
  },
  "create api key" : {
    "transaction" : "create api key",
    "sampleCount" : 5,
    "errorCount" : 0,
    "errorPct" : 0.0,
    "meanResTime" : 41.4,
    "medianResTime" : 32.0,
    "minResTime" : 30.0,
    "maxResTime" : 59.0,
    "pct1ResTime" : 59.0,
    "pct2ResTime" : 59.0,
    "pct3ResTime" : 59.0,
    "throughput" : 2.112378538234051,
    "receivedKBytesPerSec" : 1.4015136512463033,
    "sentKBytesPerSec" : 0.594106463878327
  }
}