{
  "zone activity" : {
    "transaction" : "zone activity",
    "sampleCount" : 5,
    "errorCount" : 0,
    "errorPct" : 0.0,
    "meanResTime" : 312.2,
    "medianResTime" : 301.0,
    "minResTime" : 275.0,
    "maxResTime" : 344.0,
    "pct1ResTime" : 344.0,
    "pct2ResTime" : 344.0,
    "pct3ResTime" : 344.0,
    "throughput" : 1.979414093428345,
    "receivedKBytesPerSec" : 550.6447786767617,
    "sentKBytesPerSec" : 0.6456292062549486
  },
  "Total" : {
    "transaction" : "Total",
    "sampleCount" : 15,
    "errorCount" : 0,
    "errorPct" : 0.0,
    "meanResTime" : 263.19999999999993,
    "medianResTime" : 178.0,
    "minResTime" : 52.0,
    "maxResTime" : 1229.0,
    "pct1ResTime" : 698.0000000000003,
    "pct2ResTime" : 1229.0,
    "pct3ResTime" : 1229.0,
    "throughput" : 3.373819163292848,
    "receivedKBytesPerSec" : 314.4764078666217,
    "sentKBytesPerSec" : 0.9631638692082771
  },
  "login" : {
    "transaction" : "login",
    "sampleCount" : 5,
    "errorCount" : 0,
    "errorPct" : 0.0,
    "meanResTime" : 411.2,
    "medianResTime" : 178.0,
    "minResTime" : 156.0,
    "maxResTime" : 1229.0,
    "pct1ResTime" : 1229.0,
    "pct2ResTime" : 1229.0,
    "pct3ResTime" : 1229.0,
    "throughput" : 1.2242899118511263,
    "receivedKBytesPerSec" : 0.9588676848677767,
    "sentKBytesPerSec" : 0.3048768823457395
  },
  "create api key" : {
    "transaction" : "create api key",
    "sampleCount" : 5,
    "errorCount" : 0,
    "errorPct" : 0.0,
    "meanResTime" : 66.2,
    "medianResTime" : 58.0,
    "minResTime" : 52.0,
    "maxResTime" : 82.0,
    "pct1ResTime" : 82.0,
    "pct2ResTime" : 82.0,
    "pct3ResTime" : 82.0,
    "throughput" : 2.1561017680034498,
    "receivedKBytesPerSec" : 1.4305229894351015,
    "sentKBytesPerSec" : 0.6064036222509702
  }
}