{
  "zone activity" : {
    "transaction" : "zone activity",
    "sampleCount" : 5,
    "errorCount" : 0,
    "errorPct" : 0.0,
    "meanResTime" : 303.0,
    "medianResTime" : 296.0,
    "minResTime" : 289.0,
    "maxResTime" : 335.0,
    "pct1ResTime" : 335.0,
    "pct2ResTime" : 335.0,
    "pct3ResTime" : 335.0,
    "throughput" : 14.88095238095238,
    "receivedKBytesPerSec" : 4148.106166294642,
    "sentKBytesPerSec" : 4.853748139880952
  },
  "Total" : {
    "transaction" : "Total",
    "sampleCount" : 15,
    "errorCount" : 0,
    "errorPct" : 0.0,
    "meanResTime" : 1167.7333333333331,
    "medianResTime" : 296.0,
    "minResTime" : 79.0,
    "maxResTime" : 4954.0,
    "pct1ResTime" : 4477.6,
    "pct2ResTime" : 4954.0,
    "pct3ResTime" : 4954.0,
    "throughput" : 2.3873945567404102,
    "receivedKBytesPerSec" : 222.98265159955434,
    "sentKBytesPerSec" : 0.6815576257361133
  },
  "login" : {
    "transaction" : "login",
    "sampleCount" : 5,
    "errorCount" : 0,
    "errorPct" : 0.0,
    "meanResTime" : 3119.4,
    "medianResTime" : 3161.0,
    "minResTime" : 1161.0,
    "maxResTime" : 4954.0,
    "pct1ResTime" : 4954.0,
    "pct2ResTime" : 4954.0,
    "pct3ResTime" : 4954.0,
    "throughput" : 1.0092854259184498,
    "receivedKBytesPerSec" : 0.7904754995962858,
    "sentKBytesPerSec" : 0.25133572618086397
  },
  "create api key" : {
    "transaction" : "create api key",
    "sampleCount" : 5,
    "errorCount" : 0,
    "errorPct" : 0.0,
    "meanResTime" : 80.8,
    "medianResTime" : 81.0,
    "minResTime" : 79.0,
    "maxResTime" : 82.0,
    "pct1ResTime" : 82.0,
    "pct2ResTime" : 82.0,
    "pct3ResTime" : 82.0,
    "throughput" : 60.24096385542169,
    "receivedKBytesPerSec" : 40.00376506024096,
    "sentKBytesPerSec" : 16.94277108433735
  }
}