{
  "zone activity" : {
    "transaction" : "zone activity",
    "sampleCount" : 10,
    "errorCount" : 0,
    "errorPct" : 0.0,
    "meanResTime" : 72.8,
    "medianResTime" : 73.5,
    "minResTime" : 63.0,
    "maxResTime" : 83.0,
    "pct1ResTime" : 82.4,
    "pct2ResTime" : 83.0,
    "pct3ResTime" : 83.0,
    "throughput" : 1.3449899125756557,
    "receivedKBytesPerSec" : 20.98394418291863,
    "sentKBytesPerSec" : 0.43738441492938807
  },
  "Total" : {
    "transaction" : "Total",
    "sampleCount" : 30,
    "errorCount" : 0,
    "errorPct" : 0.0,
    "meanResTime" : 111.46666666666664,
    "medianResTime" : 73.5,
    "minResTime" : 34.0,
    "maxResTime" : 1066.0,
    "pct1ResTime" : 140.00000000000003,
    "pct2ResTime" : 566.5999999999993,
    "pct3ResTime" : 1066.0,
    "throughput" : 3.280122457905095,
    "receivedKBytesPerSec" : 20.860596503936144,
    "sentKBytesPerSec" : 0.9364151678329323
  },
  "login" : {
    "transaction" : "login",
    "sampleCount" : 10,
    "errorCount" : 0,
    "errorPct" : 0.0,
    "meanResTime" : 221.3,
    "medianResTime" : 127.0,
    "minResTime" : 105.0,
    "maxResTime" : 1066.0,
    "pct1ResTime" : 975.2000000000003,
    "pct2ResTime" : 1066.0,
    "pct3ResTime" : 1066.0,
    "throughput" : 1.1076650420912715,
    "receivedKBytesPerSec" : 1.992499030793088,
    "sentKBytesPerSec" : 0.27691626052281787
  },
  "create api key" : {
    "transaction" : "create api key",
    "sampleCount" : 10,
    "errorCount" : 0,
    "errorPct" : 0.0,
    "meanResTime" : 40.29999999999999,
    "medianResTime" : 40.5,
    "minResTime" : 34.0,
    "maxResTime" : 44.0,
    "pct1ResTime" : 43.9,
    "pct2ResTime" : 44.0,
    "pct3ResTime" : 44.0,
    "throughput" : 1.348799568384138,
    "receivedKBytesPerSec" : 2.264244587941732,
    "sentKBytesPerSec" : 0.37934987860803887
  }
}