{
  "zone activity" : {
    "transaction" : "zone activity",
    "sampleCount" : 5,
    "errorCount" : 0,
    "errorPct" : 0.0,
    "meanResTime" : 815.0,
    "medianResTime" : 1228.0,
    "minResTime" : 77.0,
    "maxResTime" : 1238.0,
    "pct1ResTime" : 1238.0,
    "pct2ResTime" : 1238.0,
    "pct3ResTime" : 1238.0,
    "throughput" : 2.506265664160401,
    "receivedKBytesPerSec" : 697.2553453947368,
    "sentKBytesPerSec" : 0.8174733709273182
  },
  "Total" : {
    "transaction" : "Total",
    "sampleCount" : 15,
    "errorCount" : 0,
    "errorPct" : 0.0,
    "meanResTime" : 414.00000000000006,
    "medianResTime" : 66.0,
    "minResTime" : 14.0,
    "maxResTime" : 1345.0,
    "pct1ResTime" : 1280.8,
    "pct2ResTime" : 1345.0,
    "pct3ResTime" : 1345.0,
    "throughput" : 3.7415814417560487,
    "receivedKBytesPerSec" : 348.7801859877775,
    "sentKBytesPerSec" : 1.0681532957096531
  },
  "login" : {
    "transaction" : "login",
    "sampleCount" : 5,
    "errorCount" : 0,
    "errorPct" : 0.0,
    "meanResTime" : 396.0,
    "medianResTime" : 66.0,
    "minResTime" : 43.0,
    "maxResTime" : 1345.0,
    "pct1ResTime" : 1345.0,
    "pct2ResTime" : 1345.0,
    "pct3ResTime" : 1345.0,
    "throughput" : 1.277139208173691,
    "receivedKBytesPerSec" : 1.0002594189016603,
    "sentKBytesPerSec" : 0.3180375957854406
  },
  "create api key" : {
    "transaction" : "create api key",
    "sampleCount" : 5,
    "errorCount" : 0,
    "errorPct" : 0.0,
    "meanResTime" : 31.0,
    "medianResTime" : 37.0,
    "minResTime" : 14.0,
    "maxResTime" : 43.0,
    "pct1ResTime" : 43.0,
    "pct2ResTime" : 43.0,
    "pct3ResTime" : 43.0,
    "throughput" : 2.5303643724696356,
    "receivedKBytesPerSec" : 1.6798258793016194,
    "sentKBytesPerSec" : 0.711664979757085
  }
}