{
  "zone activity" : {
    "transaction" : "zone activity",
    "sampleCount" : 5,
    "errorCount" : 0,
    "errorPct" : 0.0,
    "meanResTime" : 1272.2,
    "medianResTime" : 1674.0,
    "minResTime" : 91.0,
    "maxResTime" : 1965.0,
    "pct1ResTime" : 1965.0,
    "pct2ResTime" : 1965.0,
    "pct3ResTime" : 1965.0,
    "throughput" : 2.1026072329688814,
    "receivedKBytesPerSec" : 585.1946061553826,
    "sentKBytesPerSec" : 0.6858113435660218
  },
  "Total" : {
    "transaction" : "Total",
    "sampleCount" : 15,
    "errorCount" : 0,
    "errorPct" : 0.0,
    "meanResTime" : 520.0666666666666,
    "medianResTime" : 83.0,
    "minResTime" : 17.0,
    "maxResTime" : 1965.0,
    "pct1ResTime" : 1961.4,
    "pct2ResTime" : 1965.0,
    "pct3ResTime" : 1965.0,
    "throughput" : 3.681885125184094,
    "receivedKBytesPerSec" : 343.35448499631815,
    "sentKBytesPerSec" : 1.0511110855424644
  },
  "login" : {
    "transaction" : "login",
    "sampleCount" : 5,
    "errorCount" : 0,
    "errorPct" : 0.0,
    "meanResTime" : 244.2,
    "medianResTime" : 55.0,
    "minResTime" : 49.0,
    "maxResTime" : 991.0,
    "pct1ResTime" : 991.0,
    "pct2ResTime" : 991.0,
    "pct3ResTime" : 991.0,
    "throughput" : 1.2616704516780217,
    "receivedKBytesPerSec" : 0.9881442404743881,
    "sentKBytesPerSec" : 0.3141855128690386
  },
  "create api key" : {
    "transaction" : "create api key",
    "sampleCount" : 5,
    "errorCount" : 0,
    "errorPct" : 0.0,
    "meanResTime" : 43.8,
    "medianResTime" : 18.0,
    "minResTime" : 17.0,
    "maxResTime" : 84.0,
    "pct1ResTime" : 84.0,
    "pct2ResTime" : 84.0,
    "pct3ResTime" : 84.0,
    "throughput" : 2.097315436241611,
    "receivedKBytesPerSec" : 1.3915196361157718,
    "sentKBytesPerSec" : 0.5898699664429531
  }
}