{
  "zone activity" : {
    "transaction" : "zone activity",
    "sampleCount" : 5,
    "errorCount" : 0,
    "errorPct" : 0.0,
    "meanResTime" : 125.8,
    "medianResTime" : 109.0,
    "minResTime" : 104.0,
    "maxResTime" : 159.0,
    "pct1ResTime" : 159.0,
    "pct2ResTime" : 159.0,
    "pct3ResTime" : 159.0,
    "throughput" : 2.175805047867711,
    "receivedKBytesPerSec" : 605.1929497117059,
    "sentKBytesPerSec" : 0.7096864120974761
  },
  "Total" : {
    "transaction" : "Total",
    "sampleCount" : 15,
    "errorCount" : 0,
    "errorPct" : 0.0,
    "meanResTime" : 148.33333333333334,
    "medianResTime" : 63.0,
    "minResTime" : 19.0,
    "maxResTime" : 996.0,
    "pct1ResTime" : 543.6000000000003,
    "pct2ResTime" : 996.0,
    "pct3ResTime" : 996.0,
    "throughput" : 3.8109756097560976,
    "receivedKBytesPerSec" : 355.1752354071392,
    "sentKBytesPerSec" : 1.087964065675813
  },
  "login" : {
    "transaction" : "login",
    "sampleCount" : 5,
    "errorCount" : 0,
    "errorPct" : 0.0,
    "meanResTime" : 282.2,
    "medianResTime" : 63.0,
    "minResTime" : 55.0,
    "maxResTime" : 996.0,
    "pct1ResTime" : 996.0,
    "pct2ResTime" : 996.0,
    "pct3ResTime" : 996.0,
    "throughput" : 1.3137151865475565,
    "receivedKBytesPerSec" : 1.0289058394640043,
    "sentKBytesPerSec" : 0.3271458716500263
  },
  "create api key" : {
    "transaction" : "create api key",
    "sampleCount" : 5,
    "errorCount" : 0,
    "errorPct" : 0.0,
    "meanResTime" : 37.0,
    "medianResTime" : 21.0,
    "minResTime" : 19.0,
    "maxResTime" : 63.0,
    "pct1ResTime" : 63.0,
    "pct2ResTime" : 63.0,
    "pct3ResTime" : 63.0,
    "throughput" : 2.2055580061755626,
    "receivedKBytesPerSec" : 1.4646283634759594,
    "sentKBytesPerSec" : 0.620313189236877
  }
}