{
  "zone activity" : {
    "transaction" : "zone activity",
    "sampleCount" : 5,
    "errorCount" : 0,
    "errorPct" : 0.0,
    "meanResTime" : 477.2,
    "medianResTime" : 568.0,
    "minResTime" : 84.0,
    "maxResTime" : 827.0,
    "pct1ResTime" : 827.0,
    "pct2ResTime" : 827.0,
    "pct3ResTime" : 827.0,
    "throughput" : 2.1240441801189465,
    "receivedKBytesPerSec" : 590.7506173003399,
    "sentKBytesPerSec" : 0.6928034728122344
  },
  "Total" : {
    "transaction" : "Total",
    "sampleCount" : 15,
    "errorCount" : 0,
    "errorPct" : 0.0,
    "meanResTime" : 264.46666666666664,
    "medianResTime" : 66.0,
    "minResTime" : 18.0,
    "maxResTime" : 1065.0,
    "pct1ResTime" : 922.2,
    "pct2ResTime" : 1065.0,
    "pct3ResTime" : 1065.0,
    "throughput" : 3.658536585365854,
    "receivedKBytesPerSec" : 340.941787347561,
    "sentKBytesPerSec" : 1.0444455030487805
  },
  "login" : {
    "transaction" : "login",
    "sampleCount" : 5,
    "errorCount" : 0,
    "errorPct" : 0.0,
    "meanResTime" : 277.0,
    "medianResTime" : 58.0,
    "minResTime" : 51.0,
    "maxResTime" : 1065.0,
    "pct1ResTime" : 1065.0,
    "pct2ResTime" : 1065.0,
    "pct3ResTime" : 1065.0,
    "throughput" : 1.2645422357106728,
    "receivedKBytesPerSec" : 0.9903934307030854,
    "sentKBytesPerSec" : 0.31490065440060694
  },
  "create api key" : {
    "transaction" : "create api key",
    "sampleCount" : 5,
    "errorCount" : 0,
    "errorPct" : 0.0,
    "meanResTime" : 39.2,
    "medianResTime" : 44.0,
    "minResTime" : 18.0,
    "maxResTime" : 66.0,
    "pct1ResTime" : 66.0,
    "pct2ResTime" : 66.0,
    "pct3ResTime" : 66.0,
    "throughput" : 2.1561017680034498,
    "receivedKBytesPerSec" : 1.4309441030616645,
    "sentKBytesPerSec" : 0.6064036222509702
  }
}