{
  "zone activity" : {
    "transaction" : "zone activity",
    "sampleCount" : 5,
    "errorCount" : 0,
    "errorPct" : 0.0,
    "meanResTime" : 25.6,
    "medianResTime" : 26.0,
    "minResTime" : 24.0,
    "maxResTime" : 27.0,
    "pct1ResTime" : 27.0,
    "pct2ResTime" : 27.0,
    "pct3ResTime" : 27.0,
    "throughput" : 1.941747572815534,
    "receivedKBytesPerSec" : 27.687727548543688,
    "sentKBytesPerSec" : 0.6314472087378641
  },
  "Total" : {
    "transaction" : "Total",
    "sampleCount" : 15,
    "errorCount" : 0,
    "errorPct" : 0.0,
    "meanResTime" : 80.6,
    "medianResTime" : 27.0,
    "minResTime" : 15.0,
    "maxResTime" : 743.0,
    "pct1ResTime" : 334.40000000000026,
    "pct2ResTime" : 743.0,
    "pct3ResTime" : 743.0,
    "throughput" : 3.7528146109582186,
    "receivedKBytesPerSec" : 19.647059513385038,
    "sentKBytesPerSec" : 1.0701385414060545
  },
  "login" : {
    "transaction" : "login",
    "sampleCount" : 5,
    "errorCount" : 0,
    "errorPct" : 0.0,
    "meanResTime" : 190.4,
    "medianResTime" : 52.0,
    "minResTime" : 47.0,
    "maxResTime" : 743.0,
    "pct1ResTime" : 743.0,
    "pct2ResTime" : 743.0,
    "pct3ResTime" : 743.0,
    "throughput" : 1.2642225031605563,
    "receivedKBytesPerSec" : 0.99014301517067,
    "sentKBytesPerSec" : 0.31482103350189633
  },
  "create api key" : {
    "transaction" : "create api key",
    "sampleCount" : 5,
    "errorCount" : 0,
    "errorPct" : 0.0,
    "meanResTime" : 25.8,
    "medianResTime" : 16.0,
    "minResTime" : 15.0,
    "maxResTime" : 42.0,
    "pct1ResTime" : 42.0,
    "pct2ResTime" : 42.0,
    "pct3ResTime" : 42.0,
    "throughput" : 1.9164430816404754,
    "receivedKBytesPerSec" : 1.2715150680337295,
    "sentKBytesPerSec" : 0.5389996167113836
  }
}