{
  "zone activity" : {
    "transaction" : "zone activity",
    "sampleCount" : 5,
    "errorCount" : 0,
    "errorPct" : 0.0,
    "meanResTime" : 462.4,
    "medianResTime" : 489.0,
    "minResTime" : 408.0,
    "maxResTime" : 506.0,
    "pct1ResTime" : 506.0,
    "pct2ResTime" : 506.0,
    "pct3ResTime" : 506.0,
    "throughput" : 2.092050209205021,
    "receivedKBytesPerSec" : 582.4202405857741,
    "sentKBytesPerSec" : 0.6823679393305438
  },
  "Total" : {
    "transaction" : "Total",
    "sampleCount" : 15,
    "errorCount" : 0,
    "errorPct" : 0.0,
    "meanResTime" : 397.6666666666667,
    "medianResTime" : 291.0,
    "minResTime" : 88.0,
    "maxResTime" : 1600.0,
    "pct1ResTime" : 1051.6000000000004,
    "pct2ResTime" : 1600.0,
    "pct3ResTime" : 1600.0,
    "throughput" : 3.2017075773746,
    "receivedKBytesPerSec" : 298.6597018409819,
    "sentKBytesPerSec" : 0.9140291488794025
  },
  "login" : {
    "transaction" : "login",
    "sampleCount" : 5,
    "errorCount" : 0,
    "errorPct" : 0.0,
    "meanResTime" : 618.4,
    "medianResTime" : 291.0,
    "minResTime" : 254.0,
    "maxResTime" : 1600.0,
    "pct1ResTime" : 1600.0,
    "pct2ResTime" : 1600.0,
    "pct3ResTime" : 1600.0,
    "throughput" : 1.2010569300984868,
    "receivedKBytesPerSec" : 0.9406715409560412,
    "sentKBytesPerSec" : 0.2990913253663223
  },
  "create api key" : {
    "transaction" : "create api key",
    "sampleCount" : 5,
    "errorCount" : 0,
    "errorPct" : 0.0,
    "meanResTime" : 112.2,
    "medianResTime" : 109.0,
    "minResTime" : 88.0,
    "maxResTime" : 162.0,
    "pct1ResTime" : 162.0,
    "pct2ResTime" : 162.0,
    "pct3ResTime" : 162.0,
    "throughput" : 2.3696682464454977,
    "receivedKBytesPerSec" : 1.5736078199052133,
    "sentKBytesPerSec" : 0.6664691943127963
  }
}