{
  "zone activity" : {
    "transaction" : "zone activity",
    "sampleCount" : 10,
    "errorCount" : 10,
    "errorPct" : 100.0,
    "meanResTime" : 98.39999999999999,
    "medianResTime" : 95.0,
    "minResTime" : 94.0,
    "maxResTime" : 112.0,
    "pct1ResTime" : 111.8,
    "pct2ResTime" : 112.0,
    "pct3ResTime" : 112.0,
    "throughput" : 1.3623978201634876,
    "receivedKBytesPerSec" : 21.256466067779293,
    "sentKBytesPerSec" : 0.4430453848773842
  },
  "Total" : {
    "transaction" : "Total",
    "sampleCount" : 30,
    "errorCount" : 10,
    "errorPct" : 33.333332,
    "meanResTime" : 143.53333333333333,
    "medianResTime" : 95.0,
    "minResTime" : 50.0,
    "maxResTime" : 1225.0,
    "pct1ResTime" : 162.70000000000002,
    "pct2ResTime" : 721.7499999999993,
    "pct3ResTime" : 1225.0,
    "throughput" : 3.257328990228013,
    "receivedKBytesPerSec" : 20.716379105591745,
    "sentKBytesPerSec" : 0.9299080483170467
  },
  "login" : {
    "transaction" : "login",
    "sampleCount" : 10,
    "errorCount" : 0,
    "errorPct" : 0.0,
    "meanResTime" : 276.8,
    "medianResTime" : 155.5,
    "minResTime" : 149.0,
    "maxResTime" : 1225.0,
    "pct1ResTime" : 1133.5000000000005,
    "pct2ResTime" : 1225.0,
    "pct3ResTime" : 1225.0,
    "throughput" : 1.1033873993158998,
    "receivedKBytesPerSec" : 1.9848042866600462,
    "sentKBytesPerSec" : 0.27584684982897495
  },
  "create api key" : {
    "transaction" : "create api key",
    "sampleCount" : 10,
    "errorCount" : 0,
    "errorPct" : 0.0,
    "meanResTime" : 55.4,
    "medianResTime" : 51.0,
    "minResTime" : 50.0,
    "maxResTime" : 77.0,
    "pct1ResTime" : 75.5,
    "pct2ResTime" : 77.0,
    "pct3ResTime" : 77.0,
    "throughput" : 1.3655605626109517,
    "receivedKBytesPerSec" : 2.2923814522736583,
    "sentKBytesPerSec" : 0.3840639082343302
  }
}