{
  "zone activity" : {
    "transaction" : "zone activity",
    "sampleCount" : 5,
    "errorCount" : 0,
    "errorPct" : 0.0,
    "meanResTime" : 212.2,
    "medianResTime" : 83.0,
    "minResTime" : 77.0,
    "maxResTime" : 412.0,
    "pct1ResTime" : 412.0,
    "pct2ResTime" : 412.0,
    "pct3ResTime" : 412.0,
    "throughput" : 1.6345210853220007,
    "receivedKBytesPerSec" : 454.627035489539,
    "sentKBytesPerSec" : 0.533134807126512
  },
  "Total" : {
    "transaction" : "Total",
    "sampleCount" : 15,
    "errorCount" : 0,
    "errorPct" : 0.0,
    "meanResTime" : 117.66666666666666,
    "medianResTime" : 50.0,
    "minResTime" : 16.0,
    "maxResTime" : 412.0,
    "pct1ResTime" : 410.8,
    "pct2ResTime" : 412.0,
    "pct3ResTime" : 412.0,
    "throughput" : 3.6891293654697495,
    "receivedKBytesPerSec" : 343.81172566711757,
    "sentKBytesPerSec" : 1.0531791840875553
  },
  "login" : {
    "transaction" : "login",
    "sampleCount" : 5,
    "errorCount" : 0,
    "errorPct" : 0.0,
    "meanResTime" : 117.4,
    "medianResTime" : 50.0,
    "minResTime" : 45.0,
    "maxResTime" : 386.0,
    "pct1ResTime" : 386.0,
    "pct2ResTime" : 386.0,
    "pct3ResTime" : 386.0,
    "throughput" : 1.2632642748863063,
    "receivedKBytesPerSec" : 0.989392527791814,
    "sentKBytesPerSec" : 0.3145824122031329
  },
  "create api key" : {
    "transaction" : "create api key",
    "sampleCount" : 5,
    "errorCount" : 0,
    "errorPct" : 0.0,
    "meanResTime" : 23.4,
    "medianResTime" : 16.0,
    "minResTime" : 16.0,
    "maxResTime" : 48.0,
    "pct1ResTime" : 48.0,
    "pct2ResTime" : 48.0,
    "pct3ResTime" : 48.0,
    "throughput" : 1.6458196181698486,
    "receivedKBytesPerSec" : 1.0922841919025676,
    "sentKBytesPerSec" : 0.4628867676102699
  }
}