{
  "zone activity" : {
    "transaction" : "zone activity",
    "sampleCount" : 5,
    "errorCount" : 0,
    "errorPct" : 0.0,
    "meanResTime" : 200.4,
    "medianResTime" : 163.0,
    "minResTime" : 154.0,
    "maxResTime" : 266.0,
    "pct1ResTime" : 266.0,
    "pct2ResTime" : 266.0,
    "pct3ResTime" : 266.0,
    "throughput" : 1.941747572815534,
    "receivedKBytesPerSec" : 540.1820388349514,
    "sentKBytesPerSec" : 0.6333434466019418
  },
  "Total" : {
    "transaction" : "Total",
    "sampleCount" : 15,
    "errorCount" : 0,
    "errorPct" : 0.0,
    "meanResTime" : 170.33333333333334,
    "medianResTime" : 94.0,
    "minResTime" : 29.0,
    "maxResTime" : 984.0,
    "pct1ResTime" : 553.2000000000003,
    "pct2ResTime" : 984.0,
    "pct3ResTime" : 984.0,
    "throughput" : 3.574833174451859,
    "receivedKBytesPerSec" : 333.22262832161584,
    "sentKBytesPerSec" : 1.020549705076263
  },
  "login" : {
    "transaction" : "login",
    "sampleCount" : 5,
    "errorCount" : 0,
    "errorPct" : 0.0,
    "meanResTime" : 271.6,
    "medianResTime" : 94.0,
    "minResTime" : 84.0,
    "maxResTime" : 984.0,
    "pct1ResTime" : 984.0,
    "pct2ResTime" : 984.0,
    "pct3ResTime" : 984.0,
    "throughput" : 1.2487512487512487,
    "receivedKBytesPerSec" : 0.9780258803696305,
    "sentKBytesPerSec" : 0.31096832854645357
  },
  "create api key" : {
    "transaction" : "create api key",
    "sampleCount" : 5,
    "errorCount" : 0,
    "errorPct" : 0.0,
    "meanResTime" : 39.0,
    "medianResTime" : 32.0,
    "minResTime" : 29.0,
    "maxResTime" : 53.0,
    "pct1ResTime" : 53.0,
    "pct2ResTime" : 53.0,
    "pct3ResTime" : 53.0,
    "throughput" : 2.0177562550443904,
    "receivedKBytesPerSec" : 1.3387339840597254,
    "sentKBytesPerSec" : 0.5674939467312348
  }
}