{
  "zone activity" : {
    "transaction" : "zone activity",
    "sampleCount" : 5,
    "errorCount" : 0,
    "errorPct" : 0.0,
    "meanResTime" : 1687.8,
    "medianResTime" : 2223.0,
    "minResTime" : 229.0,
    "maxResTime" : 2386.0,
    "pct1ResTime" : 2386.0,
    "pct2ResTime" : 2386.0,
    "pct3ResTime" : 2386.0,
    "throughput" : 2.089427496865859,
    "receivedKBytesPerSec" : 581.4811429168408,
    "sentKBytesPerSec" : 0.6815124843292938
  },
  "Total" : {
    "transaction" : "Total",
    "sampleCount" : 15,
    "errorCount" : 0,
    "errorPct" : 0.0,
    "meanResTime" : 679.1333333333333,
    "medianResTime" : 102.0,
    "minResTime" : 16.0,
    "maxResTime" : 2386.0,
    "pct1ResTime" : 2385.4,
    "pct2ResTime" : 2386.0,
    "pct3ResTime" : 2386.0,
    "throughput" : 3.5680304471931494,
    "receivedKBytesPerSec" : 332.7111735103473,
    "sentKBytesPerSec" : 1.0186076504519506
  },
  "login" : {
    "transaction" : "login",
    "sampleCount" : 5,
    "errorCount" : 0,
    "errorPct" : 0.0,
    "meanResTime" : 298.4,
    "medianResTime" : 57.0,
    "minResTime" : 48.0,
    "maxResTime" : 1121.0,
    "pct1ResTime" : 1121.0,
    "pct2ResTime" : 1121.0,
    "pct3ResTime" : 1121.0,
    "throughput" : 1.2651821862348178,
    "receivedKBytesPerSec" : 0.9908946419534413,
    "sentKBytesPerSec" : 0.3150600170799595
  },
  "create api key" : {
    "transaction" : "create api key",
    "sampleCount" : 5,
    "errorCount" : 0,
    "errorPct" : 0.0,
    "meanResTime" : 51.2,
    "medianResTime" : 19.0,
    "minResTime" : 16.0,
    "maxResTime" : 102.0,
    "pct1ResTime" : 102.0,
    "pct2ResTime" : 102.0,
    "pct3ResTime" : 102.0,
    "throughput" : 2.1958717610891525,
    "receivedKBytesPerSec" : 1.456909447738252,
    "sentKBytesPerSec" : 0.6175889328063241
  }
}