{
  "zone activity" : {
    "transaction" : "zone activity",
    "sampleCount" : 5,
    "errorCount" : 0,
    "errorPct" : 0.0,
    "meanResTime" : 1129.8,
    "medianResTime" : 1531.0,
    "minResTime" : 102.0,
    "maxResTime" : 1746.0,
    "pct1ResTime" : 1746.0,
    "pct2ResTime" : 1746.0,
    "pct3ResTime" : 1746.0,
    "throughput" : 2.175805047867711,
    "receivedKBytesPerSec" : 605.2902659921671,
    "sentKBytesPerSec" : 0.7096864120974761
  },
  "Total" : {
    "transaction" : "Total",
    "sampleCount" : 15,
    "errorCount" : 0,
    "errorPct" : 0.0,
    "meanResTime" : 491.79999999999995,
    "medianResTime" : 78.0,
    "minResTime" : 20.0,
    "maxResTime" : 1746.0,
    "pct1ResTime" : 1731.6,
    "pct2ResTime" : 1746.0,
    "pct3ResTime" : 1746.0,
    "throughput" : 3.6638983878847093,
    "receivedKBytesPerSec" : 341.5218440858573,
    "sentKBytesPerSec" : 1.0459761999267219
  },
  "login" : {
    "transaction" : "login",
    "sampleCount" : 5,
    "errorCount" : 0,
    "errorPct" : 0.0,
    "meanResTime" : 310.0,
    "medianResTime" : 73.0,
    "minResTime" : 54.0,
    "maxResTime" : 1138.0,
    "pct1ResTime" : 1138.0,
    "pct2ResTime" : 1138.0,
    "pct3ResTime" : 1138.0,
    "throughput" : 1.2594458438287153,
    "receivedKBytesPerSec" : 0.9864019206549118,
    "sentKBytesPerSec" : 0.31363153337531485
  },
  "create api key" : {
    "transaction" : "create api key",
    "sampleCount" : 5,
    "errorCount" : 0,
    "errorPct" : 0.0,
    "meanResTime" : 35.6,
    "medianResTime" : 21.0,
    "minResTime" : 20.0,
    "maxResTime" : 78.0,
    "pct1ResTime" : 78.0,
    "pct2ResTime" : 78.0,
    "pct3ResTime" : 78.0,
    "throughput" : 2.2212350066637048,
    "receivedKBytesPerSec" : 1.4737373667258997,
    "sentKBytesPerSec" : 0.6247223456241671
  }
}