{
  "zone activity" : {
    "transaction" : "zone activity",
    "sampleCount" : 5,
    "errorCount" : 0,
    "errorPct" : 0.0,
    "meanResTime" : 1532.6,
    "medianResTime" : 1929.0,
    "minResTime" : 409.0,
    "maxResTime" : 2205.0,
    "pct1ResTime" : 2205.0,
    "pct2ResTime" : 2205.0,
    "pct3ResTime" : 2205.0,
    "throughput" : 1.8726591760299625,
    "receivedKBytesPerSec" : 521.052419826779,
    "sentKBytesPerSec" : 0.610808754681648
  },
  "Total" : {
    "transaction" : "Total",
    "sampleCount" : 15,
    "errorCount" : 0,
    "errorPct" : 0.0,
    "meanResTime" : 702.4666666666668,
    "medianResTime" : 251.0,
    "minResTime" : 76.0,
    "maxResTime" : 2205.0,
    "pct1ResTime" : 2195.4,
    "pct2ResTime" : 2205.0,
    "pct3ResTime" : 2205.0,
    "throughput" : 3.2355478861087144,
    "receivedKBytesPerSec" : 301.6486970179034,
    "sentKBytesPerSec" : 0.923689940142364
  },
  "login" : {
    "transaction" : "login",
    "sampleCount" : 5,
    "errorCount" : 0,
    "errorPct" : 0.0,
    "meanResTime" : 482.8,
    "medianResTime" : 251.0,
    "minResTime" : 229.0,
    "maxResTime" : 1304.0,
    "pct1ResTime" : 1304.0,
    "pct2ResTime" : 1304.0,
    "pct3ResTime" : 1304.0,
    "throughput" : 1.2062726176115801,
    "receivedKBytesPerSec" : 0.9447564837153197,
    "sentKBytesPerSec" : 0.30039015379975875
  },
  "create api key" : {
    "transaction" : "create api key",
    "sampleCount" : 5,
    "errorCount" : 0,
    "errorPct" : 0.0,
    "meanResTime" : 92.0,
    "medianResTime" : 81.0,
    "minResTime" : 76.0,
    "maxResTime" : 121.0,
    "pct1ResTime" : 121.0,
    "pct2ResTime" : 121.0,
    "pct3ResTime" : 121.0,
    "throughput" : 2.100840336134454,
    "receivedKBytesPerSec" : 1.393858324579832,
    "sentKBytesPerSec" : 0.5908613445378151
  }
}