{
  "zone activity" : {
    "transaction" : "zone activity",
    "sampleCount" : 5,
    "errorCount" : 0,
    "errorPct" : 0.0,
    "meanResTime" : 103.6,
    "medianResTime" : 85.0,
    "minResTime" : 75.0,
    "maxResTime" : 141.0,
    "pct1ResTime" : 141.0,
    "pct2ResTime" : 141.0,
    "pct3ResTime" : 141.0,
    "throughput" : 1.6345210853220007,
    "receivedKBytesPerSec" : 454.80006487005556,
    "sentKBytesPerSec" : 0.533134807126512
  },
  "Total" : {
    "transaction" : "Total",
    "sampleCount" : 15,
    "errorCount" : 0,
    "errorPct" : 0.0,
    "meanResTime" : 77.33333333333334,
    "medianResTime" : 40.0,
    "minResTime" : 9.0,
    "maxResTime" : 412.0,
    "pct1ResTime" : 249.4000000000001,
    "pct2ResTime" : 412.0,
    "pct3ResTime" : 412.0,
    "throughput" : 3.694581280788177,
    "receivedKBytesPerSec" : 344.44970943657637,
    "sentKBytesPerSec" : 1.0547356065270936
  },
  "login" : {
    "transaction" : "login",
    "sampleCount" : 5,
    "errorCount" : 0,
    "errorPct" : 0.0,
    "meanResTime" : 114.0,
    "medianResTime" : 40.0,
    "minResTime" : 35.0,
    "maxResTime" : 412.0,
    "pct1ResTime" : 412.0,
    "pct2ResTime" : 412.0,
    "pct3ResTime" : 412.0,
    "throughput" : 1.2619888944977284,
    "receivedKBytesPerSec" : 0.9883936458859162,
    "sentKBytesPerSec" : 0.31426481259464917
  },
  "create api key" : {
    "transaction" : "create api key",
    "sampleCount" : 5,
    "errorCount" : 0,
    "errorPct" : 0.0,
    "meanResTime" : 14.4,
    "medianResTime" : 11.0,
    "minResTime" : 9.0,
    "maxResTime" : 31.0,
    "pct1ResTime" : 31.0,
    "pct2ResTime" : 31.0,
    "pct3ResTime" : 31.0,
    "throughput" : 1.6561775422325273,
    "receivedKBytesPerSec" : 1.0985115104339185,
    "sentKBytesPerSec" : 0.4657999337528983
  }
}