{
  "zone activity" : {
    "transaction" : "zone activity",
    "sampleCount" : 5,
    "errorCount" : 0,
    "errorPct" : 0.0,
    "meanResTime" : 484.0,
    "medianResTime" : 522.0,
    "minResTime" : 322.0,
    "maxResTime" : 627.0,
    "pct1ResTime" : 627.0,
    "pct2ResTime" : 627.0,
    "pct3ResTime" : 627.0,
    "throughput" : 1.9825535289452814,
    "receivedKBytesPerSec" : 551.6157036825932,
    "sentKBytesPerSec" : 0.6466532018239493
  },
  "Total" : {
    "transaction" : "Total",
    "sampleCount" : 15,
    "errorCount" : 0,
    "errorPct" : 0.0,
    "meanResTime" : 352.4666666666667,
    "medianResTime" : 292.0,
    "minResTime" : 62.0,
    "maxResTime" : 1352.0,
    "pct1ResTime" : 917.0000000000002,
    "pct2ResTime" : 1352.0,
    "pct3ResTime" : 1352.0,
    "throughput" : 3.288031565103025,
    "receivedKBytesPerSec" : 306.5342349161552,
    "sentKBytesPerSec" : 0.9386730737615081
  },
  "login" : {
    "transaction" : "login",
    "sampleCount" : 5,
    "errorCount" : 0,
    "errorPct" : 0.0,
    "meanResTime" : 500.4,
    "medianResTime" : 292.0,
    "minResTime" : 186.0,
    "maxResTime" : 1352.0,
    "pct1ResTime" : 1352.0,
    "pct2ResTime" : 1352.0,
    "pct3ResTime" : 1352.0,
    "throughput" : 1.1978917105893627,
    "receivedKBytesPerSec" : 0.9384264943699089,
    "sentKBytesPerSec" : 0.29830311152371825
  },
  "create api key" : {
    "transaction" : "create api key",
    "sampleCount" : 5,
    "errorCount" : 0,
    "errorPct" : 0.0,
    "meanResTime" : 73.0,
    "medianResTime" : 67.0,
    "minResTime" : 62.0,
    "maxResTime" : 91.0,
    "pct1ResTime" : 91.0,
    "pct2ResTime" : 91.0,
    "pct3ResTime" : 91.0,
    "throughput" : 2.174858634188778,
    "receivedKBytesPerSec" : 1.4429677305350153,
    "sentKBytesPerSec" : 0.6116789908655937
  }
}