{
  "zone activity" : {
    "transaction" : "zone activity",
    "sampleCount" : 5,
    "errorCount" : 0,
    "errorPct" : 0.0,
    "meanResTime" : 308.6,
    "medianResTime" : 318.0,
    "minResTime" : 268.0,
    "maxResTime" : 326.0,
    "pct1ResTime" : 326.0,
    "pct2ResTime" : 326.0,
    "pct3ResTime" : 326.0,
    "throughput" : 2.49003984063745,
    "receivedKBytesPerSec" : 692.8331595493028,
    "sentKBytesPerSec" : 0.8121809636454184
  },
  "Total" : {
    "transaction" : "Total",
    "sampleCount" : 15,
    "errorCount" : 0,
    "errorPct" : 0.0,
    "meanResTime" : 318.1333333333333,
    "medianResTime" : 185.0,
    "minResTime" : 53.0,
    "maxResTime" : 1526.0,
    "pct1ResTime" : 1076.6000000000004,
    "pct2ResTime" : 1526.0,
    "pct3ResTime" : 1526.0,
    "throughput" : 3.549455750118315,
    "receivedKBytesPerSec" : 330.91418820989117,
    "sentKBytesPerSec" : 1.013304913038334
  },
  "login" : {
    "transaction" : "login",
    "sampleCount" : 5,
    "errorCount" : 0,
    "errorPct" : 0.0,
    "meanResTime" : 564.2,
    "medianResTime" : 185.0,
    "minResTime" : 157.0,
    "maxResTime" : 1526.0,
    "pct1ResTime" : 1526.0,
    "pct2ResTime" : 1526.0,
    "pct3ResTime" : 1526.0,
    "throughput" : 1.2813941568426448,
    "receivedKBytesPerSec" : 1.0035919079958995,
    "sentKBytesPerSec" : 0.3190971777293695
  },
  "create api key" : {
    "transaction" : "create api key",
    "sampleCount" : 5,
    "errorCount" : 0,
    "errorPct" : 0.0,
    "meanResTime" : 81.6,
    "medianResTime" : 82.0,
    "minResTime" : 53.0,
    "maxResTime" : 107.0,
    "pct1ResTime" : 107.0,
    "pct2ResTime" : 107.0,
    "pct3ResTime" : 107.0,
    "throughput" : 2.7233115468409586,
    "receivedKBytesPerSec" : 1.8073852805010893,
    "sentKBytesPerSec" : 0.7659313725490196
  }
}