{
  "zone activity" : {
    "transaction" : "zone activity",
    "sampleCount" : 5,
    "errorCount" : 0,
    "errorPct" : 0.0,
    "meanResTime" : 1516.2,
    "medianResTime" : 1685.0,
    "minResTime" : 818.0,
    "maxResTime" : 1698.0,
    "pct1ResTime" : 1698.0,
    "pct2ResTime" : 1698.0,
    "pct3ResTime" : 1698.0,
    "throughput" : 2.941176470588235,
    "receivedKBytesPerSec" : 818.2737821691177,
    "sentKBytesPerSec" : 0.9593290441176471
  },
  "Total" : {
    "transaction" : "Total",
    "sampleCount" : 15,
    "errorCount" : 0,
    "errorPct" : 0.0,
    "meanResTime" : 812.9333333333333,
    "medianResTime" : 532.0,
    "minResTime" : 15.0,
    "maxResTime" : 2262.0,
    "pct1ResTime" : 1923.6000000000001,
    "pct2ResTime" : 2262.0,
    "pct3ResTime" : 2262.0,
    "throughput" : 3.248862897985705,
    "receivedKBytesPerSec" : 302.85938007634826,
    "sentKBytesPerSec" : 0.9274911333116742
  },
  "login" : {
    "transaction" : "login",
    "sampleCount" : 5,
    "errorCount" : 0,
    "errorPct" : 0.0,
    "meanResTime" : 883.6,
    "medianResTime" : 532.0,
    "minResTime" : 45.0,
    "maxResTime" : 2262.0,
    "pct1ResTime" : 2262.0,
    "pct2ResTime" : 2262.0,
    "pct3ResTime" : 2262.0,
    "throughput" : 1.3227513227513228,
    "receivedKBytesPerSec" : 1.0359829695767195,
    "sentKBytesPerSec" : 0.3293960813492064
  },
  "create api key" : {
    "transaction" : "create api key",
    "sampleCount" : 5,
    "errorCount" : 0,
    "errorPct" : 0.0,
    "meanResTime" : 39.0,
    "medianResTime" : 38.0,
    "minResTime" : 15.0,
    "maxResTime" : 67.0,
    "pct1ResTime" : 67.0,
    "pct2ResTime" : 67.0,
    "pct3ResTime" : 67.0,
    "throughput" : 5.359056806002144,
    "receivedKBytesPerSec" : 3.5587486602357985,
    "sentKBytesPerSec" : 1.5072347266881028
  }
}