{
  "zone activity" : {
    "transaction" : "zone activity",
    "sampleCount" : 5,
    "errorCount" : 0,
    "errorPct" : 0.0,
    "meanResTime" : 573.6,
    "medianResTime" : 728.0,
    "minResTime" : 138.0,
    "maxResTime" : 939.0,
    "pct1ResTime" : 939.0,
    "pct2ResTime" : 939.0,
    "pct3ResTime" : 939.0,
    "throughput" : 2.172024326672459,
    "receivedKBytesPerSec" : 604.2592887977845,
    "sentKBytesPerSec" : 0.7084532471763684
  },
  "Total" : {
    "transaction" : "Total",
    "sampleCount" : 15,
    "errorCount" : 0,
    "errorPct" : 0.0,
    "meanResTime" : 319.1333333333333,
    "medianResTime" : 98.0,
    "minResTime" : 28.0,
    "maxResTime" : 1185.0,
    "pct1ResTime" : 1037.4,
    "pct2ResTime" : 1185.0,
    "pct3ResTime" : 1185.0,
    "throughput" : 3.609239653512993,
    "receivedKBytesPerSec" : 336.4384699831569,
    "sentKBytesPerSec" : 1.0303721276467759
  },
  "login" : {
    "transaction" : "login",
    "sampleCount" : 5,
    "errorCount" : 0,
    "errorPct" : 0.0,
    "meanResTime" : 345.4,
    "medianResTime" : 98.0,
    "minResTime" : 82.0,
    "maxResTime" : 1185.0,
    "pct1ResTime" : 1185.0,
    "pct2ResTime" : 1185.0,
    "pct3ResTime" : 1185.0,
    "throughput" : 1.254075746175069,
    "receivedKBytesPerSec" : 0.9821960433910208,
    "sentKBytesPerSec" : 0.31229425319789317
  },
  "create api key" : {
    "transaction" : "create api key",
    "sampleCount" : 5,
    "errorCount" : 0,
    "errorPct" : 0.0,
    "meanResTime" : 38.4,
    "medianResTime" : 32.0,
    "minResTime" : 28.0,
    "maxResTime" : 52.0,
    "pct1ResTime" : 52.0,
    "pct2ResTime" : 52.0,
    "pct3ResTime" : 52.0,
    "throughput" : 2.242152466367713,
    "receivedKBytesPerSec" : 1.487615610986547,
    "sentKBytesPerSec" : 0.6306053811659192
  }
}