{
  "zone activity" : {
    "transaction" : "zone activity",
    "sampleCount" : 5,
    "errorCount" : 0,
    "errorPct" : 0.0,
    "meanResTime" : 342.8,
    "medianResTime" : 384.0,
    "minResTime" : 144.0,
    "maxResTime" : 414.0,
    "pct1ResTime" : 414.0,
    "pct2ResTime" : 414.0,
    "pct3ResTime" : 414.0,
    "throughput" : 5.847953216374268,
    "receivedKBytesPerSec" : 1626.6493055555557,
    "sentKBytesPerSec" : 1.907437865497076
  },
  "Total" : {
    "transaction" : "Total",
    "sampleCount" : 15,
    "errorCount" : 0,
    "errorPct" : 0.0,
    "meanResTime" : 496.00000000000006,
    "medianResTime" : 144.0,
    "minResTime" : 32.0,
    "maxResTime" : 2666.0,
    "pct1ResTime" : 2148.2000000000003,
    "pct2ResTime" : 2666.0,
    "pct3ResTime" : 2666.0,
    "throughput" : 3.6293249455601257,
    "receivedKBytesPerSec" : 338.2582831780789,
    "sentKBytesPerSec" : 1.036106112388096
  },
  "login" : {
    "transaction" : "login",
    "sampleCount" : 5,
    "errorCount" : 0,
    "errorPct" : 0.0,
    "meanResTime" : 1093.0,
    "medianResTime" : 803.0,
    "minResTime" : 93.0,
    "maxResTime" : 2666.0,
    "pct1ResTime" : 2666.0,
    "pct2ResTime" : 2666.0,
    "pct3ResTime" : 2666.0,
    "throughput" : 1.2645422357106728,
    "receivedKBytesPerSec" : 0.9903934307030854,
    "sentKBytesPerSec" : 0.31490065440060694
  },
  "create api key" : {
    "transaction" : "create api key",
    "sampleCount" : 5,
    "errorCount" : 0,
    "errorPct" : 0.0,
    "meanResTime" : 52.2,
    "medianResTime" : 57.0,
    "minResTime" : 32.0,
    "maxResTime" : 60.0,
    "pct1ResTime" : 60.0,
    "pct2ResTime" : 60.0,
    "pct3ResTime" : 60.0,
    "throughput" : 6.418485237483954,
    "receivedKBytesPerSec" : 4.262275353016688,
    "sentKBytesPerSec" : 1.8051989730423619
  }
}