{
  "zone activity" : {
    "transaction" : "zone activity",
    "sampleCount" : 5,
    "errorCount" : 0,
    "errorPct" : 0.0,
    "meanResTime" : 314.4,
    "medianResTime" : 305.0,
    "minResTime" : 302.0,
    "maxResTime" : 347.0,
    "pct1ResTime" : 347.0,
    "pct2ResTime" : 347.0,
    "pct3ResTime" : 347.0,
    "throughput" : 1.6931933626820184,
    "receivedKBytesPerSec" : 470.9190732941077,
    "sentKBytesPerSec" : 0.5522720538435489
  },
  "Total" : {
    "transaction" : "Total",
    "sampleCount" : 15,
    "errorCount" : 0,
    "errorPct" : 0.0,
    "meanResTime" : 228.33333333333337,
    "medianResTime" : 186.0,
    "minResTime" : 61.0,
    "maxResTime" : 754.0,
    "pct1ResTime" : 509.8000000000002,
    "pct2ResTime" : 754.0,
    "pct3ResTime" : 754.0,
    "throughput" : 3.3647375504710633,
    "receivedKBytesPerSec" : 313.56221434780167,
    "sentKBytesPerSec" : 0.9605712342978914
  },
  "login" : {
    "transaction" : "login",
    "sampleCount" : 5,
    "errorCount" : 0,
    "errorPct" : 0.0,
    "meanResTime" : 301.2,
    "medianResTime" : 186.0,
    "minResTime" : 179.0,
    "maxResTime" : 754.0,
    "pct1ResTime" : 754.0,
    "pct2ResTime" : 754.0,
    "pct3ResTime" : 754.0,
    "throughput" : 1.2239902080783354,
    "receivedKBytesPerSec" : 0.9586329559363526,
    "sentKBytesPerSec" : 0.30480224908200737
  },
  "create api key" : {
    "transaction" : "create api key",
    "sampleCount" : 5,
    "errorCount" : 0,
    "errorPct" : 0.0,
    "meanResTime" : 69.4,
    "medianResTime" : 65.0,
    "minResTime" : 61.0,
    "maxResTime" : 82.0,
    "pct1ResTime" : 82.0,
    "pct2ResTime" : 82.0,
    "pct3ResTime" : 82.0,
    "throughput" : 1.8254837531945967,
    "receivedKBytesPerSec" : 1.2122353048557868,
    "sentKBytesPerSec" : 0.5134173055859803
  }
}