{
  "zone activity" : {
    "transaction" : "zone activity",
    "sampleCount" : 5,
    "errorCount" : 0,
    "errorPct" : 0.0,
    "meanResTime" : 751.6,
    "medianResTime" : 967.0,
    "minResTime" : 87.0,
    "maxResTime" : 1308.0,
    "pct1ResTime" : 1308.0,
    "pct2ResTime" : 1308.0,
    "pct3ResTime" : 1308.0,
    "throughput" : 2.071251035625518,
    "receivedKBytesPerSec" : 576.2750330105633,
    "sentKBytesPerSec" : 0.6755838338856669
  },
  "Total" : {
    "transaction" : "Total",
    "sampleCount" : 15,
    "errorCount" : 0,
    "errorPct" : 0.0,
    "meanResTime" : 344.0,
    "medianResTime" : 57.0,
    "minResTime" : 16.0,
    "maxResTime" : 1308.0,
    "pct1ResTime" : 1306.2,
    "pct2ResTime" : 1308.0,
    "pct3ResTime" : 1308.0,
    "throughput" : 3.6864094372081593,
    "receivedKBytesPerSec" : 343.66215977512906,
    "sentKBytesPerSec" : 1.052402694150897
  },
  "login" : {
    "transaction" : "login",
    "sampleCount" : 5,
    "errorCount" : 0,
    "errorPct" : 0.0,
    "meanResTime" : 254.6,
    "medianResTime" : 57.0,
    "minResTime" : 51.0,
    "maxResTime" : 1011.0,
    "pct1ResTime" : 1011.0,
    "pct2ResTime" : 1011.0,
    "pct3ResTime" : 1011.0,
    "throughput" : 1.2626262626262628,
    "receivedKBytesPerSec" : 0.9888928345959596,
    "sentKBytesPerSec" : 0.3144235321969697
  },
  "create api key" : {
    "transaction" : "create api key",
    "sampleCount" : 5,
    "errorCount" : 0,
    "errorPct" : 0.0,
    "meanResTime" : 25.8,
    "medianResTime" : 16.0,
    "minResTime" : 16.0,
    "maxResTime" : 44.0,
    "pct1ResTime" : 44.0,
    "pct2ResTime" : 44.0,
    "pct3ResTime" : 44.0,
    "throughput" : 2.1070375052675936,
    "receivedKBytesPerSec" : 1.3979700010535185,
    "sentKBytesPerSec" : 0.5926042983565107
  }
}