{
  "zone activity" : {
    "transaction" : "zone activity",
    "sampleCount" : 10,
    "errorCount" : 0,
    "errorPct" : 0.0,
    "meanResTime" : 22.9,
    "medianResTime" : 22.0,
    "minResTime" : 21.0,
    "maxResTime" : 28.0,
    "pct1ResTime" : 27.9,
    "pct2ResTime" : 28.0,
    "pct3ResTime" : 28.0,
    "throughput" : 1.3308490817141336,
    "receivedKBytesPerSec" : 20.764234886545115,
    "sentKBytesPerSec" : 0.4327858830183657
  },
  "Total" : {
    "transaction" : "Total",
    "sampleCount" : 30,
    "errorCount" : 0,
    "errorPct" : 0.0,
    "meanResTime" : 55.36666666666666,
    "medianResTime" : 23.0,
    "minResTime" : 13.0,
    "maxResTime" : 847.0,
    "pct1ResTime" : 45.0,
    "pct2ResTime" : 417.4499999999994,
    "pct3ResTime" : 847.0,
    "throughput" : 3.338155112940915,
    "receivedKBytesPerSec" : 21.230644785523534,
    "sentKBytesPerSec" : 0.9529824329587181
  },
  "login" : {
    "transaction" : "login",
    "sampleCount" : 10,
    "errorCount" : 0,
    "errorPct" : 0.0,
    "meanResTime" : 124.9,
    "medianResTime" : 43.0,
    "minResTime" : 39.0,
    "maxResTime" : 847.0,
    "pct1ResTime" : 768.9000000000003,
    "pct2ResTime" : 847.0,
    "pct3ResTime" : 847.0,
    "throughput" : 1.117443289753045,
    "receivedKBytesPerSec" : 2.0100884177003016,
    "sentKBytesPerSec" : 0.27936082243826127
  },
  "create api key" : {
    "transaction" : "create api key",
    "sampleCount" : 10,
    "errorCount" : 0,
    "errorPct" : 0.0,
    "meanResTime" : 18.3,
    "medianResTime" : 15.0,
    "minResTime" : 13.0,
    "maxResTime" : 34.0,
    "pct1ResTime" : 33.9,
    "pct2ResTime" : 34.0,
    "pct3ResTime" : 34.0,
    "throughput" : 1.3252054068380599,
    "receivedKBytesPerSec" : 2.2248956400742115,
    "sentKBytesPerSec" : 0.37271402067320436
  }
}