{
  "zone activity" : {
    "transaction" : "zone activity",
    "sampleCount" : 5,
    "errorCount" : 0,
    "errorPct" : 0.0,
    "meanResTime" : 1461.4,
    "medianResTime" : 1554.0,
    "minResTime" : 394.0,
    "maxResTime" : 2409.0,
    "pct1ResTime" : 2409.0,
    "pct2ResTime" : 2409.0,
    "pct3ResTime" : 2409.0,
    "throughput" : 1.5346838551258442,
    "receivedKBytesPerSec" : 426.9820202194598,
    "sentKBytesPerSec" : 0.5005707105586249
  },
  "Total" : {
    "transaction" : "Total",
    "sampleCount" : 15,
    "errorCount" : 0,
    "errorPct" : 0.0,
    "meanResTime" : 631.0,
    "medianResTime" : 253.0,
    "minResTime" : 82.0,
    "maxResTime" : 2409.0,
    "pct1ResTime" : 2405.4,
    "pct2ResTime" : 2409.0,
    "pct3ResTime" : 2409.0,
    "throughput" : 3.2390412437918377,
    "receivedKBytesPerSec" : 301.9528719499028,
    "sentKBytesPerSec" : 0.9246872300798963
  },
  "login" : {
    "transaction" : "login",
    "sampleCount" : 5,
    "errorCount" : 0,
    "errorPct" : 0.0,
    "meanResTime" : 337.4,
    "medianResTime" : 253.0,
    "minResTime" : 237.0,
    "maxResTime" : 682.0,
    "pct1ResTime" : 682.0,
    "pct2ResTime" : 682.0,
    "pct3ResTime" : 682.0,
    "throughput" : 1.2039489525644114,
    "receivedKBytesPerSec" : 0.9429365819889237,
    "sentKBytesPerSec" : 0.29981150674211415
  },
  "create api key" : {
    "transaction" : "create api key",
    "sampleCount" : 5,
    "errorCount" : 0,
    "errorPct" : 0.0,
    "meanResTime" : 94.2,
    "medianResTime" : 88.0,
    "minResTime" : 82.0,
    "maxResTime" : 107.0,
    "pct1ResTime" : 107.0,
    "pct2ResTime" : 107.0,
    "pct3ResTime" : 107.0,
    "throughput" : 1.6750418760469012,
    "receivedKBytesPerSec" : 1.1123324958123955,
    "sentKBytesPerSec" : 0.47110552763819097
  }
}