{
  "zone activity" : {
    "transaction" : "zone activity",
    "sampleCount" : 5,
    "errorCount" : 0,
    "errorPct" : 0.0,
    "meanResTime" : 151.0,
    "medianResTime" : 150.0,
    "minResTime" : 141.0,
    "maxResTime" : 162.0,
    "pct1ResTime" : 162.0,
    "pct2ResTime" : 162.0,
    "pct3ResTime" : 162.0,
    "throughput" : 3.1191515907673115,
    "receivedKBytesPerSec" : 868.2347307782284,
    "sentKBytesPerSec" : 1.0173795227698066
  },
  "Total" : {
    "transaction" : "Total",
    "sampleCount" : 15,
    "errorCount" : 0,
    "errorPct" : 0.0,
    "meanResTime" : 279.6,
    "medianResTime" : 112.0,
    "minResTime" : 31.0,
    "maxResTime" : 1907.0,
    "pct1ResTime" : 1367.0000000000005,
    "pct2ResTime" : 1907.0,
    "pct3ResTime" : 1907.0,
    "throughput" : 3.604902667627974,
    "receivedKBytesPerSec" : 336.2207758801971,
    "sentKBytesPerSec" : 1.0291339972362414
  },
  "login" : {
    "transaction" : "login",
    "sampleCount" : 5,
    "errorCount" : 0,
    "errorPct" : 0.0,
    "meanResTime" : 641.4,
    "medianResTime" : 112.0,
    "minResTime" : 88.0,
    "maxResTime" : 1907.0,
    "pct1ResTime" : 1907.0,
    "pct2ResTime" : 1907.0,
    "pct3ResTime" : 1907.0,
    "throughput" : 1.2543903662819869,
    "receivedKBytesPerSec" : 0.9824424548419468,
    "sentKBytesPerSec" : 0.31237260097842445
  },
  "create api key" : {
    "transaction" : "create api key",
    "sampleCount" : 5,
    "errorCount" : 0,
    "errorPct" : 0.0,
    "meanResTime" : 46.4,
    "medianResTime" : 53.0,
    "minResTime" : 31.0,
    "maxResTime" : 60.0,
    "pct1ResTime" : 60.0,
    "pct2ResTime" : 60.0,
    "pct3ResTime" : 60.0,
    "throughput" : 3.2701111837802483,
    "receivedKBytesPerSec" : 2.1702808207979074,
    "sentKBytesPerSec" : 0.9197187704381949
  }
}