{
  "zone activity" : {
    "transaction" : "zone activity",
    "sampleCount" : 5,
    "errorCount" : 0,
    "errorPct" : 0.0,
    "meanResTime" : 396.4,
    "medianResTime" : 563.0,
    "minResTime" : 81.0,
    "maxResTime" : 632.0,
    "pct1ResTime" : 632.0,
    "pct2ResTime" : 632.0,
    "pct3ResTime" : 632.0,
    "throughput" : 2.3331777881474567,
    "receivedKBytesPerSec" : 649.1119342043864,
    "sentKBytesPerSec" : 0.7610169738684088
  },
  "Total" : {
    "transaction" : "Total",
    "sampleCount" : 15,
    "errorCount" : 0,
    "errorPct" : 0.0,
    "meanResTime" : 262.26666666666665,
    "medianResTime" : 62.0,
    "minResTime" : 19.0,
    "maxResTime" : 1263.0,
    "pct1ResTime" : 884.4000000000002,
    "pct2ResTime" : 1263.0,
    "pct3ResTime" : 1263.0,
    "throughput" : 3.694581280788177,
    "receivedKBytesPerSec" : 344.4044893011084,
    "sentKBytesPerSec" : 1.0547356065270936
  },
  "login" : {
    "transaction" : "login",
    "sampleCount" : 5,
    "errorCount" : 0,
    "errorPct" : 0.0,
    "meanResTime" : 357.0,
    "medianResTime" : 62.0,
    "minResTime" : 51.0,
    "maxResTime" : 1263.0,
    "pct1ResTime" : 1263.0,
    "pct2ResTime" : 1263.0,
    "pct3ResTime" : 1263.0,
    "throughput" : 1.2635835228708618,
    "receivedKBytesPerSec" : 0.9896425638109679,
    "sentKBytesPerSec" : 0.3146619124336619
  },
  "create api key" : {
    "transaction" : "create api key",
    "sampleCount" : 5,
    "errorCount" : 0,
    "errorPct" : 0.0,
    "meanResTime" : 33.4,
    "medianResTime" : 20.0,
    "minResTime" : 19.0,
    "maxResTime" : 55.0,
    "pct1ResTime" : 55.0,
    "pct2ResTime" : 55.0,
    "pct3ResTime" : 55.0,
    "throughput" : 2.344116268166901,
    "receivedKBytesPerSec" : 1.5561818741209563,
    "sentKBytesPerSec" : 0.6592827004219409
  }
}