{
  "zone activity" : {
    "transaction" : "zone activity",
    "sampleCount" : 5,
    "errorCount" : 0,
    "errorPct" : 0.0,
    "meanResTime" : 1233.8,
    "medianResTime" : 1500.0,
    "minResTime" : 302.0,
    "maxResTime" : 1944.0,
    "pct1ResTime" : 1944.0,
    "pct2ResTime" : 1944.0,
    "pct3ResTime" : 1944.0,
    "throughput" : 1.8422991893883567,
    "receivedKBytesPerSec" : 512.5963608833824,
    "sentKBytesPerSec" : 0.6009061809137805
  },
  "Total" : {
    "transaction" : "Total",
    "sampleCount" : 15,
    "errorCount" : 0,
    "errorPct" : 0.0,
    "meanResTime" : 560.4,
    "medianResTime" : 191.0,
    "minResTime" : 55.0,
    "maxResTime" : 1944.0,
    "pct1ResTime" : 1921.2,
    "pct2ResTime" : 1944.0,
    "pct3ResTime" : 1944.0,
    "throughput" : 3.3753375337533753,
    "receivedKBytesPerSec" : 314.6763895139514,
    "sentKBytesPerSec" : 0.9635973362961296
  },
  "login" : {
    "transaction" : "login",
    "sampleCount" : 5,
    "errorCount" : 0,
    "errorPct" : 0.0,
    "meanResTime" : 376.4,
    "medianResTime" : 191.0,
    "minResTime" : 168.0,
    "maxResTime" : 1125.0,
    "pct1ResTime" : 1125.0,
    "pct2ResTime" : 1125.0,
    "pct3ResTime" : 1125.0,
    "throughput" : 1.2257906349595489,
    "receivedKBytesPerSec" : 0.960043055896053,
    "sentKBytesPerSec" : 0.30525059757293455
  },
  "create api key" : {
    "transaction" : "create api key",
    "sampleCount" : 5,
    "errorCount" : 0,
    "errorPct" : 0.0,
    "meanResTime" : 71.0,
    "medianResTime" : 63.0,
    "minResTime" : 55.0,
    "maxResTime" : 88.0,
    "pct1ResTime" : 88.0,
    "pct2ResTime" : 88.0,
    "pct3ResTime" : 88.0,
    "throughput" : 1.9896538002387585,
    "receivedKBytesPerSec" : 1.3208658724631914,
    "sentKBytesPerSec" : 0.5595901313171509
  }
}