{
  "zone activity" : {
    "transaction" : "zone activity",
    "sampleCount" : 5,
    "errorCount" : 0,
    "errorPct" : 0.0,
    "meanResTime" : 942.6,
    "medianResTime" : 1147.0,
    "minResTime" : 84.0,
    "maxResTime" : 1669.0,
    "pct1ResTime" : 1669.0,
    "pct2ResTime" : 1669.0,
    "pct3ResTime" : 1669.0,
    "throughput" : 1.9252984212552946,
    "receivedKBytesPerSec" : 535.6567523825568,
    "sentKBytesPerSec" : 0.6279781959953793
  },
  "Total" : {
    "transaction" : "Total",
    "sampleCount" : 15,
    "errorCount" : 0,
    "errorPct" : 0.0,
    "meanResTime" : 395.3333333333333,
    "medianResTime" : 58.0,
    "minResTime" : 16.0,
    "maxResTime" : 1669.0,
    "pct1ResTime" : 1666.0,
    "pct2ResTime" : 1669.0,
    "pct3ResTime" : 1669.0,
    "throughput" : 3.6891293654697495,
    "receivedKBytesPerSec" : 343.9089976328087,
    "sentKBytesPerSec" : 1.0531791840875553
  },
  "login" : {
    "transaction" : "login",
    "sampleCount" : 5,
    "errorCount" : 0,
    "errorPct" : 0.0,
    "meanResTime" : 213.2,
    "medianResTime" : 57.0,
    "minResTime" : 55.0,
    "maxResTime" : 829.0,
    "pct1ResTime" : 829.0,
    "pct2ResTime" : 829.0,
    "pct3ResTime" : 829.0,
    "throughput" : 1.2616704516780217,
    "receivedKBytesPerSec" : 0.9881442404743881,
    "sentKBytesPerSec" : 0.3141855128690386
  },
  "create api key" : {
    "transaction" : "create api key",
    "sampleCount" : 5,
    "errorCount" : 0,
    "errorPct" : 0.0,
    "meanResTime" : 30.2,
    "medianResTime" : 17.0,
    "minResTime" : 16.0,
    "maxResTime" : 58.0,
    "pct1ResTime" : 58.0,
    "pct2ResTime" : 58.0,
    "pct3ResTime" : 58.0,
    "throughput" : 1.946282600233554,
    "receivedKBytesPerSec" : 1.29131288925652,
    "sentKBytesPerSec" : 0.547391981315687
  }
}