{
  "zone activity" : {
    "transaction" : "zone activity",
    "sampleCount" : 5,
    "errorCount" : 0,
    "errorPct" : 0.0,
    "meanResTime" : 437.0,
    "medianResTime" : 485.0,
    "minResTime" : 171.0,
    "maxResTime" : 683.0,
    "pct1ResTime" : 683.0,
    "pct2ResTime" : 683.0,
    "pct3ResTime" : 683.0,
    "throughput" : 2.1150592216582065,
    "receivedKBytesPerSec" : 588.224407783418,
    "sentKBytesPerSec" : 0.6898728320642978
  },
  "Total" : {
    "transaction" : "Total",
    "sampleCount" : 15,
    "errorCount" : 0,
    "errorPct" : 0.0,
    "meanResTime" : 277.40000000000003,
    "medianResTime" : 102.0,
    "minResTime" : 33.0,
    "maxResTime" : 1183.0,
    "pct1ResTime" : 883.0000000000002,
    "pct2ResTime" : 1183.0,
    "pct3ResTime" : 1183.0,
    "throughput" : 3.564638783269962,
    "receivedKBytesPerSec" : 332.17652759624525,
    "sentKBytesPerSec" : 1.0176393922290874
  },
  "login" : {
    "transaction" : "login",
    "sampleCount" : 5,
    "errorCount" : 0,
    "errorPct" : 0.0,
    "meanResTime" : 349.6,
    "medianResTime" : 102.0,
    "minResTime" : 92.0,
    "maxResTime" : 1183.0,
    "pct1ResTime" : 1183.0,
    "pct2ResTime" : 1183.0,
    "pct3ResTime" : 1183.0,
    "throughput" : 1.2503125781445361,
    "receivedKBytesPerSec" : 0.9792487184296074,
    "sentKBytesPerSec" : 0.31135713615903976
  },
  "create api key" : {
    "transaction" : "create api key",
    "sampleCount" : 5,
    "errorCount" : 0,
    "errorPct" : 0.0,
    "meanResTime" : 45.6,
    "medianResTime" : 46.0,
    "minResTime" : 33.0,
    "maxResTime" : 60.0,
    "pct1ResTime" : 60.0,
    "pct2ResTime" : 60.0,
    "pct3ResTime" : 60.0,
    "throughput" : 2.213368747233289,
    "receivedKBytesPerSec" : 1.469815183709606,
    "sentKBytesPerSec" : 0.6225099601593626
  }
}