{
  "zone activity" : {
    "transaction" : "zone activity",
    "sampleCount" : 10,
    "errorCount" : 0,
    "errorPct" : 0.0,
    "meanResTime" : 19.799999999999997,
    "medianResTime" : 19.0,
    "minResTime" : 15.0,
    "maxResTime" : 30.0,
    "pct1ResTime" : 29.300000000000004,
    "pct2ResTime" : 30.0,
    "pct3ResTime" : 30.0,
    "throughput" : 1.3424620754463685,
    "receivedKBytesPerSec" : 20.944505973956236,
    "sentKBytesPerSec" : 0.4365623741441804
  },
  "Total" : {
    "transaction" : "Total",
    "sampleCount" : 30,
    "errorCount" : 0,
    "errorPct" : 0.0,
    "meanResTime" : 52.66666666666667,
    "medianResTime" : 19.5,
    "minResTime" : 12.0,
    "maxResTime" : 872.0,
    "pct1ResTime" : 36.900000000000006,
    "pct2ResTime" : 420.4499999999994,
    "pct3ResTime" : 872.0,
    "throughput" : 3.343363423604146,
    "receivedKBytesPerSec" : 21.26300777331996,
    "sentKBytesPerSec" : 0.9544693107099074
  },
  "login" : {
    "transaction" : "login",
    "sampleCount" : 10,
    "errorCount" : 0,
    "errorPct" : 0.0,
    "meanResTime" : 120.4,
    "medianResTime" : 36.0,
    "minResTime" : 33.0,
    "maxResTime" : 872.0,
    "pct1ResTime" : 789.9000000000003,
    "pct2ResTime" : 872.0,
    "pct3ResTime" : 872.0,
    "throughput" : 1.1181930001118194,
    "receivedKBytesPerSec" : 2.0114370177792686,
    "sentKBytesPerSec" : 0.27954825002795486
  },
  "create api key" : {
    "transaction" : "create api key",
    "sampleCount" : 10,
    "errorCount" : 0,
    "errorPct" : 0.0,
    "meanResTime" : 17.799999999999997,
    "medianResTime" : 14.0,
    "minResTime" : 12.0,
    "maxResTime" : 35.0,
    "pct1ResTime" : 34.9,
    "pct2ResTime" : 35.0,
    "pct3ResTime" : 35.0,
    "throughput" : 1.3365410318096766,
    "receivedKBytesPerSec" : 2.243927091686715,
    "sentKBytesPerSec" : 0.3759021651964715
  }
}