{
  "zone activity" : {
    "transaction" : "zone activity",
    "sampleCount" : 5,
    "errorCount" : 0,
    "errorPct" : 0.0,
    "meanResTime" : 146.0,
    "medianResTime" : 116.0,
    "minResTime" : 106.0,
    "maxResTime" : 201.0,
    "pct1ResTime" : 201.0,
    "pct2ResTime" : 201.0,
    "pct3ResTime" : 201.0,
    "throughput" : 2.003205128205128,
    "receivedKBytesPerSec" : 557.13868752504,
    "sentKBytesPerSec" : 0.653389172676282
  },
  "Total" : {
    "transaction" : "Total",
    "sampleCount" : 15,
    "errorCount" : 0,
    "errorPct" : 0.0,
    "meanResTime" : 136.4666666666667,
    "medianResTime" : 55.0,
    "minResTime" : 18.0,
    "maxResTime" : 937.0,
    "pct1ResTime" : 495.40000000000026,
    "pct2ResTime" : 937.0,
    "pct3ResTime" : 937.0,
    "throughput" : 3.673769287288758,
    "receivedKBytesPerSec" : 342.3594209221161,
    "sentKBytesPerSec" : 1.0487941617683076
  },
  "login" : {
    "transaction" : "login",
    "sampleCount" : 5,
    "errorCount" : 0,
    "errorPct" : 0.0,
    "meanResTime" : 233.4,
    "medianResTime" : 55.0,
    "minResTime" : 52.0,
    "maxResTime" : 937.0,
    "pct1ResTime" : 937.0,
    "pct2ResTime" : 937.0,
    "pct3ResTime" : 937.0,
    "throughput" : 1.2642225031605563,
    "receivedKBytesPerSec" : 0.99014301517067,
    "sentKBytesPerSec" : 0.31482103350189633
  },
  "create api key" : {
    "transaction" : "create api key",
    "sampleCount" : 5,
    "errorCount" : 0,
    "errorPct" : 0.0,
    "meanResTime" : 30.0,
    "medianResTime" : 23.0,
    "minResTime" : 18.0,
    "maxResTime" : 47.0,
    "pct1ResTime" : 47.0,
    "pct2ResTime" : 47.0,
    "pct3ResTime" : 47.0,
    "throughput" : 2.043318348998774,
    "receivedKBytesPerSec" : 1.3564920055169596,
    "sentKBytesPerSec" : 0.5746832856559052
  }
}