{
  "zone activity" : {
    "transaction" : "zone activity",
    "sampleCount" : 5,
    "errorCount" : 0,
    "errorPct" : 0.0,
    "meanResTime" : 1066.8,
    "medianResTime" : 1458.0,
    "minResTime" : 173.0,
    "maxResTime" : 1620.0,
    "pct1ResTime" : 1620.0,
    "pct2ResTime" : 1620.0,
    "pct3ResTime" : 1620.0,
    "throughput" : 2.1570319240724762,
    "receivedKBytesPerSec" : 600.0079203515962,
    "sentKBytesPerSec" : 0.7035631471095772
  },
  "Total" : {
    "transaction" : "Total",
    "sampleCount" : 15,
    "errorCount" : 0,
    "errorPct" : 0.0,
    "meanResTime" : 483.1333333333334,
    "medianResTime" : 102.0,
    "minResTime" : 32.0,
    "maxResTime" : 1620.0,
    "pct1ResTime" : 1620.0,
    "pct2ResTime" : 1620.0,
    "pct3ResTime" : 1620.0,
    "throughput" : 3.5511363636363633,
    "receivedKBytesPerSec" : 330.9788559422348,
    "sentKBytesPerSec" : 1.013784697561553
  },
  "login" : {
    "transaction" : "login",
    "sampleCount" : 5,
    "errorCount" : 0,
    "errorPct" : 0.0,
    "meanResTime" : 334.2,
    "medianResTime" : 102.0,
    "minResTime" : 92.0,
    "maxResTime" : 1152.0,
    "pct1ResTime" : 1152.0,
    "pct2ResTime" : 1152.0,
    "pct3ResTime" : 1152.0,
    "throughput" : 1.245019920318725,
    "receivedKBytesPerSec" : 0.9751034922808764,
    "sentKBytesPerSec" : 0.310039140313745
  },
  "create api key" : {
    "transaction" : "create api key",
    "sampleCount" : 5,
    "errorCount" : 0,
    "errorPct" : 0.0,
    "meanResTime" : 48.4,
    "medianResTime" : 35.0,
    "minResTime" : 32.0,
    "maxResTime" : 71.0,
    "pct1ResTime" : 71.0,
    "pct2ResTime" : 71.0,
    "pct3ResTime" : 71.0,
    "throughput" : 2.2411474675033616,
    "receivedKBytesPerSec" : 1.4882619901389513,
    "sentKBytesPerSec" : 0.6303227252353205
  }
}