{
  "zone activity" : {
    "transaction" : "zone activity",
    "sampleCount" : 10,
    "errorCount" : 10,
    "errorPct" : 100.0,
    "meanResTime" : 50.800000000000004,
    "medianResTime" : 51.5,
    "minResTime" : 48.0,
    "maxResTime" : 53.0,
    "pct1ResTime" : 53.0,
    "pct2ResTime" : 53.0,
    "pct3ResTime" : 53.0,
    "throughput" : 1.2442453651860146,
    "receivedKBytesPerSec" : 19.413143896976482,
    "sentKBytesPerSec" : 0.4046227603583426
  },
  "Total" : {
    "transaction" : "Total",
    "sampleCount" : 30,
    "errorCount" : 10,
    "errorPct" : 33.333332,
    "meanResTime" : 68.8,
    "medianResTime" : 51.5,
    "minResTime" : 28.0,
    "maxResTime" : 463.0,
    "pct1ResTime" : 88.80000000000001,
    "pct2ResTime" : 266.64999999999975,
    "pct3ResTime" : 463.0,
    "throughput" : 3.3025099075297226,
    "receivedKBytesPerSec" : 21.003834007595774,
    "sentKBytesPerSec" : 0.9428063765962131
  },
  "login" : {
    "transaction" : "login",
    "sampleCount" : 10,
    "errorCount" : 0,
    "errorPct" : 0.0,
    "meanResTime" : 126.00000000000001,
    "medianResTime" : 87.0,
    "minResTime" : 85.0,
    "maxResTime" : 463.0,
    "pct1ResTime" : 427.3000000000001,
    "pct2ResTime" : 463.0,
    "pct3ResTime" : 463.0,
    "throughput" : 1.1113580795732385,
    "receivedKBytesPerSec" : 1.9991421704823296,
    "sentKBytesPerSec" : 0.2778395198933096
  },
  "create api key" : {
    "transaction" : "create api key",
    "sampleCount" : 10,
    "errorCount" : 0,
    "errorPct" : 0.0,
    "meanResTime" : 29.599999999999998,
    "medianResTime" : 29.5,
    "minResTime" : 28.0,
    "maxResTime" : 31.0,
    "pct1ResTime" : 31.0,
    "pct2ResTime" : 31.0,
    "pct3ResTime" : 31.0,
    "throughput" : 1.2461059190031154,
    "receivedKBytesPerSec" : 2.0918516355140184,
    "sentKBytesPerSec" : 0.35046728971962615
  }
}