{
  "zone activity" : {
    "transaction" : "zone activity",
    "sampleCount" : 5,
    "errorCount" : 0,
    "errorPct" : 0.0,
    "meanResTime" : 208.4,
    "medianResTime" : 103.0,
    "minResTime" : 77.0,
    "maxResTime" : 390.0,
    "pct1ResTime" : 390.0,
    "pct2ResTime" : 390.0,
    "pct3ResTime" : 390.0,
    "throughput" : 2.1294718909710393,
    "receivedKBytesPerSec" : 592.8320811594975,
    "sentKBytesPerSec" : 0.6945738394378195
  },
  "Total" : {
    "transaction" : "Total",
    "sampleCount" : 15,
    "errorCount" : 0,
    "errorPct" : 0.0,
    "meanResTime" : 172.13333333333335,
    "medianResTime" : 67.0,
    "minResTime" : 23.0,
    "maxResTime" : 1034.0,
    "pct1ResTime" : 647.6000000000003,
    "pct2ResTime" : 1034.0,
    "pct3ResTime" : 1034.0,
    "throughput" : 3.7018756169792697,
    "receivedKBytesPerSec" : 345.3124517984946,
    "sentKBytesPerSec" : 1.0568180065399804
  },
  "login" : {
    "transaction" : "login",
    "sampleCount" : 5,
    "errorCount" : 0,
    "errorPct" : 0.0,
    "meanResTime" : 272.8,
    "medianResTime" : 67.0,
    "minResTime" : 58.0,
    "maxResTime" : 1034.0,
    "pct1ResTime" : 1034.0,
    "pct2ResTime" : 1034.0,
    "pct3ResTime" : 1034.0,
    "throughput" : 1.2661433274246643,
    "receivedKBytesPerSec" : 0.9916474107368954,
    "sentKBytesPerSec" : 0.31529936376297796
  },
  "create api key" : {
    "transaction" : "create api key",
    "sampleCount" : 5,
    "errorCount" : 0,
    "errorPct" : 0.0,
    "meanResTime" : 35.2,
    "medianResTime" : 27.0,
    "minResTime" : 23.0,
    "maxResTime" : 52.0,
    "pct1ResTime" : 52.0,
    "pct2ResTime" : 52.0,
    "pct3ResTime" : 52.0,
    "throughput" : 2.1358393848782575,
    "receivedKBytesPerSec" : 1.4183308415207174,
    "sentKBytesPerSec" : 0.6007048269970098
  }
}