{
  "zone activity" : {
    "transaction" : "zone activity",
    "sampleCount" : 5,
    "errorCount" : 0,
    "errorPct" : 0.0,
    "meanResTime" : 407.6,
    "medianResTime" : 562.0,
    "minResTime" : 144.0,
    "maxResTime" : 597.0,
    "pct1ResTime" : 597.0,
    "pct2ResTime" : 597.0,
    "pct3ResTime" : 597.0,
    "throughput" : 2.3105360443622924,
    "receivedKBytesPerSec" : 643.1498924156654,
    "sentKBytesPerSec" : 0.753631873844732
  },
  "Total" : {
    "transaction" : "Total",
    "sampleCount" : 15,
    "errorCount" : 0,
    "errorPct" : 0.0,
    "meanResTime" : 277.1333333333333,
    "medianResTime" : 109.0,
    "minResTime" : 31.0,
    "maxResTime" : 1201.0,
    "pct1ResTime" : 838.6000000000003,
    "pct2ResTime" : 1201.0,
    "pct3ResTime" : 1201.0,
    "throughput" : 3.7055335968379444,
    "receivedKBytesPerSec" : 345.6054205008646,
    "sentKBytesPerSec" : 1.0578622931077075
  },
  "login" : {
    "transaction" : "login",
    "sampleCount" : 5,
    "errorCount" : 0,
    "errorPct" : 0.0,
    "meanResTime" : 383.8,
    "medianResTime" : 109.0,
    "minResTime" : 91.0,
    "maxResTime" : 1201.0,
    "pct1ResTime" : 1201.0,
    "pct2ResTime" : 1201.0,
    "pct3ResTime" : 1201.0,
    "throughput" : 1.2923235978288963,
    "receivedKBytesPerSec" : 1.0121518803308347,
    "sentKBytesPerSec" : 0.3218188646937193
  },
  "create api key" : {
    "transaction" : "create api key",
    "sampleCount" : 5,
    "errorCount" : 0,
    "errorPct" : 0.0,
    "meanResTime" : 40.0,
    "medianResTime" : 32.0,
    "minResTime" : 31.0,
    "maxResTime" : 53.0,
    "pct1ResTime" : 53.0,
    "pct2ResTime" : 53.0,
    "pct3ResTime" : 53.0,
    "throughput" : 2.3969319271332696,
    "receivedKBytesPerSec" : 1.5907763063279003,
    "sentKBytesPerSec" : 0.6741371045062321
  }
}