{
  "zone activity" : {
    "transaction" : "zone activity",
    "sampleCount" : 5,
    "errorCount" : 0,
    "errorPct" : 0.0,
    "meanResTime" : 529.0,
    "medianResTime" : 729.0,
    "minResTime" : 73.0,
    "maxResTime" : 888.0,
    "pct1ResTime" : 888.0,
    "pct2ResTime" : 888.0,
    "pct3ResTime" : 888.0,
    "throughput" : 2.2644927536231885,
    "receivedKBytesPerSec" : 630.3578252377716,
    "sentKBytesPerSec" : 0.7386138473731884
  },
  "Total" : {
    "transaction" : "Total",
    "sampleCount" : 15,
    "errorCount" : 0,
    "errorPct" : 0.0,
    "meanResTime" : 298.46666666666664,
    "medianResTime" : 72.0,
    "minResTime" : 16.0,
    "maxResTime" : 1219.0,
    "pct1ResTime" : 1020.4000000000001,
    "pct2ResTime" : 1219.0,
    "pct3ResTime" : 1219.0,
    "throughput" : 3.697313285679073,
    "receivedKBytesPerSec" : 344.85173196019224,
    "sentKBytesPerSec" : 1.0555155441212718
  },
  "login" : {
    "transaction" : "login",
    "sampleCount" : 5,
    "errorCount" : 0,
    "errorPct" : 0.0,
    "meanResTime" : 338.6,
    "medianResTime" : 72.0,
    "minResTime" : 48.0,
    "maxResTime" : 1219.0,
    "pct1ResTime" : 1219.0,
    "pct2ResTime" : 1219.0,
    "pct3ResTime" : 1219.0,
    "throughput" : 1.2623074981065388,
    "receivedKBytesPerSec" : 0.9886431772279728,
    "sentKBytesPerSec" : 0.31434415236051505
  },
  "create api key" : {
    "transaction" : "create api key",
    "sampleCount" : 5,
    "errorCount" : 0,
    "errorPct" : 0.0,
    "meanResTime" : 27.8,
    "medianResTime" : 18.0,
    "minResTime" : 16.0,
    "maxResTime" : 44.0,
    "pct1ResTime" : 44.0,
    "pct2ResTime" : 44.0,
    "pct3ResTime" : 44.0,
    "throughput" : 2.286236854138089,
    "receivedKBytesPerSec" : 1.5168645690443532,
    "sentKBytesPerSec" : 0.6430041152263375
  }
}