{
  "zone activity" : {
    "transaction" : "zone activity",
    "sampleCount" : 5,
    "errorCount" : 0,
    "errorPct" : 0.0,
    "meanResTime" : 420.0,
    "medianResTime" : 413.0,
    "minResTime" : 387.0,
    "maxResTime" : 451.0,
    "pct1ResTime" : 451.0,
    "pct2ResTime" : 451.0,
    "pct3ResTime" : 451.0,
    "throughput" : 1.9223375624759709,
    "receivedKBytesPerSec" : 534.76126970396,
    "sentKBytesPerSec" : 0.627012447135717
  },
  "Total" : {
    "transaction" : "Total",
    "sampleCount" : 15,
    "errorCount" : 0,
    "errorPct" : 0.0,
    "meanResTime" : 328.59999999999997,
    "medianResTime" : 241.0,
    "minResTime" : 78.0,
    "maxResTime" : 1252.0,
    "pct1ResTime" : 771.4000000000003,
    "pct2ResTime" : 1252.0,
    "pct3ResTime" : 1252.0,
    "throughput" : 3.243243243243243,
    "receivedKBytesPerSec" : 302.3021537162162,
    "sentKBytesPerSec" : 0.9258868243243243
  },
  "login" : {
    "transaction" : "login",
    "sampleCount" : 5,
    "errorCount" : 0,
    "errorPct" : 0.0,
    "meanResTime" : 464.0,
    "medianResTime" : 241.0,
    "minResTime" : 226.0,
    "maxResTime" : 1252.0,
    "pct1ResTime" : 1252.0,
    "pct2ResTime" : 1252.0,
    "pct3ResTime" : 1252.0,
    "throughput" : 1.2112403100775193,
    "receivedKBytesPerSec" : 0.9486471959786822,
    "sentKBytesPerSec" : 0.30162722565406974
  },
  "create api key" : {
    "transaction" : "create api key",
    "sampleCount" : 5,
    "errorCount" : 0,
    "errorPct" : 0.0,
    "meanResTime" : 101.8,
    "medianResTime" : 106.0,
    "minResTime" : 78.0,
    "maxResTime" : 131.0,
    "pct1ResTime" : 131.0,
    "pct2ResTime" : 131.0,
    "pct3ResTime" : 131.0,
    "throughput" : 2.1598272138228944,
    "receivedKBytesPerSec" : 1.4329947354211663,
    "sentKBytesPerSec" : 0.607451403887689
  }
}