{
  "zone activity" : {
    "transaction" : "zone activity",
    "sampleCount" : 10,
    "errorCount" : 0,
    "errorPct" : 0.0,
    "meanResTime" : 15.2,
    "medianResTime" : 14.5,
    "minResTime" : 13.0,
    "maxResTime" : 19.0,
    "pct1ResTime" : 18.8,
    "pct2ResTime" : 19.0,
    "pct3ResTime" : 19.0,
    "throughput" : 1.3995801259622112,
    "receivedKBytesPerSec" : 21.835636808957315,
    "sentKBytesPerSec" : 0.4551368964310707
  },
  "Total" : {
    "transaction" : "Total",
    "sampleCount" : 30,
    "errorCount" : 0,
    "errorPct" : 0.0,
    "meanResTime" : 55.16666666666668,
    "medianResTime" : 16.5,
    "minResTime" : 11.0,
    "maxResTime" : 996.0,
    "pct1ResTime" : 43.10000000000002,
    "pct2ResTime" : 496.59999999999934,
    "pct3ResTime" : 996.0,
    "throughput" : 3.3448544988293007,
    "receivedKBytesPerSec" : 21.272490662281193,
    "sentKBytesPerSec" : 0.9548949855056306
  },
  "login" : {
    "transaction" : "login",
    "sampleCount" : 10,
    "errorCount" : 0,
    "errorPct" : 0.0,
    "meanResTime" : 135.70000000000002,
    "medianResTime" : 34.0,
    "minResTime" : 29.0,
    "maxResTime" : 996.0,
    "pct1ResTime" : 905.2000000000003,
    "pct2ResTime" : 996.0,
    "pct3ResTime" : 996.0,
    "throughput" : 1.1186933661483387,
    "receivedKBytesPerSec" : 2.0123370902785545,
    "sentKBytesPerSec" : 0.2796733415370847
  },
  "create api key" : {
    "transaction" : "create api key",
    "sampleCount" : 10,
    "errorCount" : 0,
    "errorPct" : 0.0,
    "meanResTime" : 14.6,
    "medianResTime" : 12.0,
    "minResTime" : 11.0,
    "maxResTime" : 29.0,
    "pct1ResTime" : 28.400000000000002,
    "pct2ResTime" : 29.0,
    "pct3ResTime" : 29.0,
    "throughput" : 1.3939224979091163,
    "receivedKBytesPerSec" : 2.340265193755227,
    "sentKBytesPerSec" : 0.3920407025369389
  }
}