{
  "zone activity" : {
    "transaction" : "zone activity",
    "sampleCount" : 5,
    "errorCount" : 0,
    "errorPct" : 0.0,
    "meanResTime" : 1156.6,
    "medianResTime" : 1519.0,
    "minResTime" : 408.0,
    "maxResTime" : 1548.0,
    "pct1ResTime" : 1548.0,
    "pct2ResTime" : 1548.0,
    "pct3ResTime" : 1548.0,
    "throughput" : 2.3507287259050305,
    "receivedKBytesPerSec" : 653.8607046309356,
    "sentKBytesPerSec" : 0.766741596144805
  },
  "Total" : {
    "transaction" : "Total",
    "sampleCount" : 15,
    "errorCount" : 0,
    "errorPct" : 0.0,
    "meanResTime" : 636.5333333333333,
    "medianResTime" : 270.0,
    "minResTime" : 84.0,
    "maxResTime" : 1674.0,
    "pct1ResTime" : 1598.4,
    "pct2ResTime" : 1674.0,
    "pct3ResTime" : 1674.0,
    "throughput" : 3.2559149120902973,
    "receivedKBytesPerSec" : 303.4508458595615,
    "sentKBytesPerSec" : 0.9295043547861949
  },
  "login" : {
    "transaction" : "login",
    "sampleCount" : 5,
    "errorCount" : 0,
    "errorPct" : 0.0,
    "meanResTime" : 650.0,
    "medianResTime" : 270.0,
    "minResTime" : 246.0,
    "maxResTime" : 1674.0,
    "pct1ResTime" : 1674.0,
    "pct2ResTime" : 1674.0,
    "pct3ResTime" : 1674.0,
    "throughput" : 1.2159533073929962,
    "receivedKBytesPerSec" : 0.9523384302042801,
    "sentKBytesPerSec" : 0.30280087244649806
  },
  "create api key" : {
    "transaction" : "create api key",
    "sampleCount" : 5,
    "errorCount" : 0,
    "errorPct" : 0.0,
    "meanResTime" : 103.0,
    "medianResTime" : 113.0,
    "minResTime" : 84.0,
    "maxResTime" : 118.0,
    "pct1ResTime" : 118.0,
    "pct2ResTime" : 118.0,
    "pct3ResTime" : 118.0,
    "throughput" : 2.7041644131963225,
    "receivedKBytesPerSec" : 1.7957341806381828,
    "sentKBytesPerSec" : 0.7605462412114656
  }
}