{
  "zone activity" : {
    "transaction" : "zone activity",
    "sampleCount" : 5,
    "errorCount" : 0,
    "errorPct" : 0.0,
    "meanResTime" : 163.2,
    "medianResTime" : 162.0,
    "minResTime" : 158.0,
    "maxResTime" : 173.0,
    "pct1ResTime" : 173.0,
    "pct2ResTime" : 173.0,
    "pct3ResTime" : 173.0,
    "throughput" : 2.0781379883624274,
    "receivedKBytesPerSec" : 578.0227166458852,
    "sentKBytesPerSec" : 0.6778301641729011
  },
  "Total" : {
    "transaction" : "Total",
    "sampleCount" : 15,
    "errorCount" : 0,
    "errorPct" : 0.0,
    "meanResTime" : 177.73333333333332,
    "medianResTime" : 108.0,
    "minResTime" : 32.0,
    "maxResTime" : 1116.0,
    "pct1ResTime" : 571.8000000000003,
    "pct2ResTime" : 1116.0,
    "pct3ResTime" : 1116.0,
    "throughput" : 3.5790980672870436,
    "receivedKBytesPerSec" : 333.5616872464806,
    "sentKBytesPerSec" : 1.021767254235266
  },
  "login" : {
    "transaction" : "login",
    "sampleCount" : 5,
    "errorCount" : 0,
    "errorPct" : 0.0,
    "meanResTime" : 325.6,
    "medianResTime" : 108.0,
    "minResTime" : 92.0,
    "maxResTime" : 1116.0,
    "pct1ResTime" : 1116.0,
    "pct2ResTime" : 1116.0,
    "pct3ResTime" : 1116.0,
    "throughput" : 1.2503125781445361,
    "receivedKBytesPerSec" : 0.9792487184296074,
    "sentKBytesPerSec" : 0.31135713615903976
  },
  "create api key" : {
    "transaction" : "create api key",
    "sampleCount" : 5,
    "errorCount" : 0,
    "errorPct" : 0.0,
    "meanResTime" : 44.4,
    "medianResTime" : 36.0,
    "minResTime" : 32.0,
    "maxResTime" : 63.0,
    "pct1ResTime" : 63.0,
    "pct2ResTime" : 63.0,
    "pct3ResTime" : 63.0,
    "throughput" : 2.1542438604049976,
    "receivedKBytesPerSec" : 1.429711062042223,
    "sentKBytesPerSec" : 0.6058810857389056
  }
}