{
  "zone activity" : {
    "transaction" : "zone activity",
    "sampleCount" : 5,
    "errorCount" : 0,
    "errorPct" : 0.0,
    "meanResTime" : 264.8,
    "medianResTime" : 265.0,
    "minResTime" : 253.0,
    "maxResTime" : 277.0,
    "pct1ResTime" : 277.0,
    "pct2ResTime" : 277.0,
    "pct3ResTime" : 277.0,
    "throughput" : 1.9054878048780488,
    "receivedKBytesPerSec" : 530.0672577648628,
    "sentKBytesPerSec" : 0.6215165301067073
  },
  "Total" : {
    "transaction" : "Total",
    "sampleCount" : 15,
    "errorCount" : 0,
    "errorPct" : 0.0,
    "meanResTime" : 233.9333333333333,
    "medianResTime" : 167.0,
    "minResTime" : 54.0,
    "maxResTime" : 1158.0,
    "pct1ResTime" : 629.4000000000003,
    "pct2ResTime" : 1158.0,
    "pct3ResTime" : 1158.0,
    "throughput" : 3.4106412005457027,
    "receivedKBytesPerSec" : 317.90129213562983,
    "sentKBytesPerSec" : 0.9736758896089132
  },
  "login" : {
    "transaction" : "login",
    "sampleCount" : 5,
    "errorCount" : 0,
    "errorPct" : 0.0,
    "meanResTime" : 377.6,
    "medianResTime" : 167.0,
    "minResTime" : 160.0,
    "maxResTime" : 1158.0,
    "pct1ResTime" : 1158.0,
    "pct2ResTime" : 1158.0,
    "pct3ResTime" : 1158.0,
    "throughput" : 1.2257906349595489,
    "receivedKBytesPerSec" : 0.960043055896053,
    "sentKBytesPerSec" : 0.30525059757293455
  },
  "create api key" : {
    "transaction" : "create api key",
    "sampleCount" : 5,
    "errorCount" : 0,
    "errorPct" : 0.0,
    "meanResTime" : 59.4,
    "medianResTime" : 56.0,
    "minResTime" : 54.0,
    "maxResTime" : 67.0,
    "pct1ResTime" : 67.0,
    "pct2ResTime" : 67.0,
    "pct3ResTime" : 67.0,
    "throughput" : 2.046663937781416,
    "receivedKBytesPerSec" : 1.3579135540319278,
    "sentKBytesPerSec" : 0.5756242325010233
  }
}