{
  "zone activity" : {
    "transaction" : "zone activity",
    "sampleCount" : 5,
    "errorCount" : 0,
    "errorPct" : 0.0,
    "meanResTime" : 835.0,
    "medianResTime" : 682.0,
    "minResTime" : 162.0,
    "maxResTime" : 1590.0,
    "pct1ResTime" : 1590.0,
    "pct2ResTime" : 1590.0,
    "pct3ResTime" : 1590.0,
    "throughput" : 1.6371971185330714,
    "receivedKBytesPerSec" : 455.3870180500983,
    "sentKBytesPerSec" : 0.5340076538965292
  },
  "Total" : {
    "transaction" : "Total",
    "sampleCount" : 15,
    "errorCount" : 0,
    "errorPct" : 0.0,
    "meanResTime" : 355.46666666666664,
    "medianResTime" : 104.0,
    "minResTime" : 32.0,
    "maxResTime" : 1590.0,
    "pct1ResTime" : 1581.6,
    "pct2ResTime" : 1590.0,
    "pct3ResTime" : 1590.0,
    "throughput" : 3.5637918745545263,
    "receivedKBytesPerSec" : 332.1423864783797,
    "sentKBytesPerSec" : 1.0173976152292707
  },
  "login" : {
    "transaction" : "login",
    "sampleCount" : 5,
    "errorCount" : 0,
    "errorPct" : 0.0,
    "meanResTime" : 190.2,
    "medianResTime" : 104.0,
    "minResTime" : 93.0,
    "maxResTime" : 543.0,
    "pct1ResTime" : 543.0,
    "pct2ResTime" : 543.0,
    "pct3ResTime" : 543.0,
    "throughput" : 1.2471938139186831,
    "receivedKBytesPerSec" : 0.9768060925417809,
    "sentKBytesPerSec" : 0.31058049077076577
  },
  "create api key" : {
    "transaction" : "create api key",
    "sampleCount" : 5,
    "errorCount" : 0,
    "errorPct" : 0.0,
    "meanResTime" : 41.2,
    "medianResTime" : 34.0,
    "minResTime" : 32.0,
    "maxResTime" : 54.0,
    "pct1ResTime" : 54.0,
    "pct2ResTime" : 54.0,
    "pct3ResTime" : 54.0,
    "throughput" : 1.6914749661705006,
    "receivedKBytesPerSec" : 1.122914728518268,
    "sentKBytesPerSec" : 0.4757273342354533
  }
}