{
  "zone activity" : {
    "transaction" : "zone activity",
    "sampleCount" : 5,
    "errorCount" : 0,
    "errorPct" : 0.0,
    "meanResTime" : 83.0,
    "medianResTime" : 70.0,
    "minResTime" : 69.0,
    "maxResTime" : 104.0,
    "pct1ResTime" : 104.0,
    "pct2ResTime" : 104.0,
    "pct3ResTime" : 104.0,
    "throughput" : 1.8846588767433095,
    "receivedKBytesPerSec" : 524.1460875659631,
    "sentKBytesPerSec" : 0.6147227195627591
  },
  "Total" : {
    "transaction" : "Total",
    "sampleCount" : 15,
    "errorCount" : 0,
    "errorPct" : 0.0,
    "meanResTime" : 102.33333333333333,
    "medianResTime" : 44.0,
    "minResTime" : 14.0,
    "maxResTime" : 803.0,
    "pct1ResTime" : 383.60000000000025,
    "pct2ResTime" : 803.0,
    "pct3ResTime" : 803.0,
    "throughput" : 3.708281829419036,
    "receivedKBytesPerSec" : 345.56068448702104,
    "sentKBytesPerSec" : 1.0586468634116193
  },
  "login" : {
    "transaction" : "login",
    "sampleCount" : 5,
    "errorCount" : 0,
    "errorPct" : 0.0,
    "meanResTime" : 200.79999999999998,
    "medianResTime" : 44.0,
    "minResTime" : 39.0,
    "maxResTime" : 803.0,
    "pct1ResTime" : 803.0,
    "pct2ResTime" : 803.0,
    "pct3ResTime" : 803.0,
    "throughput" : 1.2645422357106728,
    "receivedKBytesPerSec" : 0.9903934307030854,
    "sentKBytesPerSec" : 0.31490065440060694
  },
  "create api key" : {
    "transaction" : "create api key",
    "sampleCount" : 5,
    "errorCount" : 0,
    "errorPct" : 0.0,
    "meanResTime" : 23.2,
    "medianResTime" : 17.0,
    "minResTime" : 14.0,
    "maxResTime" : 38.0,
    "pct1ResTime" : 38.0,
    "pct2ResTime" : 38.0,
    "pct3ResTime" : 38.0,
    "throughput" : 1.9004180919802356,
    "receivedKBytesPerSec" : 1.2608828629798556,
    "sentKBytesPerSec" : 0.5344925883694414
  }
}