{
  "zone activity" : {
    "transaction" : "zone activity",
    "sampleCount" : 5,
    "errorCount" : 0,
    "errorPct" : 0.0,
    "meanResTime" : 64.8,
    "medianResTime" : 61.0,
    "minResTime" : 56.0,
    "maxResTime" : 78.0,
    "pct1ResTime" : 78.0,
    "pct2ResTime" : 78.0,
    "pct3ResTime" : 78.0,
    "throughput" : 1.6420361247947455,
    "receivedKBytesPerSec" : 456.77051262315274,
    "sentKBytesPerSec" : 0.5355860016420362
  },
  "Total" : {
    "transaction" : "Total",
    "sampleCount" : 15,
    "errorCount" : 0,
    "errorPct" : 0.0,
    "meanResTime" : 62.86666666666667,
    "medianResTime" : 40.0,
    "minResTime" : 12.0,
    "maxResTime" : 378.0,
    "pct1ResTime" : 198.0000000000001,
    "pct2ResTime" : 378.0,
    "pct3ResTime" : 378.0,
    "throughput" : 3.7267080745341614,
    "receivedKBytesPerSec" : 347.3536975931677,
    "sentKBytesPerSec" : 1.0639072204968942
  },
  "login" : {
    "transaction" : "login",
    "sampleCount" : 5,
    "errorCount" : 0,
    "errorPct" : 0.0,
    "meanResTime" : 108.0,
    "medianResTime" : 40.0,
    "minResTime" : 35.0,
    "maxResTime" : 378.0,
    "pct1ResTime" : 378.0,
    "pct2ResTime" : 378.0,
    "pct3ResTime" : 378.0,
    "throughput" : 1.2645422357106728,
    "receivedKBytesPerSec" : 0.9903934307030854,
    "sentKBytesPerSec" : 0.31490065440060694
  },
  "create api key" : {
    "transaction" : "create api key",
    "sampleCount" : 5,
    "errorCount" : 0,
    "errorPct" : 0.0,
    "meanResTime" : 15.8,
    "medianResTime" : 13.0,
    "minResTime" : 12.0,
    "maxResTime" : 27.0,
    "pct1ResTime" : 27.0,
    "pct2ResTime" : 27.0,
    "pct3ResTime" : 27.0,
    "throughput" : 1.6485328058028355,
    "receivedKBytesPerSec" : 1.093440900098912,
    "sentKBytesPerSec" : 0.46364985163204747
  }
}