{
  "zone activity" : {
    "transaction" : "zone activity",
    "sampleCount" : 5,
    "errorCount" : 0,
    "errorPct" : 0.0,
    "meanResTime" : 283.6,
    "medianResTime" : 103.0,
    "minResTime" : 101.0,
    "maxResTime" : 557.0,
    "pct1ResTime" : 557.0,
    "pct2ResTime" : 557.0,
    "pct3ResTime" : 557.0,
    "throughput" : 1.89897455374098,
    "receivedKBytesPerSec" : 528.1726968999241,
    "sentKBytesPerSec" : 0.6193920907709837
  },
  "Total" : {
    "transaction" : "Total",
    "sampleCount" : 15,
    "errorCount" : 0,
    "errorPct" : 0.0,
    "meanResTime" : 174.79999999999998,
    "medianResTime" : 61.0,
    "minResTime" : 18.0,
    "maxResTime" : 814.0,
    "pct1ResTime" : 659.8000000000001,
    "pct2ResTime" : 814.0,
    "pct3ResTime" : 814.0,
    "throughput" : 3.673769287288758,
    "receivedKBytesPerSec" : 342.3742499387705,
    "sentKBytesPerSec" : 1.0487941617683076
  },
  "login" : {
    "transaction" : "login",
    "sampleCount" : 5,
    "errorCount" : 0,
    "errorPct" : 0.0,
    "meanResTime" : 211.2,
    "medianResTime" : 61.0,
    "minResTime" : 53.0,
    "maxResTime" : 814.0,
    "pct1ResTime" : 814.0,
    "pct2ResTime" : 814.0,
    "pct3ResTime" : 814.0,
    "throughput" : 1.2619888944977284,
    "receivedKBytesPerSec" : 0.9883936458859162,
    "sentKBytesPerSec" : 0.31426481259464917
  },
  "create api key" : {
    "transaction" : "create api key",
    "sampleCount" : 5,
    "errorCount" : 0,
    "errorPct" : 0.0,
    "meanResTime" : 29.6,
    "medianResTime" : 20.0,
    "minResTime" : 18.0,
    "maxResTime" : 51.0,
    "pct1ResTime" : 51.0,
    "pct2ResTime" : 51.0,
    "pct3ResTime" : 51.0,
    "throughput" : 1.9334880123743232,
    "receivedKBytesPerSec" : 1.2835792488399074,
    "sentKBytesPerSec" : 0.5437935034802784
  }
}