{
  "zone activity" : {
    "transaction" : "zone activity",
    "sampleCount" : 5,
    "errorCount" : 0,
    "errorPct" : 0.0,
    "meanResTime" : 63.6,
    "medianResTime" : 64.0,
    "minResTime" : 56.0,
    "maxResTime" : 73.0,
    "pct1ResTime" : 73.0,
    "pct2ResTime" : 73.0,
    "pct3ResTime" : 73.0,
    "throughput" : 2.021018593371059,
    "receivedKBytesPerSec" : 29.38371564268391,
    "sentKBytesPerSec" : 0.6572257730396119
  },
  "Total" : {
    "transaction" : "Total",
    "sampleCount" : 15,
    "errorCount" : 0,
    "errorPct" : 0.0,
    "meanResTime" : 127.53333333333336,
    "medianResTime" : 65.0,
    "minResTime" : 32.0,
    "maxResTime" : 946.0,
    "pct1ResTime" : 446.2000000000003,
    "pct2ResTime" : 946.0,
    "pct3ResTime" : 946.0,
    "throughput" : 3.658536585365854,
    "receivedKBytesPerSec" : 19.49480754573171,
    "sentKBytesPerSec" : 1.043254573170732
  },
  "login" : {
    "transaction" : "login",
    "sampleCount" : 5,
    "errorCount" : 0,
    "errorPct" : 0.0,
    "meanResTime" : 273.8,
    "medianResTime" : 111.0,
    "minResTime" : 94.0,
    "maxResTime" : 946.0,
    "pct1ResTime" : 946.0,
    "pct2ResTime" : 946.0,
    "pct3ResTime" : 946.0,
    "throughput" : 1.2471938139186831,
    "receivedKBytesPerSec" : 0.9768060925417809,
    "sentKBytesPerSec" : 0.31058049077076577
  },
  "create api key" : {
    "transaction" : "create api key",
    "sampleCount" : 5,
    "errorCount" : 0,
    "errorPct" : 0.0,
    "meanResTime" : 45.2,
    "medianResTime" : 36.0,
    "minResTime" : 32.0,
    "maxResTime" : 65.0,
    "pct1ResTime" : 65.0,
    "pct2ResTime" : 65.0,
    "pct3ResTime" : 65.0,
    "throughput" : 2.0056157240272765,
    "receivedKBytesPerSec" : 1.3306790262735662,
    "sentKBytesPerSec" : 0.5640794223826715
  }
}