{
  "zone activity" : {
    "transaction" : "zone activity",
    "sampleCount" : 5,
    "errorCount" : 0,
    "errorPct" : 0.0,
    "meanResTime" : 85.4,
    "medianResTime" : 86.0,
    "minResTime" : 81.0,
    "maxResTime" : 90.0,
    "pct1ResTime" : 90.0,
    "pct2ResTime" : 90.0,
    "pct3ResTime" : 90.0,
    "throughput" : 2.2094564737074682,
    "receivedKBytesPerSec" : 614.9646659577994,
    "sentKBytesPerSec" : 0.7206625607600531
  },
  "Total" : {
    "transaction" : "Total",
    "sampleCount" : 15,
    "errorCount" : 0,
    "errorPct" : 0.0,
    "meanResTime" : 129.66666666666666,
    "medianResTime" : 54.0,
    "minResTime" : 16.0,
    "maxResTime" : 1060.0,
    "pct1ResTime" : 524.2000000000003,
    "pct2ResTime" : 1060.0,
    "pct3ResTime" : 1060.0,
    "throughput" : 3.707365299060801,
    "receivedKBytesPerSec" : 345.74850160652494,
    "sentKBytesPerSec" : 1.0583852107019278
  },
  "login" : {
    "transaction" : "login",
    "sampleCount" : 5,
    "errorCount" : 0,
    "errorPct" : 0.0,
    "meanResTime" : 275.8,
    "medianResTime" : 54.0,
    "minResTime" : 48.0,
    "maxResTime" : 1060.0,
    "pct1ResTime" : 1060.0,
    "pct2ResTime" : 1060.0,
    "pct3ResTime" : 1060.0,
    "throughput" : 1.268713524486171,
    "receivedKBytesPerSec" : 0.9936603971073332,
    "sentKBytesPerSec" : 0.31593940307028673
  },
  "create api key" : {
    "transaction" : "create api key",
    "sampleCount" : 5,
    "errorCount" : 0,
    "errorPct" : 0.0,
    "meanResTime" : 27.8,
    "medianResTime" : 17.0,
    "minResTime" : 16.0,
    "maxResTime" : 49.0,
    "pct1ResTime" : 49.0,
    "pct2ResTime" : 49.0,
    "pct3ResTime" : 49.0,
    "throughput" : 2.235136343316942,
    "receivedKBytesPerSec" : 1.4829605777827446,
    "sentKBytesPerSec" : 0.62863209655789
  }
}