{
  "zone activity" : {
    "transaction" : "zone activity",
    "sampleCount" : 10,
    "errorCount" : 0,
    "errorPct" : 0.0,
    "meanResTime" : 75.6,
    "medianResTime" : 77.0,
    "minResTime" : 69.0,
    "maxResTime" : 78.0,
    "pct1ResTime" : 78.0,
    "pct2ResTime" : 78.0,
    "pct3ResTime" : 78.0,
    "throughput" : 1.2998830105290524,
    "receivedKBytesPerSec" : 20.2810946233589,
    "sentKBytesPerSec" : 0.422715861822436
  },
  "Total" : {
    "transaction" : "Total",
    "sampleCount" : 30,
    "errorCount" : 0,
    "errorPct" : 0.0,
    "meanResTime" : 105.43333333333332,
    "medianResTime" : 77.0,
    "minResTime" : 39.0,
    "maxResTime" : 853.0,
    "pct1ResTime" : 129.0,
    "pct2ResTime" : 463.0499999999995,
    "pct3ResTime" : 853.0,
    "throughput" : 3.2676179065461275,
    "receivedKBytesPerSec" : 20.781815876538506,
    "sentKBytesPerSec" : 0.9328453463674982
  },
  "login" : {
    "transaction" : "login",
    "sampleCount" : 10,
    "errorCount" : 0,
    "errorPct" : 0.0,
    "meanResTime" : 198.70000000000002,
    "medianResTime" : 126.0,
    "minResTime" : 110.0,
    "maxResTime" : 853.0,
    "pct1ResTime" : 782.1000000000003,
    "pct2ResTime" : 853.0,
    "pct3ResTime" : 853.0,
    "throughput" : 1.1041183614883514,
    "receivedKBytesPerSec" : 1.9861191619741636,
    "sentKBytesPerSec" : 0.27602959037208785
  },
  "create api key" : {
    "transaction" : "create api key",
    "sampleCount" : 10,
    "errorCount" : 0,
    "errorPct" : 0.0,
    "meanResTime" : 42.0,
    "medianResTime" : 42.0,
    "minResTime" : 39.0,
    "maxResTime" : 45.0,
    "pct1ResTime" : 44.8,
    "pct2ResTime" : 45.0,
    "pct3ResTime" : 45.0,
    "throughput" : 1.3036110024768608,
    "receivedKBytesPerSec" : 2.1883860481032458,
    "sentKBytesPerSec" : 0.3666405944466171
  }
}