{
  "zone activity" : {
    "transaction" : "zone activity",
    "sampleCount" : 5,
    "errorCount" : 0,
    "errorPct" : 0.0,
    "meanResTime" : 414.6,
    "medianResTime" : 407.0,
    "minResTime" : 359.0,
    "maxResTime" : 472.0,
    "pct1ResTime" : 472.0,
    "pct2ResTime" : 472.0,
    "pct3ResTime" : 472.0,
    "throughput" : 1.849112426035503,
    "receivedKBytesPerSec" : 514.6715514053254,
    "sentKBytesPerSec" : 0.6031284670857988
  },
  "Total" : {
    "transaction" : "Total",
    "sampleCount" : 15,
    "errorCount" : 0,
    "errorPct" : 0.0,
    "meanResTime" : 315.8,
    "medianResTime" : 257.0,
    "minResTime" : 76.0,
    "maxResTime" : 1189.0,
    "pct1ResTime" : 758.8000000000002,
    "pct2ResTime" : 1189.0,
    "pct3ResTime" : 1189.0,
    "throughput" : 3.2376429958989856,
    "receivedKBytesPerSec" : 301.9437240314051,
    "sentKBytesPerSec" : 0.924288055795381
  },
  "login" : {
    "transaction" : "login",
    "sampleCount" : 5,
    "errorCount" : 0,
    "errorPct" : 0.0,
    "meanResTime" : 444.0,
    "medianResTime" : 257.0,
    "minResTime" : 237.0,
    "maxResTime" : 1189.0,
    "pct1ResTime" : 1189.0,
    "pct2ResTime" : 1189.0,
    "pct3ResTime" : 1189.0,
    "throughput" : 1.2077294685990339,
    "receivedKBytesPerSec" : 0.9458974939613527,
    "sentKBytesPerSec" : 0.3007529438405797
  },
  "create api key" : {
    "transaction" : "create api key",
    "sampleCount" : 5,
    "errorCount" : 0,
    "errorPct" : 0.0,
    "meanResTime" : 88.8,
    "medianResTime" : 86.0,
    "minResTime" : 76.0,
    "maxResTime" : 103.0,
    "pct1ResTime" : 103.0,
    "pct2ResTime" : 103.0,
    "pct3ResTime" : 103.0,
    "throughput" : 2.0729684908789388,
    "receivedKBytesPerSec" : 1.3753660084991708,
    "sentKBytesPerSec" : 0.5830223880597015
  }
}