{
  "zone activity" : {
    "transaction" : "zone activity",
    "sampleCount" : 5,
    "errorCount" : 0,
    "errorPct" : 0.0,
    "meanResTime" : 117.4,
    "medianResTime" : 125.0,
    "minResTime" : 79.0,
    "maxResTime" : 132.0,
    "pct1ResTime" : 132.0,
    "pct2ResTime" : 132.0,
    "pct3ResTime" : 132.0,
    "throughput" : 5.2521008403361344,
    "receivedKBytesPerSec" : 1460.9528870141808,
    "sentKBytesPerSec" : 1.7130875787815127
  },
  "Total" : {
    "transaction" : "Total",
    "sampleCount" : 15,
    "errorCount" : 0,
    "errorPct" : 0.0,
    "meanResTime" : 372.2,
    "medianResTime" : 79.0,
    "minResTime" : 28.0,
    "maxResTime" : 2497.0,
    "pct1ResTime" : 1952.8000000000002,
    "pct2ResTime" : 2497.0,
    "pct3ResTime" : 2497.0,
    "throughput" : 3.687315634218289,
    "receivedKBytesPerSec" : 343.6734209838988,
    "sentKBytesPerSec" : 1.052661396878073
  },
  "login" : {
    "transaction" : "login",
    "sampleCount" : 5,
    "errorCount" : 0,
    "errorPct" : 0.0,
    "meanResTime" : 958.4,
    "medianResTime" : 591.0,
    "minResTime" : 51.0,
    "maxResTime" : 2497.0,
    "pct1ResTime" : 2497.0,
    "pct2ResTime" : 2497.0,
    "pct3ResTime" : 2497.0,
    "throughput" : 1.2635835228708618,
    "receivedKBytesPerSec" : 0.9896425638109679,
    "sentKBytesPerSec" : 0.3146619124336619
  },
  "create api key" : {
    "transaction" : "create api key",
    "sampleCount" : 5,
    "errorCount" : 0,
    "errorPct" : 0.0,
    "meanResTime" : 40.8,
    "medianResTime" : 45.0,
    "minResTime" : 28.0,
    "maxResTime" : 46.0,
    "pct1ResTime" : 46.0,
    "pct2ResTime" : 46.0,
    "pct3ResTime" : 46.0,
    "throughput" : 5.393743257820928,
    "receivedKBytesPerSec" : 3.5817826321467097,
    "sentKBytesPerSec" : 1.5169902912621358
  }
}