{
  "zone activity" : {
    "transaction" : "zone activity",
    "sampleCount" : 5,
    "errorCount" : 0,
    "errorPct" : 0.0,
    "meanResTime" : 1589.6,
    "medianResTime" : 2157.0,
    "minResTime" : 324.0,
    "maxResTime" : 2222.0,
    "pct1ResTime" : 2222.0,
    "pct2ResTime" : 2222.0,
    "pct3ResTime" : 2222.0,
    "throughput" : 2.0946795140343526,
    "receivedKBytesPerSec" : 582.7185667155425,
    "sentKBytesPerSec" : 0.6832255446166736
  },
  "Total" : {
    "transaction" : "Total",
    "sampleCount" : 15,
    "errorCount" : 0,
    "errorPct" : 0.0,
    "meanResTime" : 742.4666666666666,
    "medianResTime" : 324.0,
    "minResTime" : 65.0,
    "maxResTime" : 2222.0,
    "pct1ResTime" : 2211.8,
    "pct2ResTime" : 2222.0,
    "pct3ResTime" : 2222.0,
    "throughput" : 3.3171163202122957,
    "receivedKBytesPerSec" : 309.1956252073198,
    "sentKBytesPerSec" : 0.9469762411543564
  },
  "login" : {
    "transaction" : "login",
    "sampleCount" : 5,
    "errorCount" : 0,
    "errorPct" : 0.0,
    "meanResTime" : 563.0,
    "medianResTime" : 333.0,
    "minResTime" : 201.0,
    "maxResTime" : 1483.0,
    "pct1ResTime" : 1483.0,
    "pct2ResTime" : 1483.0,
    "pct3ResTime" : 1483.0,
    "throughput" : 1.2103606874848705,
    "receivedKBytesPerSec" : 0.9479582728152989,
    "sentKBytesPerSec" : 0.3014081790123457
  },
  "create api key" : {
    "transaction" : "create api key",
    "sampleCount" : 5,
    "errorCount" : 0,
    "errorPct" : 0.0,
    "meanResTime" : 74.8,
    "medianResTime" : 69.0,
    "minResTime" : 65.0,
    "maxResTime" : 90.0,
    "pct1ResTime" : 90.0,
    "pct2ResTime" : 90.0,
    "pct3ResTime" : 90.0,
    "throughput" : 2.3126734505087883,
    "receivedKBytesPerSec" : 1.5344046311285846,
    "sentKBytesPerSec" : 0.6504394079555967
  }
}