{
  "zone activity" : {
    "transaction" : "zone activity",
    "sampleCount" : 5,
    "errorCount" : 0,
    "errorPct" : 0.0,
    "meanResTime" : 399.0,
    "medianResTime" : 397.0,
    "minResTime" : 393.0,
    "maxResTime" : 414.0,
    "pct1ResTime" : 414.0,
    "pct2ResTime" : 414.0,
    "pct3ResTime" : 414.0,
    "throughput" : 1.5169902912621358,
    "receivedKBytesPerSec" : 421.90314728079494,
    "sentKBytesPerSec" : 0.494799567657767
  },
  "Total" : {
    "transaction" : "Total",
    "sampleCount" : 15,
    "errorCount" : 0,
    "errorPct" : 0.0,
    "meanResTime" : 274.3333333333333,
    "medianResTime" : 246.0,
    "minResTime" : 77.0,
    "maxResTime" : 698.0,
    "pct1ResTime" : 527.6000000000001,
    "pct2ResTime" : 698.0,
    "pct3ResTime" : 698.0,
    "throughput" : 3.236245954692557,
    "receivedKBytesPerSec" : 301.58125168554477,
    "sentKBytesPerSec" : 0.9238892259978425
  },
  "login" : {
    "transaction" : "login",
    "sampleCount" : 5,
    "errorCount" : 0,
    "errorPct" : 0.0,
    "meanResTime" : 332.4,
    "medianResTime" : 246.0,
    "minResTime" : 229.0,
    "maxResTime" : 698.0,
    "pct1ResTime" : 698.0,
    "pct2ResTime" : 698.0,
    "pct3ResTime" : 698.0,
    "throughput" : 1.2022120702091847,
    "receivedKBytesPerSec" : 0.941576250300553,
    "sentKBytesPerSec" : 0.29937898232748256
  },
  "create api key" : {
    "transaction" : "create api key",
    "sampleCount" : 5,
    "errorCount" : 0,
    "errorPct" : 0.0,
    "meanResTime" : 91.6,
    "medianResTime" : 84.0,
    "minResTime" : 77.0,
    "maxResTime" : 109.0,
    "pct1ResTime" : 109.0,
    "pct2ResTime" : 109.0,
    "pct3ResTime" : 109.0,
    "throughput" : 1.6523463317911435,
    "receivedKBytesPerSec" : 1.0972612359550562,
    "sentKBytesPerSec" : 0.4647224058162591
  }
}