{
  "zone activity" : {
    "transaction" : "zone activity",
    "sampleCount" : 5,
    "errorCount" : 0,
    "errorPct" : 0.0,
    "meanResTime" : 260.4,
    "medianResTime" : 245.0,
    "minResTime" : 228.0,
    "maxResTime" : 298.0,
    "pct1ResTime" : 298.0,
    "pct2ResTime" : 298.0,
    "pct3ResTime" : 298.0,
    "throughput" : 1.9290123456790123,
    "receivedKBytesPerSec" : 536.5370762201003,
    "sentKBytesPerSec" : 0.6291895736882716
  },
  "Total" : {
    "transaction" : "Total",
    "sampleCount" : 15,
    "errorCount" : 0,
    "errorPct" : 0.0,
    "meanResTime" : 217.53333333333333,
    "medianResTime" : 139.0,
    "minResTime" : 45.0,
    "maxResTime" : 1078.0,
    "pct1ResTime" : 610.0000000000002,
    "pct2ResTime" : 1078.0,
    "pct3ResTime" : 1078.0,
    "throughput" : 3.452243958573072,
    "receivedKBytesPerSec" : 321.7354268555811,
    "sentKBytesPerSec" : 0.9855527186421175
  },
  "login" : {
    "transaction" : "login",
    "sampleCount" : 5,
    "errorCount" : 0,
    "errorPct" : 0.0,
    "meanResTime" : 331.8,
    "medianResTime" : 139.0,
    "minResTime" : 138.0,
    "maxResTime" : 1078.0,
    "pct1ResTime" : 1078.0,
    "pct2ResTime" : 1078.0,
    "pct3ResTime" : 1078.0,
    "throughput" : 1.2354830738818878,
    "receivedKBytesPerSec" : 0.9676342043489005,
    "sentKBytesPerSec" : 0.3076642420311342
  },
  "create api key" : {
    "transaction" : "create api key",
    "sampleCount" : 5,
    "errorCount" : 0,
    "errorPct" : 0.0,
    "meanResTime" : 60.4,
    "medianResTime" : 50.0,
    "minResTime" : 45.0,
    "maxResTime" : 86.0,
    "pct1ResTime" : 86.0,
    "pct2ResTime" : 86.0,
    "pct3ResTime" : 86.0,
    "throughput" : 2.053388090349076,
    "receivedKBytesPerSec" : 1.3635780287474333,
    "sentKBytesPerSec" : 0.5775154004106776
  }
}