{
  "zone activity" : {
    "transaction" : "zone activity",
    "sampleCount" : 5,
    "errorCount" : 0,
    "errorPct" : 0.0,
    "meanResTime" : 138.8,
    "medianResTime" : 102.0,
    "minResTime" : 90.0,
    "maxResTime" : 204.0,
    "pct1ResTime" : 204.0,
    "pct2ResTime" : 204.0,
    "pct3ResTime" : 204.0,
    "throughput" : 2.2036139268400174,
    "receivedKBytesPerSec" : 613.0075198325253,
    "sentKBytesPerSec" : 0.7187568862935213
  },
  "Total" : {
    "transaction" : "Total",
    "sampleCount" : 15,
    "errorCount" : 0,
    "errorPct" : 0.0,
    "meanResTime" : 161.6,
    "medianResTime" : 90.0,
    "minResTime" : 17.0,
    "maxResTime" : 1146.0,
    "pct1ResTime" : 603.6000000000004,
    "pct2ResTime" : 1146.0,
    "pct3ResTime" : 1146.0,
    "throughput" : 3.677371904878647,
    "receivedKBytesPerSec" : 342.76721278193185,
    "sentKBytesPerSec" : 1.0498226434175044
  },
  "login" : {
    "transaction" : "login",
    "sampleCount" : 5,
    "errorCount" : 0,
    "errorPct" : 0.0,
    "meanResTime" : 317.4,
    "medianResTime" : 95.0,
    "minResTime" : 51.0,
    "maxResTime" : 1146.0,
    "pct1ResTime" : 1146.0,
    "pct2ResTime" : 1146.0,
    "pct3ResTime" : 1146.0,
    "throughput" : 1.2639029322548028,
    "receivedKBytesPerSec" : 0.9898927262386249,
    "sentKBytesPerSec" : 0.31474145285642063
  },
  "create api key" : {
    "transaction" : "create api key",
    "sampleCount" : 5,
    "errorCount" : 0,
    "errorPct" : 0.0,
    "meanResTime" : 28.6,
    "medianResTime" : 35.0,
    "minResTime" : 17.0,
    "maxResTime" : 37.0,
    "pct1ResTime" : 37.0,
    "pct2ResTime" : 37.0,
    "pct3ResTime" : 37.0,
    "throughput" : 2.253267237494367,
    "receivedKBytesPerSec" : 1.4949900011266337,
    "sentKBytesPerSec" : 0.6337314105452907
  }
}