{
  "zone activity" : {
    "transaction" : "zone activity",
    "sampleCount" : 10,
    "errorCount" : 0,
    "errorPct" : 0.0,
    "meanResTime" : 24.200000000000003,
    "medianResTime" : 24.0,
    "minResTime" : 22.0,
    "maxResTime" : 27.0,
    "pct1ResTime" : 26.9,
    "pct2ResTime" : 27.0,
    "pct3ResTime" : 27.0,
    "throughput" : 1.3529968881071575,
    "receivedKBytesPerSec" : 21.10912976931403,
    "sentKBytesPerSec" : 0.43998824583953455
  },
  "Total" : {
    "transaction" : "Total",
    "sampleCount" : 30,
    "errorCount" : 0,
    "errorPct" : 0.0,
    "meanResTime" : 60.26666666666667,
    "medianResTime" : 24.0,
    "minResTime" : 15.0,
    "maxResTime" : 970.0,
    "pct1ResTime" : 53.40000000000001,
    "pct2ResTime" : 473.89999999999935,
    "pct3ResTime" : 970.0,
    "throughput" : 3.33889816360601,
    "receivedKBytesPerSec" : 21.23460976627713,
    "sentKBytesPerSec" : 0.9531945603784086
  },
  "login" : {
    "transaction" : "login",
    "sampleCount" : 10,
    "errorCount" : 0,
    "errorPct" : 0.0,
    "meanResTime" : 139.9,
    "medianResTime" : 45.5,
    "minResTime" : 41.0,
    "maxResTime" : 970.0,
    "pct1ResTime" : 879.8000000000003,
    "pct2ResTime" : 970.0,
    "pct3ResTime" : 970.0,
    "throughput" : 1.1183180496533214,
    "receivedKBytesPerSec" : 2.011661960411541,
    "sentKBytesPerSec" : 0.27957951241333034
  },
  "create api key" : {
    "transaction" : "create api key",
    "sampleCount" : 10,
    "errorCount" : 0,
    "errorPct" : 0.0,
    "meanResTime" : 16.7,
    "medianResTime" : 16.5,
    "minResTime" : 15.0,
    "maxResTime" : 18.0,
    "pct1ResTime" : 18.0,
    "pct2ResTime" : 18.0,
    "pct3ResTime" : 18.0,
    "throughput" : 1.3515339910798758,
    "receivedKBytesPerSec" : 2.2688348932288145,
    "sentKBytesPerSec" : 0.380118934991215
  }
}