{
  "zone activity" : {
    "transaction" : "zone activity",
    "sampleCount" : 5,
    "errorCount" : 0,
    "errorPct" : 0.0,
    "meanResTime" : 441.8,
    "medianResTime" : 428.0,
    "minResTime" : 391.0,
    "maxResTime" : 518.0,
    "pct1ResTime" : 518.0,
    "pct2ResTime" : 518.0,
    "pct3ResTime" : 518.0,
    "throughput" : 1.4405070584845865,
    "receivedKBytesPerSec" : 400.7921100727456,
    "sentKBytesPerSec" : 0.4698528882166523
  },
  "Total" : {
    "transaction" : "Total",
    "sampleCount" : 15,
    "errorCount" : 0,
    "errorPct" : 0.0,
    "meanResTime" : 278.2666666666667,
    "medianResTime" : 251.0,
    "minResTime" : 76.0,
    "maxResTime" : 539.0,
    "pct1ResTime" : 526.4,
    "pct2ResTime" : 539.0,
    "pct3ResTime" : 539.0,
    "throughput" : 3.2037590773173856,
    "receivedKBytesPerSec" : 298.67190002936775,
    "sentKBytesPerSec" : 0.9146148147159333
  },
  "login" : {
    "transaction" : "login",
    "sampleCount" : 5,
    "errorCount" : 0,
    "errorPct" : 0.0,
    "meanResTime" : 308.4,
    "medianResTime" : 251.0,
    "minResTime" : 236.0,
    "maxResTime" : 539.0,
    "pct1ResTime" : 539.0,
    "pct2ResTime" : 539.0,
    "pct3ResTime" : 539.0,
    "throughput" : 1.1970313622216902,
    "receivedKBytesPerSec" : 0.9375187036150348,
    "sentKBytesPerSec" : 0.29808886461575296
  },
  "create api key" : {
    "transaction" : "create api key",
    "sampleCount" : 5,
    "errorCount" : 0,
    "errorPct" : 0.0,
    "meanResTime" : 84.6,
    "medianResTime" : 82.0,
    "minResTime" : 76.0,
    "maxResTime" : 101.0,
    "pct1ResTime" : 101.0,
    "pct2ResTime" : 101.0,
    "pct3ResTime" : 101.0,
    "throughput" : 1.5802781289506953,
    "receivedKBytesPerSec" : 1.0481688527180784,
    "sentKBytesPerSec" : 0.44445322376738305
  }
}