{
  "zone activity" : {
    "transaction" : "zone activity",
    "sampleCount" : 5,
    "errorCount" : 0,
    "errorPct" : 0.0,
    "meanResTime" : 1329.6,
    "medianResTime" : 1586.0,
    "minResTime" : 402.0,
    "maxResTime" : 2053.0,
    "pct1ResTime" : 2053.0,
    "pct2ResTime" : 2053.0,
    "pct3ResTime" : 2053.0,
    "throughput" : 1.763668430335097,
    "receivedKBytesPerSec" : 490.54095017636683,
    "sentKBytesPerSec" : 0.5752590388007055
  },
  "Total" : {
    "transaction" : "Total",
    "sampleCount" : 15,
    "errorCount" : 0,
    "errorPct" : 0.0,
    "meanResTime" : 616.2666666666668,
    "medianResTime" : 253.0,
    "minResTime" : 83.0,
    "maxResTime" : 2053.0,
    "pct1ResTime" : 2032.0,
    "pct2ResTime" : 2053.0,
    "pct3ResTime" : 2053.0,
    "throughput" : 3.2355478861087144,
    "receivedKBytesPerSec" : 301.5357898781277,
    "sentKBytesPerSec" : 0.923689940142364
  },
  "login" : {
    "transaction" : "login",
    "sampleCount" : 5,
    "errorCount" : 0,
    "errorPct" : 0.0,
    "meanResTime" : 419.6,
    "medianResTime" : 253.0,
    "minResTime" : 239.0,
    "maxResTime" : 1100.0,
    "pct1ResTime" : 1100.0,
    "pct2ResTime" : 1100.0,
    "pct3ResTime" : 1100.0,
    "throughput" : 1.2056908608632746,
    "receivedKBytesPerSec" : 0.9443008500120569,
    "sentKBytesPerSec" : 0.30024528273450685
  },
  "create api key" : {
    "transaction" : "create api key",
    "sampleCount" : 5,
    "errorCount" : 0,
    "errorPct" : 0.0,
    "meanResTime" : 99.6,
    "medianResTime" : 87.0,
    "minResTime" : 83.0,
    "maxResTime" : 125.0,
    "pct1ResTime" : 125.0,
    "pct2ResTime" : 125.0,
    "pct3ResTime" : 125.0,
    "throughput" : 1.9508388607101053,
    "receivedKBytesPerSec" : 1.2954789309403043,
    "sentKBytesPerSec" : 0.5486734295747171
  }
}