{
  "zone activity" : {
    "transaction" : "zone activity",
    "sampleCount" : 10,
    "errorCount" : 0,
    "errorPct" : 0.0,
    "meanResTime" : 148.70000000000002,
    "medianResTime" : 147.5,
    "minResTime" : 143.0,
    "maxResTime" : 156.0,
    "pct1ResTime" : 155.9,
    "pct2ResTime" : 156.0,
    "pct3ResTime" : 156.0,
    "throughput" : 1.3118194936376755,
    "receivedKBytesPerSec" : 20.46745867768595,
    "sentKBytesPerSec" : 0.4265975501770956
  },
  "Total" : {
    "transaction" : "Total",
    "sampleCount" : 30,
    "errorCount" : 0,
    "errorPct" : 0.0,
    "meanResTime" : 182.26666666666668,
    "medianResTime" : 147.5,
    "minResTime" : 75.0,
    "maxResTime" : 1081.0,
    "pct1ResTime" : 237.0,
    "pct2ResTime" : 620.6499999999994,
    "pct3ResTime" : 1081.0,
    "throughput" : 3.203416978109984,
    "receivedKBytesPerSec" : 20.373815403096636,
    "sentKBytesPerSec" : 0.9145171516284036
  },
  "login" : {
    "transaction" : "login",
    "sampleCount" : 10,
    "errorCount" : 0,
    "errorPct" : 0.0,
    "meanResTime" : 316.4,
    "medianResTime" : 233.0,
    "minResTime" : 221.0,
    "maxResTime" : 1081.0,
    "pct1ResTime" : 997.3000000000003,
    "pct2ResTime" : 1081.0,
    "pct3ResTime" : 1081.0,
    "throughput" : 1.0950503723171265,
    "receivedKBytesPerSec" : 1.9698074080157688,
    "sentKBytesPerSec" : 0.27376259307928164
  },
  "create api key" : {
    "transaction" : "create api key",
    "sampleCount" : 10,
    "errorCount" : 0,
    "errorPct" : 0.0,
    "meanResTime" : 81.69999999999999,
    "medianResTime" : 80.0,
    "minResTime" : 75.0,
    "maxResTime" : 96.0,
    "pct1ResTime" : 95.7,
    "pct2ResTime" : 96.0,
    "pct3ResTime" : 96.0,
    "throughput" : 1.3199577613516367,
    "receivedKBytesPerSec" : 2.2160853352692715,
    "sentKBytesPerSec" : 0.37123812038014786
  }
}