{
  "zone activity" : {
    "transaction" : "zone activity",
    "sampleCount" : 10,
    "errorCount" : 0,
    "errorPct" : 0.0,
    "meanResTime" : 14.700000000000001,
    "medianResTime" : 14.5,
    "minResTime" : 13.0,
    "maxResTime" : 18.0,
    "pct1ResTime" : 17.8,
    "pct2ResTime" : 18.0,
    "pct3ResTime" : 18.0,
    "throughput" : 1.6152479405588758,
    "receivedKBytesPerSec" : 25.334469895816508,
    "sentKBytesPerSec" : 0.525271058795025
  },
  "Total" : {
    "transaction" : "Total",
    "sampleCount" : 30,
    "errorCount" : 0,
    "errorPct" : 0.0,
    "meanResTime" : 122.73333333333332,
    "medianResTime" : 15.5,
    "minResTime" : 10.0,
    "maxResTime" : 1977.0,
    "pct1ResTime" : 82.70000000000012,
    "pct2ResTime" : 1488.0499999999993,
    "pct3ResTime" : 1977.0,
    "throughput" : 3.3549541489599646,
    "receivedKBytesPerSec" : 21.61531868569671,
    "sentKBytesPerSec" : 0.9577782515097294
  },
  "login" : {
    "transaction" : "login",
    "sampleCount" : 10,
    "errorCount" : 0,
    "errorPct" : 0.0,
    "meanResTime" : 337.5,
    "medianResTime" : 33.5,
    "minResTime" : 28.0,
    "maxResTime" : 1977.0,
    "pct1ResTime" : 1888.1000000000004,
    "pct2ResTime" : 1977.0,
    "pct3ResTime" : 1977.0,
    "throughput" : 1.12145340361108,
    "receivedKBytesPerSec" : 2.1103913171470228,
    "sentKBytesPerSec" : 0.28036335090277
  },
  "create api key" : {
    "transaction" : "create api key",
    "sampleCount" : 10,
    "errorCount" : 0,
    "errorPct" : 0.0,
    "meanResTime" : 16.0,
    "medianResTime" : 11.5,
    "minResTime" : 10.0,
    "maxResTime" : 30.0,
    "pct1ResTime" : 29.8,
    "pct2ResTime" : 30.0,
    "pct3ResTime" : 30.0,
    "throughput" : 1.6079755587715068,
    "receivedKBytesPerSec" : 2.833271778018974,
    "sentKBytesPerSec" : 0.45224312590448623
  }
}