{
  "zone activity" : {
    "transaction" : "zone activity",
    "sampleCount" : 5,
    "errorCount" : 0,
    "errorPct" : 0.0,
    "meanResTime" : 261.0,
    "medianResTime" : 330.0,
    "minResTime" : 146.0,
    "maxResTime" : 340.0,
    "pct1ResTime" : 340.0,
    "pct2ResTime" : 340.0,
    "pct3ResTime" : 340.0,
    "throughput" : 2.923976608187134,
    "receivedKBytesPerSec" : 813.8888888888889,
    "sentKBytesPerSec" : 0.953718932748538
  },
  "Total" : {
    "transaction" : "Total",
    "sampleCount" : 15,
    "errorCount" : 0,
    "errorPct" : 0.0,
    "meanResTime" : 310.8,
    "medianResTime" : 98.0,
    "minResTime" : 32.0,
    "maxResTime" : 1867.0,
    "pct1ResTime" : 1323.4000000000003,
    "pct2ResTime" : 1867.0,
    "pct3ResTime" : 1867.0,
    "throughput" : 3.5850860420650092,
    "receivedKBytesPerSec" : 334.3652903919694,
    "sentKBytesPerSec" : 1.023476711878585
  },
  "login" : {
    "transaction" : "login",
    "sampleCount" : 5,
    "errorCount" : 0,
    "errorPct" : 0.0,
    "meanResTime" : 622.0,
    "medianResTime" : 98.0,
    "minResTime" : 92.0,
    "maxResTime" : 1867.0,
    "pct1ResTime" : 1867.0,
    "pct2ResTime" : 1867.0,
    "pct3ResTime" : 1867.0,
    "throughput" : 1.2509382036527394,
    "receivedKBytesPerSec" : 0.9797387102827121,
    "sentKBytesPerSec" : 0.31151293157368026
  },
  "create api key" : {
    "transaction" : "create api key",
    "sampleCount" : 5,
    "errorCount" : 0,
    "errorPct" : 0.0,
    "meanResTime" : 49.4,
    "medianResTime" : 54.0,
    "minResTime" : 32.0,
    "maxResTime" : 68.0,
    "pct1ResTime" : 68.0,
    "pct2ResTime" : 68.0,
    "pct3ResTime" : 68.0,
    "throughput" : 3.061849357011635,
    "receivedKBytesPerSec" : 2.0320633037354563,
    "sentKBytesPerSec" : 0.8611451316595223
  }
}