{
  "zone activity" : {
    "transaction" : "zone activity",
    "sampleCount" : 5,
    "errorCount" : 0,
    "errorPct" : 0.0,
    "meanResTime" : 1013.8,
    "medianResTime" : 1223.0,
    "minResTime" : 96.0,
    "maxResTime" : 1763.0,
    "pct1ResTime" : 1763.0,
    "pct2ResTime" : 1763.0,
    "pct3ResTime" : 1763.0,
    "throughput" : 1.8960940462646947,
    "receivedKBytesPerSec" : 527.43929536405,
    "sentKBytesPerSec" : 0.6184525502464923
  },
  "Total" : {
    "transaction" : "Total",
    "sampleCount" : 15,
    "errorCount" : 0,
    "errorPct" : 0.0,
    "meanResTime" : 414.4666666666667,
    "medianResTime" : 61.0,
    "minResTime" : 19.0,
    "maxResTime" : 1763.0,
    "pct1ResTime" : 1761.2,
    "pct2ResTime" : 1763.0,
    "pct3ResTime" : 1763.0,
    "throughput" : 3.673769287288758,
    "receivedKBytesPerSec" : 342.4182586333578,
    "sentKBytesPerSec" : 1.0487941617683076
  },
  "login" : {
    "transaction" : "login",
    "sampleCount" : 5,
    "errorCount" : 0,
    "errorPct" : 0.0,
    "meanResTime" : 201.4,
    "medianResTime" : 61.0,
    "minResTime" : 52.0,
    "maxResTime" : 765.0,
    "pct1ResTime" : 765.0,
    "pct2ResTime" : 765.0,
    "pct3ResTime" : 765.0,
    "throughput" : 1.2607160867372667,
    "receivedKBytesPerSec" : 0.9873967788703983,
    "sentKBytesPerSec" : 0.3139478536308623
  },
  "create api key" : {
    "transaction" : "create api key",
    "sampleCount" : 5,
    "errorCount" : 0,
    "errorPct" : 0.0,
    "meanResTime" : 28.2,
    "medianResTime" : 22.0,
    "minResTime" : 19.0,
    "maxResTime" : 40.0,
    "pct1ResTime" : 40.0,
    "pct2ResTime" : 40.0,
    "pct3ResTime" : 40.0,
    "throughput" : 1.9267822736030829,
    "receivedKBytesPerSec" : 1.279503853564547,
    "sentKBytesPerSec" : 0.541907514450867
  }
}