{
  "zone activity" : {
    "transaction" : "zone activity",
    "sampleCount" : 5,
    "errorCount" : 0,
    "errorPct" : 0.0,
    "meanResTime" : 993.4,
    "medianResTime" : 1227.0,
    "minResTime" : 231.0,
    "maxResTime" : 1645.0,
    "pct1ResTime" : 1645.0,
    "pct2ResTime" : 1645.0,
    "pct3ResTime" : 1645.0,
    "throughput" : 1.9047619047619047,
    "receivedKBytesPerSec" : 529.983630952381,
    "sentKBytesPerSec" : 0.6212797619047619
  },
  "Total" : {
    "transaction" : "Total",
    "sampleCount" : 15,
    "errorCount" : 0,
    "errorPct" : 0.0,
    "meanResTime" : 454.59999999999997,
    "medianResTime" : 130.0,
    "minResTime" : 39.0,
    "maxResTime" : 1645.0,
    "pct1ResTime" : 1636.6,
    "pct2ResTime" : 1645.0,
    "pct3ResTime" : 1645.0,
    "throughput" : 3.4706154558074966,
    "receivedKBytesPerSec" : 323.5632646199676,
    "sentKBytesPerSec" : 0.9907974462054604
  },
  "login" : {
    "transaction" : "login",
    "sampleCount" : 5,
    "errorCount" : 0,
    "errorPct" : 0.0,
    "meanResTime" : 321.8,
    "medianResTime" : 130.0,
    "minResTime" : 123.0,
    "maxResTime" : 1070.0,
    "pct1ResTime" : 1070.0,
    "pct2ResTime" : 1070.0,
    "pct3ResTime" : 1070.0,
    "throughput" : 1.2376237623762376,
    "receivedKBytesPerSec" : 0.9693107982673267,
    "sentKBytesPerSec" : 0.30819732363861385
  },
  "create api key" : {
    "transaction" : "create api key",
    "sampleCount" : 5,
    "errorCount" : 0,
    "errorPct" : 0.0,
    "meanResTime" : 48.6,
    "medianResTime" : 46.0,
    "minResTime" : 39.0,
    "maxResTime" : 62.0,
    "pct1ResTime" : 62.0,
    "pct2ResTime" : 62.0,
    "pct3ResTime" : 62.0,
    "throughput" : 2.0308692120227456,
    "receivedKBytesPerSec" : 1.347434123679935,
    "sentKBytesPerSec" : 0.5711819658813972
  }
}