{
  "zone activity" : {
    "transaction" : "zone activity",
    "sampleCount" : 10,
    "errorCount" : 0,
    "errorPct" : 0.0,
    "meanResTime" : 51.099999999999994,
    "medianResTime" : 51.0,
    "minResTime" : 49.0,
    "maxResTime" : 53.0,
    "pct1ResTime" : 53.0,
    "pct2ResTime" : 53.0,
    "pct3ResTime" : 53.0,
    "throughput" : 1.3563000135630001,
    "receivedKBytesPerSec" : 21.16132658856639,
    "sentKBytesPerSec" : 0.4410624067543741
  },
  "Total" : {
    "transaction" : "Total",
    "sampleCount" : 30,
    "errorCount" : 0,
    "errorPct" : 0.0,
    "meanResTime" : 90.39999999999999,
    "medianResTime" : 51.0,
    "minResTime" : 28.0,
    "maxResTime" : 1043.0,
    "pct1ResTime" : 90.0,
    "pct2ResTime" : 549.6499999999994,
    "pct3ResTime" : 1043.0,
    "throughput" : 3.305056736807315,
    "receivedKBytesPerSec" : 21.020354501762696,
    "sentKBytesPerSec" : 0.9435334499283904
  },
  "login" : {
    "transaction" : "login",
    "sampleCount" : 10,
    "errorCount" : 0,
    "errorPct" : 0.0,
    "meanResTime" : 187.2,
    "medianResTime" : 86.0,
    "minResTime" : 81.0,
    "maxResTime" : 1043.0,
    "pct1ResTime" : 953.3000000000003,
    "pct2ResTime" : 1043.0,
    "pct3ResTime" : 1043.0,
    "throughput" : 1.1123470522803114,
    "receivedKBytesPerSec" : 2.0009211624026695,
    "sentKBytesPerSec" : 0.27808676307007785
  },
  "create api key" : {
    "transaction" : "create api key",
    "sampleCount" : 10,
    "errorCount" : 0,
    "errorPct" : 0.0,
    "meanResTime" : 32.900000000000006,
    "medianResTime" : 31.0,
    "minResTime" : 28.0,
    "maxResTime" : 39.0,
    "pct1ResTime" : 38.9,
    "pct2ResTime" : 39.0,
    "pct3ResTime" : 39.0,
    "throughput" : 1.3563000135630001,
    "receivedKBytesPerSec" : 2.277365471992405,
    "sentKBytesPerSec" : 0.3814593788145938
  }
}