{
  "zone activity" : {
    "transaction" : "zone activity",
    "sampleCount" : 5,
    "errorCount" : 0,
    "errorPct" : 0.0,
    "meanResTime" : 435.4,
    "medianResTime" : 416.0,
    "minResTime" : 388.0,
    "maxResTime" : 499.0,
    "pct1ResTime" : 499.0,
    "pct2ResTime" : 499.0,
    "pct3ResTime" : 499.0,
    "throughput" : 1.95160031225605,
    "receivedKBytesPerSec" : 542.8532549033959,
    "sentKBytesPerSec" : 0.6365571330991413
  },
  "Total" : {
    "transaction" : "Total",
    "sampleCount" : 15,
    "errorCount" : 0,
    "errorPct" : 0.0,
    "meanResTime" : 337.73333333333335,
    "medianResTime" : 258.0,
    "minResTime" : 78.0,
    "maxResTime" : 1300.0,
    "pct1ResTime" : 819.4000000000003,
    "pct2ResTime" : 1300.0,
    "pct3ResTime" : 1300.0,
    "throughput" : 3.2679738562091503,
    "receivedKBytesPerSec" : 304.5809078839869,
    "sentKBytesPerSec" : 0.9329469635076253
  },
  "login" : {
    "transaction" : "login",
    "sampleCount" : 5,
    "errorCount" : 0,
    "errorPct" : 0.0,
    "meanResTime" : 486.6,
    "medianResTime" : 258.0,
    "minResTime" : 229.0,
    "maxResTime" : 1300.0,
    "pct1ResTime" : 1300.0,
    "pct2ResTime" : 1300.0,
    "pct3ResTime" : 1300.0,
    "throughput" : 1.2132977432661975,
    "receivedKBytesPerSec" : 0.9502585840815335,
    "sentKBytesPerSec" : 0.30213957473914094
  },
  "create api key" : {
    "transaction" : "create api key",
    "sampleCount" : 5,
    "errorCount" : 0,
    "errorPct" : 0.0,
    "meanResTime" : 91.2,
    "medianResTime" : 86.0,
    "minResTime" : 78.0,
    "maxResTime" : 112.0,
    "pct1ResTime" : 112.0,
    "pct2ResTime" : 112.0,
    "pct3ResTime" : 112.0,
    "throughput" : 2.1862702229995628,
    "receivedKBytesPerSec" : 1.4518200699606472,
    "sentKBytesPerSec" : 0.6148885002186271
  }
}