{
  "zone activity" : {
    "transaction" : "zone activity",
    "sampleCount" : 5,
    "errorCount" : 0,
    "errorPct" : 0.0,
    "meanResTime" : 218.0,
    "medianResTime" : 221.0,
    "minResTime" : 206.0,
    "maxResTime" : 224.0,
    "pct1ResTime" : 224.0,
    "pct2ResTime" : 224.0,
    "pct3ResTime" : 224.0,
    "throughput" : 2.9568302779420463,
    "receivedKBytesPerSec" : 822.5896058175636,
    "sentKBytesPerSec" : 0.9644348758131283
  },
  "Total" : {
    "transaction" : "Total",
    "sampleCount" : 15,
    "errorCount" : 0,
    "errorPct" : 0.0,
    "meanResTime" : 314.26666666666665,
    "medianResTime" : 140.0,
    "minResTime" : 44.0,
    "maxResTime" : 1916.0,
    "pct1ResTime" : 1371.8000000000002,
    "pct2ResTime" : 1916.0,
    "pct3ResTime" : 1916.0,
    "throughput" : 3.4989503149055285,
    "receivedKBytesPerSec" : 326.1566126516212,
    "sentKBytesPerSec" : 0.9988865319570795
  },
  "login" : {
    "transaction" : "login",
    "sampleCount" : 5,
    "errorCount" : 0,
    "errorPct" : 0.0,
    "meanResTime" : 665.8,
    "medianResTime" : 140.0,
    "minResTime" : 128.0,
    "maxResTime" : 1916.0,
    "pct1ResTime" : 1916.0,
    "pct2ResTime" : 1916.0,
    "pct3ResTime" : 1916.0,
    "throughput" : 1.2394645513138325,
    "receivedKBytesPerSec" : 0.9707525099157165,
    "sentKBytesPerSec" : 0.3086557232275657
  },
  "create api key" : {
    "transaction" : "create api key",
    "sampleCount" : 5,
    "errorCount" : 0,
    "errorPct" : 0.0,
    "meanResTime" : 59.0,
    "medianResTime" : 67.0,
    "minResTime" : 44.0,
    "maxResTime" : 69.0,
    "pct1ResTime" : 69.0,
    "pct2ResTime" : 69.0,
    "pct3ResTime" : 69.0,
    "throughput" : 3.1928480204342273,
    "receivedKBytesPerSec" : 2.119003432311622,
    "sentKBytesPerSec" : 0.8979885057471264
  }
}