{
  "zone activity" : {
    "transaction" : "zone activity",
    "sampleCount" : 5,
    "errorCount" : 0,
    "errorPct" : 0.0,
    "meanResTime" : 368.8,
    "medianResTime" : 342.0,
    "minResTime" : 336.0,
    "maxResTime" : 419.0,
    "pct1ResTime" : 419.0,
    "pct2ResTime" : 419.0,
    "pct3ResTime" : 419.0,
    "throughput" : 1.7799928800284799,
    "receivedKBytesPerSec" : 495.1717693129227,
    "sentKBytesPerSec" : 0.5805836151655394
  },
  "Total" : {
    "transaction" : "Total",
    "sampleCount" : 15,
    "errorCount" : 0,
    "errorPct" : 0.0,
    "meanResTime" : 268.73333333333335,
    "medianResTime" : 198.0,
    "minResTime" : 62.0,
    "maxResTime" : 1038.0,
    "pct1ResTime" : 666.6000000000003,
    "pct2ResTime" : 1038.0,
    "pct3ResTime" : 1038.0,
    "throughput" : 3.3178500331785004,
    "receivedKBytesPerSec" : 309.26142411800487,
    "sentKBytesPerSec" : 0.947185702831232
  },
  "login" : {
    "transaction" : "login",
    "sampleCount" : 5,
    "errorCount" : 0,
    "errorPct" : 0.0,
    "meanResTime" : 366.8,
    "medianResTime" : 198.0,
    "minResTime" : 186.0,
    "maxResTime" : 1038.0,
    "pct1ResTime" : 1038.0,
    "pct2ResTime" : 1038.0,
    "pct3ResTime" : 1038.0,
    "throughput" : 1.2165450121654502,
    "receivedKBytesPerSec" : 0.9528018552311435,
    "sentKBytesPerSec" : 0.30294822080291967
  },
  "create api key" : {
    "transaction" : "create api key",
    "sampleCount" : 5,
    "errorCount" : 0,
    "errorPct" : 0.0,
    "meanResTime" : 70.6,
    "medianResTime" : 65.0,
    "minResTime" : 62.0,
    "maxResTime" : 82.0,
    "pct1ResTime" : 82.0,
    "pct2ResTime" : 82.0,
    "pct3ResTime" : 82.0,
    "throughput" : 1.9546520719311962,
    "receivedKBytesPerSec" : 1.296865837568413,
    "sentKBytesPerSec" : 0.549745895230649
  }
}