{
  "zone activity" : {
    "transaction" : "zone activity",
    "sampleCount" : 10,
    "errorCount" : 0,
    "errorPct" : 0.0,
    "meanResTime" : 49.1,
    "medianResTime" : 49.0,
    "minResTime" : 46.0,
    "maxResTime" : 51.0,
    "pct1ResTime" : 51.0,
    "pct2ResTime" : 51.0,
    "pct3ResTime" : 51.0,
    "throughput" : 1.326963906581741,
    "receivedKBytesPerSec" : 20.70374701433121,
    "sentKBytesPerSec" : 0.4315224422770701
  },
  "Total" : {
    "transaction" : "Total",
    "sampleCount" : 30,
    "errorCount" : 0,
    "errorPct" : 0.0,
    "meanResTime" : 82.16666666666666,
    "medianResTime" : 49.0,
    "minResTime" : 27.0,
    "maxResTime" : 905.0,
    "pct1ResTime" : 90.80000000000001,
    "pct2ResTime" : 462.24999999999943,
    "pct3ResTime" : 905.0,
    "throughput" : 3.309066843150232,
    "receivedKBytesPerSec" : 21.04553586201191,
    "sentKBytesPerSec" : 0.9446782621883961
  },
  "login" : {
    "transaction" : "login",
    "sampleCount" : 10,
    "errorCount" : 0,
    "errorPct" : 0.0,
    "meanResTime" : 169.0,
    "medianResTime" : 86.5,
    "minResTime" : 79.0,
    "maxResTime" : 905.0,
    "pct1ResTime" : 824.5000000000003,
    "pct2ResTime" : 905.0,
    "pct3ResTime" : 905.0,
    "throughput" : 1.112470797641562,
    "receivedKBytesPerSec" : 2.001143759038825,
    "sentKBytesPerSec" : 0.27811769941039044
  },
  "create api key" : {
    "transaction" : "create api key",
    "sampleCount" : 10,
    "errorCount" : 0,
    "errorPct" : 0.0,
    "meanResTime" : 28.400000000000002,
    "medianResTime" : 28.0,
    "minResTime" : 27.0,
    "maxResTime" : 30.0,
    "pct1ResTime" : 30.0,
    "pct2ResTime" : 30.0,
    "pct3ResTime" : 30.0,
    "throughput" : 1.3273161667109106,
    "receivedKBytesPerSec" : 2.228180166578179,
    "sentKBytesPerSec" : 0.3733076718874436
  }
}