{
  "zone activity" : {
    "transaction" : "zone activity",
    "sampleCount" : 5,
    "errorCount" : 0,
    "errorPct" : 0.0,
    "meanResTime" : 516.4,
    "medianResTime" : 169.0,
    "minResTime" : 103.0,
    "maxResTime" : 1105.0,
    "pct1ResTime" : 1105.0,
    "pct2ResTime" : 1105.0,
    "pct3ResTime" : 1105.0,
    "throughput" : 1.6561775422325273,
    "receivedKBytesPerSec" : 460.69554281218944,
    "sentKBytesPerSec" : 0.5401985342828751
  },
  "Total" : {
    "transaction" : "Total",
    "sampleCount" : 15,
    "errorCount" : 0,
    "errorPct" : 0.0,
    "meanResTime" : 232.6,
    "medianResTime" : 72.0,
    "minResTime" : 18.0,
    "maxResTime" : 1105.0,
    "pct1ResTime" : 1103.2,
    "pct2ResTime" : 1105.0,
    "pct3ResTime" : 1105.0,
    "throughput" : 3.658536585365854,
    "receivedKBytesPerSec" : 340.99395007621956,
    "sentKBytesPerSec" : 1.0444455030487805
  },
  "login" : {
    "transaction" : "login",
    "sampleCount" : 5,
    "errorCount" : 0,
    "errorPct" : 0.0,
    "meanResTime" : 137.2,
    "medianResTime" : 64.0,
    "minResTime" : 54.0,
    "maxResTime" : 442.0,
    "pct1ResTime" : 442.0,
    "pct2ResTime" : 442.0,
    "pct3ResTime" : 442.0,
    "throughput" : 1.2578616352201257,
    "receivedKBytesPerSec" : 0.9851611635220126,
    "sentKBytesPerSec" : 0.31323702830188677
  },
  "create api key" : {
    "transaction" : "create api key",
    "sampleCount" : 5,
    "errorCount" : 0,
    "errorPct" : 0.0,
    "meanResTime" : 44.2,
    "medianResTime" : 19.0,
    "minResTime" : 18.0,
    "maxResTime" : 93.0,
    "pct1ResTime" : 93.0,
    "pct2ResTime" : 93.0,
    "pct3ResTime" : 93.0,
    "throughput" : 1.654533421575116,
    "receivedKBytesPerSec" : 1.098390449205824,
    "sentKBytesPerSec" : 0.46533752481800134
  }
}