{
  "zone activity" : {
    "transaction" : "zone activity",
    "sampleCount" : 10,
    "errorCount" : 0,
    "errorPct" : 0.0,
    "meanResTime" : 51.8,
    "medianResTime" : 50.5,
    "minResTime" : 48.0,
    "maxResTime" : 63.0,
    "pct1ResTime" : 62.1,
    "pct2ResTime" : 63.0,
    "pct3ResTime" : 63.0,
    "throughput" : 1.7733640716439083,
    "receivedKBytesPerSec" : 27.81445347136017,
    "sentKBytesPerSec" : 0.5766896834545132
  },
  "Total" : {
    "transaction" : "Total",
    "sampleCount" : 30,
    "errorCount" : 0,
    "errorPct" : 0.0,
    "meanResTime" : 213.0333333333333,
    "medianResTime" : 51.5,
    "minResTime" : 27.0,
    "maxResTime" : 2526.0,
    "pct1ResTime" : 620.0000000000011,
    "pct2ResTime" : 2057.9499999999994,
    "pct3ResTime" : 2526.0,
    "throughput" : 3.3281562014643886,
    "receivedKBytesPerSec" : 21.442773047481698,
    "sentKBytesPerSec" : 0.9501279260039939
  },
  "login" : {
    "transaction" : "login",
    "sampleCount" : 10,
    "errorCount" : 0,
    "errorPct" : 0.0,
    "meanResTime" : 550.2,
    "medianResTime" : 87.0,
    "minResTime" : 83.0,
    "maxResTime" : 2526.0,
    "pct1ResTime" : 2440.9000000000005,
    "pct2ResTime" : 2526.0,
    "pct3ResTime" : 2526.0,
    "throughput" : 1.1190689346463742,
    "receivedKBytesPerSec" : 2.1059041377573857,
    "sentKBytesPerSec" : 0.27976723366159356
  },
  "create api key" : {
    "transaction" : "create api key",
    "sampleCount" : 10,
    "errorCount" : 0,
    "errorPct" : 0.0,
    "meanResTime" : 37.1,
    "medianResTime" : 29.5,
    "minResTime" : 27.0,
    "maxResTime" : 55.0,
    "pct1ResTime" : 54.400000000000006,
    "pct2ResTime" : 55.0,
    "pct3ResTime" : 55.0,
    "throughput" : 1.768033946251768,
    "receivedKBytesPerSec" : 3.115469192008487,
    "sentKBytesPerSec" : 0.4972595473833098
  }
}