{
  "zone activity" : {
    "transaction" : "zone activity",
    "sampleCount" : 5,
    "errorCount" : 0,
    "errorPct" : 0.0,
    "meanResTime" : 717.6,
    "medianResTime" : 978.0,
    "minResTime" : 139.0,
    "maxResTime" : 1163.0,
    "pct1ResTime" : 1163.0,
    "pct2ResTime" : 1163.0,
    "pct3ResTime" : 1163.0,
    "throughput" : 2.1431633090441493,
    "receivedKBytesPerSec" : 596.2594265698671,
    "sentKBytesPerSec" : 0.6990395949421345
  },
  "Total" : {
    "transaction" : "Total",
    "sampleCount" : 15,
    "errorCount" : 0,
    "errorPct" : 0.0,
    "meanResTime" : 370.33333333333337,
    "medianResTime" : 98.0,
    "minResTime" : 30.0,
    "maxResTime" : 1209.0,
    "pct1ResTime" : 1181.4,
    "pct2ResTime" : 1209.0,
    "pct3ResTime" : 1209.0,
    "throughput" : 3.593675131768088,
    "receivedKBytesPerSec" : 335.0039867333493,
    "sentKBytesPerSec" : 1.0259287404168662
  },
  "login" : {
    "transaction" : "login",
    "sampleCount" : 5,
    "errorCount" : 0,
    "errorPct" : 0.0,
    "meanResTime" : 356.2,
    "medianResTime" : 98.0,
    "minResTime" : 84.0,
    "maxResTime" : 1209.0,
    "pct1ResTime" : 1209.0,
    "pct2ResTime" : 1209.0,
    "pct3ResTime" : 1209.0,
    "throughput" : 1.2515644555694618,
    "receivedKBytesPerSec" : 0.9802291927409261,
    "sentKBytesPerSec" : 0.3116688829787234
  },
  "create api key" : {
    "transaction" : "create api key",
    "sampleCount" : 5,
    "errorCount" : 0,
    "errorPct" : 0.0,
    "meanResTime" : 37.2,
    "medianResTime" : 32.0,
    "minResTime" : 30.0,
    "maxResTime" : 47.0,
    "pct1ResTime" : 47.0,
    "pct2ResTime" : 47.0,
    "pct3ResTime" : 47.0,
    "throughput" : 2.2212350066637048,
    "receivedKBytesPerSec" : 1.4737373667258997,
    "sentKBytesPerSec" : 0.6247223456241671
  }
}