{
  "zone activity" : {
    "transaction" : "zone activity",
    "sampleCount" : 5,
    "errorCount" : 0,
    "errorPct" : 0.0,
    "meanResTime" : 73.6,
    "medianResTime" : 61.0,
    "minResTime" : 60.0,
    "maxResTime" : 93.0,
    "pct1ResTime" : 93.0,
    "pct2ResTime" : 93.0,
    "pct3ResTime" : 93.0,
    "throughput" : 2.074688796680498,
    "receivedKBytesPerSec" : 577.4924630446058,
    "sentKBytesPerSec" : 0.6767051348547718
  },
  "Total" : {
    "transaction" : "Total",
    "sampleCount" : 15,
    "errorCount" : 0,
    "errorPct" : 0.0,
    "meanResTime" : 106.26666666666668,
    "medianResTime" : 37.0,
    "minResTime" : 13.0,
    "maxResTime" : 952.0,
    "pct1ResTime" : 436.6000000000003,
    "pct2ResTime" : 952.0,
    "pct3ResTime" : 952.0,
    "throughput" : 3.7313432835820897,
    "receivedKBytesPerSec" : 348.007520988806,
    "sentKBytesPerSec" : 1.0652304881840797
  },
  "login" : {
    "transaction" : "login",
    "sampleCount" : 5,
    "errorCount" : 0,
    "errorPct" : 0.0,
    "meanResTime" : 222.4,
    "medianResTime" : 37.0,
    "minResTime" : 36.0,
    "maxResTime" : 952.0,
    "pct1ResTime" : 952.0,
    "pct2ResTime" : 952.0,
    "pct3ResTime" : 952.0,
    "throughput" : 1.2677484787018256,
    "receivedKBytesPerSec" : 0.9929045702332657,
    "sentKBytesPerSec" : 0.31569908405172414
  },
  "create api key" : {
    "transaction" : "create api key",
    "sampleCount" : 5,
    "errorCount" : 0,
    "errorPct" : 0.0,
    "meanResTime" : 22.8,
    "medianResTime" : 14.0,
    "minResTime" : 13.0,
    "maxResTime" : 37.0,
    "pct1ResTime" : 37.0,
    "pct2ResTime" : 37.0,
    "pct3ResTime" : 37.0,
    "throughput" : 2.085070892410342,
    "receivedKBytesPerSec" : 1.3833956682652209,
    "sentKBytesPerSec" : 0.5864261884904086
  }
}