{
  "zone activity" : {
    "transaction" : "zone activity",
    "sampleCount" : 5,
    "errorCount" : 0,
    "errorPct" : 0.0,
    "meanResTime" : 1275.8,
    "medianResTime" : 1815.0,
    "minResTime" : 89.0,
    "maxResTime" : 1819.0,
    "pct1ResTime" : 1819.0,
    "pct2ResTime" : 1819.0,
    "pct3ResTime" : 1819.0,
    "throughput" : 2.4271844660194173,
    "receivedKBytesPerSec" : 675.4091133191747,
    "sentKBytesPerSec" : 0.7916793082524272
  },
  "Total" : {
    "transaction" : "Total",
    "sampleCount" : 15,
    "errorCount" : 0,
    "errorPct" : 0.0,
    "meanResTime" : 571.8000000000001,
    "medianResTime" : 75.0,
    "minResTime" : 14.0,
    "maxResTime" : 1819.0,
    "pct1ResTime" : 1817.8,
    "pct2ResTime" : 1819.0,
    "pct3ResTime" : 1819.0,
    "throughput" : 3.694581280788177,
    "receivedKBytesPerSec" : 344.4768896243843,
    "sentKBytesPerSec" : 1.0547356065270936
  },
  "login" : {
    "transaction" : "login",
    "sampleCount" : 5,
    "errorCount" : 0,
    "errorPct" : 0.0,
    "meanResTime" : 410.4,
    "medianResTime" : 75.0,
    "minResTime" : 45.0,
    "maxResTime" : 1395.0,
    "pct1ResTime" : 1395.0,
    "pct2ResTime" : 1395.0,
    "pct3ResTime" : 1395.0,
    "throughput" : 1.2651821862348178,
    "receivedKBytesPerSec" : 0.9908946419534413,
    "sentKBytesPerSec" : 0.3150600170799595
  },
  "create api key" : {
    "transaction" : "create api key",
    "sampleCount" : 5,
    "errorCount" : 0,
    "errorPct" : 0.0,
    "meanResTime" : 29.2,
    "medianResTime" : 16.0,
    "minResTime" : 14.0,
    "maxResTime" : 52.0,
    "pct1ResTime" : 52.0,
    "pct2ResTime" : 52.0,
    "pct3ResTime" : 52.0,
    "throughput" : 2.4606299212598426,
    "receivedKBytesPerSec" : 1.632570281742126,
    "sentKBytesPerSec" : 0.6920521653543307
  }
}