{
  "zone activity" : {
    "transaction" : "zone activity",
    "sampleCount" : 5,
    "errorCount" : 0,
    "errorPct" : 0.0,
    "meanResTime" : 388.4,
    "medianResTime" : 390.0,
    "minResTime" : 370.0,
    "maxResTime" : 401.0,
    "pct1ResTime" : 401.0,
    "pct2ResTime" : 401.0,
    "pct3ResTime" : 401.0,
    "throughput" : 1.5772870662460567,
    "receivedKBytesPerSec" : 439.00304367113563,
    "sentKBytesPerSec" : 0.5144666798107256
  },
  "Total" : {
    "transaction" : "Total",
    "sampleCount" : 15,
    "errorCount" : 0,
    "errorPct" : 0.0,
    "meanResTime" : 275.0666666666666,
    "medianResTime" : 247.0,
    "minResTime" : 76.0,
    "maxResTime" : 744.0,
    "pct1ResTime" : 538.2000000000002,
    "pct2ResTime" : 744.0,
    "pct3ResTime" : 744.0,
    "throughput" : 3.2637075718015662,
    "receivedKBytesPerSec" : 304.367503671671,
    "sentKBytesPerSec" : 0.9317290170800696
  },
  "login" : {
    "transaction" : "login",
    "sampleCount" : 5,
    "errorCount" : 0,
    "errorPct" : 0.0,
    "meanResTime" : 343.4,
    "medianResTime" : 247.0,
    "minResTime" : 229.0,
    "maxResTime" : 744.0,
    "pct1ResTime" : 744.0,
    "pct2ResTime" : 744.0,
    "pct3ResTime" : 744.0,
    "throughput" : 1.20598166907863,
    "receivedKBytesPerSec" : 0.944528611915099,
    "sentKBytesPerSec" : 0.3003177007959479
  },
  "create api key" : {
    "transaction" : "create api key",
    "sampleCount" : 5,
    "errorCount" : 0,
    "errorPct" : 0.0,
    "meanResTime" : 93.4,
    "medianResTime" : 83.0,
    "minResTime" : 76.0,
    "maxResTime" : 125.0,
    "pct1ResTime" : 125.0,
    "pct2ResTime" : 125.0,
    "pct3ResTime" : 125.0,
    "throughput" : 1.7152658662092624,
    "receivedKBytesPerSec" : 1.1380387006861064,
    "sentKBytesPerSec" : 0.48241852487135506
  }
}