{
  "zone activity" : {
    "transaction" : "zone activity",
    "sampleCount" : 5,
    "errorCount" : 0,
    "errorPct" : 0.0,
    "meanResTime" : 162.6,
    "medianResTime" : 186.0,
    "minResTime" : 49.0,
    "maxResTime" : 198.0,
    "pct1ResTime" : 198.0,
    "pct2ResTime" : 198.0,
    "pct3ResTime" : 198.0,
    "throughput" : 11.312217194570135,
    "receivedKBytesPerSec" : 3149.2770786199094,
    "sentKBytesPerSec" : 3.689727092760181
  },
  "Total" : {
    "transaction" : "Total",
    "sampleCount" : 15,
    "errorCount" : 0,
    "errorPct" : 0.0,
    "meanResTime" : 448.66666666666674,
    "medianResTime" : 116.0,
    "minResTime" : 16.0,
    "maxResTime" : 2681.0,
    "pct1ResTime" : 2171.6000000000004,
    "pct2ResTime" : 2681.0,
    "pct3ResTime" : 2681.0,
    "throughput" : 3.7869224943196165,
    "receivedKBytesPerSec" : 353.24935701211814,
    "sentKBytesPerSec" : 1.0810973396869479
  },
  "login" : {
    "transaction" : "login",
    "sampleCount" : 5,
    "errorCount" : 0,
    "errorPct" : 0.0,
    "meanResTime" : 1088.0,
    "medianResTime" : 833.0,
    "minResTime" : 46.0,
    "maxResTime" : 2681.0,
    "pct1ResTime" : 2681.0,
    "pct2ResTime" : 2681.0,
    "pct3ResTime" : 2681.0,
    "throughput" : 1.2843565373747752,
    "receivedKBytesPerSec" : 1.0059120536861033,
    "sentKBytesPerSec" : 0.3198348799126638
  },
  "create api key" : {
    "transaction" : "create api key",
    "sampleCount" : 5,
    "errorCount" : 0,
    "errorPct" : 0.0,
    "meanResTime" : 95.4,
    "medianResTime" : 115.0,
    "minResTime" : 16.0,
    "maxResTime" : 116.0,
    "pct1ResTime" : 116.0,
    "pct2ResTime" : 116.0,
    "pct3ResTime" : 116.0,
    "throughput" : 9.578544061302681,
    "receivedKBytesPerSec" : 6.3682351532567045,
    "sentKBytesPerSec" : 2.693965517241379
  }
}