{
  "zone activity" : {
    "transaction" : "zone activity",
    "sampleCount" : 5,
    "errorCount" : 0,
    "errorPct" : 0.0,
    "meanResTime" : 534.0,
    "medianResTime" : 513.0,
    "minResTime" : 64.0,
    "maxResTime" : 1012.0,
    "pct1ResTime" : 1012.0,
    "pct2ResTime" : 1012.0,
    "pct3ResTime" : 1012.0,
    "throughput" : 1.9500780031201248,
    "receivedKBytesPerSec" : 542.7874536856474,
    "sentKBytesPerSec" : 0.6360605986739469
  },
  "Total" : {
    "transaction" : "Total",
    "sampleCount" : 15,
    "errorCount" : 0,
    "errorPct" : 0.0,
    "meanResTime" : 256.0666666666666,
    "medianResTime" : 53.0,
    "minResTime" : 13.0,
    "maxResTime" : 1012.0,
    "pct1ResTime" : 1006.6,
    "pct2ResTime" : 1012.0,
    "pct3ResTime" : 1012.0,
    "throughput" : 3.711952487008166,
    "receivedKBytesPerSec" : 346.1866938103192,
    "sentKBytesPerSec" : 1.059694769240287
  },
  "login" : {
    "transaction" : "login",
    "sampleCount" : 5,
    "errorCount" : 0,
    "errorPct" : 0.0,
    "meanResTime" : 207.6,
    "medianResTime" : 50.0,
    "minResTime" : 39.0,
    "maxResTime" : 857.0,
    "pct1ResTime" : 857.0,
    "pct2ResTime" : 857.0,
    "pct3ResTime" : 857.0,
    "throughput" : 1.2671059300557526,
    "receivedKBytesPerSec" : 0.9924013241256968,
    "sentKBytesPerSec" : 0.3155390743791181
  },
  "create api key" : {
    "transaction" : "create api key",
    "sampleCount" : 5,
    "errorCount" : 0,
    "errorPct" : 0.0,
    "meanResTime" : 26.6,
    "medianResTime" : 15.0,
    "minResTime" : 13.0,
    "maxResTime" : 57.0,
    "pct1ResTime" : 57.0,
    "pct2ResTime" : 57.0,
    "pct3ResTime" : 57.0,
    "throughput" : 1.9723865877712032,
    "receivedKBytesPerSec" : 1.3086322731755424,
    "sentKBytesPerSec" : 0.5547337278106509
  }
}