{
  "zone activity" : {
    "transaction" : "zone activity",
    "sampleCount" : 5,
    "errorCount" : 0,
    "errorPct" : 0.0,
    "meanResTime" : 604.8,
    "medianResTime" : 763.0,
    "minResTime" : 65.0,
    "maxResTime" : 1061.0,
    "pct1ResTime" : 1061.0,
    "pct2ResTime" : 1061.0,
    "pct3ResTime" : 1061.0,
    "throughput" : 2.1231422505307855,
    "receivedKBytesPerSec" : 590.9691812632697,
    "sentKBytesPerSec" : 0.6925092887473461
  },
  "Total" : {
    "transaction" : "Total",
    "sampleCount" : 15,
    "errorCount" : 0,
    "errorPct" : 0.0,
    "meanResTime" : 296.7333333333334,
    "medianResTime" : 47.0,
    "minResTime" : 12.0,
    "maxResTime" : 1061.0,
    "pct1ResTime" : 1061.0,
    "pct2ResTime" : 1061.0,
    "pct3ResTime" : 1061.0,
    "throughput" : 3.7294878170064645,
    "receivedKBytesPerSec" : 347.82839888426156,
    "sentKBytesPerSec" : 1.064700786300348
  },
  "login" : {
    "transaction" : "login",
    "sampleCount" : 5,
    "errorCount" : 0,
    "errorPct" : 0.0,
    "meanResTime" : 262.4,
    "medianResTime" : 47.0,
    "minResTime" : 37.0,
    "maxResTime" : 1043.0,
    "pct1ResTime" : 1043.0,
    "pct2ResTime" : 1043.0,
    "pct3ResTime" : 1043.0,
    "throughput" : 1.268713524486171,
    "receivedKBytesPerSec" : 0.9936603971073332,
    "sentKBytesPerSec" : 0.31593940307028673
  },
  "create api key" : {
    "transaction" : "create api key",
    "sampleCount" : 5,
    "errorCount" : 0,
    "errorPct" : 0.0,
    "meanResTime" : 23.0,
    "medianResTime" : 13.0,
    "minResTime" : 12.0,
    "maxResTime" : 41.0,
    "pct1ResTime" : 41.0,
    "pct2ResTime" : 41.0,
    "pct3ResTime" : 41.0,
    "throughput" : 2.1358393848782575,
    "receivedKBytesPerSec" : 1.4170793731311404,
    "sentKBytesPerSec" : 0.6007048269970098
  }
}