{
  "zone activity" : {
    "transaction" : "zone activity",
    "sampleCount" : 10,
    "errorCount" : 0,
    "errorPct" : 0.0,
    "meanResTime" : 50.9,
    "medianResTime" : 51.5,
    "minResTime" : 48.0,
    "maxResTime" : 53.0,
    "pct1ResTime" : 52.9,
    "pct2ResTime" : 53.0,
    "pct3ResTime" : 53.0,
    "throughput" : 1.3753266400770183,
    "receivedKBytesPerSec" : 21.571407388942376,
    "sentKBytesPerSec" : 0.447249776509421
  },
  "Total" : {
    "transaction" : "Total",
    "sampleCount" : 30,
    "errorCount" : 0,
    "errorPct" : 0.0,
    "meanResTime" : 94.93333333333334,
    "medianResTime" : 51.5,
    "minResTime" : 28.0,
    "maxResTime" : 1109.0,
    "pct1ResTime" : 92.9,
    "pct2ResTime" : 611.7999999999994,
    "pct3ResTime" : 1109.0,
    "throughput" : 3.310527477378062,
    "receivedKBytesPerSec" : 21.328978495365263,
    "sentKBytesPerSec" : 0.9450952466342971
  },
  "login" : {
    "transaction" : "login",
    "sampleCount" : 10,
    "errorCount" : 0,
    "errorPct" : 0.0,
    "meanResTime" : 201.29999999999998,
    "medianResTime" : 88.0,
    "minResTime" : 80.0,
    "maxResTime" : 1109.0,
    "pct1ResTime" : 1018.6000000000004,
    "pct2ResTime" : 1109.0,
    "pct3ResTime" : 1109.0,
    "throughput" : 1.1130899376669634,
    "receivedKBytesPerSec" : 2.0946526463713266,
    "sentKBytesPerSec" : 0.27827248441674085
  },
  "create api key" : {
    "transaction" : "create api key",
    "sampleCount" : 10,
    "errorCount" : 0,
    "errorPct" : 0.0,
    "meanResTime" : 32.6,
    "medianResTime" : 29.5,
    "minResTime" : 28.0,
    "maxResTime" : 48.0,
    "pct1ResTime" : 47.8,
    "pct2ResTime" : 48.0,
    "pct3ResTime" : 48.0,
    "throughput" : 1.372872048325096,
    "receivedKBytesPerSec" : 2.4188825679571666,
    "sentKBytesPerSec" : 0.3861202635914333
  }
}