{
  "zone activity" : {
    "transaction" : "zone activity",
    "sampleCount" : 5,
    "errorCount" : 0,
    "errorPct" : 0.0,
    "meanResTime" : 68.0,
    "medianResTime" : 65.0,
    "minResTime" : 55.0,
    "maxResTime" : 81.0,
    "pct1ResTime" : 81.0,
    "pct2ResTime" : 81.0,
    "pct3ResTime" : 81.0,
    "throughput" : 1.5883100381194408,
    "receivedKBytesPerSec" : 441.84799872935196,
    "sentKBytesPerSec" : 0.5180620632147395
  },
  "Total" : {
    "transaction" : "Total",
    "sampleCount" : 15,
    "errorCount" : 0,
    "errorPct" : 0.0,
    "meanResTime" : 62.86666666666666,
    "medianResTime" : 43.0,
    "minResTime" : 11.0,
    "maxResTime" : 351.0,
    "pct1ResTime" : 189.0000000000001,
    "pct2ResTime" : 351.0,
    "pct3ResTime" : 351.0,
    "throughput" : 3.704618424302297,
    "receivedKBytesPerSec" : 345.3124035255618,
    "sentKBytesPerSec" : 1.0576010280316126
  },
  "login" : {
    "transaction" : "login",
    "sampleCount" : 5,
    "errorCount" : 0,
    "errorPct" : 0.0,
    "meanResTime" : 103.0,
    "medianResTime" : 43.0,
    "minResTime" : 36.0,
    "maxResTime" : 351.0,
    "pct1ResTime" : 351.0,
    "pct2ResTime" : 351.0,
    "pct3ResTime" : 351.0,
    "throughput" : 1.2655024044545686,
    "receivedKBytesPerSec" : 0.9911454378638319,
    "sentKBytesPerSec" : 0.31513975892179197
  },
  "create api key" : {
    "transaction" : "create api key",
    "sampleCount" : 5,
    "errorCount" : 0,
    "errorPct" : 0.0,
    "meanResTime" : 17.6,
    "medianResTime" : 12.0,
    "minResTime" : 11.0,
    "maxResTime" : 29.0,
    "pct1ResTime" : 29.0,
    "pct2ResTime" : 29.0,
    "pct3ResTime" : 29.0,
    "throughput" : 1.607717041800643,
    "receivedKBytesPerSec" : 1.0663685691318328,
    "sentKBytesPerSec" : 0.4521704180064309
  }
}