{
  "zone activity" : {
    "transaction" : "zone activity",
    "sampleCount" : 5,
    "errorCount" : 0,
    "errorPct" : 0.0,
    "meanResTime" : 118.6,
    "medianResTime" : 90.0,
    "minResTime" : 87.0,
    "maxResTime" : 163.0,
    "pct1ResTime" : 163.0,
    "pct2ResTime" : 163.0,
    "pct3ResTime" : 163.0,
    "throughput" : 1.993620414673046,
    "receivedKBytesPerSec" : 554.6104029605264,
    "sentKBytesPerSec" : 0.6502629086921851
  },
  "Total" : {
    "transaction" : "Total",
    "sampleCount" : 15,
    "errorCount" : 0,
    "errorPct" : 0.0,
    "meanResTime" : 121.06666666666666,
    "medianResTime" : 47.0,
    "minResTime" : 14.0,
    "maxResTime" : 926.0,
    "pct1ResTime" : 468.2000000000003,
    "pct2ResTime" : 926.0,
    "pct3ResTime" : 926.0,
    "throughput" : 3.6891293654697495,
    "receivedKBytesPerSec" : 343.8751325780866,
    "sentKBytesPerSec" : 1.0531791840875553
  },
  "login" : {
    "transaction" : "login",
    "sampleCount" : 5,
    "errorCount" : 0,
    "errorPct" : 0.0,
    "meanResTime" : 224.2,
    "medianResTime" : 47.0,
    "minResTime" : 45.0,
    "maxResTime" : 926.0,
    "pct1ResTime" : 926.0,
    "pct2ResTime" : 926.0,
    "pct3ResTime" : 926.0,
    "throughput" : 1.2626262626262628,
    "receivedKBytesPerSec" : 0.9888928345959596,
    "sentKBytesPerSec" : 0.3144235321969697
  },
  "create api key" : {
    "transaction" : "create api key",
    "sampleCount" : 5,
    "errorCount" : 0,
    "errorPct" : 0.0,
    "meanResTime" : 20.4,
    "medianResTime" : 14.0,
    "minResTime" : 14.0,
    "maxResTime" : 33.0,
    "pct1ResTime" : 33.0,
    "pct2ResTime" : 33.0,
    "pct3ResTime" : 33.0,
    "throughput" : 2.032520325203252,
    "receivedKBytesPerSec" : 1.3485295985772359,
    "sentKBytesPerSec" : 0.5716463414634146
  }
}