{
  "zone activity" : {
    "transaction" : "zone activity",
    "sampleCount" : 5,
    "errorCount" : 0,
    "errorPct" : 0.0,
    "meanResTime" : 291.2,
    "medianResTime" : 291.0,
    "minResTime" : 289.0,
    "maxResTime" : 294.0,
    "pct1ResTime" : 294.0,
    "pct2ResTime" : 294.0,
    "pct3ResTime" : 294.0,
    "throughput" : 1.5883100381194408,
    "receivedKBytesPerSec" : 442.0732161292884,
    "sentKBytesPerSec" : 0.5180620632147395
  },
  "Total" : {
    "transaction" : "Total",
    "sampleCount" : 15,
    "errorCount" : 0,
    "errorPct" : 0.0,
    "meanResTime" : 214.66666666666666,
    "medianResTime" : 178.0,
    "minResTime" : 59.0,
    "maxResTime" : 681.0,
    "pct1ResTime" : 448.8000000000001,
    "pct2ResTime" : 681.0,
    "pct3ResTime" : 681.0,
    "throughput" : 3.3677593174674447,
    "receivedKBytesPerSec" : 314.0727172906376,
    "sentKBytesPerSec" : 0.9614338936910642
  },
  "login" : {
    "transaction" : "login",
    "sampleCount" : 5,
    "errorCount" : 0,
    "errorPct" : 0.0,
    "meanResTime" : 281.0,
    "medianResTime" : 178.0,
    "minResTime" : 175.0,
    "maxResTime" : 681.0,
    "pct1ResTime" : 681.0,
    "pct2ResTime" : 681.0,
    "pct3ResTime" : 681.0,
    "throughput" : 1.2186205215695831,
    "receivedKBytesPerSec" : 0.9544274006824276,
    "sentKBytesPerSec" : 0.3034650712893005
  },
  "create api key" : {
    "transaction" : "create api key",
    "sampleCount" : 5,
    "errorCount" : 0,
    "errorPct" : 0.0,
    "meanResTime" : 71.8,
    "medianResTime" : 60.0,
    "minResTime" : 59.0,
    "maxResTime" : 94.0,
    "pct1ResTime" : 94.0,
    "pct2ResTime" : 94.0,
    "pct3ResTime" : 94.0,
    "throughput" : 1.6891891891891893,
    "receivedKBytesPerSec" : 1.1207374366554055,
    "sentKBytesPerSec" : 0.4750844594594595
  }
}