{
  "zone activity" : {
    "transaction" : "zone activity",
    "sampleCount" : 5,
    "errorCount" : 0,
    "errorPct" : 0.0,
    "meanResTime" : 1448.2,
    "medianResTime" : 1917.0,
    "minResTime" : 273.0,
    "maxResTime" : 1921.0,
    "pct1ResTime" : 1921.0,
    "pct2ResTime" : 1921.0,
    "pct3ResTime" : 1921.0,
    "throughput" : 2.5303643724696356,
    "receivedKBytesPerSec" : 703.9626889865891,
    "sentKBytesPerSec" : 0.8253336918016194
  },
  "Total" : {
    "transaction" : "Total",
    "sampleCount" : 15,
    "errorCount" : 0,
    "errorPct" : 0.0,
    "meanResTime" : 704.0666666666667,
    "medianResTime" : 171.0,
    "minResTime" : 54.0,
    "maxResTime" : 1921.0,
    "pct1ResTime" : 1921.0,
    "pct2ResTime" : 1921.0,
    "pct3ResTime" : 1921.0,
    "throughput" : 3.469010175763182,
    "receivedKBytesPerSec" : 323.3729529226411,
    "sentKBytesPerSec" : 0.9903391680157262
  },
  "login" : {
    "transaction" : "login",
    "sampleCount" : 5,
    "errorCount" : 0,
    "errorPct" : 0.0,
    "meanResTime" : 594.8,
    "medianResTime" : 171.0,
    "minResTime" : 164.0,
    "maxResTime" : 1652.0,
    "pct1ResTime" : 1652.0,
    "pct2ResTime" : 1652.0,
    "pct3ResTime" : 1652.0,
    "throughput" : 1.252191334835963,
    "receivedKBytesPerSec" : 0.9807201665414476,
    "sentKBytesPerSec" : 0.311824990608565
  },
  "create api key" : {
    "transaction" : "create api key",
    "sampleCount" : 5,
    "errorCount" : 0,
    "errorPct" : 0.0,
    "meanResTime" : 69.2,
    "medianResTime" : 78.0,
    "minResTime" : 54.0,
    "maxResTime" : 80.0,
    "pct1ResTime" : 80.0,
    "pct2ResTime" : 80.0,
    "pct3ResTime" : 80.0,
    "throughput" : 2.785515320334262,
    "receivedKBytesPerSec" : 1.8486681754874652,
    "sentKBytesPerSec" : 0.7834261838440112
  }
}