{
  "zone activity" : {
    "transaction" : "zone activity",
    "sampleCount" : 5,
    "errorCount" : 0,
    "errorPct" : 0.0,
    "meanResTime" : 101.2,
    "medianResTime" : 87.0,
    "minResTime" : 84.0,
    "maxResTime" : 129.0,
    "pct1ResTime" : 129.0,
    "pct2ResTime" : 129.0,
    "pct3ResTime" : 129.0,
    "throughput" : 2.108814846056516,
    "receivedKBytesPerSec" : 586.4478167176297,
    "sentKBytesPerSec" : 0.6878360923660902
  },
  "Total" : {
    "transaction" : "Total",
    "sampleCount" : 15,
    "errorCount" : 0,
    "errorPct" : 0.0,
    "meanResTime" : 127.06666666666663,
    "medianResTime" : 53.0,
    "minResTime" : 17.0,
    "maxResTime" : 1000.0,
    "pct1ResTime" : 477.4000000000003,
    "pct2ResTime" : 1000.0,
    "pct3ResTime" : 1000.0,
    "throughput" : 3.717472118959108,
    "receivedKBytesPerSec" : 346.3945844950434,
    "sentKBytesPerSec" : 1.06127052354399
  },
  "login" : {
    "transaction" : "login",
    "sampleCount" : 5,
    "errorCount" : 0,
    "errorPct" : 0.0,
    "meanResTime" : 254.0,
    "medianResTime" : 53.0,
    "minResTime" : 49.0,
    "maxResTime" : 1000.0,
    "pct1ResTime" : 1000.0,
    "pct2ResTime" : 1000.0,
    "pct3ResTime" : 1000.0,
    "throughput" : 1.2725884448969205,
    "receivedKBytesPerSec" : 0.9966952468821584,
    "sentKBytesPerSec" : 0.31690434907101045
  },
  "create api key" : {
    "transaction" : "create api key",
    "sampleCount" : 5,
    "errorCount" : 0,
    "errorPct" : 0.0,
    "meanResTime" : 26.0,
    "medianResTime" : 21.0,
    "minResTime" : 17.0,
    "maxResTime" : 37.0,
    "pct1ResTime" : 37.0,
    "pct2ResTime" : 37.0,
    "pct3ResTime" : 37.0,
    "throughput" : 2.1404109589041096,
    "receivedKBytesPerSec" : 1.4205305543664384,
    "sentKBytesPerSec" : 0.6019905821917808
  }
}