{
  "zone activity" : {
    "transaction" : "zone activity",
    "sampleCount" : 10,
    "errorCount" : 0,
    "errorPct" : 0.0,
    "meanResTime" : 117.9,
    "medianResTime" : 117.0,
    "minResTime" : 115.0,
    "maxResTime" : 122.0,
    "pct1ResTime" : 122.0,
    "pct2ResTime" : 122.0,
    "pct3ResTime" : 122.0,
    "throughput" : 1.3071895424836601,
    "receivedKBytesPerSec" : 20.398029003267972,
    "sentKBytesPerSec" : 0.42509191176470584
  },
  "Total" : {
    "transaction" : "Total",
    "sampleCount" : 30,
    "errorCount" : 0,
    "errorPct" : 0.0,
    "meanResTime" : 150.39999999999995,
    "medianResTime" : 117.0,
    "minResTime" : 61.0,
    "maxResTime" : 1004.0,
    "pct1ResTime" : 187.9,
    "pct2ResTime" : 563.4499999999994,
    "pct3ResTime" : 1004.0,
    "throughput" : 3.2390412437918377,
    "receivedKBytesPerSec" : 20.60270628643921,
    "sentKBytesPerSec" : 0.9246872300798963
  },
  "login" : {
    "transaction" : "login",
    "sampleCount" : 10,
    "errorCount" : 0,
    "errorPct" : 0.0,
    "meanResTime" : 267.2,
    "medianResTime" : 183.0,
    "minResTime" : 179.0,
    "maxResTime" : 1004.0,
    "pct1ResTime" : 923.9000000000003,
    "pct2ResTime" : 1004.0,
    "pct3ResTime" : 1004.0,
    "throughput" : 1.1015642211940955,
    "receivedKBytesPerSec" : 1.9815247025776603,
    "sentKBytesPerSec" : 0.2753910552985239
  },
  "create api key" : {
    "transaction" : "create api key",
    "sampleCount" : 10,
    "errorCount" : 0,
    "errorPct" : 0.0,
    "meanResTime" : 66.1,
    "medianResTime" : 63.0,
    "minResTime" : 61.0,
    "maxResTime" : 80.0,
    "pct1ResTime" : 80.0,
    "pct2ResTime" : 80.0,
    "pct3ResTime" : 80.0,
    "throughput" : 1.3118194936376755,
    "receivedKBytesPerSec" : 2.2024219467401287,
    "sentKBytesPerSec" : 0.3689492325855962
  }
}