{
  "zone activity" : {
    "transaction" : "zone activity",
    "sampleCount" : 5,
    "errorCount" : 0,
    "errorPct" : 0.0,
    "meanResTime" : 617.0,
    "medianResTime" : 412.0,
    "minResTime" : 399.0,
    "maxResTime" : 940.0,
    "pct1ResTime" : 940.0,
    "pct2ResTime" : 940.0,
    "pct3ResTime" : 940.0,
    "throughput" : 1.676727028839705,
    "receivedKBytesPerSec" : 466.5158922283702,
    "sentKBytesPerSec" : 0.5469011988598256
  },
  "Total" : {
    "transaction" : "Total",
    "sampleCount" : 15,
    "errorCount" : 0,
    "errorPct" : 0.0,
    "meanResTime" : 363.6,
    "medianResTime" : 242.0,
    "minResTime" : 77.0,
    "maxResTime" : 975.0,
    "pct1ResTime" : 954.0,
    "pct2ResTime" : 975.0,
    "pct3ResTime" : 975.0,
    "throughput" : 3.246753246753247,
    "receivedKBytesPerSec" : 302.68047382305195,
    "sentKBytesPerSec" : 0.9268888663419913
  },
  "login" : {
    "transaction" : "login",
    "sampleCount" : 5,
    "errorCount" : 0,
    "errorPct" : 0.0,
    "meanResTime" : 388.4,
    "medianResTime" : 242.0,
    "minResTime" : 230.0,
    "maxResTime" : 975.0,
    "pct1ResTime" : 975.0,
    "pct2ResTime" : 975.0,
    "pct3ResTime" : 975.0,
    "throughput" : 1.207437816952427,
    "receivedKBytesPerSec" : 0.9456690714803188,
    "sentKBytesPerSec" : 0.30068031574498916
  },
  "create api key" : {
    "transaction" : "create api key",
    "sampleCount" : 5,
    "errorCount" : 0,
    "errorPct" : 0.0,
    "meanResTime" : 85.4,
    "medianResTime" : 79.0,
    "minResTime" : 77.0,
    "maxResTime" : 101.0,
    "pct1ResTime" : 101.0,
    "pct2ResTime" : 101.0,
    "pct3ResTime" : 101.0,
    "throughput" : 1.8615040953090098,
    "receivedKBytesPerSec" : 1.2350643382352942,
    "sentKBytesPerSec" : 0.5235480268056589
  }
}