{
  "zone activity" : {
    "transaction" : "zone activity",
    "sampleCount" : 5,
    "errorCount" : 0,
    "errorPct" : 0.0,
    "meanResTime" : 98.2,
    "medianResTime" : 55.0,
    "minResTime" : 53.0,
    "maxResTime" : 165.0,
    "pct1ResTime" : 165.0,
    "pct2ResTime" : 165.0,
    "pct3ResTime" : 165.0,
    "throughput" : 2.2655188038060716,
    "receivedKBytesPerSec" : 32.948696618713186,
    "sentKBytesPerSec" : 0.7367360953783417
  },
  "Total" : {
    "transaction" : "Total",
    "sampleCount" : 15,
    "errorCount" : 0,
    "errorPct" : 0.0,
    "meanResTime" : 167.39999999999998,
    "medianResTime" : 94.0,
    "minResTime" : 32.0,
    "maxResTime" : 1167.0,
    "pct1ResTime" : 621.0000000000003,
    "pct2ResTime" : 1167.0,
    "pct3ResTime" : 1167.0,
    "throughput" : 3.669275929549902,
    "receivedKBytesPerSec" : 19.558244022137963,
    "sentKBytesPerSec" : 1.0463169642857142
  },
  "login" : {
    "transaction" : "login",
    "sampleCount" : 5,
    "errorCount" : 0,
    "errorPct" : 0.0,
    "meanResTime" : 340.6,
    "medianResTime" : 96.0,
    "minResTime" : 89.0,
    "maxResTime" : 1167.0,
    "pct1ResTime" : 1167.0,
    "pct2ResTime" : 1167.0,
    "pct3ResTime" : 1167.0,
    "throughput" : 1.25,
    "receivedKBytesPerSec" : 0.97900390625,
    "sentKBytesPerSec" : 0.311279296875
  },
  "create api key" : {
    "transaction" : "create api key",
    "sampleCount" : 5,
    "errorCount" : 0,
    "errorPct" : 0.0,
    "meanResTime" : 63.4,
    "medianResTime" : 33.0,
    "minResTime" : 32.0,
    "maxResTime" : 110.0,
    "pct1ResTime" : 110.0,
    "pct2ResTime" : 110.0,
    "pct3ResTime" : 110.0,
    "throughput" : 2.1958717610891525,
    "receivedKBytesPerSec" : 1.4581960913482652,
    "sentKBytesPerSec" : 0.6175889328063241
  }
}