{
  "zone activity" : {
    "transaction" : "zone activity",
    "sampleCount" : 5,
    "errorCount" : 0,
    "errorPct" : 0.0,
    "meanResTime" : 740.2,
    "medianResTime" : 881.0,
    "minResTime" : 154.0,
    "maxResTime" : 1257.0,
    "pct1ResTime" : 1257.0,
    "pct2ResTime" : 1257.0,
    "pct3ResTime" : 1257.0,
    "throughput" : 1.9778481012658229,
    "receivedKBytesPerSec" : 550.3041714052611,
    "sentKBytesPerSec" : 0.6451184236550633
  },
  "Total" : {
    "transaction" : "Total",
    "sampleCount" : 15,
    "errorCount" : 0,
    "errorPct" : 0.0,
    "meanResTime" : 353.06666666666666,
    "medianResTime" : 94.0,
    "minResTime" : 29.0,
    "maxResTime" : 1257.0,
    "pct1ResTime" : 1251.6,
    "pct2ResTime" : 1257.0,
    "pct3ResTime" : 1257.0,
    "throughput" : 3.58337314859054,
    "receivedKBytesPerSec" : 334.06649396798855,
    "sentKBytesPerSec" : 1.0229877120162447
  },
  "login" : {
    "transaction" : "login",
    "sampleCount" : 5,
    "errorCount" : 0,
    "errorPct" : 0.0,
    "meanResTime" : 278.8,
    "medianResTime" : 94.0,
    "minResTime" : 87.0,
    "maxResTime" : 1013.0,
    "pct1ResTime" : 1013.0,
    "pct2ResTime" : 1013.0,
    "pct3ResTime" : 1013.0,
    "throughput" : 1.2528188423953897,
    "receivedKBytesPerSec" : 0.9812116324229516,
    "sentKBytesPerSec" : 0.31198125469807064
  },
  "create api key" : {
    "transaction" : "create api key",
    "sampleCount" : 5,
    "errorCount" : 0,
    "errorPct" : 0.0,
    "meanResTime" : 40.2,
    "medianResTime" : 32.0,
    "minResTime" : 29.0,
    "maxResTime" : 57.0,
    "pct1ResTime" : 57.0,
    "pct2ResTime" : 57.0,
    "pct3ResTime" : 57.0,
    "throughput" : 2.052545155993432,
    "receivedKBytesPerSec" : 1.3618156044745484,
    "sentKBytesPerSec" : 0.5772783251231527
  }
}