{
  "zone activity" : {
    "transaction" : "zone activity",
    "sampleCount" : 5,
    "errorCount" : 0,
    "errorPct" : 0.0,
    "meanResTime" : 272.6,
    "medianResTime" : 276.0,
    "minResTime" : 256.0,
    "maxResTime" : 279.0,
    "pct1ResTime" : 279.0,
    "pct2ResTime" : 279.0,
    "pct3ResTime" : 279.0,
    "throughput" : 2.4975024975024973,
    "receivedKBytesPerSec" : 695.071042239011,
    "sentKBytesPerSec" : 0.8146150724275725
  },
  "Total" : {
    "transaction" : "Total",
    "sampleCount" : 15,
    "errorCount" : 0,
    "errorPct" : 0.0,
    "meanResTime" : 305.2,
    "medianResTime" : 172.0,
    "minResTime" : 56.0,
    "maxResTime" : 1629.0,
    "pct1ResTime" : 1093.2000000000003,
    "pct2ResTime" : 1629.0,
    "pct3ResTime" : 1629.0,
    "throughput" : 3.429355281207133,
    "receivedKBytesPerSec" : 319.79117548296756,
    "sentKBytesPerSec" : 0.9790184184956562
  },
  "login" : {
    "transaction" : "login",
    "sampleCount" : 5,
    "errorCount" : 0,
    "errorPct" : 0.0,
    "meanResTime" : 574.6,
    "medianResTime" : 172.0,
    "minResTime" : 166.0,
    "maxResTime" : 1629.0,
    "pct1ResTime" : 1629.0,
    "pct2ResTime" : 1629.0,
    "pct3ResTime" : 1629.0,
    "throughput" : 1.232134056185313,
    "receivedKBytesPerSec" : 0.9650112432232627,
    "sentKBytesPerSec" : 0.3068302581320848
  },
  "create api key" : {
    "transaction" : "create api key",
    "sampleCount" : 5,
    "errorCount" : 0,
    "errorPct" : 0.0,
    "meanResTime" : 68.4,
    "medianResTime" : 73.0,
    "minResTime" : 56.0,
    "maxResTime" : 83.0,
    "pct1ResTime" : 83.0,
    "pct2ResTime" : 83.0,
    "pct3ResTime" : 83.0,
    "throughput" : 2.7292576419213974,
    "receivedKBytesPerSec" : 1.8113315365720524,
    "sentKBytesPerSec" : 0.767603711790393
  }
}