{
  "zone activity" : {
    "transaction" : "zone activity",
    "sampleCount" : 5,
    "errorCount" : 0,
    "errorPct" : 0.0,
    "meanResTime" : 153.4,
    "medianResTime" : 70.0,
    "minResTime" : 44.0,
    "maxResTime" : 355.0,
    "pct1ResTime" : 355.0,
    "pct2ResTime" : 355.0,
    "pct3ResTime" : 355.0,
    "throughput" : 2.177700348432056,
    "receivedKBytesPerSec" : 607.033121461237,
    "sentKBytesPerSec" : 0.710304605836237
  },
  "Total" : {
    "transaction" : "Total",
    "sampleCount" : 15,
    "errorCount" : 0,
    "errorPct" : 0.0,
    "meanResTime" : 167.99999999999997,
    "medianResTime" : 69.0,
    "minResTime" : 13.0,
    "maxResTime" : 1086.0,
    "pct1ResTime" : 647.4000000000003,
    "pct2ResTime" : 1086.0,
    "pct3ResTime" : 1086.0,
    "throughput" : 3.714710252600297,
    "receivedKBytesPerSec" : 346.9498262599059,
    "sentKBytesPerSec" : 1.0604820610450718
  },
  "login" : {
    "transaction" : "login",
    "sampleCount" : 5,
    "errorCount" : 0,
    "errorPct" : 0.0,
    "meanResTime" : 307.0,
    "medianResTime" : 173.0,
    "minResTime" : 45.0,
    "maxResTime" : 1086.0,
    "pct1ResTime" : 1086.0,
    "pct2ResTime" : 1086.0,
    "pct3ResTime" : 1086.0,
    "throughput" : 1.2645422357106728,
    "receivedKBytesPerSec" : 0.9906404116084977,
    "sentKBytesPerSec" : 0.31490065440060694
  },
  "create api key" : {
    "transaction" : "create api key",
    "sampleCount" : 5,
    "errorCount" : 0,
    "errorPct" : 0.0,
    "meanResTime" : 43.6,
    "medianResTime" : 17.0,
    "minResTime" : 13.0,
    "maxResTime" : 156.0,
    "pct1ResTime" : 156.0,
    "pct2ResTime" : 156.0,
    "pct3ResTime" : 156.0,
    "throughput" : 2.2143489813994686,
    "receivedKBytesPerSec" : 1.4696011403897253,
    "sentKBytesPerSec" : 0.6227856510186005
  }
}