{
  "zone activity" : {
    "transaction" : "zone activity",
    "sampleCount" : 10,
    "errorCount" : 0,
    "errorPct" : 0.0,
    "meanResTime" : 122.0,
    "medianResTime" : 122.0,
    "minResTime" : 114.0,
    "maxResTime" : 130.0,
    "pct1ResTime" : 129.8,
    "pct2ResTime" : 130.0,
    "pct3ResTime" : 130.0,
    "throughput" : 1.3575889220743957,
    "receivedKBytesPerSec" : 21.180508417051318,
    "sentKBytesPerSec" : 0.44148155376052134
  },
  "Total" : {
    "transaction" : "Total",
    "sampleCount" : 30,
    "errorCount" : 0,
    "errorPct" : 0.0,
    "meanResTime" : 171.16666666666674,
    "medianResTime" : 122.0,
    "minResTime" : 61.0,
    "maxResTime" : 1282.0,
    "pct1ResTime" : 233.50000000000006,
    "pct2ResTime" : 781.4999999999993,
    "pct3ResTime" : 1282.0,
    "throughput" : 3.2244196044711955,
    "receivedKBytesPerSec" : 20.506552961092,
    "sentKBytesPerSec" : 0.920513018594153
  },
  "login" : {
    "transaction" : "login",
    "sampleCount" : 10,
    "errorCount" : 0,
    "errorPct" : 0.0,
    "meanResTime" : 324.0,
    "medianResTime" : 198.0,
    "minResTime" : 178.0,
    "maxResTime" : 1282.0,
    "pct1ResTime" : 1191.0000000000005,
    "pct2ResTime" : 1282.0,
    "pct3ResTime" : 1282.0,
    "throughput" : 1.098177026136613,
    "receivedKBytesPerSec" : 1.9754317208434,
    "sentKBytesPerSec" : 0.2745442565341533
  },
  "create api key" : {
    "transaction" : "create api key",
    "sampleCount" : 10,
    "errorCount" : 0,
    "errorPct" : 0.0,
    "meanResTime" : 67.50000000000001,
    "medianResTime" : 67.5,
    "minResTime" : 61.0,
    "maxResTime" : 77.0,
    "pct1ResTime" : 77.0,
    "pct2ResTime" : 77.0,
    "pct3ResTime" : 77.0,
    "throughput" : 1.3646288209606987,
    "receivedKBytesPerSec" : 2.291083856441048,
    "sentKBytesPerSec" : 0.3838018558951965
  }
}