{
  "zone activity" : {
    "transaction" : "zone activity",
    "sampleCount" : 10,
    "errorCount" : 0,
    "errorPct" : 0.0,
    "meanResTime" : 22.5,
    "medianResTime" : 21.5,
    "minResTime" : 20.0,
    "maxResTime" : 28.0,
    "pct1ResTime" : 27.8,
    "pct2ResTime" : 28.0,
    "pct3ResTime" : 28.0,
    "throughput" : 1.2661433274246643,
    "receivedKBytesPerSec" : 19.85891404469486,
    "sentKBytesPerSec" : 0.4117438750316536
  },
  "Total" : {
    "transaction" : "Total",
    "sampleCount" : 30,
    "errorCount" : 0,
    "errorPct" : 0.0,
    "meanResTime" : 43.699999999999996,
    "medianResTime" : 22.5,
    "minResTime" : 13.0,
    "maxResTime" : 492.0,
    "pct1ResTime" : 55.90000000000002,
    "pct2ResTime" : 253.84999999999968,
    "pct3ResTime" : 492.0,
    "throughput" : 3.3337037448605398,
    "receivedKBytesPerSec" : 21.478297935881763,
    "sentKBytesPerSec" : 0.9517116485165018
  },
  "login" : {
    "transaction" : "login",
    "sampleCount" : 10,
    "errorCount" : 0,
    "errorPct" : 0.0,
    "meanResTime" : 90.6,
    "medianResTime" : 44.0,
    "minResTime" : 39.0,
    "maxResTime" : 492.0,
    "pct1ResTime" : 448.70000000000016,
    "pct2ResTime" : 492.0,
    "pct3ResTime" : 492.0,
    "throughput" : 1.1158223610801161,
    "receivedKBytesPerSec" : 2.099794618946664,
    "sentKBytesPerSec" : 0.27895559027002903
  },
  "create api key" : {
    "transaction" : "create api key",
    "sampleCount" : 10,
    "errorCount" : 0,
    "errorPct" : 0.0,
    "meanResTime" : 18.0,
    "medianResTime" : 14.0,
    "minResTime" : 13.0,
    "maxResTime" : 34.0,
    "pct1ResTime" : 34.0,
    "pct2ResTime" : 34.0,
    "pct3ResTime" : 34.0,
    "throughput" : 1.2619888944977284,
    "receivedKBytesPerSec" : 2.2235159799343767,
    "sentKBytesPerSec" : 0.3549343765774861
  }
}