{
  "zone activity" : {
    "transaction" : "zone activity",
    "sampleCount" : 10,
    "errorCount" : 0,
    "errorPct" : 0.0,
    "meanResTime" : 121.1,
    "medianResTime" : 120.0,
    "minResTime" : 115.0,
    "maxResTime" : 129.0,
    "pct1ResTime" : 128.7,
    "pct2ResTime" : 129.0,
    "pct3ResTime" : 129.0,
    "throughput" : 1.314924391847469,
    "receivedKBytesPerSec" : 20.515131903353055,
    "sentKBytesPerSec" : 0.42760724852071
  },
  "Total" : {
    "transaction" : "Total",
    "sampleCount" : 30,
    "errorCount" : 0,
    "errorPct" : 0.0,
    "meanResTime" : 155.0,
    "medianResTime" : 120.0,
    "minResTime" : 62.0,
    "maxResTime" : 1026.0,
    "pct1ResTime" : 206.70000000000002,
    "pct2ResTime" : 576.0999999999995,
    "pct3ResTime" : 1026.0,
    "throughput" : 3.226500322650032,
    "receivedKBytesPerSec" : 20.51999589965584,
    "sentKBytesPerSec" : 0.9211070257044526
  },
  "login" : {
    "transaction" : "login",
    "sampleCount" : 10,
    "errorCount" : 0,
    "errorPct" : 0.0,
    "meanResTime" : 275.4,
    "medianResTime" : 191.5,
    "minResTime" : 179.0,
    "maxResTime" : 1026.0,
    "pct1ResTime" : 944.2000000000003,
    "pct2ResTime" : 1026.0,
    "pct3ResTime" : 1026.0,
    "throughput" : 1.098177026136613,
    "receivedKBytesPerSec" : 1.9754317208434,
    "sentKBytesPerSec" : 0.2745442565341533
  },
  "create api key" : {
    "transaction" : "create api key",
    "sampleCount" : 10,
    "errorCount" : 0,
    "errorPct" : 0.0,
    "meanResTime" : 68.5,
    "medianResTime" : 65.0,
    "minResTime" : 62.0,
    "maxResTime" : 87.0,
    "pct1ResTime" : 86.2,
    "pct2ResTime" : 87.0,
    "pct3ResTime" : 87.0,
    "throughput" : 1.320480654958405,
    "receivedKBytesPerSec" : 2.2169632246137594,
    "sentKBytesPerSec" : 0.37138518420705136
  }
}