{
  "zone activity" : {
    "transaction" : "zone activity",
    "sampleCount" : 5,
    "errorCount" : 0,
    "errorPct" : 0.0,
    "meanResTime" : 406.4,
    "medianResTime" : 412.0,
    "minResTime" : 376.0,
    "maxResTime" : 430.0,
    "pct1ResTime" : 430.0,
    "pct2ResTime" : 430.0,
    "pct3ResTime" : 430.0,
    "throughput" : 1.7686593562079944,
    "receivedKBytesPerSec" : 492.27075134860274,
    "sentKBytesPerSec" : 0.5768869384506544
  },
  "Total" : {
    "transaction" : "Total",
    "sampleCount" : 15,
    "errorCount" : 0,
    "errorPct" : 0.0,
    "meanResTime" : 301.59999999999997,
    "medianResTime" : 250.0,
    "minResTime" : 77.0,
    "maxResTime" : 1053.0,
    "pct1ResTime" : 679.2000000000003,
    "pct2ResTime" : 1053.0,
    "pct3ResTime" : 1053.0,
    "throughput" : 3.2672620344151597,
    "receivedKBytesPerSec" : 304.70111359181004,
    "sentKBytesPerSec" : 0.9327437513613591
  },
  "login" : {
    "transaction" : "login",
    "sampleCount" : 5,
    "errorCount" : 0,
    "errorPct" : 0.0,
    "meanResTime" : 408.6,
    "medianResTime" : 250.0,
    "minResTime" : 230.0,
    "maxResTime" : 1053.0,
    "pct1ResTime" : 1053.0,
    "pct2ResTime" : 1053.0,
    "pct3ResTime" : 1053.0,
    "throughput" : 1.2088974854932302,
    "receivedKBytesPerSec" : 0.94681228844294,
    "sentKBytesPerSec" : 0.30104380742263054
  },
  "create api key" : {
    "transaction" : "create api key",
    "sampleCount" : 5,
    "errorCount" : 0,
    "errorPct" : 0.0,
    "meanResTime" : 89.8,
    "medianResTime" : 84.0,
    "minResTime" : 77.0,
    "maxResTime" : 106.0,
    "pct1ResTime" : 106.0,
    "pct2ResTime" : 106.0,
    "pct3ResTime" : 106.0,
    "throughput" : 1.9447685725398676,
    "receivedKBytesPerSec" : 1.2903083673667832,
    "sentKBytesPerSec" : 0.5469661610268378
  }
}