{
  "zone activity" : {
    "transaction" : "zone activity",
    "sampleCount" : 5,
    "errorCount" : 0,
    "errorPct" : 0.0,
    "meanResTime" : 403.2,
    "medianResTime" : 399.0,
    "minResTime" : 391.0,
    "maxResTime" : 424.0,
    "pct1ResTime" : 424.0,
    "pct2ResTime" : 424.0,
    "pct3ResTime" : 424.0,
    "throughput" : 1.9201228878648233,
    "receivedKBytesPerSec" : 534.211189516129,
    "sentKBytesPerSec" : 0.6262900825652842
  },
  "Total" : {
    "transaction" : "Total",
    "sampleCount" : 15,
    "errorCount" : 0,
    "errorPct" : 0.0,
    "meanResTime" : 326.9333333333334,
    "medianResTime" : 241.0,
    "minResTime" : 75.0,
    "maxResTime" : 1333.0,
    "pct1ResTime" : 788.2000000000003,
    "pct2ResTime" : 1333.0,
    "pct3ResTime" : 1333.0,
    "throughput" : 3.2545020611846387,
    "receivedKBytesPerSec" : 303.38887740019527,
    "sentKBytesPerSec" : 0.9291010116077241
  },
  "login" : {
    "transaction" : "login",
    "sampleCount" : 5,
    "errorCount" : 0,
    "errorPct" : 0.0,
    "meanResTime" : 492.2,
    "medianResTime" : 241.0,
    "minResTime" : 226.0,
    "maxResTime" : 1333.0,
    "pct1ResTime" : 1333.0,
    "pct2ResTime" : 1333.0,
    "pct3ResTime" : 1333.0,
    "throughput" : 1.2103606874848705,
    "receivedKBytesPerSec" : 0.9479582728152989,
    "sentKBytesPerSec" : 0.3014081790123457
  },
  "create api key" : {
    "transaction" : "create api key",
    "sampleCount" : 5,
    "errorCount" : 0,
    "errorPct" : 0.0,
    "meanResTime" : 85.4,
    "medianResTime" : 80.0,
    "minResTime" : 75.0,
    "maxResTime" : 99.0,
    "pct1ResTime" : 99.0,
    "pct2ResTime" : 99.0,
    "pct3ResTime" : 99.0,
    "throughput" : 2.16169476869866,
    "receivedKBytesPerSec" : 1.4342338143104192,
    "sentKBytesPerSec" : 0.607976653696498
  }
}