{
  "zone activity" : {
    "transaction" : "zone activity",
    "sampleCount" : 5,
    "errorCount" : 0,
    "errorPct" : 0.0,
    "meanResTime" : 2050.0,
    "medianResTime" : 2507.0,
    "minResTime" : 485.0,
    "maxResTime" : 2881.0,
    "pct1ResTime" : 2881.0,
    "pct2ResTime" : 2881.0,
    "pct3ResTime" : 2881.0,
    "throughput" : 1.7325017325017324,
    "receivedKBytesPerSec" : 482.1061671647609,
    "sentKBytesPerSec" : 0.5650933385308385
  },
  "Total" : {
    "transaction" : "Total",
    "sampleCount" : 15,
    "errorCount" : 0,
    "errorPct" : 0.0,
    "meanResTime" : 764.3333333333334,
    "medianResTime" : 43.0,
    "minResTime" : 11.0,
    "maxResTime" : 2881.0,
    "pct1ResTime" : 2877.4,
    "pct2ResTime" : 2881.0,
    "pct3ResTime" : 2881.0,
    "throughput" : 3.360967958772126,
    "receivedKBytesPerSec" : 313.3748144465606,
    "sentKBytesPerSec" : 0.9594950845843603
  },
  "login" : {
    "transaction" : "login",
    "sampleCount" : 5,
    "errorCount" : 0,
    "errorPct" : 0.0,
    "meanResTime" : 221.6,
    "medianResTime" : 43.0,
    "minResTime" : 36.0,
    "maxResTime" : 941.0,
    "pct1ResTime" : 941.0,
    "pct2ResTime" : 941.0,
    "pct3ResTime" : 941.0,
    "throughput" : 1.2664640324214793,
    "receivedKBytesPerSec" : 0.9918985878926039,
    "sentKBytesPerSec" : 0.3153792268237082
  },
  "create api key" : {
    "transaction" : "create api key",
    "sampleCount" : 5,
    "errorCount" : 0,
    "errorPct" : 0.0,
    "meanResTime" : 21.4,
    "medianResTime" : 14.0,
    "minResTime" : 11.0,
    "maxResTime" : 36.0,
    "pct1ResTime" : 36.0,
    "pct2ResTime" : 36.0,
    "pct3ResTime" : 36.0,
    "throughput" : 2.0508613617719442,
    "receivedKBytesPerSec" : 1.3606984464725185,
    "sentKBytesPerSec" : 0.5768047579983593
  }
}