{
  "zone activity" : {
    "transaction" : "zone activity",
    "sampleCount" : 5,
    "errorCount" : 0,
    "errorPct" : 0.0,
    "meanResTime" : 145.0,
    "medianResTime" : 79.0,
    "minResTime" : 74.0,
    "maxResTime" : 250.0,
    "pct1ResTime" : 250.0,
    "pct2ResTime" : 250.0,
    "pct3ResTime" : 250.0,
    "throughput" : 2.070393374741201,
    "receivedKBytesPerSec" : 576.2887390010352,
    "sentKBytesPerSec" : 0.6753040890269151
  },
  "Total" : {
    "transaction" : "Total",
    "sampleCount" : 15,
    "errorCount" : 0,
    "errorPct" : 0.0,
    "meanResTime" : 140.53333333333336,
    "medianResTime" : 55.0,
    "minResTime" : 16.0,
    "maxResTime" : 1002.0,
    "pct1ResTime" : 550.8000000000003,
    "pct2ResTime" : 1002.0,
    "pct3ResTime" : 1002.0,
    "throughput" : 3.6991368680641186,
    "receivedKBytesPerSec" : 344.998940351418,
    "sentKBytesPerSec" : 1.0560361436498151
  },
  "login" : {
    "transaction" : "login",
    "sampleCount" : 5,
    "errorCount" : 0,
    "errorPct" : 0.0,
    "meanResTime" : 248.2,
    "medianResTime" : 55.0,
    "minResTime" : 48.0,
    "maxResTime" : 1002.0,
    "pct1ResTime" : 1002.0,
    "pct2ResTime" : 1002.0,
    "pct3ResTime" : 1002.0,
    "throughput" : 1.2623074981065388,
    "receivedKBytesPerSec" : 0.9886431772279728,
    "sentKBytesPerSec" : 0.31434415236051505
  },
  "create api key" : {
    "transaction" : "create api key",
    "sampleCount" : 5,
    "errorCount" : 0,
    "errorPct" : 0.0,
    "meanResTime" : 28.4,
    "medianResTime" : 18.0,
    "minResTime" : 16.0,
    "maxResTime" : 45.0,
    "pct1ResTime" : 45.0,
    "pct2ResTime" : 45.0,
    "pct3ResTime" : 45.0,
    "throughput" : 2.0833333333333335,
    "receivedKBytesPerSec" : 1.3822428385416667,
    "sentKBytesPerSec" : 0.5859375
  }
}