{
  "zone activity" : {
    "transaction" : "zone activity",
    "sampleCount" : 5,
    "errorCount" : 0,
    "errorPct" : 0.0,
    "meanResTime" : 391.8,
    "medianResTime" : 269.0,
    "minResTime" : 149.0,
    "maxResTime" : 697.0,
    "pct1ResTime" : 697.0,
    "pct2ResTime" : 697.0,
    "pct3ResTime" : 697.0,
    "throughput" : 1.9455252918287937,
    "receivedKBytesPerSec" : 541.1364603599222,
    "sentKBytesPerSec" : 0.6345756322957199
  },
  "Total" : {
    "transaction" : "Total",
    "sampleCount" : 15,
    "errorCount" : 0,
    "errorPct" : 0.0,
    "meanResTime" : 236.4,
    "medianResTime" : 99.0,
    "minResTime" : 31.0,
    "maxResTime" : 973.0,
    "pct1ResTime" : 807.4000000000001,
    "pct2ResTime" : 973.0,
    "pct3ResTime" : 973.0,
    "throughput" : 3.581661891117479,
    "receivedKBytesPerSec" : 333.8001619209647,
    "sentKBytesPerSec" : 1.0224991792024833
  },
  "login" : {
    "transaction" : "login",
    "sampleCount" : 5,
    "errorCount" : 0,
    "errorPct" : 0.0,
    "meanResTime" : 273.2,
    "medianResTime" : 99.0,
    "minResTime" : 92.0,
    "maxResTime" : 973.0,
    "pct1ResTime" : 973.0,
    "pct2ResTime" : 973.0,
    "pct3ResTime" : 973.0,
    "throughput" : 1.2509382036527394,
    "receivedKBytesPerSec" : 0.9797387102827121,
    "sentKBytesPerSec" : 0.31151293157368026
  },
  "create api key" : {
    "transaction" : "create api key",
    "sampleCount" : 5,
    "errorCount" : 0,
    "errorPct" : 0.0,
    "meanResTime" : 44.2,
    "medianResTime" : 36.0,
    "minResTime" : 31.0,
    "maxResTime" : 62.0,
    "pct1ResTime" : 62.0,
    "pct2ResTime" : 62.0,
    "pct3ResTime" : 62.0,
    "throughput" : 2.008838891120932,
    "receivedKBytesPerSec" : 1.33320987344315,
    "sentKBytesPerSec" : 0.5649859381277622
  }
}