{
  "zone activity" : {
    "transaction" : "zone activity",
    "sampleCount" : 5,
    "errorCount" : 0,
    "errorPct" : 0.0,
    "meanResTime" : 134.0,
    "medianResTime" : 183.0,
    "minResTime" : 53.0,
    "maxResTime" : 193.0,
    "pct1ResTime" : 193.0,
    "pct2ResTime" : 193.0,
    "pct3ResTime" : 193.0,
    "throughput" : 2.485089463220676,
    "receivedKBytesPerSec" : 36.1459174639662,
    "sentKBytesPerSec" : 0.808139444582505
  },
  "Total" : {
    "transaction" : "Total",
    "sampleCount" : 15,
    "errorCount" : 0,
    "errorPct" : 0.0,
    "meanResTime" : 204.93333333333337,
    "medianResTime" : 108.0,
    "minResTime" : 30.0,
    "maxResTime" : 1339.0,
    "pct1ResTime" : 797.8000000000003,
    "pct2ResTime" : 1339.0,
    "pct3ResTime" : 1339.0,
    "throughput" : 3.673769287288758,
    "receivedKBytesPerSec" : 19.58362991366642,
    "sentKBytesPerSec" : 1.047598273328435
  },
  "login" : {
    "transaction" : "login",
    "sampleCount" : 5,
    "errorCount" : 0,
    "errorPct" : 0.0,
    "meanResTime" : 417.4,
    "medianResTime" : 121.0,
    "minResTime" : 94.0,
    "maxResTime" : 1339.0,
    "pct1ResTime" : 1339.0,
    "pct2ResTime" : 1339.0,
    "pct3ResTime" : 1339.0,
    "throughput" : 1.2515644555694618,
    "receivedKBytesPerSec" : 0.9802291927409261,
    "sentKBytesPerSec" : 0.3116688829787234
  },
  "create api key" : {
    "transaction" : "create api key",
    "sampleCount" : 5,
    "errorCount" : 0,
    "errorPct" : 0.0,
    "meanResTime" : 63.4,
    "medianResTime" : 37.0,
    "minResTime" : 30.0,
    "maxResTime" : 110.0,
    "pct1ResTime" : 110.0,
    "pct2ResTime" : 110.0,
    "pct3ResTime" : 110.0,
    "throughput" : 2.4015369836695486,
    "receivedKBytesPerSec" : 1.5938325528338138,
    "sentKBytesPerSec" : 0.6754322766570605
  }
}