{
  "zone activity" : {
    "transaction" : "zone activity",
    "sampleCount" : 5,
    "errorCount" : 0,
    "errorPct" : 0.0,
    "meanResTime" : 550.8,
    "medianResTime" : 375.0,
    "minResTime" : 371.0,
    "maxResTime" : 818.0,
    "pct1ResTime" : 818.0,
    "pct2ResTime" : 818.0,
    "pct3ResTime" : 818.0,
    "throughput" : 1.5873015873015872,
    "receivedKBytesPerSec" : 441.7813740079365,
    "sentKBytesPerSec" : 0.5177331349206349
  },
  "Total" : {
    "transaction" : "Total",
    "sampleCount" : 15,
    "errorCount" : 0,
    "errorPct" : 0.0,
    "meanResTime" : 323.6666666666667,
    "medianResTime" : 238.0,
    "minResTime" : 77.0,
    "maxResTime" : 818.0,
    "pct1ResTime" : 817.4,
    "pct2ResTime" : 818.0,
    "pct3ResTime" : 818.0,
    "throughput" : 3.273679615888258,
    "receivedKBytesPerSec" : 305.29129780936273,
    "sentKBytesPerSec" : 0.9345758538847665
  },
  "login" : {
    "transaction" : "login",
    "sampleCount" : 5,
    "errorCount" : 0,
    "errorPct" : 0.0,
    "meanResTime" : 333.2,
    "medianResTime" : 238.0,
    "minResTime" : 230.0,
    "maxResTime" : 695.0,
    "pct1ResTime" : 695.0,
    "pct2ResTime" : 695.0,
    "pct3ResTime" : 695.0,
    "throughput" : 1.2103606874848705,
    "receivedKBytesPerSec" : 0.9479582728152989,
    "sentKBytesPerSec" : 0.3014081790123457
  },
  "create api key" : {
    "transaction" : "create api key",
    "sampleCount" : 5,
    "errorCount" : 0,
    "errorPct" : 0.0,
    "meanResTime" : 87.0,
    "medianResTime" : 78.0,
    "minResTime" : 77.0,
    "maxResTime" : 103.0,
    "pct1ResTime" : 103.0,
    "pct2ResTime" : 103.0,
    "pct3ResTime" : 103.0,
    "throughput" : 1.7277125086385627,
    "receivedKBytesPerSec" : 1.146296756219765,
    "sentKBytesPerSec" : 0.4859191430545957
  }
}