{
  "zone activity" : {
    "transaction" : "zone activity",
    "sampleCount" : 5,
    "errorCount" : 0,
    "errorPct" : 0.0,
    "meanResTime" : 454.4,
    "medianResTime" : 425.0,
    "minResTime" : 379.0,
    "maxResTime" : 528.0,
    "pct1ResTime" : 528.0,
    "pct2ResTime" : 528.0,
    "pct3ResTime" : 528.0,
    "throughput" : 1.7135023989033584,
    "receivedKBytesPerSec" : 476.7720024417409,
    "sentKBytesPerSec" : 0.5588962902673064
  },
  "Total" : {
    "transaction" : "Total",
    "sampleCount" : 15,
    "errorCount" : 0,
    "errorPct" : 0.0,
    "meanResTime" : 322.79999999999995,
    "medianResTime" : 251.0,
    "minResTime" : 82.0,
    "maxResTime" : 986.0,
    "pct1ResTime" : 711.2000000000002,
    "pct2ResTime" : 986.0,
    "pct3ResTime" : 986.0,
    "throughput" : 3.207184092366902,
    "receivedKBytesPerSec" : 299.0072762989096,
    "sentKBytesPerSec" : 0.9155925940774001
  },
  "login" : {
    "transaction" : "login",
    "sampleCount" : 5,
    "errorCount" : 0,
    "errorPct" : 0.0,
    "meanResTime" : 395.4,
    "medianResTime" : 251.0,
    "minResTime" : 230.0,
    "maxResTime" : 986.0,
    "pct1ResTime" : 986.0,
    "pct2ResTime" : 986.0,
    "pct3ResTime" : 986.0,
    "throughput" : 1.2022120702091847,
    "receivedKBytesPerSec" : 0.941576250300553,
    "sentKBytesPerSec" : 0.29937898232748256
  },
  "create api key" : {
    "transaction" : "create api key",
    "sampleCount" : 5,
    "errorCount" : 0,
    "errorPct" : 0.0,
    "meanResTime" : 118.6,
    "medianResTime" : 90.0,
    "minResTime" : 82.0,
    "maxResTime" : 169.0,
    "pct1ResTime" : 169.0,
    "pct2ResTime" : 169.0,
    "pct3ResTime" : 169.0,
    "throughput" : 1.8712574850299402,
    "receivedKBytesPerSec" : 1.2426319236526946,
    "sentKBytesPerSec" : 0.5262911676646707
  }
}