{
  "zone activity" : {
    "transaction" : "zone activity",
    "sampleCount" : 5,
    "errorCount" : 5,
    "errorPct" : 100.0,
    "meanResTime" : 30226.6,
    "medianResTime" : 30229.0,
    "minResTime" : 30206.0,
    "maxResTime" : 30240.0,
    "pct1ResTime" : 30240.0,
    "pct2ResTime" : 30240.0,
    "pct3ResTime" : 30240.0,
    "throughput" : 0.1541924939093965,
    "receivedKBytesPerSec" : 0.11654784207604774,
    "sentKBytesPerSec" : 0.0332778722206803
  },
  "Total" : {
    "transaction" : "Total",
    "sampleCount" : 15,
    "errorCount" : 15,
    "errorPct" : 100.0,
    "meanResTime" : 30255.733333333334,
    "medianResTime" : 30224.0,
    "minResTime" : 30073.0,
    "maxResTime" : 31261.0,
    "pct1ResTime" : 30724.0,
    "pct2ResTime" : 31261.0,
    "pct3ResTime" : 31261.0,
    "throughput" : 0.15886632987004734,
    "receivedKBytesPerSec" : 0.1267517495154577,
    "sentKBytesPerSec" : 0.03676886736250119
  },
  "login" : {
    "transaction" : "login",
    "sampleCount" : 5,
    "errorCount" : 5,
    "errorPct" : 100.0,
    "meanResTime" : 30465.8,
    "medianResTime" : 30253.0,
    "minResTime" : 30223.0,
    "maxResTime" : 31261.0,
    "pct1ResTime" : 31261.0,
    "pct2ResTime" : 31261.0,
    "pct3ResTime" : 31261.0,
    "throughput" : 0.14655450361989625,
    "receivedKBytesPerSec" : 0.1017580586657678,
    "sentKBytesPerSec" : 0.03649550627253276
  },
  "create api key" : {
    "transaction" : "create api key",
    "sampleCount" : 5,
    "errorCount" : 5,
    "errorPct" : 100.0,
    "meanResTime" : 30074.8,
    "medianResTime" : 30074.0,
    "minResTime" : 30073.0,
    "maxResTime" : 30080.0,
    "pct1ResTime" : 30080.0,
    "pct2ResTime" : 30080.0,
    "pct3ResTime" : 30080.0,
    "throughput" : 0.15485149741398,
    "receivedKBytesPerSec" : 0.1460806118182663,
    "sentKBytesPerSec" : 0.03553720887918486
  }
}