{
  "zone activity" : {
    "transaction" : "zone activity",
    "sampleCount" : 5,
    "errorCount" : 0,
    "errorPct" : 0.0,
    "meanResTime" : 112.6,
    "medianResTime" : 113.0,
    "minResTime" : 111.0,
    "maxResTime" : 114.0,
    "pct1ResTime" : 114.0,
    "pct2ResTime" : 114.0,
    "pct3ResTime" : 114.0,
    "throughput" : 1.9447685725398676,
    "receivedKBytesPerSec" : 28.28042955075846,
    "sentKBytesPerSec" : 0.6324296236872812
  },
  "Total" : {
    "transaction" : "Total",
    "sampleCount" : 15,
    "errorCount" : 0,
    "errorPct" : 0.0,
    "meanResTime" : 181.66666666666666,
    "medianResTime" : 113.0,
    "minResTime" : 61.0,
    "maxResTime" : 1086.0,
    "pct1ResTime" : 547.8000000000003,
    "pct2ResTime" : 1086.0,
    "pct3ResTime" : 1086.0,
    "throughput" : 3.514526710402999,
    "receivedKBytesPerSec" : 18.731329076850987,
    "sentKBytesPerSec" : 1.0021892572633553
  },
  "login" : {
    "transaction" : "login",
    "sampleCount" : 5,
    "errorCount" : 0,
    "errorPct" : 0.0,
    "meanResTime" : 363.2,
    "medianResTime" : 188.0,
    "minResTime" : 176.0,
    "maxResTime" : 1086.0,
    "pct1ResTime" : 1086.0,
    "pct2ResTime" : 1086.0,
    "pct3ResTime" : 1086.0,
    "throughput" : 1.2218963831867058,
    "receivedKBytesPerSec" : 0.9569930657380255,
    "sentKBytesPerSec" : 0.3042808376099707
  },
  "create api key" : {
    "transaction" : "create api key",
    "sampleCount" : 5,
    "errorCount" : 0,
    "errorPct" : 0.0,
    "meanResTime" : 69.2,
    "medianResTime" : 63.0,
    "minResTime" : 61.0,
    "maxResTime" : 83.0,
    "pct1ResTime" : 83.0,
    "pct2ResTime" : 83.0,
    "pct3ResTime" : 83.0,
    "throughput" : 1.9615535504119261,
    "receivedKBytesPerSec" : 1.3025941545704198,
    "sentKBytesPerSec" : 0.5516869360533543
  }
}