{
  "zone activity" : {
    "transaction" : "zone activity",
    "sampleCount" : 5,
    "errorCount" : 0,
    "errorPct" : 0.0,
    "meanResTime" : 94.0,
    "medianResTime" : 99.0,
    "minResTime" : 67.0,
    "maxResTime" : 118.0,
    "pct1ResTime" : 118.0,
    "pct2ResTime" : 118.0,
    "pct3ResTime" : 118.0,
    "throughput" : 2.297794117647059,
    "receivedKBytesPerSec" : 33.41495289522059,
    "sentKBytesPerSec" : 0.747231876148897
  },
  "Total" : {
    "transaction" : "Total",
    "sampleCount" : 15,
    "errorCount" : 0,
    "errorPct" : 0.0,
    "meanResTime" : 185.60000000000002,
    "medianResTime" : 99.0,
    "minResTime" : 37.0,
    "maxResTime" : 1262.0,
    "pct1ResTime" : 717.8000000000003,
    "pct2ResTime" : 1262.0,
    "pct3ResTime" : 1262.0,
    "throughput" : 3.552818569398389,
    "receivedKBytesPerSec" : 18.935181415798198,
    "sentKBytesPerSec" : 1.0131084201800094
  },
  "login" : {
    "transaction" : "login",
    "sampleCount" : 5,
    "errorCount" : 0,
    "errorPct" : 0.0,
    "meanResTime" : 403.8,
    "medianResTime" : 159.0,
    "minResTime" : 121.0,
    "maxResTime" : 1262.0,
    "pct1ResTime" : 1262.0,
    "pct2ResTime" : 1262.0,
    "pct3ResTime" : 1262.0,
    "throughput" : 1.2300123001230012,
    "receivedKBytesPerSec" : 0.9633494772447724,
    "sentKBytesPerSec" : 0.30630189114391143
  },
  "create api key" : {
    "transaction" : "create api key",
    "sampleCount" : 5,
    "errorCount" : 0,
    "errorPct" : 0.0,
    "meanResTime" : 59.0,
    "medianResTime" : 54.0,
    "minResTime" : 37.0,
    "maxResTime" : 83.0,
    "pct1ResTime" : 83.0,
    "pct2ResTime" : 83.0,
    "pct3ResTime" : 83.0,
    "throughput" : 2.3030861354214647,
    "receivedKBytesPerSec" : 1.528043672270843,
    "sentKBytesPerSec" : 0.647742975587287
  }
}