{
  "zone activity" : {
    "transaction" : "zone activity",
    "sampleCount" : 5,
    "errorCount" : 0,
    "errorPct" : 0.0,
    "meanResTime" : 1399.6,
    "medianResTime" : 1700.0,
    "minResTime" : 410.0,
    "maxResTime" : 2107.0,
    "pct1ResTime" : 2107.0,
    "pct2ResTime" : 2107.0,
    "pct3ResTime" : 2107.0,
    "throughput" : 1.7869907076483202,
    "receivedKBytesPerSec" : 497.2298153815225,
    "sentKBytesPerSec" : 0.5828661097212294
  },
  "Total" : {
    "transaction" : "Total",
    "sampleCount" : 15,
    "errorCount" : 0,
    "errorPct" : 0.0,
    "meanResTime" : 634.2666666666668,
    "medianResTime" : 249.0,
    "minResTime" : 79.0,
    "maxResTime" : 2107.0,
    "pct1ResTime" : 2097.4,
    "pct2ResTime" : 2107.0,
    "pct3ResTime" : 2107.0,
    "throughput" : 3.348961821835231,
    "receivedKBytesPerSec" : 312.23116732250503,
    "sentKBytesPerSec" : 0.956067551350748
  },
  "login" : {
    "transaction" : "login",
    "sampleCount" : 5,
    "errorCount" : 0,
    "errorPct" : 0.0,
    "meanResTime" : 413.0,
    "medianResTime" : 249.0,
    "minResTime" : 237.0,
    "maxResTime" : 1040.0,
    "pct1ResTime" : 1040.0,
    "pct2ResTime" : 1040.0,
    "pct3ResTime" : 1040.0,
    "throughput" : 1.2550200803212852,
    "receivedKBytesPerSec" : 0.9829356488453815,
    "sentKBytesPerSec" : 0.31252941453313254
  },
  "create api key" : {
    "transaction" : "create api key",
    "sampleCount" : 5,
    "errorCount" : 0,
    "errorPct" : 0.0,
    "meanResTime" : 90.2,
    "medianResTime" : 82.0,
    "minResTime" : 79.0,
    "maxResTime" : 107.0,
    "pct1ResTime" : 107.0,
    "pct2ResTime" : 107.0,
    "pct3ResTime" : 107.0,
    "throughput" : 1.996805111821086,
    "receivedKBytesPerSec" : 1.325223392571885,
    "sentKBytesPerSec" : 0.5616014376996805
  }
}