{
  "zone activity" : {
    "transaction" : "zone activity",
    "sampleCount" : 5,
    "errorCount" : 0,
    "errorPct" : 0.0,
    "meanResTime" : 1309.6,
    "medianResTime" : 1573.0,
    "minResTime" : 398.0,
    "maxResTime" : 2004.0,
    "pct1ResTime" : 2004.0,
    "pct2ResTime" : 2004.0,
    "pct3ResTime" : 2004.0,
    "throughput" : 1.7692852087756545,
    "receivedKBytesPerSec" : 492.3143218108634,
    "sentKBytesPerSec" : 0.5770910739561217
  },
  "Total" : {
    "transaction" : "Total",
    "sampleCount" : 15,
    "errorCount" : 0,
    "errorPct" : 0.0,
    "meanResTime" : 599.1333333333333,
    "medianResTime" : 241.0,
    "minResTime" : 77.0,
    "maxResTime" : 2004.0,
    "pct1ResTime" : 2002.2,
    "pct2ResTime" : 2004.0,
    "pct3ResTime" : 2004.0,
    "throughput" : 3.250975292587776,
    "receivedKBytesPerSec" : 303.1022262407889,
    "sentKBytesPerSec" : 0.9280941834633724
  },
  "login" : {
    "transaction" : "login",
    "sampleCount" : 5,
    "errorCount" : 0,
    "errorPct" : 0.0,
    "meanResTime" : 403.0,
    "medianResTime" : 241.0,
    "minResTime" : 229.0,
    "maxResTime" : 1057.0,
    "pct1ResTime" : 1057.0,
    "pct2ResTime" : 1057.0,
    "pct3ResTime" : 1057.0,
    "throughput" : 1.208605269518975,
    "receivedKBytesPerSec" : 0.9465834239787286,
    "sentKBytesPerSec" : 0.30097103879622916
  },
  "create api key" : {
    "transaction" : "create api key",
    "sampleCount" : 5,
    "errorCount" : 0,
    "errorPct" : 0.0,
    "meanResTime" : 84.8,
    "medianResTime" : 81.0,
    "minResTime" : 77.0,
    "maxResTime" : 96.0,
    "pct1ResTime" : 96.0,
    "pct2ResTime" : 96.0,
    "pct3ResTime" : 96.0,
    "throughput" : 1.973164956590371,
    "receivedKBytesPerSec" : 1.3091487026440412,
    "sentKBytesPerSec" : 0.5549526440410418
  }
}