{
  "zone activity" : {
    "transaction" : "zone activity",
    "sampleCount" : 5,
    "errorCount" : 0,
    "errorPct" : 0.0,
    "meanResTime" : 1180.0,
    "medianResTime" : 1227.0,
    "minResTime" : 956.0,
    "maxResTime" : 1248.0,
    "pct1ResTime" : 1248.0,
    "pct2ResTime" : 1248.0,
    "pct3ResTime" : 1248.0,
    "throughput" : 4.00320256204964,
    "receivedKBytesPerSec" : 1113.4767188751,
    "sentKBytesPerSec" : 1.3057320856685346
  },
  "Total" : {
    "transaction" : "Total",
    "sampleCount" : 15,
    "errorCount" : 0,
    "errorPct" : 0.0,
    "meanResTime" : 814.7333333333333,
    "medianResTime" : 956.0,
    "minResTime" : 33.0,
    "maxResTime" : 2856.0,
    "pct1ResTime" : 2340.0000000000005,
    "pct2ResTime" : 2856.0,
    "pct3ResTime" : 2856.0,
    "throughput" : 3.0102347983142685,
    "receivedKBytesPerSec" : 280.54761188039333,
    "sentKBytesPerSec" : 0.8593671608468795
  },
  "login" : {
    "transaction" : "login",
    "sampleCount" : 5,
    "errorCount" : 0,
    "errorPct" : 0.0,
    "meanResTime" : 1207.2,
    "medianResTime" : 999.0,
    "minResTime" : 92.0,
    "maxResTime" : 2856.0,
    "pct1ResTime" : 2856.0,
    "pct2ResTime" : 2856.0,
    "pct3ResTime" : 2856.0,
    "throughput" : 1.2661433274246643,
    "receivedKBytesPerSec" : 0.9916474107368954,
    "sentKBytesPerSec" : 0.31529936376297796
  },
  "create api key" : {
    "transaction" : "create api key",
    "sampleCount" : 5,
    "errorCount" : 0,
    "errorPct" : 0.0,
    "meanResTime" : 57.0,
    "medianResTime" : 61.0,
    "minResTime" : 33.0,
    "maxResTime" : 71.0,
    "pct1ResTime" : 71.0,
    "pct2ResTime" : 71.0,
    "pct3ResTime" : 71.0,
    "throughput" : 15.384615384615385,
    "receivedKBytesPerSec" : 10.216346153846153,
    "sentKBytesPerSec" : 4.326923076923077
  }
}