{
  "zone activity" : {
    "transaction" : "zone activity",
    "sampleCount" : 5,
    "errorCount" : 0,
    "errorPct" : 0.0,
    "meanResTime" : 83.0,
    "medianResTime" : 67.0,
    "minResTime" : 60.0,
    "maxResTime" : 112.0,
    "pct1ResTime" : 112.0,
    "pct2ResTime" : 112.0,
    "pct3ResTime" : 112.0,
    "throughput" : 2.2904260192395784,
    "receivedKBytesPerSec" : 637.0524722285845,
    "sentKBytesPerSec" : 0.7470725492441594
  },
  "Total" : {
    "transaction" : "Total",
    "sampleCount" : 15,
    "errorCount" : 0,
    "errorPct" : 0.0,
    "meanResTime" : 142.73333333333335,
    "medianResTime" : 60.0,
    "minResTime" : 14.0,
    "maxResTime" : 1183.0,
    "pct1ResTime" : 641.2000000000003,
    "pct2ResTime" : 1183.0,
    "pct3ResTime" : 1183.0,
    "throughput" : 3.7257824143070044,
    "receivedKBytesPerSec" : 347.2230307687531,
    "sentKBytesPerSec" : 1.0636429613760556
  },
  "login" : {
    "transaction" : "login",
    "sampleCount" : 5,
    "errorCount" : 0,
    "errorPct" : 0.0,
    "meanResTime" : 320.2,
    "medianResTime" : 61.0,
    "minResTime" : 37.0,
    "maxResTime" : 1183.0,
    "pct1ResTime" : 1183.0,
    "pct2ResTime" : 1183.0,
    "pct3ResTime" : 1183.0,
    "throughput" : 1.268713524486171,
    "receivedKBytesPerSec" : 0.9936603971073332,
    "sentKBytesPerSec" : 0.31593940307028673
  },
  "create api key" : {
    "transaction" : "create api key",
    "sampleCount" : 5,
    "errorCount" : 0,
    "errorPct" : 0.0,
    "meanResTime" : 25.0,
    "medianResTime" : 18.0,
    "minResTime" : 14.0,
    "maxResTime" : 44.0,
    "pct1ResTime" : 44.0,
    "pct2ResTime" : 44.0,
    "pct3ResTime" : 44.0,
    "throughput" : 2.308402585410896,
    "receivedKBytesPerSec" : 1.532021872114497,
    "sentKBytesPerSec" : 0.6492382271468145
  }
}