{
  "zone activity" : {
    "transaction" : "zone activity",
    "sampleCount" : 5,
    "errorCount" : 0,
    "errorPct" : 0.0,
    "meanResTime" : 153.8,
    "medianResTime" : 117.0,
    "minResTime" : 67.0,
    "maxResTime" : 263.0,
    "pct1ResTime" : 263.0,
    "pct2ResTime" : 263.0,
    "pct3ResTime" : 263.0,
    "throughput" : 2.2872827081427265,
    "receivedKBytesPerSec" : 636.4851076452425,
    "sentKBytesPerSec" : 0.7460472895699909
  },
  "Total" : {
    "transaction" : "Total",
    "sampleCount" : 15,
    "errorCount" : 0,
    "errorPct" : 0.0,
    "meanResTime" : 160.40000000000003,
    "medianResTime" : 52.0,
    "minResTime" : 15.0,
    "maxResTime" : 1136.0,
    "pct1ResTime" : 612.2000000000003,
    "pct2ResTime" : 1136.0,
    "pct3ResTime" : 1136.0,
    "throughput" : 3.7257824143070044,
    "receivedKBytesPerSec" : 347.3894296448088,
    "sentKBytesPerSec" : 1.0636429613760556
  },
  "login" : {
    "transaction" : "login",
    "sampleCount" : 5,
    "errorCount" : 0,
    "errorPct" : 0.0,
    "meanResTime" : 300.2,
    "medianResTime" : 52.0,
    "minResTime" : 37.0,
    "maxResTime" : 1136.0,
    "pct1ResTime" : 1136.0,
    "pct2ResTime" : 1136.0,
    "pct3ResTime" : 1136.0,
    "throughput" : 1.268713524486171,
    "receivedKBytesPerSec" : 0.9936603971073332,
    "sentKBytesPerSec" : 0.31593940307028673
  },
  "create api key" : {
    "transaction" : "create api key",
    "sampleCount" : 5,
    "errorCount" : 0,
    "errorPct" : 0.0,
    "meanResTime" : 27.2,
    "medianResTime" : 15.0,
    "minResTime" : 15.0,
    "maxResTime" : 46.0,
    "pct1ResTime" : 46.0,
    "pct2ResTime" : 46.0,
    "pct3ResTime" : 46.0,
    "throughput" : 2.294630564479119,
    "receivedKBytesPerSec" : 1.5224335991280404,
    "sentKBytesPerSec" : 0.6453648462597522
  }
}