{
  "zone activity" : {
    "transaction" : "zone activity",
    "sampleCount" : 5,
    "errorCount" : 0,
    "errorPct" : 0.0,
    "meanResTime" : 521.4,
    "medianResTime" : 423.0,
    "minResTime" : 143.0,
    "maxResTime" : 938.0,
    "pct1ResTime" : 938.0,
    "pct2ResTime" : 938.0,
    "pct3ResTime" : 938.0,
    "throughput" : 1.9025875190258752,
    "receivedKBytesPerSec" : 529.6105046613394,
    "sentKBytesPerSec" : 0.6205705384322678
  },
  "Total" : {
    "transaction" : "Total",
    "sampleCount" : 15,
    "errorCount" : 0,
    "errorPct" : 0.0,
    "meanResTime" : 274.46666666666675,
    "medianResTime" : 104.0,
    "minResTime" : 30.0,
    "maxResTime" : 938.0,
    "pct1ResTime" : 928.4,
    "pct2ResTime" : 938.0,
    "pct3ResTime" : 938.0,
    "throughput" : 3.587658454915092,
    "receivedKBytesPerSec" : 334.62085737562785,
    "sentKBytesPerSec" : 1.024211088854341
  },
  "login" : {
    "transaction" : "login",
    "sampleCount" : 5,
    "errorCount" : 0,
    "errorPct" : 0.0,
    "meanResTime" : 262.4,
    "medianResTime" : 104.0,
    "minResTime" : 87.0,
    "maxResTime" : 915.0,
    "pct1ResTime" : 915.0,
    "pct2ResTime" : 915.0,
    "pct3ResTime" : 915.0,
    "throughput" : 1.2484394506866416,
    "receivedKBytesPerSec" : 0.9777816791510612,
    "sentKBytesPerSec" : 0.3108906835205993
  },
  "create api key" : {
    "transaction" : "create api key",
    "sampleCount" : 5,
    "errorCount" : 0,
    "errorPct" : 0.0,
    "meanResTime" : 39.6,
    "medianResTime" : 34.0,
    "minResTime" : 30.0,
    "maxResTime" : 52.0,
    "pct1ResTime" : 52.0,
    "pct2ResTime" : 52.0,
    "pct3ResTime" : 52.0,
    "throughput" : 1.9615535504119261,
    "receivedKBytesPerSec" : 1.3014448067869753,
    "sentKBytesPerSec" : 0.5516869360533543
  }
}