{
  "zone activity" : {
    "transaction" : "zone activity",
    "sampleCount" : 5,
    "errorCount" : 0,
    "errorPct" : 0.0,
    "meanResTime" : 284.0,
    "medianResTime" : 278.0,
    "minResTime" : 244.0,
    "maxResTime" : 325.0,
    "pct1ResTime" : 325.0,
    "pct2ResTime" : 325.0,
    "pct3ResTime" : 325.0,
    "throughput" : 1.8733608092918694,
    "receivedKBytesPerSec" : 522.0569940754964,
    "sentKBytesPerSec" : 0.6110376077182466
  },
  "Total" : {
    "transaction" : "Total",
    "sampleCount" : 15,
    "errorCount" : 0,
    "errorPct" : 0.0,
    "meanResTime" : 230.93333333333334,
    "medianResTime" : 174.0,
    "minResTime" : 54.0,
    "maxResTime" : 969.0,
    "pct1ResTime" : 582.6000000000003,
    "pct2ResTime" : 969.0,
    "pct3ResTime" : 969.0,
    "throughput" : 3.4466911764705883,
    "receivedKBytesPerSec" : 321.8298519358915,
    "sentKBytesPerSec" : 0.9839675005744485
  },
  "login" : {
    "transaction" : "login",
    "sampleCount" : 5,
    "errorCount" : 0,
    "errorPct" : 0.0,
    "meanResTime" : 328.2,
    "medianResTime" : 174.0,
    "minResTime" : 154.0,
    "maxResTime" : 969.0,
    "pct1ResTime" : 969.0,
    "pct2ResTime" : 969.0,
    "pct3ResTime" : 969.0,
    "throughput" : 1.2342631449024932,
    "receivedKBytesPerSec" : 0.9666787521599605,
    "sentKBytesPerSec" : 0.30736045112317945
  },
  "create api key" : {
    "transaction" : "create api key",
    "sampleCount" : 5,
    "errorCount" : 0,
    "errorPct" : 0.0,
    "meanResTime" : 80.6,
    "medianResTime" : 60.0,
    "minResTime" : 54.0,
    "maxResTime" : 128.0,
    "pct1ResTime" : 128.0,
    "pct2ResTime" : 128.0,
    "pct3ResTime" : 128.0,
    "throughput" : 1.966955153422502,
    "receivedKBytesPerSec" : 1.3050286437844218,
    "sentKBytesPerSec" : 0.5532061369000787
  }
}