{
  "zone activity" : {
    "transaction" : "zone activity",
    "sampleCount" : 10,
    "errorCount" : 0,
    "errorPct" : 0.0,
    "meanResTime" : 75.89999999999999,
    "medianResTime" : 77.5,
    "minResTime" : 62.0,
    "maxResTime" : 87.0,
    "pct1ResTime" : 86.9,
    "pct2ResTime" : 87.0,
    "pct3ResTime" : 87.0,
    "throughput" : 1.3743815283122593,
    "receivedKBytesPerSec" : 21.442499312809236,
    "sentKBytesPerSec" : 0.44694243059373284
  },
  "Total" : {
    "transaction" : "Total",
    "sampleCount" : 30,
    "errorCount" : 0,
    "errorPct" : 0.0,
    "meanResTime" : 121.63333333333333,
    "medianResTime" : 77.5,
    "minResTime" : 36.0,
    "maxResTime" : 1179.0,
    "pct1ResTime" : 144.3,
    "pct2ResTime" : 685.0999999999993,
    "pct3ResTime" : 1179.0,
    "throughput" : 3.28875246656435,
    "receivedKBytesPerSec" : 20.915694885989915,
    "sentKBytesPerSec" : 0.9388788779872835
  },
  "login" : {
    "transaction" : "login",
    "sampleCount" : 10,
    "errorCount" : 0,
    "errorPct" : 0.0,
    "meanResTime" : 244.80000000000004,
    "medianResTime" : 127.5,
    "minResTime" : 103.0,
    "maxResTime" : 1179.0,
    "pct1ResTime" : 1089.2000000000003,
    "pct2ResTime" : 1179.0,
    "pct3ResTime" : 1179.0,
    "throughput" : 1.11000111000111,
    "receivedKBytesPerSec" : 1.9967012154512154,
    "sentKBytesPerSec" : 0.2775002775002775
  },
  "create api key" : {
    "transaction" : "create api key",
    "sampleCount" : 10,
    "errorCount" : 0,
    "errorPct" : 0.0,
    "meanResTime" : 44.199999999999996,
    "medianResTime" : 42.0,
    "minResTime" : 36.0,
    "maxResTime" : 56.0,
    "pct1ResTime" : 55.8,
    "pct2ResTime" : 56.0,
    "pct3ResTime" : 56.0,
    "throughput" : 1.3751375137513753,
    "receivedKBytesPerSec" : 2.3087269664466445,
    "sentKBytesPerSec" : 0.38675742574257427
  }
}