{
  "zone activity" : {
    "transaction" : "zone activity",
    "sampleCount" : 5,
    "errorCount" : 0,
    "errorPct" : 0.0,
    "meanResTime" : 314.0,
    "medianResTime" : 323.0,
    "minResTime" : 296.0,
    "maxResTime" : 327.0,
    "pct1ResTime" : 327.0,
    "pct2ResTime" : 327.0,
    "pct3ResTime" : 327.0,
    "throughput" : 1.9692792437967706,
    "receivedKBytesPerSec" : 547.720020800512,
    "sentKBytesPerSec" : 0.6423235033477747
  },
  "Total" : {
    "transaction" : "Total",
    "sampleCount" : 15,
    "errorCount" : 0,
    "errorPct" : 0.0,
    "meanResTime" : 269.4666666666667,
    "medianResTime" : 271.0,
    "minResTime" : 62.0,
    "maxResTime" : 1168.0,
    "pct1ResTime" : 663.4000000000003,
    "pct2ResTime" : 1168.0,
    "pct3ResTime" : 1168.0,
    "throughput" : 3.369272237196766,
    "receivedKBytesPerSec" : 313.9929210186433,
    "sentKBytesPerSec" : 0.9618658046945193
  },
  "login" : {
    "transaction" : "login",
    "sampleCount" : 5,
    "errorCount" : 0,
    "errorPct" : 0.0,
    "meanResTime" : 416.2,
    "medianResTime" : 271.0,
    "minResTime" : 180.0,
    "maxResTime" : 1168.0,
    "pct1ResTime" : 1168.0,
    "pct2ResTime" : 1168.0,
    "pct3ResTime" : 1168.0,
    "throughput" : 1.224889759921607,
    "receivedKBytesPerSec" : 0.9595767240323371,
    "sentKBytesPerSec" : 0.3050262585742283
  },
  "create api key" : {
    "transaction" : "create api key",
    "sampleCount" : 5,
    "errorCount" : 0,
    "errorPct" : 0.0,
    "meanResTime" : 78.2,
    "medianResTime" : 81.0,
    "minResTime" : 62.0,
    "maxResTime" : 96.0,
    "pct1ResTime" : 96.0,
    "pct2ResTime" : 96.0,
    "pct3ResTime" : 96.0,
    "throughput" : 2.139495079161318,
    "receivedKBytesPerSec" : 1.4199227107402652,
    "sentKBytesPerSec" : 0.6017329910141206
  }
}