{
  "zone activity" : {
    "transaction" : "zone activity",
    "sampleCount" : 5,
    "errorCount" : 0,
    "errorPct" : 0.0,
    "meanResTime" : 1078.6,
    "medianResTime" : 1003.0,
    "minResTime" : 203.0,
    "maxResTime" : 2006.0,
    "pct1ResTime" : 2006.0,
    "pct2ResTime" : 2006.0,
    "pct3ResTime" : 2006.0,
    "throughput" : 1.5698587127158556,
    "receivedKBytesPerSec" : 436.7730205062794,
    "sentKBytesPerSec" : 0.512043759811617
  },
  "Total" : {
    "transaction" : "Total",
    "sampleCount" : 15,
    "errorCount" : 0,
    "errorPct" : 0.0,
    "meanResTime" : 444.4666666666666,
    "medianResTime" : 135.0,
    "minResTime" : 37.0,
    "maxResTime" : 2006.0,
    "pct1ResTime" : 1985.6,
    "pct2ResTime" : 2006.0,
    "pct3ResTime" : 2006.0,
    "throughput" : 3.481894150417827,
    "receivedKBytesPerSec" : 324.59504845636025,
    "sentKBytesPerSec" : 0.994017307915506
  },
  "login" : {
    "transaction" : "login",
    "sampleCount" : 5,
    "errorCount" : 0,
    "errorPct" : 0.0,
    "meanResTime" : 207.8,
    "medianResTime" : 135.0,
    "minResTime" : 114.0,
    "maxResTime" : 522.0,
    "pct1ResTime" : 522.0,
    "pct2ResTime" : 522.0,
    "pct3ResTime" : 522.0,
    "throughput" : 1.2324377618930245,
    "receivedKBytesPerSec" : 0.9652491064826225,
    "sentKBytesPerSec" : 0.3069058879714074
  },
  "create api key" : {
    "transaction" : "create api key",
    "sampleCount" : 5,
    "errorCount" : 0,
    "errorPct" : 0.0,
    "meanResTime" : 47.0,
    "medianResTime" : 44.0,
    "minResTime" : 37.0,
    "maxResTime" : 59.0,
    "pct1ResTime" : 59.0,
    "pct2ResTime" : 59.0,
    "pct3ResTime" : 59.0,
    "throughput" : 1.639344262295082,
    "receivedKBytesPerSec" : 1.0876664959016393,
    "sentKBytesPerSec" : 0.46106557377049184
  }
}