{
  "zone activity" : {
    "transaction" : "zone activity",
    "sampleCount" : 5,
    "errorCount" : 0,
    "errorPct" : 0.0,
    "meanResTime" : 449.6,
    "medianResTime" : 411.0,
    "minResTime" : 377.0,
    "maxResTime" : 533.0,
    "pct1ResTime" : 533.0,
    "pct2ResTime" : 533.0,
    "pct3ResTime" : 533.0,
    "throughput" : 1.7674089784376106,
    "receivedKBytesPerSec" : 491.7480641348533,
    "sentKBytesPerSec" : 0.57647910038883
  },
  "Total" : {
    "transaction" : "Total",
    "sampleCount" : 15,
    "errorCount" : 0,
    "errorPct" : 0.0,
    "meanResTime" : 304.7333333333333,
    "medianResTime" : 251.0,
    "minResTime" : 80.0,
    "maxResTime" : 868.0,
    "pct1ResTime" : 667.0000000000001,
    "pct2ResTime" : 868.0,
    "pct3ResTime" : 868.0,
    "throughput" : 3.2658393207054215,
    "receivedKBytesPerSec" : 304.4614852084694,
    "sentKBytesPerSec" : 0.9323375925321141
  },
  "login" : {
    "transaction" : "login",
    "sampleCount" : 5,
    "errorCount" : 0,
    "errorPct" : 0.0,
    "meanResTime" : 372.0,
    "medianResTime" : 251.0,
    "minResTime" : 230.0,
    "maxResTime" : 868.0,
    "pct1ResTime" : 868.0,
    "pct2ResTime" : 868.0,
    "pct3ResTime" : 868.0,
    "throughput" : 1.2097749818533754,
    "receivedKBytesPerSec" : 0.9474995463343818,
    "sentKBytesPerSec" : 0.30126232458262764
  },
  "create api key" : {
    "transaction" : "create api key",
    "sampleCount" : 5,
    "errorCount" : 0,
    "errorPct" : 0.0,
    "meanResTime" : 92.6,
    "medianResTime" : 87.0,
    "minResTime" : 80.0,
    "maxResTime" : 109.0,
    "pct1ResTime" : 109.0,
    "pct2ResTime" : 109.0,
    "pct3ResTime" : 109.0,
    "throughput" : 1.946282600233554,
    "receivedKBytesPerSec" : 1.2924532892175944,
    "sentKBytesPerSec" : 0.547391981315687
  }
}