{
  "zone activity" : {
    "transaction" : "zone activity",
    "sampleCount" : 5,
    "errorCount" : 0,
    "errorPct" : 0.0,
    "meanResTime" : 114.0,
    "medianResTime" : 100.0,
    "minResTime" : 89.0,
    "maxResTime" : 146.0,
    "pct1ResTime" : 146.0,
    "pct2ResTime" : 146.0,
    "pct3ResTime" : 146.0,
    "throughput" : 2.1440823327615783,
    "receivedKBytesPerSec" : 596.5511263132505,
    "sentKBytesPerSec" : 0.6993393546312179
  },
  "Total" : {
    "transaction" : "Total",
    "sampleCount" : 15,
    "errorCount" : 0,
    "errorPct" : 0.0,
    "meanResTime" : 122.4,
    "medianResTime" : 51.0,
    "minResTime" : 15.0,
    "maxResTime" : 918.0,
    "pct1ResTime" : 454.8000000000003,
    "pct2ResTime" : 918.0,
    "pct3ResTime" : 918.0,
    "throughput" : 3.681885125184094,
    "receivedKBytesPerSec" : 343.2475760922926,
    "sentKBytesPerSec" : 1.0511110855424644
  },
  "login" : {
    "transaction" : "login",
    "sampleCount" : 5,
    "errorCount" : 0,
    "errorPct" : 0.0,
    "meanResTime" : 225.4,
    "medianResTime" : 51.0,
    "minResTime" : 47.0,
    "maxResTime" : 918.0,
    "pct1ResTime" : 918.0,
    "pct2ResTime" : 918.0,
    "pct3ResTime" : 918.0,
    "throughput" : 1.2635835228708618,
    "receivedKBytesPerSec" : 0.9896425638109679,
    "sentKBytesPerSec" : 0.3146619124336619
  },
  "create api key" : {
    "transaction" : "create api key",
    "sampleCount" : 5,
    "errorCount" : 0,
    "errorPct" : 0.0,
    "meanResTime" : 27.8,
    "medianResTime" : 16.0,
    "minResTime" : 15.0,
    "maxResTime" : 48.0,
    "pct1ResTime" : 48.0,
    "pct2ResTime" : 48.0,
    "pct3ResTime" : 48.0,
    "throughput" : 2.182453077258839,
    "receivedKBytesPerSec" : 1.4480064655172413,
    "sentKBytesPerSec" : 0.6138149279790485
  }
}