{
  "zone activity" : {
    "transaction" : "zone activity",
    "sampleCount" : 5,
    "errorCount" : 0,
    "errorPct" : 0.0,
    "meanResTime" : 912.0,
    "medianResTime" : 1127.0,
    "minResTime" : 88.0,
    "maxResTime" : 1628.0,
    "pct1ResTime" : 1628.0,
    "pct2ResTime" : 1628.0,
    "pct3ResTime" : 1628.0,
    "throughput" : 1.9372336303758233,
    "receivedKBytesPerSec" : 538.9251531625339,
    "sentKBytesPerSec" : 0.6318711255327393
  },
  "Total" : {
    "transaction" : "Total",
    "sampleCount" : 15,
    "errorCount" : 0,
    "errorPct" : 0.0,
    "meanResTime" : 384.5333333333333,
    "medianResTime" : 54.0,
    "minResTime" : 17.0,
    "maxResTime" : 1628.0,
    "pct1ResTime" : 1621.4,
    "pct2ResTime" : 1628.0,
    "pct3ResTime" : 1628.0,
    "throughput" : 3.6936715094804233,
    "receivedKBytesPerSec" : 344.29924125831076,
    "sentKBytesPerSec" : 1.0544758834031027
  },
  "login" : {
    "transaction" : "login",
    "sampleCount" : 5,
    "errorCount" : 0,
    "errorPct" : 0.0,
    "meanResTime" : 217.2,
    "medianResTime" : 54.0,
    "minResTime" : 49.0,
    "maxResTime" : 870.0,
    "pct1ResTime" : 870.0,
    "pct2ResTime" : 870.0,
    "pct3ResTime" : 870.0,
    "throughput" : 1.2648621300278269,
    "receivedKBytesPerSec" : 0.9906439729319505,
    "sentKBytesPerSec" : 0.31498031558310147
  },
  "create api key" : {
    "transaction" : "create api key",
    "sampleCount" : 5,
    "errorCount" : 0,
    "errorPct" : 0.0,
    "meanResTime" : 24.4,
    "medianResTime" : 18.0,
    "minResTime" : 17.0,
    "maxResTime" : 35.0,
    "pct1ResTime" : 35.0,
    "pct2ResTime" : 35.0,
    "pct3ResTime" : 35.0,
    "throughput" : 1.966955153422502,
    "receivedKBytesPerSec" : 1.3050286437844218,
    "sentKBytesPerSec" : 0.5532061369000787
  }
}