{
  "zone activity" : {
    "transaction" : "zone activity",
    "sampleCount" : 10,
    "errorCount" : 0,
    "errorPct" : 0.0,
    "meanResTime" : 26.900000000000002,
    "medianResTime" : 25.0,
    "minResTime" : 22.0,
    "maxResTime" : 36.0,
    "pct1ResTime" : 35.8,
    "pct2ResTime" : 36.0,
    "pct3ResTime" : 36.0,
    "throughput" : 1.3363624214887078,
    "receivedKBytesPerSec" : 20.849733353935587,
    "sentKBytesPerSec" : 0.43457879526927706
  },
  "Total" : {
    "transaction" : "Total",
    "sampleCount" : 30,
    "errorCount" : 0,
    "errorPct" : 0.0,
    "meanResTime" : 57.76666666666666,
    "medianResTime" : 28.5,
    "minResTime" : 15.0,
    "maxResTime" : 847.0,
    "pct1ResTime" : 47.7,
    "pct2ResTime" : 411.3999999999994,
    "pct3ResTime" : 847.0,
    "throughput" : 3.3452274754683318,
    "receivedKBytesPerSec" : 21.27518938865968,
    "sentKBytesPerSec" : 0.9550014635370205
  },
  "login" : {
    "transaction" : "login",
    "sampleCount" : 10,
    "errorCount" : 0,
    "errorPct" : 0.0,
    "meanResTime" : 125.19999999999999,
    "medianResTime" : 44.5,
    "minResTime" : 41.0,
    "maxResTime" : 847.0,
    "pct1ResTime" : 767.8000000000003,
    "pct2ResTime" : 847.0,
    "pct3ResTime" : 847.0,
    "throughput" : 1.120197154699227,
    "receivedKBytesPerSec" : 2.0150421474179456,
    "sentKBytesPerSec" : 0.2800492886748068
  },
  "create api key" : {
    "transaction" : "create api key",
    "sampleCount" : 10,
    "errorCount" : 0,
    "errorPct" : 0.0,
    "meanResTime" : 21.2,
    "medianResTime" : 17.0,
    "minResTime" : 15.0,
    "maxResTime" : 39.0,
    "pct1ResTime" : 38.9,
    "pct2ResTime" : 39.0,
    "pct3ResTime" : 39.0,
    "throughput" : 1.331026221216558,
    "receivedKBytesPerSec" : 2.234668241714362,
    "sentKBytesPerSec" : 0.3743511247171569
  }
}