{
  "zone activity" : {
    "transaction" : "zone activity",
    "sampleCount" : 5,
    "errorCount" : 0,
    "errorPct" : 0.0,
    "meanResTime" : 251.0,
    "medianResTime" : 180.0,
    "minResTime" : 175.0,
    "maxResTime" : 368.0,
    "pct1ResTime" : 368.0,
    "pct2ResTime" : 368.0,
    "pct3ResTime" : 368.0,
    "throughput" : 1.6270745200130166,
    "receivedKBytesPerSec" : 452.6623006833713,
    "sentKBytesPerSec" : 0.5307059469573706
  },
  "Total" : {
    "transaction" : "Total",
    "sampleCount" : 15,
    "errorCount" : 0,
    "errorPct" : 0.0,
    "meanResTime" : 157.8,
    "medianResTime" : 103.0,
    "minResTime" : 34.0,
    "maxResTime" : 476.0,
    "pct1ResTime" : 411.20000000000005,
    "pct2ResTime" : 476.0,
    "pct3ResTime" : 476.0,
    "throughput" : 3.5671819262782405,
    "receivedKBytesPerSec" : 332.5242921373365,
    "sentKBytesPerSec" : 1.018365413198573
  },
  "login" : {
    "transaction" : "login",
    "sampleCount" : 5,
    "errorCount" : 0,
    "errorPct" : 0.0,
    "meanResTime" : 180.4,
    "medianResTime" : 103.0,
    "minResTime" : 101.0,
    "maxResTime" : 476.0,
    "pct1ResTime" : 476.0,
    "pct2ResTime" : 476.0,
    "pct3ResTime" : 476.0,
    "throughput" : 1.2528188423953897,
    "receivedKBytesPerSec" : 0.9812116324229516,
    "sentKBytesPerSec" : 0.31198125469807064
  },
  "create api key" : {
    "transaction" : "create api key",
    "sampleCount" : 5,
    "errorCount" : 0,
    "errorPct" : 0.0,
    "meanResTime" : 42.0,
    "medianResTime" : 35.0,
    "minResTime" : 34.0,
    "maxResTime" : 54.0,
    "pct1ResTime" : 54.0,
    "pct2ResTime" : 54.0,
    "pct3ResTime" : 54.0,
    "throughput" : 1.688048615800135,
    "receivedKBytesPerSec" : 1.1199806929439566,
    "sentKBytesPerSec" : 0.4747636731937879
  }
}