{
  "zone activity" : {
    "transaction" : "zone activity",
    "sampleCount" : 5,
    "errorCount" : 0,
    "errorPct" : 0.0,
    "meanResTime" : 101.4,
    "medianResTime" : 86.0,
    "minResTime" : 84.0,
    "maxResTime" : 126.0,
    "pct1ResTime" : 126.0,
    "pct2ResTime" : 126.0,
    "pct3ResTime" : 126.0,
    "throughput" : 1.7367141368530739,
    "receivedKBytesPerSec" : 483.1057061913859,
    "sentKBytesPerSec" : 0.5664673063563738
  },
  "Total" : {
    "transaction" : "Total",
    "sampleCount" : 15,
    "errorCount" : 0,
    "errorPct" : 0.0,
    "meanResTime" : 81.13333333333333,
    "medianResTime" : 46.0,
    "minResTime" : 14.0,
    "maxResTime" : 390.0,
    "pct1ResTime" : 231.60000000000008,
    "pct2ResTime" : 390.0,
    "pct3ResTime" : 390.0,
    "throughput" : 3.688222276862552,
    "receivedKBytesPerSec" : 343.7660879487337,
    "sentKBytesPerSec" : 1.0529202268256699
  },
  "login" : {
    "transaction" : "login",
    "sampleCount" : 5,
    "errorCount" : 0,
    "errorPct" : 0.0,
    "meanResTime" : 116.2,
    "medianResTime" : 45.0,
    "minResTime" : 42.0,
    "maxResTime" : 390.0,
    "pct1ResTime" : 390.0,
    "pct2ResTime" : 390.0,
    "pct3ResTime" : 390.0,
    "throughput" : 1.2619888944977284,
    "receivedKBytesPerSec" : 0.9883936458859162,
    "sentKBytesPerSec" : 0.31426481259464917
  },
  "create api key" : {
    "transaction" : "create api key",
    "sampleCount" : 5,
    "errorCount" : 0,
    "errorPct" : 0.0,
    "meanResTime" : 25.8,
    "medianResTime" : 16.0,
    "minResTime" : 14.0,
    "maxResTime" : 46.0,
    "pct1ResTime" : 46.0,
    "pct2ResTime" : 46.0,
    "pct3ResTime" : 46.0,
    "throughput" : 1.758705592683785,
    "receivedKBytesPerSec" : 1.1675469354555048,
    "sentKBytesPerSec" : 0.49463594794231447
  }
}