{
  "zone activity" : {
    "transaction" : "zone activity",
    "sampleCount" : 5,
    "errorCount" : 0,
    "errorPct" : 0.0,
    "meanResTime" : 371.8,
    "medianResTime" : 401.0,
    "minResTime" : 324.0,
    "maxResTime" : 406.0,
    "pct1ResTime" : 406.0,
    "pct2ResTime" : 406.0,
    "pct3ResTime" : 406.0,
    "throughput" : 2.2331397945511386,
    "receivedKBytesPerSec" : 621.5988234144708,
    "sentKBytesPerSec" : 0.7283873939258598
  },
  "Total" : {
    "transaction" : "Total",
    "sampleCount" : 15,
    "errorCount" : 0,
    "errorPct" : 0.0,
    "meanResTime" : 283.4,
    "medianResTime" : 207.0,
    "minResTime" : 69.0,
    "maxResTime" : 1158.0,
    "pct1ResTime" : 706.8000000000003,
    "pct2ResTime" : 1158.0,
    "pct3ResTime" : 1158.0,
    "throughput" : 3.321523472099203,
    "receivedKBytesPerSec" : 309.78612502767936,
    "sentKBytesPerSec" : 0.9482344026793622
  },
  "login" : {
    "transaction" : "login",
    "sampleCount" : 5,
    "errorCount" : 0,
    "errorPct" : 0.0,
    "meanResTime" : 401.6,
    "medianResTime" : 207.0,
    "minResTime" : 197.0,
    "maxResTime" : 1158.0,
    "pct1ResTime" : 1158.0,
    "pct2ResTime" : 1158.0,
    "pct3ResTime" : 1158.0,
    "throughput" : 1.2135922330097086,
    "receivedKBytesPerSec" : 0.950489229368932,
    "sentKBytesPerSec" : 0.3022129095873786
  },
  "create api key" : {
    "transaction" : "create api key",
    "sampleCount" : 5,
    "errorCount" : 0,
    "errorPct" : 0.0,
    "meanResTime" : 76.8,
    "medianResTime" : 82.0,
    "minResTime" : 69.0,
    "maxResTime" : 82.0,
    "pct1ResTime" : 82.0,
    "pct2ResTime" : 82.0,
    "pct3ResTime" : 82.0,
    "throughput" : 2.487562189054726,
    "receivedKBytesPerSec" : 1.650925062189055,
    "sentKBytesPerSec" : 0.6996268656716419
  }
}