{
  "zone activity" : {
    "transaction" : "zone activity",
    "sampleCount" : 5,
    "errorCount" : 0,
    "errorPct" : 0.0,
    "meanResTime" : 222.4,
    "medianResTime" : 182.0,
    "minResTime" : 164.0,
    "maxResTime" : 301.0,
    "pct1ResTime" : 301.0,
    "pct2ResTime" : 301.0,
    "pct3ResTime" : 301.0,
    "throughput" : 1.753155680224404,
    "receivedKBytesPerSec" : 487.83542798913044,
    "sentKBytesPerSec" : 0.5718300753856943
  },
  "Total" : {
    "transaction" : "Total",
    "sampleCount" : 15,
    "errorCount" : 0,
    "errorPct" : 0.0,
    "meanResTime" : 212.46666666666664,
    "medianResTime" : 152.0,
    "minResTime" : 30.0,
    "maxResTime" : 934.0,
    "pct1ResTime" : 624.4000000000002,
    "pct2ResTime" : 934.0,
    "pct3ResTime" : 934.0,
    "throughput" : 3.3112582781456954,
    "receivedKBytesPerSec" : 308.72913217439293,
    "sentKBytesPerSec" : 0.9453038769315673
  },
  "login" : {
    "transaction" : "login",
    "sampleCount" : 5,
    "errorCount" : 0,
    "errorPct" : 0.0,
    "meanResTime" : 339.4,
    "medianResTime" : 152.0,
    "minResTime" : 92.0,
    "maxResTime" : 934.0,
    "pct1ResTime" : 934.0,
    "pct2ResTime" : 934.0,
    "pct3ResTime" : 934.0,
    "throughput" : 1.1547344110854503,
    "receivedKBytesPerSec" : 0.9046171333718245,
    "sentKBytesPerSec" : 0.28755593244803695
  },
  "create api key" : {
    "transaction" : "create api key",
    "sampleCount" : 5,
    "errorCount" : 0,
    "errorPct" : 0.0,
    "meanResTime" : 75.6,
    "medianResTime" : 33.0,
    "minResTime" : 30.0,
    "maxResTime" : 144.0,
    "pct1ResTime" : 144.0,
    "pct2ResTime" : 144.0,
    "pct3ResTime" : 144.0,
    "throughput" : 1.7593244194229416,
    "receivedKBytesPerSec" : 1.1679577542223785,
    "sentKBytesPerSec" : 0.4948099929627023
  }
}