{
  "zone activity" : {
    "transaction" : "zone activity",
    "sampleCount" : 5,
    "errorCount" : 0,
    "errorPct" : 0.0,
    "meanResTime" : 101.4,
    "medianResTime" : 99.0,
    "minResTime" : 80.0,
    "maxResTime" : 124.0,
    "pct1ResTime" : 124.0,
    "pct2ResTime" : 124.0,
    "pct3ResTime" : 124.0,
    "throughput" : 1.6733601070950468,
    "receivedKBytesPerSec" : 465.5647328898929,
    "sentKBytesPerSec" : 0.5458030036813922
  },
  "Total" : {
    "transaction" : "Total",
    "sampleCount" : 15,
    "errorCount" : 0,
    "errorPct" : 0.0,
    "meanResTime" : 85.73333333333333,
    "medianResTime" : 39.0,
    "minResTime" : 12.0,
    "maxResTime" : 510.0,
    "pct1ResTime" : 278.40000000000015,
    "pct2ResTime" : 510.0,
    "pct3ResTime" : 510.0,
    "throughput" : 3.6809815950920246,
    "receivedKBytesPerSec" : 343.15112154907973,
    "sentKBytesPerSec" : 1.050853144171779
  },
  "login" : {
    "transaction" : "login",
    "sampleCount" : 5,
    "errorCount" : 0,
    "errorPct" : 0.0,
    "meanResTime" : 135.2,
    "medianResTime" : 39.0,
    "minResTime" : 37.0,
    "maxResTime" : 510.0,
    "pct1ResTime" : 510.0,
    "pct2ResTime" : 510.0,
    "pct3ResTime" : 510.0,
    "throughput" : 1.2619888944977284,
    "receivedKBytesPerSec" : 0.9883936458859162,
    "sentKBytesPerSec" : 0.31426481259464917
  },
  "create api key" : {
    "transaction" : "create api key",
    "sampleCount" : 5,
    "errorCount" : 0,
    "errorPct" : 0.0,
    "meanResTime" : 20.6,
    "medianResTime" : 13.0,
    "minResTime" : 12.0,
    "maxResTime" : 37.0,
    "pct1ResTime" : 37.0,
    "pct2ResTime" : 37.0,
    "pct3ResTime" : 37.0,
    "throughput" : 1.7047391749062393,
    "receivedKBytesPerSec" : 1.131054487725878,
    "sentKBytesPerSec" : 0.47945789294237984
  }
}