{
  "zone activity" : {
    "transaction" : "zone activity",
    "sampleCount" : 5,
    "errorCount" : 0,
    "errorPct" : 0.0,
    "meanResTime" : 1210.6,
    "medianResTime" : 1521.0,
    "minResTime" : 192.0,
    "maxResTime" : 1916.0,
    "pct1ResTime" : 1916.0,
    "pct2ResTime" : 1916.0,
    "pct3ResTime" : 1916.0,
    "throughput" : 1.9615535504119261,
    "receivedKBytesPerSec" : 545.7888663446449,
    "sentKBytesPerSec" : 0.639803599450765
  },
  "Total" : {
    "transaction" : "Total",
    "sampleCount" : 15,
    "errorCount" : 0,
    "errorPct" : 0.0,
    "meanResTime" : 522.7333333333333,
    "medianResTime" : 133.0,
    "minResTime" : 34.0,
    "maxResTime" : 1916.0,
    "pct1ResTime" : 1903.4,
    "pct2ResTime" : 1916.0,
    "pct3ResTime" : 1916.0,
    "throughput" : 3.536067892503536,
    "receivedKBytesPerSec" : 329.6674254479019,
    "sentKBytesPerSec" : 1.0094829237388026
  },
  "login" : {
    "transaction" : "login",
    "sampleCount" : 5,
    "errorCount" : 0,
    "errorPct" : 0.0,
    "meanResTime" : 308.4,
    "medianResTime" : 133.0,
    "minResTime" : 105.0,
    "maxResTime" : 1041.0,
    "pct1ResTime" : 1041.0,
    "pct2ResTime" : 1041.0,
    "pct3ResTime" : 1041.0,
    "throughput" : 1.24595066035385,
    "receivedKBytesPerSec" : 0.975832450784949,
    "sentKBytesPerSec" : 0.31027091639671067
  },
  "create api key" : {
    "transaction" : "create api key",
    "sampleCount" : 5,
    "errorCount" : 0,
    "errorPct" : 0.0,
    "meanResTime" : 49.2,
    "medianResTime" : 43.0,
    "minResTime" : 34.0,
    "maxResTime" : 66.0,
    "pct1ResTime" : 66.0,
    "pct2ResTime" : 66.0,
    "pct3ResTime" : 66.0,
    "throughput" : 2.0559210526315788,
    "receivedKBytesPerSec" : 1.3640554327713816,
    "sentKBytesPerSec" : 0.5782277960526316
  }
}