{
  "zone activity" : {
    "transaction" : "zone activity",
    "sampleCount" : 5,
    "errorCount" : 0,
    "errorPct" : 0.0,
    "meanResTime" : 394.2,
    "medianResTime" : 392.0,
    "minResTime" : 386.0,
    "maxResTime" : 407.0,
    "pct1ResTime" : 407.0,
    "pct2ResTime" : 407.0,
    "pct3ResTime" : 407.0,
    "throughput" : 12.285012285012284,
    "receivedKBytesPerSec" : 3418.412642045455,
    "sentKBytesPerSec" : 4.0070254914004915
  },
  "Total" : {
    "transaction" : "Total",
    "sampleCount" : 15,
    "errorCount" : 0,
    "errorPct" : 0.0,
    "meanResTime" : 675.6666666666666,
    "medianResTime" : 389.0,
    "minResTime" : 62.0,
    "maxResTime" : 3279.0,
    "pct1ResTime" : 2772.6000000000004,
    "pct2ResTime" : 3279.0,
    "pct3ResTime" : 3279.0,
    "throughput" : 3.3392698130008904,
    "receivedKBytesPerSec" : 311.3377775768032,
    "sentKBytesPerSec" : 0.953300659505788
  },
  "login" : {
    "transaction" : "login",
    "sampleCount" : 5,
    "errorCount" : 0,
    "errorPct" : 0.0,
    "meanResTime" : 1555.2,
    "medianResTime" : 1436.0,
    "minResTime" : 189.0,
    "maxResTime" : 3279.0,
    "pct1ResTime" : 3279.0,
    "pct2ResTime" : 3279.0,
    "pct3ResTime" : 3279.0,
    "throughput" : 1.2400793650793651,
    "receivedKBytesPerSec" : 0.9712340339781746,
    "sentKBytesPerSec" : 0.30880882626488093
  },
  "create api key" : {
    "transaction" : "create api key",
    "sampleCount" : 5,
    "errorCount" : 0,
    "errorPct" : 0.0,
    "meanResTime" : 77.6,
    "medianResTime" : 81.0,
    "minResTime" : 62.0,
    "maxResTime" : 85.0,
    "pct1ResTime" : 85.0,
    "pct2ResTime" : 85.0,
    "pct3ResTime" : 85.0,
    "throughput" : 48.543689320388346,
    "receivedKBytesPerSec" : 32.2265625,
    "sentKBytesPerSec" : 13.652912621359224
  }
}