{
  "zone activity" : {
    "transaction" : "zone activity",
    "sampleCount" : 5,
    "errorCount" : 0,
    "errorPct" : 0.0,
    "meanResTime" : 213.0,
    "medianResTime" : 82.0,
    "minResTime" : 74.0,
    "maxResTime" : 417.0,
    "pct1ResTime" : 417.0,
    "pct2ResTime" : 417.0,
    "pct3ResTime" : 417.0,
    "throughput" : 2.061005770816158,
    "receivedKBytesPerSec" : 573.6495581718879,
    "sentKBytesPerSec" : 0.6722421166529265
  },
  "Total" : {
    "transaction" : "Total",
    "sampleCount" : 15,
    "errorCount" : 0,
    "errorPct" : 0.0,
    "meanResTime" : 160.46666666666667,
    "medianResTime" : 58.0,
    "minResTime" : 16.0,
    "maxResTime" : 985.0,
    "pct1ResTime" : 644.2000000000003,
    "pct2ResTime" : 985.0,
    "pct3ResTime" : 985.0,
    "throughput" : 3.7064492216456633,
    "receivedKBytesPerSec" : 345.66524006980484,
    "sentKBytesPerSec" : 1.0581236872992341
  },
  "login" : {
    "transaction" : "login",
    "sampleCount" : 5,
    "errorCount" : 0,
    "errorPct" : 0.0,
    "meanResTime" : 242.0,
    "medianResTime" : 58.0,
    "minResTime" : 46.0,
    "maxResTime" : 985.0,
    "pct1ResTime" : 985.0,
    "pct2ResTime" : 985.0,
    "pct3ResTime" : 985.0,
    "throughput" : 1.2642225031605563,
    "receivedKBytesPerSec" : 0.99014301517067,
    "sentKBytesPerSec" : 0.31482103350189633
  },
  "create api key" : {
    "transaction" : "create api key",
    "sampleCount" : 5,
    "errorCount" : 0,
    "errorPct" : 0.0,
    "meanResTime" : 26.4,
    "medianResTime" : 17.0,
    "minResTime" : 16.0,
    "maxResTime" : 42.0,
    "pct1ResTime" : 42.0,
    "pct2ResTime" : 42.0,
    "pct3ResTime" : 42.0,
    "throughput" : 2.077274615704196,
    "receivedKBytesPerSec" : 1.3782230213959286,
    "sentKBytesPerSec" : 0.5842334856668051
  }
}