{
  "zone activity" : {
    "transaction" : "zone activity",
    "sampleCount" : 5,
    "errorCount" : 0,
    "errorPct" : 0.0,
    "meanResTime" : 94.0,
    "medianResTime" : 76.0,
    "minResTime" : 75.0,
    "maxResTime" : 123.0,
    "pct1ResTime" : 123.0,
    "pct2ResTime" : 123.0,
    "pct3ResTime" : 123.0,
    "throughput" : 2.162629757785467,
    "receivedKBytesPerSec" : 601.4353610240053,
    "sentKBytesPerSec" : 0.7053890030276817
  },
  "Total" : {
    "transaction" : "Total",
    "sampleCount" : 15,
    "errorCount" : 0,
    "errorPct" : 0.0,
    "meanResTime" : 133.13333333333333,
    "medianResTime" : 56.0,
    "minResTime" : 17.0,
    "maxResTime" : 1070.0,
    "pct1ResTime" : 524.6000000000004,
    "pct2ResTime" : 1070.0,
    "pct3ResTime" : 1070.0,
    "throughput" : 3.70004933399112,
    "receivedKBytesPerSec" : 344.7834122163295,
    "sentKBytesPerSec" : 1.0562966360384805
  },
  "login" : {
    "transaction" : "login",
    "sampleCount" : 5,
    "errorCount" : 0,
    "errorPct" : 0.0,
    "meanResTime" : 278.4,
    "medianResTime" : 56.0,
    "minResTime" : 51.0,
    "maxResTime" : 1070.0,
    "pct1ResTime" : 1070.0,
    "pct2ResTime" : 1070.0,
    "pct3ResTime" : 1070.0,
    "throughput" : 1.2629451881788332,
    "receivedKBytesPerSec" : 0.9891426180853751,
    "sentKBytesPerSec" : 0.31450295213437734
  },
  "create api key" : {
    "transaction" : "create api key",
    "sampleCount" : 5,
    "errorCount" : 0,
    "errorPct" : 0.0,
    "meanResTime" : 27.0,
    "medianResTime" : 19.0,
    "minResTime" : 17.0,
    "maxResTime" : 41.0,
    "pct1ResTime" : 41.0,
    "pct2ResTime" : 41.0,
    "pct3ResTime" : 41.0,
    "throughput" : 2.181500872600349,
    "receivedKBytesPerSec" : 1.4473747000436301,
    "sentKBytesPerSec" : 0.6135471204188482
  }
}