{
  "zone activity" : {
    "transaction" : "zone activity",
    "sampleCount" : 5,
    "errorCount" : 0,
    "errorPct" : 0.0,
    "meanResTime" : 122.8,
    "medianResTime" : 99.0,
    "minResTime" : 86.0,
    "maxResTime" : 169.0,
    "pct1ResTime" : 169.0,
    "pct2ResTime" : 169.0,
    "pct3ResTime" : 169.0,
    "throughput" : 2.00160128102482,
    "receivedKBytesPerSec" : 556.8650232686149,
    "sentKBytesPerSec" : 0.6528660428342673
  },
  "Total" : {
    "transaction" : "Total",
    "sampleCount" : 15,
    "errorCount" : 0,
    "errorPct" : 0.0,
    "meanResTime" : 123.79999999999998,
    "medianResTime" : 63.0,
    "minResTime" : 13.0,
    "maxResTime" : 884.0,
    "pct1ResTime" : 455.0000000000002,
    "pct2ResTime" : 884.0,
    "pct3ResTime" : 884.0,
    "throughput" : 3.6800785083415115,
    "receivedKBytesPerSec" : 343.0525580379048,
    "sentKBytesPerSec" : 1.0505953293670265
  },
  "login" : {
    "transaction" : "login",
    "sampleCount" : 5,
    "errorCount" : 0,
    "errorPct" : 0.0,
    "meanResTime" : 216.2,
    "medianResTime" : 49.0,
    "minResTime" : 42.0,
    "maxResTime" : 884.0,
    "pct1ResTime" : 884.0,
    "pct2ResTime" : 884.0,
    "pct3ResTime" : 884.0,
    "throughput" : 1.2632642748863063,
    "receivedKBytesPerSec" : 0.989392527791814,
    "sentKBytesPerSec" : 0.3145824122031329
  },
  "create api key" : {
    "transaction" : "create api key",
    "sampleCount" : 5,
    "errorCount" : 0,
    "errorPct" : 0.0,
    "meanResTime" : 32.4,
    "medianResTime" : 15.0,
    "minResTime" : 13.0,
    "maxResTime" : 65.0,
    "pct1ResTime" : 65.0,
    "pct2ResTime" : 65.0,
    "pct3ResTime" : 65.0,
    "throughput" : 2.0202020202020203,
    "receivedKBytesPerSec" : 1.3403566919191918,
    "sentKBytesPerSec" : 0.5681818181818181
  }
}