{
  "zone activity" : {
    "transaction" : "zone activity",
    "sampleCount" : 5,
    "errorCount" : 0,
    "errorPct" : 0.0,
    "meanResTime" : 91.6,
    "medianResTime" : 77.0,
    "minResTime" : 76.0,
    "maxResTime" : 115.0,
    "pct1ResTime" : 115.0,
    "pct2ResTime" : 115.0,
    "pct3ResTime" : 115.0,
    "throughput" : 2.1542438604049976,
    "receivedKBytesPerSec" : 599.0876440650582,
    "sentKBytesPerSec" : 0.7026537591555364
  },
  "Total" : {
    "transaction" : "Total",
    "sampleCount" : 15,
    "errorCount" : 0,
    "errorPct" : 0.0,
    "meanResTime" : 137.6,
    "medianResTime" : 59.0,
    "minResTime" : 16.0,
    "maxResTime" : 1116.0,
    "pct1ResTime" : 572.4000000000003,
    "pct2ResTime" : 1116.0,
    "pct3ResTime" : 1116.0,
    "throughput" : 3.7064492216456633,
    "receivedKBytesPerSec" : 345.37108892389426,
    "sentKBytesPerSec" : 1.0581236872992341
  },
  "login" : {
    "transaction" : "login",
    "sampleCount" : 5,
    "errorCount" : 0,
    "errorPct" : 0.0,
    "meanResTime" : 296.2,
    "medianResTime" : 59.0,
    "minResTime" : 47.0,
    "maxResTime" : 1116.0,
    "pct1ResTime" : 1116.0,
    "pct2ResTime" : 1116.0,
    "pct3ResTime" : 1116.0,
    "throughput" : 1.2651821862348178,
    "receivedKBytesPerSec" : 0.9908946419534413,
    "sentKBytesPerSec" : 0.3150600170799595
  },
  "create api key" : {
    "transaction" : "create api key",
    "sampleCount" : 5,
    "errorCount" : 0,
    "errorPct" : 0.0,
    "meanResTime" : 25.0,
    "medianResTime" : 20.0,
    "minResTime" : 16.0,
    "maxResTime" : 37.0,
    "pct1ResTime" : 37.0,
    "pct2ResTime" : 37.0,
    "pct3ResTime" : 37.0,
    "throughput" : 2.1805494984736153,
    "receivedKBytesPerSec" : 1.4471693741822937,
    "sentKBytesPerSec" : 0.6132795464457043
  }
}