{
  "zone activity" : {
    "transaction" : "zone activity",
    "sampleCount" : 5,
    "errorCount" : 0,
    "errorPct" : 0.0,
    "meanResTime" : 96.8,
    "medianResTime" : 103.0,
    "minResTime" : 77.0,
    "maxResTime" : 112.0,
    "pct1ResTime" : 112.0,
    "pct2ResTime" : 112.0,
    "pct3ResTime" : 112.0,
    "throughput" : 3.3579583613163195,
    "receivedKBytesPerSec" : 934.7093529633981,
    "sentKBytesPerSec" : 1.0952715748824713
  },
  "Total" : {
    "transaction" : "Total",
    "sampleCount" : 15,
    "errorCount" : 0,
    "errorPct" : 0.0,
    "meanResTime" : 231.53333333333333,
    "medianResTime" : 59.0,
    "minResTime" : 17.0,
    "maxResTime" : 1759.0,
    "pct1ResTime" : 1254.4000000000003,
    "pct2ResTime" : 1759.0,
    "pct3ResTime" : 1759.0,
    "throughput" : 3.75751503006012,
    "receivedKBytesPerSec" : 350.4550605116483,
    "sentKBytesPerSec" : 1.0727020447144289
  },
  "login" : {
    "transaction" : "login",
    "sampleCount" : 5,
    "errorCount" : 0,
    "errorPct" : 0.0,
    "meanResTime" : 565.8,
    "medianResTime" : 59.0,
    "minResTime" : 44.0,
    "maxResTime" : 1759.0,
    "pct1ResTime" : 1759.0,
    "pct2ResTime" : 1759.0,
    "pct3ResTime" : 1759.0,
    "throughput" : 1.2853470437017993,
    "receivedKBytesPerSec" : 1.006687821336761,
    "sentKBytesPerSec" : 0.3200815392030848
  },
  "create api key" : {
    "transaction" : "create api key",
    "sampleCount" : 5,
    "errorCount" : 0,
    "errorPct" : 0.0,
    "meanResTime" : 32.0,
    "medianResTime" : 37.0,
    "minResTime" : 17.0,
    "maxResTime" : 44.0,
    "pct1ResTime" : 44.0,
    "pct2ResTime" : 44.0,
    "pct3ResTime" : 44.0,
    "throughput" : 3.4223134839151266,
    "receivedKBytesPerSec" : 2.2712932067077345,
    "sentKBytesPerSec" : 0.9625256673511293
  }
}