{
  "zone activity" : {
    "transaction" : "zone activity",
    "sampleCount" : 5,
    "errorCount" : 0,
    "errorPct" : 0.0,
    "meanResTime" : 125.8,
    "medianResTime" : 70.0,
    "minResTime" : 53.0,
    "maxResTime" : 226.0,
    "pct1ResTime" : 226.0,
    "pct2ResTime" : 226.0,
    "pct3ResTime" : 226.0,
    "throughput" : 2.2747952684258417,
    "receivedKBytesPerSec" : 632.9613391435396,
    "sentKBytesPerSec" : 0.7419742379435851
  },
  "Total" : {
    "transaction" : "Total",
    "sampleCount" : 15,
    "errorCount" : 0,
    "errorPct" : 0.0,
    "meanResTime" : 149.79999999999998,
    "medianResTime" : 55.0,
    "minResTime" : 14.0,
    "maxResTime" : 1109.0,
    "pct1ResTime" : 579.2000000000003,
    "pct2ResTime" : 1109.0,
    "pct3ResTime" : 1109.0,
    "throughput" : 3.7350597609561755,
    "receivedKBytesPerSec" : 348.2281810258964,
    "sentKBytesPerSec" : 1.0662914747260956
  },
  "login" : {
    "transaction" : "login",
    "sampleCount" : 5,
    "errorCount" : 0,
    "errorPct" : 0.0,
    "meanResTime" : 292.2,
    "medianResTime" : 55.0,
    "minResTime" : 43.0,
    "maxResTime" : 1109.0,
    "pct1ResTime" : 1109.0,
    "pct2ResTime" : 1109.0,
    "pct3ResTime" : 1109.0,
    "throughput" : 1.2690355329949237,
    "receivedKBytesPerSec" : 0.993912595177665,
    "sentKBytesPerSec" : 0.31601959073604063
  },
  "create api key" : {
    "transaction" : "create api key",
    "sampleCount" : 5,
    "errorCount" : 0,
    "errorPct" : 0.0,
    "meanResTime" : 31.4,
    "medianResTime" : 15.0,
    "minResTime" : 14.0,
    "maxResTime" : 60.0,
    "pct1ResTime" : 60.0,
    "pct2ResTime" : 60.0,
    "pct3ResTime" : 60.0,
    "throughput" : 2.2583559168925023,
    "receivedKBytesPerSec" : 1.4992483909214092,
    "sentKBytesPerSec" : 0.6351626016260162
  }
}