{
  "zone activity" : {
    "transaction" : "zone activity",
    "sampleCount" : 5,
    "errorCount" : 0,
    "errorPct" : 0.0,
    "meanResTime" : 1345.8,
    "medianResTime" : 1680.0,
    "minResTime" : 271.0,
    "maxResTime" : 2064.0,
    "pct1ResTime" : 2064.0,
    "pct2ResTime" : 2064.0,
    "pct3ResTime" : 2064.0,
    "throughput" : 1.9054878048780488,
    "receivedKBytesPerSec" : 530.1889559117759,
    "sentKBytesPerSec" : 0.6215165301067073
  },
  "Total" : {
    "transaction" : "Total",
    "sampleCount" : 15,
    "errorCount" : 0,
    "errorPct" : 0.0,
    "meanResTime" : 588.0666666666666,
    "medianResTime" : 175.0,
    "minResTime" : 51.0,
    "maxResTime" : 2064.0,
    "pct1ResTime" : 2044.8,
    "pct2ResTime" : 2064.0,
    "pct3ResTime" : 2064.0,
    "throughput" : 3.4153005464480874,
    "receivedKBytesPerSec" : 318.40829206511836,
    "sentKBytesPerSec" : 0.9750060479280509
  },
  "login" : {
    "transaction" : "login",
    "sampleCount" : 5,
    "errorCount" : 0,
    "errorPct" : 0.0,
    "meanResTime" : 356.8,
    "medianResTime" : 175.0,
    "minResTime" : 154.0,
    "maxResTime" : 1098.0,
    "pct1ResTime" : 1098.0,
    "pct2ResTime" : 1098.0,
    "pct3ResTime" : 1098.0,
    "throughput" : 1.2294074256208507,
    "receivedKBytesPerSec" : 0.9628757376444553,
    "sentKBytesPerSec" : 0.3061512632161298
  },
  "create api key" : {
    "transaction" : "create api key",
    "sampleCount" : 5,
    "errorCount" : 0,
    "errorPct" : 0.0,
    "meanResTime" : 61.6,
    "medianResTime" : 59.0,
    "minResTime" : 51.0,
    "maxResTime" : 73.0,
    "pct1ResTime" : 73.0,
    "pct2ResTime" : 73.0,
    "pct3ResTime" : 73.0,
    "throughput" : 2.0508613617719442,
    "receivedKBytesPerSec" : 1.3606984464725185,
    "sentKBytesPerSec" : 0.5768047579983593
  }
}