{
  "zone activity" : {
    "transaction" : "zone activity",
    "sampleCount" : 5,
    "errorCount" : 0,
    "errorPct" : 0.0,
    "meanResTime" : 1382.6,
    "medianResTime" : 1792.0,
    "minResTime" : 99.0,
    "maxResTime" : 2136.0,
    "pct1ResTime" : 2136.0,
    "pct2ResTime" : 2136.0,
    "pct3ResTime" : 2136.0,
    "throughput" : 2.048340843916428,
    "receivedKBytesPerSec" : 570.0600579936502,
    "sentKBytesPerSec" : 0.6681111736993036
  },
  "Total" : {
    "transaction" : "Total",
    "sampleCount" : 15,
    "errorCount" : 0,
    "errorPct" : 0.0,
    "meanResTime" : 549.6000000000001,
    "medianResTime" : 99.0,
    "minResTime" : 13.0,
    "maxResTime" : 2136.0,
    "pct1ResTime" : 2133.6,
    "pct2ResTime" : 2136.0,
    "pct3ResTime" : 2136.0,
    "throughput" : 3.692762186115214,
    "receivedKBytesPerSec" : 344.3503142694485,
    "sentKBytesPerSec" : 1.0542162881585426
  },
  "login" : {
    "transaction" : "login",
    "sampleCount" : 5,
    "errorCount" : 0,
    "errorPct" : 0.0,
    "meanResTime" : 212.6,
    "medianResTime" : 43.0,
    "minResTime" : 36.0,
    "maxResTime" : 892.0,
    "pct1ResTime" : 892.0,
    "pct2ResTime" : 892.0,
    "pct3ResTime" : 892.0,
    "throughput" : 1.2664640324214793,
    "receivedKBytesPerSec" : 0.9918985878926039,
    "sentKBytesPerSec" : 0.3153792268237082
  },
  "create api key" : {
    "transaction" : "create api key",
    "sampleCount" : 5,
    "errorCount" : 0,
    "errorPct" : 0.0,
    "meanResTime" : 53.6,
    "medianResTime" : 25.0,
    "minResTime" : 13.0,
    "maxResTime" : 111.0,
    "pct1ResTime" : 111.0,
    "pct2ResTime" : 111.0,
    "pct3ResTime" : 111.0,
    "throughput" : 2.02757502027575,
    "receivedKBytesPerSec" : 1.34564451540957,
    "sentKBytesPerSec" : 0.5702554744525546
  }
}