{
  "zone activity" : {
    "transaction" : "zone activity",
    "sampleCount" : 5,
    "errorCount" : 0,
    "errorPct" : 0.0,
    "meanResTime" : 147.0,
    "medianResTime" : 146.0,
    "minResTime" : 141.0,
    "maxResTime" : 156.0,
    "pct1ResTime" : 156.0,
    "pct2ResTime" : 156.0,
    "pct3ResTime" : 156.0,
    "throughput" : 3.5161744022503516,
    "receivedKBytesPerSec" : 978.7154700685654,
    "sentKBytesPerSec" : 1.1468771976090015
  },
  "Total" : {
    "transaction" : "Total",
    "sampleCount" : 15,
    "errorCount" : 0,
    "errorPct" : 0.0,
    "meanResTime" : 303.3333333333333,
    "medianResTime" : 141.0,
    "minResTime" : 30.0,
    "maxResTime" : 2059.0,
    "pct1ResTime" : 1523.2000000000003,
    "pct2ResTime" : 2059.0,
    "pct3ResTime" : 2059.0,
    "throughput" : 3.6083714216983402,
    "receivedKBytesPerSec" : 336.53302223658886,
    "sentKBytesPerSec" : 1.0301242632908347
  },
  "login" : {
    "transaction" : "login",
    "sampleCount" : 5,
    "errorCount" : 0,
    "errorPct" : 0.0,
    "meanResTime" : 713.4,
    "medianResTime" : 164.0,
    "minResTime" : 89.0,
    "maxResTime" : 2059.0,
    "pct1ResTime" : 2059.0,
    "pct2ResTime" : 2059.0,
    "pct3ResTime" : 2059.0,
    "throughput" : 1.256281407035176,
    "receivedKBytesPerSec" : 0.9839235238693468,
    "sentKBytesPerSec" : 0.3128435144472362
  },
  "create api key" : {
    "transaction" : "create api key",
    "sampleCount" : 5,
    "errorCount" : 0,
    "errorPct" : 0.0,
    "meanResTime" : 49.6,
    "medianResTime" : 51.0,
    "minResTime" : 30.0,
    "maxResTime" : 78.0,
    "pct1ResTime" : 78.0,
    "pct2ResTime" : 78.0,
    "pct3ResTime" : 78.0,
    "throughput" : 3.720238095238095,
    "receivedKBytesPerSec" : 2.469017392113095,
    "sentKBytesPerSec" : 1.0463169642857142
  }
}