{
  "zone activity" : {
    "transaction" : "zone activity",
    "sampleCount" : 5,
    "errorCount" : 0,
    "errorPct" : 0.0,
    "meanResTime" : 197.2,
    "medianResTime" : 201.0,
    "minResTime" : 167.0,
    "maxResTime" : 227.0,
    "pct1ResTime" : 227.0,
    "pct2ResTime" : 227.0,
    "pct3ResTime" : 227.0,
    "throughput" : 21.929824561403507,
    "receivedKBytesPerSec" : 6101.19414747807,
    "sentKBytesPerSec" : 7.152891995614035
  },
  "Total" : {
    "transaction" : "Total",
    "sampleCount" : 15,
    "errorCount" : 0,
    "errorPct" : 0.0,
    "meanResTime" : 949.666666666667,
    "medianResTime" : 201.0,
    "minResTime" : 62.0,
    "maxResTime" : 4422.0,
    "pct1ResTime" : 3944.4,
    "pct2ResTime" : 4422.0,
    "pct3ResTime" : 4422.0,
    "throughput" : 2.6728439059158946,
    "receivedKBytesPerSec" : 249.16404022630078,
    "sentKBytesPerSec" : 0.7630482114219529
  },
  "login" : {
    "transaction" : "login",
    "sampleCount" : 5,
    "errorCount" : 0,
    "errorPct" : 0.0,
    "meanResTime" : 2586.8,
    "medianResTime" : 2629.0,
    "minResTime" : 629.0,
    "maxResTime" : 4422.0,
    "pct1ResTime" : 4422.0,
    "pct2ResTime" : 4422.0,
    "pct3ResTime" : 4422.0,
    "throughput" : 1.1307100859339665,
    "receivedKBytesPerSec" : 0.8855756727725012,
    "sentKBytesPerSec" : 0.2815733124151968
  },
  "create api key" : {
    "transaction" : "create api key",
    "sampleCount" : 5,
    "errorCount" : 0,
    "errorPct" : 0.0,
    "meanResTime" : 65.0,
    "medianResTime" : 64.0,
    "minResTime" : 62.0,
    "maxResTime" : 70.0,
    "pct1ResTime" : 70.0,
    "pct2ResTime" : 70.0,
    "pct3ResTime" : 70.0,
    "throughput" : 70.42253521126761,
    "receivedKBytesPerSec" : 46.7649647887324,
    "sentKBytesPerSec" : 19.806338028169016
  }
}