{
  "zone activity" : {
    "transaction" : "zone activity",
    "sampleCount" : 5,
    "errorCount" : 0,
    "errorPct" : 0.0,
    "meanResTime" : 878.6,
    "medianResTime" : 1031.0,
    "minResTime" : 383.0,
    "maxResTime" : 1281.0,
    "pct1ResTime" : 1281.0,
    "pct2ResTime" : 1281.0,
    "pct3ResTime" : 1281.0,
    "throughput" : 1.8882175226586104,
    "receivedKBytesPerSec" : 525.243845591012,
    "sentKBytesPerSec" : 0.6158834497734139
  },
  "Total" : {
    "transaction" : "Total",
    "sampleCount" : 15,
    "errorCount" : 0,
    "errorPct" : 0.0,
    "meanResTime" : 483.13333333333327,
    "medianResTime" : 250.0,
    "minResTime" : 79.0,
    "maxResTime" : 1284.0,
    "pct1ResTime" : 1282.2,
    "pct2ResTime" : 1284.0,
    "pct3ResTime" : 1284.0,
    "throughput" : 3.212679374598415,
    "receivedKBytesPerSec" : 299.4390778940887,
    "sentKBytesPerSec" : 0.9171613969800815
  },
  "login" : {
    "transaction" : "login",
    "sampleCount" : 5,
    "errorCount" : 0,
    "errorPct" : 0.0,
    "meanResTime" : 478.8,
    "medianResTime" : 250.0,
    "minResTime" : 239.0,
    "maxResTime" : 1284.0,
    "pct1ResTime" : 1284.0,
    "pct2ResTime" : 1284.0,
    "pct3ResTime" : 1284.0,
    "throughput" : 1.201923076923077,
    "receivedKBytesPerSec" : 0.9413499098557692,
    "sentKBytesPerSec" : 0.2993070162259615
  },
  "create api key" : {
    "transaction" : "create api key",
    "sampleCount" : 5,
    "errorCount" : 0,
    "errorPct" : 0.0,
    "meanResTime" : 92.0,
    "medianResTime" : 84.0,
    "minResTime" : 79.0,
    "maxResTime" : 108.0,
    "pct1ResTime" : 108.0,
    "pct2ResTime" : 108.0,
    "pct3ResTime" : 108.0,
    "throughput" : 2.1303792074989345,
    "receivedKBytesPerSec" : 1.4142888527907969,
    "sentKBytesPerSec" : 0.5991691521090754
  }
}