{
  "zone activity" : {
    "transaction" : "zone activity",
    "sampleCount" : 5,
    "errorCount" : 0,
    "errorPct" : 0.0,
    "meanResTime" : 1194.4,
    "medianResTime" : 1251.0,
    "minResTime" : 157.0,
    "maxResTime" : 2162.0,
    "pct1ResTime" : 2162.0,
    "pct2ResTime" : 2162.0,
    "pct3ResTime" : 2162.0,
    "throughput" : 1.6377333770062235,
    "receivedKBytesPerSec" : 455.6778808753685,
    "sentKBytesPerSec" : 0.5341825663282018
  },
  "Total" : {
    "transaction" : "Total",
    "sampleCount" : 15,
    "errorCount" : 0,
    "errorPct" : 0.0,
    "meanResTime" : 475.59999999999997,
    "medianResTime" : 98.0,
    "minResTime" : 31.0,
    "maxResTime" : 2162.0,
    "pct1ResTime" : 2154.8,
    "pct2ResTime" : 2162.0,
    "pct3ResTime" : 2162.0,
    "throughput" : 3.564638783269962,
    "receivedKBytesPerSec" : 332.3236617751901,
    "sentKBytesPerSec" : 1.0176393922290874
  },
  "login" : {
    "transaction" : "login",
    "sampleCount" : 5,
    "errorCount" : 0,
    "errorPct" : 0.0,
    "meanResTime" : 187.0,
    "medianResTime" : 98.0,
    "minResTime" : 92.0,
    "maxResTime" : 540.0,
    "pct1ResTime" : 540.0,
    "pct2ResTime" : 540.0,
    "pct3ResTime" : 540.0,
    "throughput" : 1.2447099825740602,
    "receivedKBytesPerSec" : 0.9748607480706994,
    "sentKBytesPerSec" : 0.30996195855115755
  },
  "create api key" : {
    "transaction" : "create api key",
    "sampleCount" : 5,
    "errorCount" : 0,
    "errorPct" : 0.0,
    "meanResTime" : 45.4,
    "medianResTime" : 33.0,
    "minResTime" : 31.0,
    "maxResTime" : 68.0,
    "pct1ResTime" : 68.0,
    "pct2ResTime" : 68.0,
    "pct3ResTime" : 68.0,
    "throughput" : 1.6818028927009754,
    "receivedKBytesPerSec" : 1.1158368020517995,
    "sentKBytesPerSec" : 0.4730070635721494
  }
}