{
  "zone activity" : {
    "transaction" : "zone activity",
    "sampleCount" : 5,
    "errorCount" : 0,
    "errorPct" : 0.0,
    "meanResTime" : 958.4,
    "medianResTime" : 1131.0,
    "minResTime" : 375.0,
    "maxResTime" : 1458.0,
    "pct1ResTime" : 1458.0,
    "pct2ResTime" : 1458.0,
    "pct3ResTime" : 1458.0,
    "throughput" : 1.8539117538005192,
    "receivedKBytesPerSec" : 515.6550536475713,
    "sentKBytesPerSec" : 0.6046938728216537
  },
  "Total" : {
    "transaction" : "Total",
    "sampleCount" : 15,
    "errorCount" : 0,
    "errorPct" : 0.0,
    "meanResTime" : 467.73333333333335,
    "medianResTime" : 236.0,
    "minResTime" : 77.0,
    "maxResTime" : 1458.0,
    "pct1ResTime" : 1447.2,
    "pct2ResTime" : 1458.0,
    "pct3ResTime" : 1458.0,
    "throughput" : 3.238341968911917,
    "receivedKBytesPerSec" : 301.8041950021589,
    "sentKBytesPerSec" : 0.9244875998488774
  },
  "login" : {
    "transaction" : "login",
    "sampleCount" : 5,
    "errorCount" : 0,
    "errorPct" : 0.0,
    "meanResTime" : 356.2,
    "medianResTime" : 236.0,
    "minResTime" : 231.0,
    "maxResTime" : 827.0,
    "pct1ResTime" : 827.0,
    "pct2ResTime" : 827.0,
    "pct3ResTime" : 827.0,
    "throughput" : 1.2022120702091847,
    "receivedKBytesPerSec" : 0.941576250300553,
    "sentKBytesPerSec" : 0.29937898232748256
  },
  "create api key" : {
    "transaction" : "create api key",
    "sampleCount" : 5,
    "errorCount" : 0,
    "errorPct" : 0.0,
    "meanResTime" : 88.6,
    "medianResTime" : 83.0,
    "minResTime" : 77.0,
    "maxResTime" : 102.0,
    "pct1ResTime" : 102.0,
    "pct2ResTime" : 102.0,
    "pct3ResTime" : 102.0,
    "throughput" : 2.0627062706270625,
    "receivedKBytesPerSec" : 1.369363010519802,
    "sentKBytesPerSec" : 0.5801361386138614
  }
}