{
  "zone activity" : {
    "transaction" : "zone activity",
    "sampleCount" : 5,
    "errorCount" : 0,
    "errorPct" : 0.0,
    "meanResTime" : 114.8,
    "medianResTime" : 80.0,
    "minResTime" : 75.0,
    "maxResTime" : 172.0,
    "pct1ResTime" : 172.0,
    "pct2ResTime" : 172.0,
    "pct3ResTime" : 172.0,
    "throughput" : 2.079002079002079,
    "receivedKBytesPerSec" : 578.3235609407485,
    "sentKBytesPerSec" : 0.6781120062370063
  },
  "Total" : {
    "transaction" : "Total",
    "sampleCount" : 15,
    "errorCount" : 0,
    "errorPct" : 0.0,
    "meanResTime" : 126.33333333333333,
    "medianResTime" : 73.0,
    "minResTime" : 14.0,
    "maxResTime" : 939.0,
    "pct1ResTime" : 478.8000000000003,
    "pct2ResTime" : 939.0,
    "pct3ResTime" : 939.0,
    "throughput" : 3.70278943470748,
    "receivedKBytesPerSec" : 345.1250462848679,
    "sentKBytesPerSec" : 1.0570788848432486
  },
  "login" : {
    "transaction" : "login",
    "sampleCount" : 5,
    "errorCount" : 0,
    "errorPct" : 0.0,
    "meanResTime" : 226.0,
    "medianResTime" : 46.0,
    "minResTime" : 43.0,
    "maxResTime" : 939.0,
    "pct1ResTime" : 939.0,
    "pct2ResTime" : 939.0,
    "pct3ResTime" : 939.0,
    "throughput" : 1.2645422357106728,
    "receivedKBytesPerSec" : 0.9903934307030854,
    "sentKBytesPerSec" : 0.31490065440060694
  },
  "create api key" : {
    "transaction" : "create api key",
    "sampleCount" : 5,
    "errorCount" : 0,
    "errorPct" : 0.0,
    "meanResTime" : 38.2,
    "medianResTime" : 15.0,
    "minResTime" : 14.0,
    "maxResTime" : 74.0,
    "pct1ResTime" : 74.0,
    "pct2ResTime" : 74.0,
    "pct3ResTime" : 74.0,
    "throughput" : 2.071251035625518,
    "receivedKBytesPerSec" : 1.3742265171913834,
    "sentKBytesPerSec" : 0.5825393537696768
  }
}