{
  "zone activity" : {
    "transaction" : "zone activity",
    "sampleCount" : 5,
    "errorCount" : 0,
    "errorPct" : 0.0,
    "meanResTime" : 424.4,
    "medianResTime" : 440.0,
    "minResTime" : 382.0,
    "maxResTime" : 456.0,
    "pct1ResTime" : 456.0,
    "pct2ResTime" : 456.0,
    "pct3ResTime" : 456.0,
    "throughput" : 1.5933715742511152,
    "receivedKBytesPerSec" : 443.27254869741876,
    "sentKBytesPerSec" : 0.519712993945188
  },
  "Total" : {
    "transaction" : "Total",
    "sampleCount" : 15,
    "errorCount" : 0,
    "errorPct" : 0.0,
    "meanResTime" : 284.1333333333334,
    "medianResTime" : 246.0,
    "minResTime" : 74.0,
    "maxResTime" : 758.0,
    "pct1ResTime" : 576.8000000000001,
    "pct2ResTime" : 758.0,
    "pct3ResTime" : 758.0,
    "throughput" : 3.250975292587776,
    "receivedKBytesPerSec" : 303.0391539336801,
    "sentKBytesPerSec" : 0.9280941834633724
  },
  "login" : {
    "transaction" : "login",
    "sampleCount" : 5,
    "errorCount" : 0,
    "errorPct" : 0.0,
    "meanResTime" : 341.8,
    "medianResTime" : 246.0,
    "minResTime" : 220.0,
    "maxResTime" : 758.0,
    "pct1ResTime" : 758.0,
    "pct2ResTime" : 758.0,
    "pct3ResTime" : 758.0,
    "throughput" : 1.2068549360366883,
    "receivedKBytesPerSec" : 0.9452125573256095,
    "sentKBytesPerSec" : 0.3005351647356988
  },
  "create api key" : {
    "transaction" : "create api key",
    "sampleCount" : 5,
    "errorCount" : 0,
    "errorPct" : 0.0,
    "meanResTime" : 86.2,
    "medianResTime" : 81.0,
    "minResTime" : 74.0,
    "maxResTime" : 102.0,
    "pct1ResTime" : 102.0,
    "pct2ResTime" : 102.0,
    "pct3ResTime" : 102.0,
    "throughput" : 1.7494751574527643,
    "receivedKBytesPerSec" : 1.1607357636459061,
    "sentKBytesPerSec" : 0.4920398880335899
  }
}