{
  "zone activity" : {
    "transaction" : "zone activity",
    "sampleCount" : 5,
    "errorCount" : 0,
    "errorPct" : 0.0,
    "meanResTime" : 45.6,
    "medianResTime" : 28.0,
    "minResTime" : 25.0,
    "maxResTime" : 75.0,
    "pct1ResTime" : 75.0,
    "pct2ResTime" : 75.0,
    "pct3ResTime" : 75.0,
    "throughput" : 2.0798668885191347,
    "receivedKBytesPerSec" : 30.24500181988353,
    "sentKBytesPerSec" : 0.6763629627703828
  },
  "Total" : {
    "transaction" : "Total",
    "sampleCount" : 15,
    "errorCount" : 0,
    "errorPct" : 0.0,
    "meanResTime" : 105.20000000000003,
    "medianResTime" : 45.0,
    "minResTime" : 16.0,
    "maxResTime" : 897.0,
    "pct1ResTime" : 416.40000000000026,
    "pct2ResTime" : 897.0,
    "pct3ResTime" : 897.0,
    "throughput" : 3.7415814417560487,
    "receivedKBytesPerSec" : 19.940729062733848,
    "sentKBytesPerSec" : 1.0669353330007483
  },
  "login" : {
    "transaction" : "login",
    "sampleCount" : 5,
    "errorCount" : 0,
    "errorPct" : 0.0,
    "meanResTime" : 221.4,
    "medianResTime" : 50.0,
    "minResTime" : 45.0,
    "maxResTime" : 897.0,
    "pct1ResTime" : 897.0,
    "pct2ResTime" : 897.0,
    "pct3ResTime" : 897.0,
    "throughput" : 1.2613521695257317,
    "receivedKBytesPerSec" : 0.9878949608980827,
    "sentKBytesPerSec" : 0.3141062531533804
  },
  "create api key" : {
    "transaction" : "create api key",
    "sampleCount" : 5,
    "errorCount" : 0,
    "errorPct" : 0.0,
    "meanResTime" : 48.6,
    "medianResTime" : 18.0,
    "minResTime" : 16.0,
    "maxResTime" : 96.0,
    "pct1ResTime" : 96.0,
    "pct2ResTime" : 96.0,
    "pct3ResTime" : 96.0,
    "throughput" : 2.008838891120932,
    "receivedKBytesPerSec" : 1.3328175220972278,
    "sentKBytesPerSec" : 0.5649859381277622
  }
}