{
  "zone activity" : {
    "transaction" : "zone activity",
    "sampleCount" : 5,
    "errorCount" : 0,
    "errorPct" : 0.0,
    "meanResTime" : 200.6,
    "medianResTime" : 105.0,
    "minResTime" : 81.0,
    "maxResTime" : 369.0,
    "pct1ResTime" : 369.0,
    "pct2ResTime" : 369.0,
    "pct3ResTime" : 369.0,
    "throughput" : 2.035830618892508,
    "receivedKBytesPerSec" : 566.7116245928339,
    "sentKBytesPerSec" : 0.6640306901465798
  },
  "Total" : {
    "transaction" : "Total",
    "sampleCount" : 15,
    "errorCount" : 0,
    "errorPct" : 0.0,
    "meanResTime" : 167.93333333333334,
    "medianResTime" : 82.0,
    "minResTime" : 19.0,
    "maxResTime" : 852.0,
    "pct1ResTime" : 562.2000000000002,
    "pct2ResTime" : 852.0,
    "pct3ResTime" : 852.0,
    "throughput" : 3.6845983787767134,
    "receivedKBytesPerSec" : 343.6703589412921,
    "sentKBytesPerSec" : 1.0518856699828052
  },
  "login" : {
    "transaction" : "login",
    "sampleCount" : 5,
    "errorCount" : 0,
    "errorPct" : 0.0,
    "meanResTime" : 223.8,
    "medianResTime" : 67.0,
    "minResTime" : 54.0,
    "maxResTime" : 852.0,
    "pct1ResTime" : 852.0,
    "pct2ResTime" : 852.0,
    "pct3ResTime" : 852.0,
    "throughput" : 1.2603982858583311,
    "receivedKBytesPerSec" : 0.9871478762288883,
    "sentKBytesPerSec" : 0.3138687137635493
  },
  "create api key" : {
    "transaction" : "create api key",
    "sampleCount" : 5,
    "errorCount" : 0,
    "errorPct" : 0.0,
    "meanResTime" : 79.4,
    "medianResTime" : 20.0,
    "minResTime" : 19.0,
    "maxResTime" : 170.0,
    "pct1ResTime" : 170.0,
    "pct2ResTime" : 170.0,
    "pct3ResTime" : 170.0,
    "throughput" : 1.9569471624266144,
    "receivedKBytesPerSec" : 1.3002996575342465,
    "sentKBytesPerSec" : 0.5503913894324853
  }
}