{
  "zone activity" : {
    "transaction" : "zone activity",
    "sampleCount" : 5,
    "errorCount" : 0,
    "errorPct" : 0.0,
    "meanResTime" : 1400.4,
    "medianResTime" : 1638.0,
    "minResTime" : 412.0,
    "maxResTime" : 2164.0,
    "pct1ResTime" : 2164.0,
    "pct2ResTime" : 2164.0,
    "pct3ResTime" : 2164.0,
    "throughput" : 1.7135023989033584,
    "receivedKBytesPerSec" : 476.70941944396844,
    "sentKBytesPerSec" : 0.5588962902673064
  },
  "Total" : {
    "transaction" : "Total",
    "sampleCount" : 15,
    "errorCount" : 0,
    "errorPct" : 0.0,
    "meanResTime" : 629.0666666666666,
    "medianResTime" : 240.0,
    "minResTime" : 79.0,
    "maxResTime" : 2164.0,
    "pct1ResTime" : 2149.6,
    "pct2ResTime" : 2164.0,
    "pct3ResTime" : 2164.0,
    "throughput" : 3.2278889606197545,
    "receivedKBytesPerSec" : 300.897672557564,
    "sentKBytesPerSec" : 0.9215034565310953
  },
  "login" : {
    "transaction" : "login",
    "sampleCount" : 5,
    "errorCount" : 0,
    "errorPct" : 0.0,
    "meanResTime" : 397.6,
    "medianResTime" : 240.0,
    "minResTime" : 235.0,
    "maxResTime" : 1029.0,
    "pct1ResTime" : 1029.0,
    "pct2ResTime" : 1029.0,
    "pct3ResTime" : 1029.0,
    "throughput" : 1.2045290291496025,
    "receivedKBytesPerSec" : 0.9433908997831848,
    "sentKBytesPerSec" : 0.29995595940737174
  },
  "create api key" : {
    "transaction" : "create api key",
    "sampleCount" : 5,
    "errorCount" : 0,
    "errorPct" : 0.0,
    "meanResTime" : 89.2,
    "medianResTime" : 84.0,
    "minResTime" : 79.0,
    "maxResTime" : 103.0,
    "pct1ResTime" : 103.0,
    "pct2ResTime" : 103.0,
    "pct3ResTime" : 103.0,
    "throughput" : 1.9083969465648853,
    "receivedKBytesPerSec" : 1.2661766459923665,
    "sentKBytesPerSec" : 0.536736641221374
  }
}