{
  "zone activity" : {
    "transaction" : "zone activity",
    "sampleCount" : 5,
    "errorCount" : 0,
    "errorPct" : 0.0,
    "meanResTime" : 334.0,
    "medianResTime" : 336.0,
    "minResTime" : 325.0,
    "maxResTime" : 344.0,
    "pct1ResTime" : 344.0,
    "pct2ResTime" : 344.0,
    "pct3ResTime" : 344.0,
    "throughput" : 1.8545994065281899,
    "receivedKBytesPerSec" : 515.8477692646513,
    "sentKBytesPerSec" : 0.604918165801187
  },
  "Total" : {
    "transaction" : "Total",
    "sampleCount" : 15,
    "errorCount" : 0,
    "errorPct" : 0.0,
    "meanResTime" : 272.6666666666667,
    "medianResTime" : 212.0,
    "minResTime" : 65.0,
    "maxResTime" : 1169.0,
    "pct1ResTime" : 674.0000000000002,
    "pct2ResTime" : 1169.0,
    "pct3ResTime" : 1169.0,
    "throughput" : 3.328894806924101,
    "receivedKBytesPerSec" : 310.2445437333555,
    "sentKBytesPerSec" : 0.9503387843985797
  },
  "login" : {
    "transaction" : "login",
    "sampleCount" : 5,
    "errorCount" : 0,
    "errorPct" : 0.0,
    "meanResTime" : 405.2,
    "medianResTime" : 212.0,
    "minResTime" : 191.0,
    "maxResTime" : 1169.0,
    "pct1ResTime" : 1169.0,
    "pct2ResTime" : 1169.0,
    "pct3ResTime" : 1169.0,
    "throughput" : 1.2183235867446394,
    "receivedKBytesPerSec" : 0.9541948403996101,
    "sentKBytesPerSec" : 0.3033911275584795
  },
  "create api key" : {
    "transaction" : "create api key",
    "sampleCount" : 5,
    "errorCount" : 0,
    "errorPct" : 0.0,
    "meanResTime" : 78.8,
    "medianResTime" : 75.0,
    "minResTime" : 65.0,
    "maxResTime" : 92.0,
    "pct1ResTime" : 92.0,
    "pct2ResTime" : 92.0,
    "pct3ResTime" : 92.0,
    "throughput" : 2.0161290322580645,
    "receivedKBytesPerSec" : 1.338835685483871,
    "sentKBytesPerSec" : 0.5670362903225806
  }
}