{
  "zone activity" : {
    "transaction" : "zone activity",
    "sampleCount" : 5,
    "errorCount" : 0,
    "errorPct" : 0.0,
    "meanResTime" : 321.2,
    "medianResTime" : 324.0,
    "minResTime" : 301.0,
    "maxResTime" : 349.0,
    "pct1ResTime" : 349.0,
    "pct2ResTime" : 349.0,
    "pct3ResTime" : 349.0,
    "throughput" : 1.8294914013904136,
    "receivedKBytesPerSec" : 509.2182068697402,
    "sentKBytesPerSec" : 0.5967286406878888
  },
  "Total" : {
    "transaction" : "Total",
    "sampleCount" : 15,
    "errorCount" : 0,
    "errorPct" : 0.0,
    "meanResTime" : 255.7333333333334,
    "medianResTime" : 193.0,
    "minResTime" : 63.0,
    "maxResTime" : 1099.0,
    "pct1ResTime" : 649.0000000000002,
    "pct2ResTime" : 1099.0,
    "pct3ResTime" : 1099.0,
    "throughput" : 3.3229951262738147,
    "receivedKBytesPerSec" : 309.9086695558263,
    "sentKBytesPerSec" : 0.9486545331191847
  },
  "login" : {
    "transaction" : "login",
    "sampleCount" : 5,
    "errorCount" : 0,
    "errorPct" : 0.0,
    "meanResTime" : 374.4,
    "medianResTime" : 193.0,
    "minResTime" : 187.0,
    "maxResTime" : 1099.0,
    "pct1ResTime" : 1099.0,
    "pct2ResTime" : 1099.0,
    "pct3ResTime" : 1099.0,
    "throughput" : 1.2135922330097086,
    "receivedKBytesPerSec" : 0.950489229368932,
    "sentKBytesPerSec" : 0.3022129095873786
  },
  "create api key" : {
    "transaction" : "create api key",
    "sampleCount" : 5,
    "errorCount" : 0,
    "errorPct" : 0.0,
    "meanResTime" : 71.6,
    "medianResTime" : 68.0,
    "minResTime" : 63.0,
    "maxResTime" : 82.0,
    "pct1ResTime" : 82.0,
    "pct2ResTime" : 82.0,
    "pct3ResTime" : 82.0,
    "throughput" : 1.9984012789768186,
    "receivedKBytesPerSec" : 1.3262827238209434,
    "sentKBytesPerSec" : 0.5620503597122303
  }
}