{
  "zone activity" : {
    "transaction" : "zone activity",
    "sampleCount" : 5,
    "errorCount" : 0,
    "errorPct" : 0.0,
    "meanResTime" : 409.8,
    "medianResTime" : 410.0,
    "minResTime" : 390.0,
    "maxResTime" : 425.0,
    "pct1ResTime" : 425.0,
    "pct2ResTime" : 425.0,
    "pct3ResTime" : 425.0,
    "throughput" : 2.34192037470726,
    "receivedKBytesPerSec" : 651.5583833430914,
    "sentKBytesPerSec" : 0.7638685597189696
  },
  "Total" : {
    "transaction" : "Total",
    "sampleCount" : 15,
    "errorCount" : 0,
    "errorPct" : 0.0,
    "meanResTime" : 401.0666666666667,
    "medianResTime" : 251.0,
    "minResTime" : 84.0,
    "maxResTime" : 1777.0,
    "pct1ResTime" : 1228.6000000000004,
    "pct2ResTime" : 1777.0,
    "pct3ResTime" : 1777.0,
    "throughput" : 3.219575016097875,
    "receivedKBytesPerSec" : 300.13167558757243,
    "sentKBytesPerSec" : 0.9191299769263791
  },
  "login" : {
    "transaction" : "login",
    "sampleCount" : 5,
    "errorCount" : 0,
    "errorPct" : 0.0,
    "meanResTime" : 676.4,
    "medianResTime" : 251.0,
    "minResTime" : 244.0,
    "maxResTime" : 1777.0,
    "pct1ResTime" : 1777.0,
    "pct2ResTime" : 1777.0,
    "pct3ResTime" : 1777.0,
    "throughput" : 1.201345506967804,
    "receivedKBytesPerSec" : 0.9408975552618933,
    "sentKBytesPerSec" : 0.29916318777030276
  },
  "create api key" : {
    "transaction" : "create api key",
    "sampleCount" : 5,
    "errorCount" : 0,
    "errorPct" : 0.0,
    "meanResTime" : 117.0,
    "medianResTime" : 138.0,
    "minResTime" : 84.0,
    "maxResTime" : 140.0,
    "pct1ResTime" : 140.0,
    "pct2ResTime" : 140.0,
    "pct3ResTime" : 140.0,
    "throughput" : 2.6652452025586353,
    "receivedKBytesPerSec" : 1.769889392324094,
    "sentKBytesPerSec" : 0.7496002132196162
  }
}