{
  "zone activity" : {
    "transaction" : "zone activity",
    "sampleCount" : 5,
    "errorCount" : 0,
    "errorPct" : 0.0,
    "meanResTime" : 390.4,
    "medianResTime" : 394.0,
    "minResTime" : 370.0,
    "maxResTime" : 410.0,
    "pct1ResTime" : 410.0,
    "pct2ResTime" : 410.0,
    "pct3ResTime" : 410.0,
    "throughput" : 1.5552099533437014,
    "receivedKBytesPerSec" : 432.86018905520996,
    "sentKBytesPerSec" : 0.5072657465007776
  },
  "Total" : {
    "transaction" : "Total",
    "sampleCount" : 15,
    "errorCount" : 0,
    "errorPct" : 0.0,
    "meanResTime" : 265.40000000000003,
    "medianResTime" : 244.0,
    "minResTime" : 75.0,
    "maxResTime" : 571.0,
    "pct1ResTime" : 474.4000000000001,
    "pct2ResTime" : 571.0,
    "pct3ResTime" : 571.0,
    "throughput" : 3.2615786040443573,
    "receivedKBytesPerSec" : 304.1702340182648,
    "sentKBytesPerSec" : 0.9311212355946945
  },
  "login" : {
    "transaction" : "login",
    "sampleCount" : 5,
    "errorCount" : 0,
    "errorPct" : 0.0,
    "meanResTime" : 317.4,
    "medianResTime" : 244.0,
    "minResTime" : 233.0,
    "maxResTime" : 571.0,
    "pct1ResTime" : 571.0,
    "pct2ResTime" : 571.0,
    "pct3ResTime" : 571.0,
    "throughput" : 1.2045290291496025,
    "receivedKBytesPerSec" : 0.9433908997831848,
    "sentKBytesPerSec" : 0.29995595940737174
  },
  "create api key" : {
    "transaction" : "create api key",
    "sampleCount" : 5,
    "errorCount" : 0,
    "errorPct" : 0.0,
    "meanResTime" : 88.4,
    "medianResTime" : 83.0,
    "minResTime" : 75.0,
    "maxResTime" : 104.0,
    "pct1ResTime" : 104.0,
    "pct2ResTime" : 104.0,
    "pct3ResTime" : 104.0,
    "throughput" : 1.688048615800135,
    "receivedKBytesPerSec" : 1.1199806929439566,
    "sentKBytesPerSec" : 0.4747636731937879
  }
}