{
  "zone activity" : {
    "transaction" : "zone activity",
    "sampleCount" : 10,
    "errorCount" : 10,
    "errorPct" : 100.0,
    "meanResTime" : 151.9,
    "medianResTime" : 152.0,
    "minResTime" : 144.0,
    "maxResTime" : 157.0,
    "pct1ResTime" : 157.0,
    "pct2ResTime" : 157.0,
    "pct3ResTime" : 157.0,
    "throughput" : 1.310787783457858,
    "receivedKBytesPerSec" : 20.45033752785424,
    "sentKBytesPerSec" : 0.42626204286276054
  },
  "Total" : {
    "transaction" : "Total",
    "sampleCount" : 30,
    "errorCount" : 10,
    "errorPct" : 33.333332,
    "meanResTime" : 184.86666666666665,
    "medianResTime" : 152.0,
    "minResTime" : 76.0,
    "maxResTime" : 1056.0,
    "pct1ResTime" : 243.8,
    "pct2ResTime" : 612.1499999999994,
    "pct3ResTime" : 1056.0,
    "throughput" : 3.197953309881676,
    "receivedKBytesPerSec" : 20.338233530540453,
    "sentKBytesPerSec" : 0.9129573739473403
  },
  "login" : {
    "transaction" : "login",
    "sampleCount" : 10,
    "errorCount" : 0,
    "errorPct" : 0.0,
    "meanResTime" : 319.20000000000005,
    "medianResTime" : 238.0,
    "minResTime" : 227.0,
    "maxResTime" : 1056.0,
    "pct1ResTime" : 975.3000000000003,
    "pct2ResTime" : 1056.0,
    "pct3ResTime" : 1056.0,
    "throughput" : 1.0932546190007653,
    "receivedKBytesPerSec" : 1.9665771564447359,
    "sentKBytesPerSec" : 0.2733136547501913
  },
  "create api key" : {
    "transaction" : "create api key",
    "sampleCount" : 10,
    "errorCount" : 0,
    "errorPct" : 0.0,
    "meanResTime" : 83.5,
    "medianResTime" : 81.5,
    "minResTime" : 76.0,
    "maxResTime" : 98.0,
    "pct1ResTime" : 98.0,
    "pct2ResTime" : 98.0,
    "pct3ResTime" : 98.0,
    "throughput" : 1.3176966662274345,
    "receivedKBytesPerSec" : 2.2122891685334034,
    "sentKBytesPerSec" : 0.37060218737646594
  }
}