{
  "zone activity" : {
    "transaction" : "zone activity",
    "sampleCount" : 5,
    "errorCount" : 0,
    "errorPct" : 0.0,
    "meanResTime" : 79.6,
    "medianResTime" : 79.0,
    "minResTime" : 75.0,
    "maxResTime" : 85.0,
    "pct1ResTime" : 85.0,
    "pct2ResTime" : 85.0,
    "pct3ResTime" : 85.0,
    "throughput" : 1.9076688286913392,
    "receivedKBytesPerSec" : 530.5770996280046,
    "sentKBytesPerSec" : 0.6222279187333078
  },
  "Total" : {
    "transaction" : "Total",
    "sampleCount" : 15,
    "errorCount" : 0,
    "errorPct" : 0.0,
    "meanResTime" : 106.13333333333334,
    "medianResTime" : 60.0,
    "minResTime" : 20.0,
    "maxResTime" : 792.0,
    "pct1ResTime" : 367.80000000000024,
    "pct2ResTime" : 792.0,
    "pct3ResTime" : 792.0,
    "throughput" : 3.6918533103618016,
    "receivedKBytesPerSec" : 344.0509245015998,
    "sentKBytesPerSec" : 1.0539568206989909
  },
  "login" : {
    "transaction" : "login",
    "sampleCount" : 5,
    "errorCount" : 0,
    "errorPct" : 0.0,
    "meanResTime" : 207.2,
    "medianResTime" : 60.0,
    "minResTime" : 55.0,
    "maxResTime" : 792.0,
    "pct1ResTime" : 792.0,
    "pct2ResTime" : 792.0,
    "pct3ResTime" : 792.0,
    "throughput" : 1.2610340479192939,
    "receivedKBytesPerSec" : 0.9876458070617907,
    "sentKBytesPerSec" : 0.3140270334174023
  },
  "create api key" : {
    "transaction" : "create api key",
    "sampleCount" : 5,
    "errorCount" : 0,
    "errorPct" : 0.0,
    "meanResTime" : 31.6,
    "medianResTime" : 22.0,
    "minResTime" : 20.0,
    "maxResTime" : 49.0,
    "pct1ResTime" : 49.0,
    "pct2ResTime" : 49.0,
    "pct3ResTime" : 49.0,
    "throughput" : 1.9164430816404754,
    "receivedKBytesPerSec" : 1.2726379839018782,
    "sentKBytesPerSec" : 0.5389996167113836
  }
}