{
  "zone activity" : {
    "transaction" : "zone activity",
    "sampleCount" : 5,
    "errorCount" : 0,
    "errorPct" : 0.0,
    "meanResTime" : 115.8,
    "medianResTime" : 83.0,
    "minResTime" : 81.0,
    "maxResTime" : 167.0,
    "pct1ResTime" : 167.0,
    "pct2ResTime" : 167.0,
    "pct3ResTime" : 167.0,
    "throughput" : 2.200704225352113,
    "receivedKBytesPerSec" : 612.2393540933099,
    "sentKBytesPerSec" : 0.7178078235035212
  },
  "Total" : {
    "transaction" : "Total",
    "sampleCount" : 15,
    "errorCount" : 0,
    "errorPct" : 0.0,
    "meanResTime" : 133.8,
    "medianResTime" : 56.0,
    "minResTime" : 12.0,
    "maxResTime" : 1017.0,
    "pct1ResTime" : 507.0000000000003,
    "pct2ResTime" : 1017.0,
    "pct3ResTime" : 1017.0,
    "throughput" : 3.7528146109582186,
    "receivedKBytesPerSec" : 349.82266973667754,
    "sentKBytesPerSec" : 1.0713601607455592
  },
  "login" : {
    "transaction" : "login",
    "sampleCount" : 5,
    "errorCount" : 0,
    "errorPct" : 0.0,
    "meanResTime" : 261.4,
    "medianResTime" : 56.0,
    "minResTime" : 37.0,
    "maxResTime" : 1017.0,
    "pct1ResTime" : 1017.0,
    "pct2ResTime" : 1017.0,
    "pct3ResTime" : 1017.0,
    "throughput" : 1.2830382345393891,
    "receivedKBytesPerSec" : 1.0048795547857328,
    "sentKBytesPerSec" : 0.31950659160892997
  },
  "create api key" : {
    "transaction" : "create api key",
    "sampleCount" : 5,
    "errorCount" : 0,
    "errorPct" : 0.0,
    "meanResTime" : 24.2,
    "medianResTime" : 13.0,
    "minResTime" : 12.0,
    "maxResTime" : 43.0,
    "pct1ResTime" : 43.0,
    "pct2ResTime" : 43.0,
    "pct3ResTime" : 43.0,
    "throughput" : 2.229157378510923,
    "receivedKBytesPerSec" : 1.4789936747659385,
    "sentKBytesPerSec" : 0.6269505127061971
  }
}