{
  "zone activity" : {
    "transaction" : "zone activity",
    "sampleCount" : 5,
    "errorCount" : 0,
    "errorPct" : 0.0,
    "meanResTime" : 883.6,
    "medianResTime" : 1026.0,
    "minResTime" : 438.0,
    "maxResTime" : 1260.0,
    "pct1ResTime" : 1260.0,
    "pct2ResTime" : 1260.0,
    "pct3ResTime" : 1260.0,
    "throughput" : 1.7241379310344827,
    "receivedKBytesPerSec" : 479.5096982758621,
    "sentKBytesPerSec" : 0.5623653017241379
  },
  "Total" : {
    "transaction" : "Total",
    "sampleCount" : 15,
    "errorCount" : 0,
    "errorPct" : 0.0,
    "meanResTime" : 525.4666666666666,
    "medianResTime" : 411.0,
    "minResTime" : 89.0,
    "maxResTime" : 1323.0,
    "pct1ResTime" : 1285.2,
    "pct2ResTime" : 1323.0,
    "pct3ResTime" : 1323.0,
    "throughput" : 3.0217566478646254,
    "receivedKBytesPerSec" : 281.59053780973005,
    "sentKBytesPerSec" : 0.8626564388597904
  },
  "login" : {
    "transaction" : "login",
    "sampleCount" : 5,
    "errorCount" : 0,
    "errorPct" : 0.0,
    "meanResTime" : 574.4,
    "medianResTime" : 411.0,
    "minResTime" : 284.0,
    "maxResTime" : 1323.0,
    "pct1ResTime" : 1323.0,
    "pct2ResTime" : 1323.0,
    "pct3ResTime" : 1323.0,
    "throughput" : 1.1276499774470004,
    "receivedKBytesPerSec" : 0.8833992303788903,
    "sentKBytesPerSec" : 0.2808112736806495
  },
  "create api key" : {
    "transaction" : "create api key",
    "sampleCount" : 5,
    "errorCount" : 0,
    "errorPct" : 0.0,
    "meanResTime" : 118.4,
    "medianResTime" : 113.0,
    "minResTime" : 89.0,
    "maxResTime" : 145.0,
    "pct1ResTime" : 145.0,
    "pct2ResTime" : 145.0,
    "pct3ResTime" : 145.0,
    "throughput" : 1.9083969465648853,
    "receivedKBytesPerSec" : 1.2672948473282442,
    "sentKBytesPerSec" : 0.536736641221374
  }
}