{
  "zone activity" : {
    "transaction" : "zone activity",
    "sampleCount" : 5,
    "errorCount" : 0,
    "errorPct" : 0.0,
    "meanResTime" : 963.8,
    "medianResTime" : 1075.0,
    "minResTime" : 376.0,
    "maxResTime" : 1494.0,
    "pct1ResTime" : 1494.0,
    "pct2ResTime" : 1494.0,
    "pct3ResTime" : 1494.0,
    "throughput" : 1.7825311942959001,
    "receivedKBytesPerSec" : 496.00775679590015,
    "sentKBytesPerSec" : 0.5814115418894831
  },
  "Total" : {
    "transaction" : "Total",
    "sampleCount" : 15,
    "errorCount" : 0,
    "errorPct" : 0.0,
    "meanResTime" : 496.3333333333333,
    "medianResTime" : 243.0,
    "minResTime" : 78.0,
    "maxResTime" : 1494.0,
    "pct1ResTime" : 1483.2,
    "pct2ResTime" : 1494.0,
    "pct3ResTime" : 1494.0,
    "throughput" : 3.2327586206896552,
    "receivedKBytesPerSec" : 301.4088597790948,
    "sentKBytesPerSec" : 0.922893655711207
  },
  "login" : {
    "transaction" : "login",
    "sampleCount" : 5,
    "errorCount" : 0,
    "errorPct" : 0.0,
    "meanResTime" : 406.6,
    "medianResTime" : 243.0,
    "minResTime" : 232.0,
    "maxResTime" : 1055.0,
    "pct1ResTime" : 1055.0,
    "pct2ResTime" : 1055.0,
    "pct3ResTime" : 1055.0,
    "throughput" : 1.2025012025012025,
    "receivedKBytesPerSec" : 0.9418026996151996,
    "sentKBytesPerSec" : 0.299450983044733
  },
  "create api key" : {
    "transaction" : "create api key",
    "sampleCount" : 5,
    "errorCount" : 0,
    "errorPct" : 0.0,
    "meanResTime" : 118.6,
    "medianResTime" : 84.0,
    "minResTime" : 78.0,
    "maxResTime" : 175.0,
    "pct1ResTime" : 175.0,
    "pct2ResTime" : 175.0,
    "pct3ResTime" : 175.0,
    "throughput" : 1.9267822736030829,
    "receivedKBytesPerSec" : 1.279127528901734,
    "sentKBytesPerSec" : 0.541907514450867
  }
}