{
  "zone activity" : {
    "transaction" : "zone activity",
    "sampleCount" : 5,
    "errorCount" : 0,
    "errorPct" : 0.0,
    "meanResTime" : 112.4,
    "medianResTime" : 81.0,
    "minResTime" : 81.0,
    "maxResTime" : 160.0,
    "pct1ResTime" : 160.0,
    "pct2ResTime" : 160.0,
    "pct3ResTime" : 160.0,
    "throughput" : 2.1533161068044793,
    "receivedKBytesPerSec" : 599.071887112403,
    "sentKBytesPerSec" : 0.7023511520241171
  },
  "Total" : {
    "transaction" : "Total",
    "sampleCount" : 15,
    "errorCount" : 0,
    "errorPct" : 0.0,
    "meanResTime" : 131.26666666666668,
    "medianResTime" : 41.0,
    "minResTime" : 11.0,
    "maxResTime" : 1049.0,
    "pct1ResTime" : 515.6000000000004,
    "pct2ResTime" : 1049.0,
    "pct3ResTime" : 1049.0,
    "throughput" : 3.7101162503091762,
    "receivedKBytesPerSec" : 345.85167457642837,
    "sentKBytesPerSec" : 1.0591705571357901
  },
  "login" : {
    "transaction" : "login",
    "sampleCount" : 5,
    "errorCount" : 0,
    "errorPct" : 0.0,
    "meanResTime" : 260.8,
    "medianResTime" : 41.0,
    "minResTime" : 37.0,
    "maxResTime" : 1049.0,
    "pct1ResTime" : 1049.0,
    "pct2ResTime" : 1049.0,
    "pct3ResTime" : 1049.0,
    "throughput" : 1.2664640324214793,
    "receivedKBytesPerSec" : 0.9918985878926039,
    "sentKBytesPerSec" : 0.3153792268237082
  },
  "create api key" : {
    "transaction" : "create api key",
    "sampleCount" : 5,
    "errorCount" : 0,
    "errorPct" : 0.0,
    "meanResTime" : 20.6,
    "medianResTime" : 13.0,
    "minResTime" : 11.0,
    "maxResTime" : 34.0,
    "pct1ResTime" : 34.0,
    "pct2ResTime" : 34.0,
    "pct3ResTime" : 34.0,
    "throughput" : 2.1834061135371177,
    "receivedKBytesPerSec" : 1.4486387827510916,
    "sentKBytesPerSec" : 0.6140829694323144
  }
}