{
  "zone activity" : {
    "transaction" : "zone activity",
    "sampleCount" : 5,
    "errorCount" : 0,
    "errorPct" : 0.0,
    "meanResTime" : 1026.2,
    "medianResTime" : 1392.0,
    "minResTime" : 159.0,
    "maxResTime" : 1404.0,
    "pct1ResTime" : 1404.0,
    "pct2ResTime" : 1404.0,
    "pct3ResTime" : 1404.0,
    "throughput" : 2.8280542986425337,
    "receivedKBytesPerSec" : 786.7641535279977,
    "sentKBytesPerSec" : 0.9224317731900452
  },
  "Total" : {
    "transaction" : "Total",
    "sampleCount" : 15,
    "errorCount" : 0,
    "errorPct" : 0.0,
    "meanResTime" : 539.8666666666666,
    "medianResTime" : 114.0,
    "minResTime" : 29.0,
    "maxResTime" : 1615.0,
    "pct1ResTime" : 1488.4,
    "pct2ResTime" : 1615.0,
    "pct3ResTime" : 1615.0,
    "throughput" : 3.5962598897146965,
    "receivedKBytesPerSec" : 335.22737915068325,
    "sentKBytesPerSec" : 1.0266666416926395
  },
  "login" : {
    "transaction" : "login",
    "sampleCount" : 5,
    "errorCount" : 0,
    "errorPct" : 0.0,
    "meanResTime" : 528.8,
    "medianResTime" : 114.0,
    "minResTime" : 91.0,
    "maxResTime" : 1615.0,
    "pct1ResTime" : 1615.0,
    "pct2ResTime" : 1615.0,
    "pct3ResTime" : 1615.0,
    "throughput" : 1.2559658377292138,
    "receivedKBytesPerSec" : 0.9836763690027631,
    "sentKBytesPerSec" : 0.312764930293896
  },
  "create api key" : {
    "transaction" : "create api key",
    "sampleCount" : 5,
    "errorCount" : 0,
    "errorPct" : 0.0,
    "meanResTime" : 64.6,
    "medianResTime" : 79.0,
    "minResTime" : 29.0,
    "maxResTime" : 105.0,
    "pct1ResTime" : 105.0,
    "pct2ResTime" : 105.0,
    "pct3ResTime" : 105.0,
    "throughput" : 2.937720329024677,
    "receivedKBytesPerSec" : 1.9496823589894243,
    "sentKBytesPerSec" : 0.8262338425381904
  }
}