{
  "zone activity" : {
    "transaction" : "zone activity",
    "sampleCount" : 5,
    "errorCount" : 0,
    "errorPct" : 0.0,
    "meanResTime" : 803.2,
    "medianResTime" : 927.0,
    "minResTime" : 207.0,
    "maxResTime" : 1344.0,
    "pct1ResTime" : 1344.0,
    "pct2ResTime" : 1344.0,
    "pct3ResTime" : 1344.0,
    "throughput" : 1.8960940462646947,
    "receivedKBytesPerSec" : 527.5089175673113,
    "sentKBytesPerSec" : 0.6184525502464923
  },
  "Total" : {
    "transaction" : "Total",
    "sampleCount" : 15,
    "errorCount" : 0,
    "errorPct" : 0.0,
    "meanResTime" : 384.4666666666667,
    "medianResTime" : 124.0,
    "minResTime" : 39.0,
    "maxResTime" : 1344.0,
    "pct1ResTime" : 1333.2,
    "pct2ResTime" : 1344.0,
    "pct3ResTime" : 1344.0,
    "throughput" : 3.4997666822211855,
    "receivedKBytesPerSec" : 326.2422804625525,
    "sentKBytesPerSec" : 0.9991195899440038
  },
  "login" : {
    "transaction" : "login",
    "sampleCount" : 5,
    "errorCount" : 0,
    "errorPct" : 0.0,
    "meanResTime" : 299.2,
    "medianResTime" : 124.0,
    "minResTime" : 116.0,
    "maxResTime" : 1011.0,
    "pct1ResTime" : 1011.0,
    "pct2ResTime" : 1011.0,
    "pct3ResTime" : 1011.0,
    "throughput" : 1.2391573729863692,
    "receivedKBytesPerSec" : 0.970511926889715,
    "sentKBytesPerSec" : 0.3085792286245353
  },
  "create api key" : {
    "transaction" : "create api key",
    "sampleCount" : 5,
    "errorCount" : 0,
    "errorPct" : 0.0,
    "meanResTime" : 51.0,
    "medianResTime" : 43.0,
    "minResTime" : 39.0,
    "maxResTime" : 66.0,
    "pct1ResTime" : 66.0,
    "pct2ResTime" : 66.0,
    "pct3ResTime" : 66.0,
    "throughput" : 1.9928258270227182,
    "receivedKBytesPerSec" : 1.3221932293742527,
    "sentKBytesPerSec" : 0.5604822638501396
  }
}