{
  "zone activity" : {
    "transaction" : "zone activity",
    "sampleCount" : 5,
    "errorCount" : 0,
    "errorPct" : 0.0,
    "meanResTime" : 195.0,
    "medianResTime" : 85.0,
    "minResTime" : 73.0,
    "maxResTime" : 371.0,
    "pct1ResTime" : 371.0,
    "pct2ResTime" : 371.0,
    "pct3ResTime" : 371.0,
    "throughput" : 2.007226013649137,
    "receivedKBytesPerSec" : 558.2989386792452,
    "sentKBytesPerSec" : 0.6547006724207145
  },
  "Total" : {
    "transaction" : "Total",
    "sampleCount" : 15,
    "errorCount" : 0,
    "errorPct" : 0.0,
    "meanResTime" : 150.0,
    "medianResTime" : 60.0,
    "minResTime" : 21.0,
    "maxResTime" : 894.0,
    "pct1ResTime" : 580.2000000000002,
    "pct2ResTime" : 894.0,
    "pct3ResTime" : 894.0,
    "throughput" : 3.6918533103618016,
    "receivedKBytesPerSec" : 344.07063361432444,
    "sentKBytesPerSec" : 1.0539568206989909
  },
  "login" : {
    "transaction" : "login",
    "sampleCount" : 5,
    "errorCount" : 0,
    "errorPct" : 0.0,
    "meanResTime" : 226.0,
    "medianResTime" : 60.0,
    "minResTime" : 55.0,
    "maxResTime" : 894.0,
    "pct1ResTime" : 894.0,
    "pct2ResTime" : 894.0,
    "pct3ResTime" : 894.0,
    "throughput" : 1.2626262626262628,
    "receivedKBytesPerSec" : 0.9888928345959596,
    "sentKBytesPerSec" : 0.3144235321969697
  },
  "create api key" : {
    "transaction" : "create api key",
    "sampleCount" : 5,
    "errorCount" : 0,
    "errorPct" : 0.0,
    "meanResTime" : 29.0,
    "medianResTime" : 21.0,
    "minResTime" : 21.0,
    "maxResTime" : 41.0,
    "pct1ResTime" : 41.0,
    "pct2ResTime" : 41.0,
    "pct3ResTime" : 41.0,
    "throughput" : 2.025111381125962,
    "receivedKBytesPerSec" : 1.344800526528959,
    "sentKBytesPerSec" : 0.5695625759416768
  }
}