{
  "zone activity" : {
    "transaction" : "zone activity",
    "sampleCount" : 5,
    "errorCount" : 0,
    "errorPct" : 0.0,
    "meanResTime" : 370.6,
    "medianResTime" : 296.0,
    "minResTime" : 96.0,
    "maxResTime" : 683.0,
    "pct1ResTime" : 683.0,
    "pct2ResTime" : 683.0,
    "pct3ResTime" : 683.0,
    "throughput" : 2.026753141467369,
    "receivedKBytesPerSec" : 563.7358443960276,
    "sentKBytesPerSec" : 0.661069872314552
  },
  "Total" : {
    "transaction" : "Total",
    "sampleCount" : 15,
    "errorCount" : 0,
    "errorPct" : 0.0,
    "meanResTime" : 216.06666666666663,
    "medianResTime" : 66.0,
    "minResTime" : 19.0,
    "maxResTime" : 991.0,
    "pct1ResTime" : 806.2,
    "pct2ResTime" : 991.0,
    "pct3ResTime" : 991.0,
    "throughput" : 3.6719706242350063,
    "receivedKBytesPerSec" : 342.22096848225215,
    "sentKBytesPerSec" : 1.04828067625459
  },
  "login" : {
    "transaction" : "login",
    "sampleCount" : 5,
    "errorCount" : 0,
    "errorPct" : 0.0,
    "meanResTime" : 249.0,
    "medianResTime" : 66.0,
    "minResTime" : 54.0,
    "maxResTime" : 991.0,
    "pct1ResTime" : 991.0,
    "pct2ResTime" : 991.0,
    "pct3ResTime" : 991.0,
    "throughput" : 1.2603982858583311,
    "receivedKBytesPerSec" : 0.9871478762288883,
    "sentKBytesPerSec" : 0.3138687137635493
  },
  "create api key" : {
    "transaction" : "create api key",
    "sampleCount" : 5,
    "errorCount" : 0,
    "errorPct" : 0.0,
    "meanResTime" : 28.6,
    "medianResTime" : 21.0,
    "minResTime" : 19.0,
    "maxResTime" : 42.0,
    "pct1ResTime" : 42.0,
    "pct2ResTime" : 42.0,
    "pct3ResTime" : 42.0,
    "throughput" : 2.061855670103093,
    "receivedKBytesPerSec" : 1.369201030927835,
    "sentKBytesPerSec" : 0.5798969072164949
  }
}