{
  "zone activity" : {
    "transaction" : "zone activity",
    "sampleCount" : 5,
    "errorCount" : 0,
    "errorPct" : 0.0,
    "meanResTime" : 170.8,
    "medianResTime" : 158.0,
    "minResTime" : 147.0,
    "maxResTime" : 204.0,
    "pct1ResTime" : 204.0,
    "pct2ResTime" : 204.0,
    "pct3ResTime" : 204.0,
    "throughput" : 1.949317738791423,
    "receivedKBytesPerSec" : 542.0915570175439,
    "sentKBytesPerSec" : 0.6358126218323586
  },
  "Total" : {
    "transaction" : "Total",
    "sampleCount" : 15,
    "errorCount" : 0,
    "errorPct" : 0.0,
    "meanResTime" : 156.4,
    "medianResTime" : 86.0,
    "minResTime" : 27.0,
    "maxResTime" : 952.0,
    "pct1ResTime" : 503.2000000000003,
    "pct2ResTime" : 952.0,
    "pct3ResTime" : 952.0,
    "throughput" : 3.5859431030360986,
    "receivedKBytesPerSec" : 334.1377581131963,
    "sentKBytesPerSec" : 1.0237213871623236
  },
  "login" : {
    "transaction" : "login",
    "sampleCount" : 5,
    "errorCount" : 0,
    "errorPct" : 0.0,
    "meanResTime" : 262.8,
    "medianResTime" : 86.0,
    "minResTime" : 84.0,
    "maxResTime" : 952.0,
    "pct1ResTime" : 952.0,
    "pct2ResTime" : 952.0,
    "pct3ResTime" : 952.0,
    "throughput" : 1.2493753123438283,
    "receivedKBytesPerSec" : 0.9785146489255373,
    "sentKBytesPerSec" : 0.3111237350074963
  },
  "create api key" : {
    "transaction" : "create api key",
    "sampleCount" : 5,
    "errorCount" : 0,
    "errorPct" : 0.0,
    "meanResTime" : 35.6,
    "medianResTime" : 29.0,
    "minResTime" : 27.0,
    "maxResTime" : 48.0,
    "pct1ResTime" : 48.0,
    "pct2ResTime" : 48.0,
    "pct3ResTime" : 48.0,
    "throughput" : 2.0161290322580645,
    "receivedKBytesPerSec" : 1.3376543598790323,
    "sentKBytesPerSec" : 0.5670362903225806
  }
}