{
  "zone activity" : {
    "transaction" : "zone activity",
    "sampleCount" : 5,
    "errorCount" : 0,
    "errorPct" : 0.0,
    "meanResTime" : 166.2,
    "medianResTime" : 231.0,
    "minResTime" : 63.0,
    "maxResTime" : 238.0,
    "pct1ResTime" : 238.0,
    "pct2ResTime" : 238.0,
    "pct3ResTime" : 238.0,
    "throughput" : 3.3921302578018997,
    "receivedKBytesPerSec" : 944.2604095997286,
    "sentKBytesPerSec" : 1.106417486431479
  },
  "Total" : {
    "transaction" : "Total",
    "sampleCount" : 15,
    "errorCount" : 0,
    "errorPct" : 0.0,
    "meanResTime" : 268.73333333333323,
    "medianResTime" : 41.0,
    "minResTime" : 11.0,
    "maxResTime" : 1938.0,
    "pct1ResTime" : 1391.4000000000003,
    "pct2ResTime" : 1938.0,
    "pct3ResTime" : 1938.0,
    "throughput" : 3.7285607755406414,
    "receivedKBytesPerSec" : 347.76888360676116,
    "sentKBytesPerSec" : 1.064436132861049
  },
  "login" : {
    "transaction" : "login",
    "sampleCount" : 5,
    "errorCount" : 0,
    "errorPct" : 0.0,
    "meanResTime" : 615.6,
    "medianResTime" : 41.0,
    "minResTime" : 35.0,
    "maxResTime" : 1938.0,
    "pct1ResTime" : 1938.0,
    "pct2ResTime" : 1938.0,
    "pct3ResTime" : 1938.0,
    "throughput" : 1.2671059300557526,
    "receivedKBytesPerSec" : 0.9924013241256968,
    "sentKBytesPerSec" : 0.3155390743791181
  },
  "create api key" : {
    "transaction" : "create api key",
    "sampleCount" : 5,
    "errorCount" : 0,
    "errorPct" : 0.0,
    "meanResTime" : 24.4,
    "medianResTime" : 33.0,
    "minResTime" : 11.0,
    "maxResTime" : 34.0,
    "pct1ResTime" : 34.0,
    "pct2ResTime" : 34.0,
    "pct3ResTime" : 34.0,
    "throughput" : 3.429355281207133,
    "receivedKBytesPerSec" : 2.2759666495198903,
    "sentKBytesPerSec" : 0.9645061728395062
  }
}