{
  "zone activity" : {
    "transaction" : "zone activity",
    "sampleCount" : 5,
    "errorCount" : 0,
    "errorPct" : 0.0,
    "meanResTime" : 438.6,
    "medianResTime" : 272.0,
    "minResTime" : 219.0,
    "maxResTime" : 723.0,
    "pct1ResTime" : 723.0,
    "pct2ResTime" : 723.0,
    "pct3ResTime" : 723.0,
    "throughput" : 1.834862385321101,
    "receivedKBytesPerSec" : 510.3734231651376,
    "sentKBytesPerSec" : 0.598480504587156
  },
  "Total" : {
    "transaction" : "Total",
    "sampleCount" : 15,
    "errorCount" : 0,
    "errorPct" : 0.0,
    "meanResTime" : 266.66666666666663,
    "medianResTime" : 148.0,
    "minResTime" : 44.0,
    "maxResTime" : 969.0,
    "pct1ResTime" : 821.4000000000001,
    "pct2ResTime" : 969.0,
    "pct3ResTime" : 969.0,
    "throughput" : 3.429355281207133,
    "receivedKBytesPerSec" : 319.61680526977597,
    "sentKBytesPerSec" : 0.9790184184956562
  },
  "login" : {
    "transaction" : "login",
    "sampleCount" : 5,
    "errorCount" : 0,
    "errorPct" : 0.0,
    "meanResTime" : 303.4,
    "medianResTime" : 148.0,
    "minResTime" : 122.0,
    "maxResTime" : 969.0,
    "pct1ResTime" : 969.0,
    "pct2ResTime" : 969.0,
    "pct3ResTime" : 969.0,
    "throughput" : 1.23334977799704,
    "receivedKBytesPerSec" : 0.9659634003453379,
    "sentKBytesPerSec" : 0.30713300135668475
  },
  "create api key" : {
    "transaction" : "create api key",
    "sampleCount" : 5,
    "errorCount" : 0,
    "errorPct" : 0.0,
    "meanResTime" : 58.0,
    "medianResTime" : 50.0,
    "minResTime" : 44.0,
    "maxResTime" : 77.0,
    "pct1ResTime" : 77.0,
    "pct2ResTime" : 77.0,
    "pct3ResTime" : 77.0,
    "throughput" : 1.9638648860958365,
    "receivedKBytesPerSec" : 1.3041290259230165,
    "sentKBytesPerSec" : 0.5523369992144541
  }
}