{
  "zone activity" : {
    "transaction" : "zone activity",
    "sampleCount" : 10,
    "errorCount" : 0,
    "errorPct" : 0.0,
    "meanResTime" : 82.7,
    "medianResTime" : 77.0,
    "minResTime" : 66.0,
    "maxResTime" : 114.0,
    "pct1ResTime" : 113.7,
    "pct2ResTime" : 114.0,
    "pct3ResTime" : 114.0,
    "throughput" : 1.3879250520471893,
    "receivedKBytesPerSec" : 21.654341603053435,
    "sentKBytesPerSec" : 0.4513467210270645
  },
  "Total" : {
    "transaction" : "Total",
    "sampleCount" : 30,
    "errorCount" : 0,
    "errorPct" : 0.0,
    "meanResTime" : 131.93333333333334,
    "medianResTime" : 83.5,
    "minResTime" : 38.0,
    "maxResTime" : 1253.0,
    "pct1ResTime" : 136.5,
    "pct2ResTime" : 751.9499999999994,
    "pct3ResTime" : 1253.0,
    "throughput" : 3.278330237132554,
    "receivedKBytesPerSec" : 20.849838815430008,
    "sentKBytesPerSec" : 0.9359035214730631
  },
  "login" : {
    "transaction" : "login",
    "sampleCount" : 10,
    "errorCount" : 0,
    "errorPct" : 0.0,
    "meanResTime" : 257.3,
    "medianResTime" : 125.0,
    "minResTime" : 108.0,
    "maxResTime" : 1253.0,
    "pct1ResTime" : 1161.9000000000003,
    "pct2ResTime" : 1253.0,
    "pct3ResTime" : 1253.0,
    "throughput" : 1.1074197120708749,
    "receivedKBytesPerSec" : 1.992057724252492,
    "sentKBytesPerSec" : 0.2768549280177187
  },
  "create api key" : {
    "transaction" : "create api key",
    "sampleCount" : 10,
    "errorCount" : 0,
    "errorPct" : 0.0,
    "meanResTime" : 55.800000000000004,
    "medianResTime" : 44.0,
    "minResTime" : 38.0,
    "maxResTime" : 112.0,
    "pct1ResTime" : 111.7,
    "pct2ResTime" : 112.0,
    "pct3ResTime" : 112.0,
    "throughput" : 1.3791201213625708,
    "receivedKBytesPerSec" : 2.3154133912563784,
    "sentKBytesPerSec" : 0.387877534133223
  }
}