{
  "zone activity" : {
    "transaction" : "zone activity",
    "sampleCount" : 5,
    "errorCount" : 0,
    "errorPct" : 0.0,
    "meanResTime" : 211.6,
    "medianResTime" : 212.0,
    "minResTime" : 195.0,
    "maxResTime" : 235.0,
    "pct1ResTime" : 235.0,
    "pct2ResTime" : 235.0,
    "pct3ResTime" : 235.0,
    "throughput" : 2.043318348998774,
    "receivedKBytesPerSec" : 568.709772170004,
    "sentKBytesPerSec" : 0.6664729771148344
  },
  "Total" : {
    "transaction" : "Total",
    "sampleCount" : 15,
    "errorCount" : 0,
    "errorPct" : 0.0,
    "meanResTime" : 212.80000000000004,
    "medianResTime" : 141.0,
    "minResTime" : 41.0,
    "maxResTime" : 1197.0,
    "pct1ResTime" : 654.6000000000004,
    "pct2ResTime" : 1197.0,
    "pct3ResTime" : 1197.0,
    "throughput" : 3.4940600978336827,
    "receivedKBytesPerSec" : 325.8481739896343,
    "sentKBytesPerSec" : 0.9974904641276496
  },
  "login" : {
    "transaction" : "login",
    "sampleCount" : 5,
    "errorCount" : 0,
    "errorPct" : 0.0,
    "meanResTime" : 376.4,
    "medianResTime" : 141.0,
    "minResTime" : 121.0,
    "maxResTime" : 1197.0,
    "pct1ResTime" : 1197.0,
    "pct2ResTime" : 1197.0,
    "pct3ResTime" : 1197.0,
    "throughput" : 1.2394645513138325,
    "receivedKBytesPerSec" : 0.9707525099157165,
    "sentKBytesPerSec" : 0.3086557232275657
  },
  "create api key" : {
    "transaction" : "create api key",
    "sampleCount" : 5,
    "errorCount" : 0,
    "errorPct" : 0.0,
    "meanResTime" : 50.4,
    "medianResTime" : 44.0,
    "minResTime" : 41.0,
    "maxResTime" : 63.0,
    "pct1ResTime" : 63.0,
    "pct2ResTime" : 63.0,
    "pct3ResTime" : 63.0,
    "throughput" : 2.1654395842356,
    "receivedKBytesPerSec" : 1.4367184116500649,
    "sentKBytesPerSec" : 0.6090298830662624
  }
}