{
  "zone activity" : {
    "transaction" : "zone activity",
    "sampleCount" : 5,
    "errorCount" : 0,
    "errorPct" : 0.0,
    "meanResTime" : 58.2,
    "medianResTime" : 46.0,
    "minResTime" : 24.0,
    "maxResTime" : 89.0,
    "pct1ResTime" : 89.0,
    "pct2ResTime" : 89.0,
    "pct3ResTime" : 89.0,
    "throughput" : 2.0868113522537564,
    "receivedKBytesPerSec" : 30.33905793510017,
    "sentKBytesPerSec" : 0.6786212698247078
  },
  "Total" : {
    "transaction" : "Total",
    "sampleCount" : 15,
    "errorCount" : 0,
    "errorPct" : 0.0,
    "meanResTime" : 114.86666666666666,
    "medianResTime" : 46.0,
    "minResTime" : 18.0,
    "maxResTime" : 988.0,
    "pct1ResTime" : 448.6000000000003,
    "pct2ResTime" : 988.0,
    "pct3ResTime" : 988.0,
    "throughput" : 3.7091988130563798,
    "receivedKBytesPerSec" : 19.764040863006926,
    "sentKBytesPerSec" : 1.0577012240356085
  },
  "login" : {
    "transaction" : "login",
    "sampleCount" : 5,
    "errorCount" : 0,
    "errorPct" : 0.0,
    "meanResTime" : 256.2,
    "medianResTime" : 84.0,
    "minResTime" : 52.0,
    "maxResTime" : 988.0,
    "pct1ResTime" : 988.0,
    "pct2ResTime" : 988.0,
    "pct3ResTime" : 988.0,
    "throughput" : 1.2581781580271767,
    "receivedKBytesPerSec" : 0.9854090651736286,
    "sentKBytesPerSec" : 0.31331584989934574
  },
  "create api key" : {
    "transaction" : "create api key",
    "sampleCount" : 5,
    "errorCount" : 0,
    "errorPct" : 0.0,
    "meanResTime" : 30.2,
    "medianResTime" : 30.0,
    "minResTime" : 18.0,
    "maxResTime" : 41.0,
    "pct1ResTime" : 41.0,
    "pct2ResTime" : 41.0,
    "pct3ResTime" : 41.0,
    "throughput" : 2.077274615704196,
    "receivedKBytesPerSec" : 1.3782230213959286,
    "sentKBytesPerSec" : 0.5842334856668051
  }
}