{
  "zone activity" : {
    "transaction" : "zone activity",
    "sampleCount" : 5,
    "errorCount" : 0,
    "errorPct" : 0.0,
    "meanResTime" : 201.0,
    "medianResTime" : 89.0,
    "minResTime" : 77.0,
    "maxResTime" : 378.0,
    "pct1ResTime" : 378.0,
    "pct2ResTime" : 378.0,
    "pct3ResTime" : 378.0,
    "throughput" : 2.0885547201336676,
    "receivedKBytesPerSec" : 581.1697211779448,
    "sentKBytesPerSec" : 0.6812278091060986
  },
  "Total" : {
    "transaction" : "Total",
    "sampleCount" : 15,
    "errorCount" : 0,
    "errorPct" : 0.0,
    "meanResTime" : 163.8,
    "medianResTime" : 61.0,
    "minResTime" : 17.0,
    "maxResTime" : 1036.0,
    "pct1ResTime" : 641.2000000000003,
    "pct2ResTime" : 1036.0,
    "pct3ResTime" : 1036.0,
    "throughput" : 3.6845983787767134,
    "receivedKBytesPerSec" : 343.54058239683127,
    "sentKBytesPerSec" : 1.0518856699828052
  },
  "login" : {
    "transaction" : "login",
    "sampleCount" : 5,
    "errorCount" : 0,
    "errorPct" : 0.0,
    "meanResTime" : 264.4,
    "medianResTime" : 61.0,
    "minResTime" : 48.0,
    "maxResTime" : 1036.0,
    "pct1ResTime" : 1036.0,
    "pct2ResTime" : 1036.0,
    "pct3ResTime" : 1036.0,
    "throughput" : 1.2578616352201257,
    "receivedKBytesPerSec" : 0.9851611635220126,
    "sentKBytesPerSec" : 0.31323702830188677
  },
  "create api key" : {
    "transaction" : "create api key",
    "sampleCount" : 5,
    "errorCount" : 0,
    "errorPct" : 0.0,
    "meanResTime" : 26.0,
    "medianResTime" : 18.0,
    "minResTime" : 17.0,
    "maxResTime" : 39.0,
    "pct1ResTime" : 39.0,
    "pct2ResTime" : 39.0,
    "pct3ResTime" : 39.0,
    "throughput" : 2.109704641350211,
    "receivedKBytesPerSec" : 1.3997395833333333,
    "sentKBytesPerSec" : 0.5933544303797468
  }
}