{
  "zone activity" : {
    "transaction" : "zone activity",
    "sampleCount" : 5,
    "errorCount" : 0,
    "errorPct" : 0.0,
    "meanResTime" : 145.4,
    "medianResTime" : 144.0,
    "minResTime" : 142.0,
    "maxResTime" : 151.0,
    "pct1ResTime" : 151.0,
    "pct2ResTime" : 151.0,
    "pct3ResTime" : 151.0,
    "throughput" : 1.8511662347278786,
    "receivedKBytesPerSec" : 26.39611197241762,
    "sentKBytesPerSec" : 0.6019905821917808
  },
  "Total" : {
    "transaction" : "Total",
    "sampleCount" : 15,
    "errorCount" : 0,
    "errorPct" : 0.0,
    "meanResTime" : 205.6,
    "medianResTime" : 144.0,
    "minResTime" : 75.0,
    "maxResTime" : 939.0,
    "pct1ResTime" : 520.2000000000003,
    "pct2ResTime" : 939.0,
    "pct3ResTime" : 939.0,
    "throughput" : 3.4419458467186783,
    "receivedKBytesPerSec" : 18.019572481642957,
    "sentKBytesPerSec" : 0.9814923703533732
  },
  "login" : {
    "transaction" : "login",
    "sampleCount" : 5,
    "errorCount" : 0,
    "errorPct" : 0.0,
    "meanResTime" : 375.4,
    "medianResTime" : 237.0,
    "minResTime" : 228.0,
    "maxResTime" : 939.0,
    "pct1ResTime" : 939.0,
    "pct2ResTime" : 939.0,
    "pct3ResTime" : 939.0,
    "throughput" : 1.208605269518975,
    "receivedKBytesPerSec" : 0.9465834239787286,
    "sentKBytesPerSec" : 0.30097103879622916
  },
  "create api key" : {
    "transaction" : "create api key",
    "sampleCount" : 5,
    "errorCount" : 0,
    "errorPct" : 0.0,
    "meanResTime" : 96.0,
    "medianResTime" : 80.0,
    "minResTime" : 75.0,
    "maxResTime" : 123.0,
    "pct1ResTime" : 123.0,
    "pct2ResTime" : 123.0,
    "pct3ResTime" : 123.0,
    "throughput" : 1.8552875695732838,
    "receivedKBytesPerSec" : 1.230939819109462,
    "sentKBytesPerSec" : 0.5217996289424861
  }
}