{
  "zone activity" : {
    "transaction" : "zone activity",
    "sampleCount" : 5,
    "errorCount" : 0,
    "errorPct" : 0.0,
    "meanResTime" : 565.6,
    "medianResTime" : 666.0,
    "minResTime" : 145.0,
    "maxResTime" : 677.0,
    "pct1ResTime" : 677.0,
    "pct2ResTime" : 677.0,
    "pct3ResTime" : 677.0,
    "throughput" : 6.127450980392156,
    "receivedKBytesPerSec" : 1705.7447246476718,
    "sentKBytesPerSec" : 1.9986021752450982
  },
  "Total" : {
    "transaction" : "Total",
    "sampleCount" : 15,
    "errorCount" : 0,
    "errorPct" : 0.0,
    "meanResTime" : 538.6666666666667,
    "medianResTime" : 145.0,
    "minResTime" : 33.0,
    "maxResTime" : 2486.0,
    "pct1ResTime" : 1984.4000000000003,
    "pct2ResTime" : 2486.0,
    "pct3ResTime" : 2486.0,
    "throughput" : 3.652300949598247,
    "receivedKBytesPerSec" : 340.667895513757,
    "sentKBytesPerSec" : 1.0426653427075725
  },
  "login" : {
    "transaction" : "login",
    "sampleCount" : 5,
    "errorCount" : 0,
    "errorPct" : 0.0,
    "meanResTime" : 994.0,
    "medianResTime" : 650.0,
    "minResTime" : 91.0,
    "maxResTime" : 2486.0,
    "pct1ResTime" : 2486.0,
    "pct2ResTime" : 2486.0,
    "pct3ResTime" : 2486.0,
    "throughput" : 1.2738853503184713,
    "receivedKBytesPerSec" : 0.9977109872611465,
    "sentKBytesPerSec" : 0.31722730891719747
  },
  "create api key" : {
    "transaction" : "create api key",
    "sampleCount" : 5,
    "errorCount" : 0,
    "errorPct" : 0.0,
    "meanResTime" : 56.4,
    "medianResTime" : 64.0,
    "minResTime" : 33.0,
    "maxResTime" : 68.0,
    "pct1ResTime" : 68.0,
    "pct2ResTime" : 68.0,
    "pct3ResTime" : 68.0,
    "throughput" : 6.793478260869565,
    "receivedKBytesPerSec" : 4.50996730638587,
    "sentKBytesPerSec" : 1.9106657608695652
  }
}