{
  "zone activity" : {
    "transaction" : "zone activity",
    "sampleCount" : 5,
    "errorCount" : 0,
    "errorPct" : 0.0,
    "meanResTime" : 83.6,
    "medianResTime" : 69.0,
    "minResTime" : 60.0,
    "maxResTime" : 116.0,
    "pct1ResTime" : 116.0,
    "pct2ResTime" : 116.0,
    "pct3ResTime" : 116.0,
    "throughput" : 2.1258503401360547,
    "receivedKBytesPerSec" : 591.240084901148,
    "sentKBytesPerSec" : 0.6933925914115646
  },
  "Total" : {
    "transaction" : "Total",
    "sampleCount" : 15,
    "errorCount" : 0,
    "errorPct" : 0.0,
    "meanResTime" : 116.26666666666667,
    "medianResTime" : 48.0,
    "minResTime" : 9.0,
    "maxResTime" : 1015.0,
    "pct1ResTime" : 475.6000000000003,
    "pct2ResTime" : 1015.0,
    "pct3ResTime" : 1015.0,
    "throughput" : 3.745318352059925,
    "receivedKBytesPerSec" : 349.0212429775281,
    "sentKBytesPerSec" : 1.0692201154806493
  },
  "login" : {
    "transaction" : "login",
    "sampleCount" : 5,
    "errorCount" : 0,
    "errorPct" : 0.0,
    "meanResTime" : 247.2,
    "medianResTime" : 48.0,
    "minResTime" : 30.0,
    "maxResTime" : 1015.0,
    "pct1ResTime" : 1015.0,
    "pct2ResTime" : 1015.0,
    "pct3ResTime" : 1015.0,
    "throughput" : 1.2712941774726674,
    "receivedKBytesPerSec" : 0.9956815725908976,
    "sentKBytesPerSec" : 0.31658204614797864
  },
  "create api key" : {
    "transaction" : "create api key",
    "sampleCount" : 5,
    "errorCount" : 0,
    "errorPct" : 0.0,
    "meanResTime" : 18.0,
    "medianResTime" : 11.0,
    "minResTime" : 9.0,
    "maxResTime" : 31.0,
    "pct1ResTime" : 31.0,
    "pct2ResTime" : 31.0,
    "pct3ResTime" : 31.0,
    "throughput" : 2.1376656690893547,
    "receivedKBytesPerSec" : 1.4182910699016673,
    "sentKBytesPerSec" : 0.6012184694313809
  }
}