{
  "zone activity" : {
    "transaction" : "zone activity",
    "sampleCount" : 5,
    "errorCount" : 0,
    "errorPct" : 0.0,
    "meanResTime" : 1623.6,
    "medianResTime" : 2111.0,
    "minResTime" : 209.0,
    "maxResTime" : 2323.0,
    "pct1ResTime" : 2323.0,
    "pct2ResTime" : 2323.0,
    "pct3ResTime" : 2323.0,
    "throughput" : 2.1331058020477816,
    "receivedKBytesPerSec" : 593.5433553754267,
    "sentKBytesPerSec" : 0.6957591190273038
  },
  "Total" : {
    "transaction" : "Total",
    "sampleCount" : 15,
    "errorCount" : 0,
    "errorPct" : 0.0,
    "meanResTime" : 699.3333333333334,
    "medianResTime" : 179.0,
    "minResTime" : 40.0,
    "maxResTime" : 2323.0,
    "pct1ResTime" : 2318.8,
    "pct2ResTime" : 2323.0,
    "pct3ResTime" : 2323.0,
    "throughput" : 3.502218071445249,
    "receivedKBytesPerSec" : 326.5232368520896,
    "sentKBytesPerSec" : 0.999819416880691
  },
  "login" : {
    "transaction" : "login",
    "sampleCount" : 5,
    "errorCount" : 0,
    "errorPct" : 0.0,
    "meanResTime" : 424.0,
    "medianResTime" : 179.0,
    "minResTime" : 121.0,
    "maxResTime" : 1301.0,
    "pct1ResTime" : 1301.0,
    "pct2ResTime" : 1301.0,
    "pct3ResTime" : 1301.0,
    "throughput" : 1.2403870007442324,
    "receivedKBytesPerSec" : 0.97147497519226,
    "sentKBytesPerSec" : 0.3088854347556438
  },
  "create api key" : {
    "transaction" : "create api key",
    "sampleCount" : 5,
    "errorCount" : 0,
    "errorPct" : 0.0,
    "meanResTime" : 50.4,
    "medianResTime" : 42.0,
    "minResTime" : 40.0,
    "maxResTime" : 66.0,
    "pct1ResTime" : 66.0,
    "pct2ResTime" : 66.0,
    "pct3ResTime" : 66.0,
    "throughput" : 2.2603978300180834,
    "receivedKBytesPerSec" : 1.499720982142857,
    "sentKBytesPerSec" : 0.6357368896925858
  }
}