{
  "zone activity" : {
    "transaction" : "zone activity",
    "sampleCount" : 5,
    "errorCount" : 0,
    "errorPct" : 0.0,
    "meanResTime" : 212.6,
    "medianResTime" : 306.0,
    "minResTime" : 59.0,
    "maxResTime" : 321.0,
    "pct1ResTime" : 321.0,
    "pct2ResTime" : 321.0,
    "pct3ResTime" : 321.0,
    "throughput" : 3.536067892503536,
    "receivedKBytesPerSec" : 983.6035570632956,
    "sentKBytesPerSec" : 1.1533658946251768
  },
  "Total" : {
    "transaction" : "Total",
    "sampleCount" : 15,
    "errorCount" : 0,
    "errorPct" : 0.0,
    "meanResTime" : 297.13333333333327,
    "medianResTime" : 60.0,
    "minResTime" : 18.0,
    "maxResTime" : 1967.0,
    "pct1ResTime" : 1430.0000000000005,
    "pct2ResTime" : 1967.0,
    "pct3ResTime" : 1967.0,
    "throughput" : 3.724857213806804,
    "receivedKBytesPerSec" : 347.1695450242116,
    "sentKBytesPerSec" : 1.0633788334988825
  },
  "login" : {
    "transaction" : "login",
    "sampleCount" : 5,
    "errorCount" : 0,
    "errorPct" : 0.0,
    "meanResTime" : 644.2,
    "medianResTime" : 72.0,
    "minResTime" : 50.0,
    "maxResTime" : 1967.0,
    "pct1ResTime" : 1967.0,
    "pct2ResTime" : 1967.0,
    "pct3ResTime" : 1967.0,
    "throughput" : 1.2671059300557526,
    "receivedKBytesPerSec" : 0.9924013241256968,
    "sentKBytesPerSec" : 0.3155390743791181
  },
  "create api key" : {
    "transaction" : "create api key",
    "sampleCount" : 5,
    "errorCount" : 0,
    "errorPct" : 0.0,
    "meanResTime" : 34.6,
    "medianResTime" : 41.0,
    "minResTime" : 18.0,
    "maxResTime" : 48.0,
    "pct1ResTime" : 48.0,
    "pct2ResTime" : 48.0,
    "pct3ResTime" : 48.0,
    "throughput" : 3.5486160397444992,
    "receivedKBytesPerSec" : 2.356502838892832,
    "sentKBytesPerSec" : 0.9980482611781405
  }
}