{
  "zone activity" : {
    "transaction" : "zone activity",
    "sampleCount" : 5,
    "errorCount" : 0,
    "errorPct" : 0.0,
    "meanResTime" : 384.4,
    "medianResTime" : 389.0,
    "minResTime" : 374.0,
    "maxResTime" : 394.0,
    "pct1ResTime" : 394.0,
    "pct2ResTime" : 394.0,
    "pct3ResTime" : 394.0,
    "throughput" : 1.7385257301808068,
    "receivedKBytesPerSec" : 483.6269585578929,
    "sentKBytesPerSec" : 0.5670581971488178
  },
  "Total" : {
    "transaction" : "Total",
    "sampleCount" : 15,
    "errorCount" : 0,
    "errorPct" : 0.0,
    "meanResTime" : 293.19999999999993,
    "medianResTime" : 240.0,
    "minResTime" : 80.0,
    "maxResTime" : 1102.0,
    "pct1ResTime" : 677.2000000000003,
    "pct2ResTime" : 1102.0,
    "pct3ResTime" : 1102.0,
    "throughput" : 3.249566724436742,
    "receivedKBytesPerSec" : 302.89092964688047,
    "sentKBytesPerSec" : 0.9276920629332757
  },
  "login" : {
    "transaction" : "login",
    "sampleCount" : 5,
    "errorCount" : 0,
    "errorPct" : 0.0,
    "meanResTime" : 411.0,
    "medianResTime" : 240.0,
    "minResTime" : 236.0,
    "maxResTime" : 1102.0,
    "pct1ResTime" : 1102.0,
    "pct2ResTime" : 1102.0,
    "pct3ResTime" : 1102.0,
    "throughput" : 1.2077294685990339,
    "receivedKBytesPerSec" : 0.9458974939613527,
    "sentKBytesPerSec" : 0.3007529438405797
  },
  "create api key" : {
    "transaction" : "create api key",
    "sampleCount" : 5,
    "errorCount" : 0,
    "errorPct" : 0.0,
    "meanResTime" : 84.2,
    "medianResTime" : 80.0,
    "minResTime" : 80.0,
    "maxResTime" : 91.0,
    "pct1ResTime" : 91.0,
    "pct2ResTime" : 91.0,
    "pct3ResTime" : 91.0,
    "throughput" : 1.9334880123743232,
    "receivedKBytesPerSec" : 1.2828239800850736,
    "sentKBytesPerSec" : 0.5437935034802784
  }
}