{
  "zone activity" : {
    "transaction" : "zone activity",
    "sampleCount" : 5,
    "errorCount" : 0,
    "errorPct" : 0.0,
    "meanResTime" : 353.0,
    "medianResTime" : 347.0,
    "minResTime" : 322.0,
    "maxResTime" : 386.0,
    "pct1ResTime" : 386.0,
    "pct2ResTime" : 386.0,
    "pct3ResTime" : 386.0,
    "throughput" : 1.9305019305019306,
    "receivedKBytesPerSec" : 537.1595228040541,
    "sentKBytesPerSec" : 0.6296754343629344
  },
  "Total" : {
    "transaction" : "Total",
    "sampleCount" : 15,
    "errorCount" : 0,
    "errorPct" : 0.0,
    "meanResTime" : 280.26666666666665,
    "medianResTime" : 209.0,
    "minResTime" : 64.0,
    "maxResTime" : 1193.0,
    "pct1ResTime" : 708.8000000000003,
    "pct2ResTime" : 1193.0,
    "pct3ResTime" : 1193.0,
    "throughput" : 3.3400133600534403,
    "receivedKBytesPerSec" : 311.3960125111334,
    "sentKBytesPerSec" : 0.953512928635048
  },
  "login" : {
    "transaction" : "login",
    "sampleCount" : 5,
    "errorCount" : 0,
    "errorPct" : 0.0,
    "meanResTime" : 412.0,
    "medianResTime" : 209.0,
    "minResTime" : 189.0,
    "maxResTime" : 1193.0,
    "pct1ResTime" : 1193.0,
    "pct2ResTime" : 1193.0,
    "pct3ResTime" : 1193.0,
    "throughput" : 1.2189176011701608,
    "receivedKBytesPerSec" : 0.9546600743539736,
    "sentKBytesPerSec" : 0.30353905107264745
  },
  "create api key" : {
    "transaction" : "create api key",
    "sampleCount" : 5,
    "errorCount" : 0,
    "errorPct" : 0.0,
    "meanResTime" : 75.8,
    "medianResTime" : 69.0,
    "minResTime" : 64.0,
    "maxResTime" : 93.0,
    "pct1ResTime" : 93.0,
    "pct2ResTime" : 93.0,
    "pct3ResTime" : 93.0,
    "throughput" : 2.109704641350211,
    "receivedKBytesPerSec" : 1.4009757383966244,
    "sentKBytesPerSec" : 0.5933544303797468
  }
}