{
  "zone activity" : {
    "transaction" : "zone activity",
    "sampleCount" : 5,
    "errorCount" : 0,
    "errorPct" : 0.0,
    "meanResTime" : 158.8,
    "medianResTime" : 160.0,
    "minResTime" : 154.0,
    "maxResTime" : 163.0,
    "pct1ResTime" : 163.0,
    "pct2ResTime" : 163.0,
    "pct3ResTime" : 163.0,
    "throughput" : 1.9623233908948192,
    "receivedKBytesPerSec" : 545.9501784487834,
    "sentKBytesPerSec" : 0.6400546997645212
  },
  "Total" : {
    "transaction" : "Total",
    "sampleCount" : 15,
    "errorCount" : 0,
    "errorPct" : 0.0,
    "meanResTime" : 150.66666666666663,
    "medianResTime" : 95.0,
    "minResTime" : 28.0,
    "maxResTime" : 878.0,
    "pct1ResTime" : 449.0000000000002,
    "pct2ResTime" : 878.0,
    "pct3ResTime" : 878.0,
    "throughput" : 3.7471896077941547,
    "receivedKBytesPerSec" : 349.3166258118911,
    "sentKBytesPerSec" : 1.069754324881339
  },
  "login" : {
    "transaction" : "login",
    "sampleCount" : 5,
    "errorCount" : 0,
    "errorPct" : 0.0,
    "meanResTime" : 256.6,
    "medianResTime" : 95.0,
    "minResTime" : 83.0,
    "maxResTime" : 878.0,
    "pct1ResTime" : 878.0,
    "pct2ResTime" : 878.0,
    "pct3ResTime" : 878.0,
    "throughput" : 1.3092432573972246,
    "receivedKBytesPerSec" : 1.0254034105786856,
    "sentKBytesPerSec" : 0.3260322564807541
  },
  "create api key" : {
    "transaction" : "create api key",
    "sampleCount" : 5,
    "errorCount" : 0,
    "errorPct" : 0.0,
    "meanResTime" : 36.6,
    "medianResTime" : 30.0,
    "minResTime" : 28.0,
    "maxResTime" : 49.0,
    "pct1ResTime" : 49.0,
    "pct2ResTime" : 49.0,
    "pct3ResTime" : 49.0,
    "throughput" : 2.0341741253051264,
    "receivedKBytesPerSec" : 1.3496268561838893,
    "sentKBytesPerSec" : 0.5721114727420666
  }
}