{
  "zone activity" : {
    "transaction" : "zone activity",
    "sampleCount" : 5,
    "errorCount" : 0,
    "errorPct" : 0.0,
    "meanResTime" : 95.6,
    "medianResTime" : 99.0,
    "minResTime" : 76.0,
    "maxResTime" : 126.0,
    "pct1ResTime" : 126.0,
    "pct2ResTime" : 126.0,
    "pct3ResTime" : 126.0,
    "throughput" : 2.254283137962128,
    "receivedKBytesPerSec" : 627.3273712240757,
    "sentKBytesPerSec" : 0.735283757889991
  },
  "Total" : {
    "transaction" : "Total",
    "sampleCount" : 15,
    "errorCount" : 0,
    "errorPct" : 0.0,
    "meanResTime" : 152.4666666666667,
    "medianResTime" : 66.0,
    "minResTime" : 17.0,
    "maxResTime" : 1210.0,
    "pct1ResTime" : 665.8000000000003,
    "pct2ResTime" : 1210.0,
    "pct3ResTime" : 1210.0,
    "throughput" : 3.70278943470748,
    "receivedKBytesPerSec" : 345.25932061528016,
    "sentKBytesPerSec" : 1.0570788848432486
  },
  "login" : {
    "transaction" : "login",
    "sampleCount" : 5,
    "errorCount" : 0,
    "errorPct" : 0.0,
    "meanResTime" : 335.6,
    "medianResTime" : 66.0,
    "minResTime" : 49.0,
    "maxResTime" : 1210.0,
    "pct1ResTime" : 1210.0,
    "pct2ResTime" : 1210.0,
    "pct3ResTime" : 1210.0,
    "throughput" : 1.2651821862348178,
    "receivedKBytesPerSec" : 0.9908946419534413,
    "sentKBytesPerSec" : 0.3150600170799595
  },
  "create api key" : {
    "transaction" : "create api key",
    "sampleCount" : 5,
    "errorCount" : 0,
    "errorPct" : 0.0,
    "meanResTime" : 26.2,
    "medianResTime" : 20.0,
    "minResTime" : 17.0,
    "maxResTime" : 42.0,
    "pct1ResTime" : 42.0,
    "pct2ResTime" : 42.0,
    "pct3ResTime" : 42.0,
    "throughput" : 2.279981760145919,
    "receivedKBytesPerSec" : 1.5127144607843137,
    "sentKBytesPerSec" : 0.6412448700410397
  }
}