{
  "zone activity" : {
    "transaction" : "zone activity",
    "sampleCount" : 5,
    "errorCount" : 0,
    "errorPct" : 0.0,
    "meanResTime" : 680.2,
    "medianResTime" : 382.0,
    "minResTime" : 214.0,
    "maxResTime" : 1297.0,
    "pct1ResTime" : 1297.0,
    "pct2ResTime" : 1297.0,
    "pct3ResTime" : 1297.0,
    "throughput" : 1.610824742268041,
    "receivedKBytesPerSec" : 448.03422750885954,
    "sentKBytesPerSec" : 0.5254057264819587
  },
  "Total" : {
    "transaction" : "Total",
    "sampleCount" : 15,
    "errorCount" : 0,
    "errorPct" : 0.0,
    "meanResTime" : 316.40000000000003,
    "medianResTime" : 135.0,
    "minResTime" : 40.0,
    "maxResTime" : 1297.0,
    "pct1ResTime" : 1292.8,
    "pct2ResTime" : 1297.0,
    "pct3ResTime" : 1297.0,
    "throughput" : 3.4746351633078527,
    "receivedKBytesPerSec" : 323.82061472087094,
    "sentKBytesPerSec" : 0.9919449994208941
  },
  "login" : {
    "transaction" : "login",
    "sampleCount" : 5,
    "errorCount" : 0,
    "errorPct" : 0.0,
    "meanResTime" : 216.6,
    "medianResTime" : 135.0,
    "minResTime" : 123.0,
    "maxResTime" : 539.0,
    "pct1ResTime" : 539.0,
    "pct2ResTime" : 539.0,
    "pct3ResTime" : 539.0,
    "throughput" : 1.23334977799704,
    "receivedKBytesPerSec" : 0.9659634003453379,
    "sentKBytesPerSec" : 0.30713300135668475
  },
  "create api key" : {
    "transaction" : "create api key",
    "sampleCount" : 5,
    "errorCount" : 0,
    "errorPct" : 0.0,
    "meanResTime" : 52.4,
    "medianResTime" : 46.0,
    "minResTime" : 40.0,
    "maxResTime" : 67.0,
    "pct1ResTime" : 67.0,
    "pct2ResTime" : 67.0,
    "pct3ResTime" : 67.0,
    "throughput" : 1.6818028927009754,
    "receivedKBytesPerSec" : 1.116493756306761,
    "sentKBytesPerSec" : 0.4730070635721494
  }
}