{
  "zone activity" : {
    "transaction" : "zone activity",
    "sampleCount" : 5,
    "errorCount" : 0,
    "errorPct" : 0.0,
    "meanResTime" : 110.4,
    "medianResTime" : 93.0,
    "minResTime" : 89.0,
    "maxResTime" : 139.0,
    "pct1ResTime" : 139.0,
    "pct2ResTime" : 139.0,
    "pct3ResTime" : 139.0,
    "throughput" : 2.2603978300180834,
    "receivedKBytesPerSec" : 628.7565869405515,
    "sentKBytesPerSec" : 0.7372781984629294
  },
  "Total" : {
    "transaction" : "Total",
    "sampleCount" : 15,
    "errorCount" : 0,
    "errorPct" : 0.0,
    "meanResTime" : 153.06666666666666,
    "medianResTime" : 52.0,
    "minResTime" : 16.0,
    "maxResTime" : 1171.0,
    "pct1ResTime" : 644.2000000000003,
    "pct2ResTime" : 1171.0,
    "pct3ResTime" : 1171.0,
    "throughput" : 3.7230081906180197,
    "receivedKBytesPerSec" : 346.9957553828493,
    "sentKBytesPerSec" : 1.0628509710846363
  },
  "login" : {
    "transaction" : "login",
    "sampleCount" : 5,
    "errorCount" : 0,
    "errorPct" : 0.0,
    "meanResTime" : 320.0,
    "medianResTime" : 52.0,
    "minResTime" : 41.0,
    "maxResTime" : 1171.0,
    "pct1ResTime" : 1171.0,
    "pct2ResTime" : 1171.0,
    "pct3ResTime" : 1171.0,
    "throughput" : 1.2764871074802144,
    "receivedKBytesPerSec" : 0.9997486916007149,
    "sentKBytesPerSec" : 0.317875207429155
  },
  "create api key" : {
    "transaction" : "create api key",
    "sampleCount" : 5,
    "errorCount" : 0,
    "errorPct" : 0.0,
    "meanResTime" : 28.8,
    "medianResTime" : 18.0,
    "minResTime" : 16.0,
    "maxResTime" : 47.0,
    "pct1ResTime" : 47.0,
    "pct2ResTime" : 47.0,
    "pct3ResTime" : 47.0,
    "throughput" : 2.293577981651376,
    "receivedKBytesPerSec" : 1.5230791284403669,
    "sentKBytesPerSec" : 0.6450688073394495
  }
}