{
  "zone activity" : {
    "transaction" : "zone activity",
    "sampleCount" : 5,
    "errorCount" : 0,
    "errorPct" : 0.0,
    "meanResTime" : 1272.4,
    "medianResTime" : 1680.0,
    "minResTime" : 420.0,
    "maxResTime" : 1712.0,
    "pct1ResTime" : 1712.0,
    "pct2ResTime" : 1712.0,
    "pct3ResTime" : 1712.0,
    "throughput" : 2.1929824561403506,
    "receivedKBytesPerSec" : 610.2277789199562,
    "sentKBytesPerSec" : 0.7152891995614036
  },
  "Total" : {
    "transaction" : "Total",
    "sampleCount" : 15,
    "errorCount" : 0,
    "errorPct" : 0.0,
    "meanResTime" : 671.9999999999999,
    "medianResTime" : 251.0,
    "minResTime" : 81.0,
    "maxResTime" : 1712.0,
    "pct1ResTime" : 1706.6,
    "pct2ResTime" : 1712.0,
    "pct3ResTime" : 1712.0,
    "throughput" : 3.2230339492909326,
    "receivedKBytesPerSec" : 300.5067885152557,
    "sentKBytesPerSec" : 0.9201174392995273
  },
  "login" : {
    "transaction" : "login",
    "sampleCount" : 5,
    "errorCount" : 0,
    "errorPct" : 0.0,
    "meanResTime" : 584.8,
    "medianResTime" : 251.0,
    "minResTime" : 242.0,
    "maxResTime" : 1540.0,
    "pct1ResTime" : 1540.0,
    "pct2ResTime" : 1540.0,
    "pct3ResTime" : 1540.0,
    "throughput" : 1.2054001928640308,
    "receivedKBytesPerSec" : 0.9445440573770493,
    "sentKBytesPerSec" : 0.30017289959016397
  },
  "create api key" : {
    "transaction" : "create api key",
    "sampleCount" : 5,
    "errorCount" : 0,
    "errorPct" : 0.0,
    "meanResTime" : 158.8,
    "medianResTime" : 200.0,
    "minResTime" : 81.0,
    "maxResTime" : 217.0,
    "pct1ResTime" : 217.0,
    "pct2ResTime" : 217.0,
    "pct3ResTime" : 217.0,
    "throughput" : 2.405002405002405,
    "receivedKBytesPerSec" : 1.5975416366041364,
    "sentKBytesPerSec" : 0.6764069264069263
  }
}