{
  "zone activity" : {
    "transaction" : "zone activity",
    "sampleCount" : 5,
    "errorCount" : 0,
    "errorPct" : 0.0,
    "meanResTime" : 458.0,
    "medianResTime" : 419.0,
    "minResTime" : 386.0,
    "maxResTime" : 547.0,
    "pct1ResTime" : 547.0,
    "pct2ResTime" : 547.0,
    "pct3ResTime" : 547.0,
    "throughput" : 1.524390243902439,
    "receivedKBytesPerSec" : 424.1592035060976,
    "sentKBytesPerSec" : 0.4972132240853659
  },
  "Total" : {
    "transaction" : "Total",
    "sampleCount" : 15,
    "errorCount" : 0,
    "errorPct" : 0.0,
    "meanResTime" : 295.0,
    "medianResTime" : 259.0,
    "minResTime" : 82.0,
    "maxResTime" : 609.0,
    "pct1ResTime" : 571.8000000000001,
    "pct2ResTime" : 609.0,
    "pct3ResTime" : 609.0,
    "throughput" : 3.220957698088898,
    "receivedKBytesPerSec" : 300.2957996698518,
    "sentKBytesPerSec" : 0.9195247074296757
  },
  "login" : {
    "transaction" : "login",
    "sampleCount" : 5,
    "errorCount" : 0,
    "errorPct" : 0.0,
    "meanResTime" : 326.0,
    "medianResTime" : 259.0,
    "minResTime" : 245.0,
    "maxResTime" : 609.0,
    "pct1ResTime" : 609.0,
    "pct2ResTime" : 609.0,
    "pct3ResTime" : 609.0,
    "throughput" : 1.1978917105893627,
    "receivedKBytesPerSec" : 0.9381925311451844,
    "sentKBytesPerSec" : 0.29830311152371825
  },
  "create api key" : {
    "transaction" : "create api key",
    "sampleCount" : 5,
    "errorCount" : 0,
    "errorPct" : 0.0,
    "meanResTime" : 101.0,
    "medianResTime" : 86.0,
    "minResTime" : 82.0,
    "maxResTime" : 136.0,
    "pct1ResTime" : 136.0,
    "pct2ResTime" : 136.0,
    "pct3ResTime" : 136.0,
    "throughput" : 1.659475605708596,
    "receivedKBytesPerSec" : 1.1016714030866246,
    "sentKBytesPerSec" : 0.46672751410554264
  }
}