{
  "zone activity" : {
    "transaction" : "zone activity",
    "sampleCount" : 5,
    "errorCount" : 0,
    "errorPct" : 0.0,
    "meanResTime" : 453.4,
    "medianResTime" : 457.0,
    "minResTime" : 59.0,
    "maxResTime" : 846.0,
    "pct1ResTime" : 846.0,
    "pct2ResTime" : 846.0,
    "pct3ResTime" : 846.0,
    "throughput" : 2.0475020475020473,
    "receivedKBytesPerSec" : 569.8950015356265,
    "sentKBytesPerSec" : 0.6678375819000818
  },
  "Total" : {
    "transaction" : "Total",
    "sampleCount" : 15,
    "errorCount" : 0,
    "errorPct" : 0.0,
    "meanResTime" : 228.46666666666667,
    "medianResTime" : 44.0,
    "minResTime" : 14.0,
    "maxResTime" : 869.0,
    "pct1ResTime" : 855.2,
    "pct2ResTime" : 869.0,
    "pct3ResTime" : 869.0,
    "throughput" : 3.732271709380443,
    "receivedKBytesPerSec" : 348.07588758086587,
    "sentKBytesPerSec" : 1.065495536825081
  },
  "login" : {
    "transaction" : "login",
    "sampleCount" : 5,
    "errorCount" : 0,
    "errorPct" : 0.0,
    "meanResTime" : 208.60000000000002,
    "medianResTime" : 44.0,
    "minResTime" : 35.0,
    "maxResTime" : 869.0,
    "pct1ResTime" : 869.0,
    "pct2ResTime" : 869.0,
    "pct3ResTime" : 869.0,
    "throughput" : 1.2680699974638598,
    "receivedKBytesPerSec" : 0.9931563847324372,
    "sentKBytesPerSec" : 0.3157791497590667
  },
  "create api key" : {
    "transaction" : "create api key",
    "sampleCount" : 5,
    "errorCount" : 0,
    "errorPct" : 0.0,
    "meanResTime" : 23.4,
    "medianResTime" : 14.0,
    "minResTime" : 14.0,
    "maxResTime" : 39.0,
    "pct1ResTime" : 39.0,
    "pct2ResTime" : 39.0,
    "pct3ResTime" : 39.0,
    "throughput" : 2.052545155993432,
    "receivedKBytesPerSec" : 1.3618156044745484,
    "sentKBytesPerSec" : 0.5772783251231527
  }
}