{
  "zone activity" : {
    "transaction" : "zone activity",
    "sampleCount" : 5,
    "errorCount" : 0,
    "errorPct" : 0.0,
    "meanResTime" : 387.2,
    "medianResTime" : 380.0,
    "minResTime" : 372.0,
    "maxResTime" : 411.0,
    "pct1ResTime" : 411.0,
    "pct2ResTime" : 411.0,
    "pct3ResTime" : 411.0,
    "throughput" : 2.1404109589041096,
    "receivedKBytesPerSec" : 595.7737752836044,
    "sentKBytesPerSec" : 0.6981418557363014
  },
  "Total" : {
    "transaction" : "Total",
    "sampleCount" : 15,
    "errorCount" : 0,
    "errorPct" : 0.0,
    "meanResTime" : 346.5333333333333,
    "medianResTime" : 358.0,
    "minResTime" : 76.0,
    "maxResTime" : 1365.0,
    "pct1ResTime" : 922.8000000000002,
    "pct2ResTime" : 1365.0,
    "pct3ResTime" : 1365.0,
    "throughput" : 3.401360544217687,
    "receivedKBytesPerSec" : 317.22492382369614,
    "sentKBytesPerSec" : 0.9710264314058956
  },
  "login" : {
    "transaction" : "login",
    "sampleCount" : 5,
    "errorCount" : 0,
    "errorPct" : 0.0,
    "meanResTime" : 563.0,
    "medianResTime" : 358.0,
    "minResTime" : 228.0,
    "maxResTime" : 1365.0,
    "pct1ResTime" : 1365.0,
    "pct2ResTime" : 1365.0,
    "pct3ResTime" : 1365.0,
    "throughput" : 1.2626262626262628,
    "receivedKBytesPerSec" : 0.9891394412878788,
    "sentKBytesPerSec" : 0.3144235321969697
  },
  "create api key" : {
    "transaction" : "create api key",
    "sampleCount" : 5,
    "errorCount" : 0,
    "errorPct" : 0.0,
    "meanResTime" : 89.4,
    "medianResTime" : 78.0,
    "minResTime" : 76.0,
    "maxResTime" : 114.0,
    "pct1ResTime" : 114.0,
    "pct2ResTime" : 114.0,
    "pct3ResTime" : 114.0,
    "throughput" : 2.405002405002405,
    "receivedKBytesPerSec" : 1.5956627284752283,
    "sentKBytesPerSec" : 0.6764069264069263
  }
}