{
  "zone activity" : {
    "transaction" : "zone activity",
    "sampleCount" : 5,
    "errorCount" : 0,
    "errorPct" : 0.0,
    "meanResTime" : 84.8,
    "medianResTime" : 73.0,
    "minResTime" : 70.0,
    "maxResTime" : 105.0,
    "pct1ResTime" : 105.0,
    "pct2ResTime" : 105.0,
    "pct3ResTime" : 105.0,
    "throughput" : 2.2016732716864817,
    "receivedKBytesPerSec" : 612.7811433564509,
    "sentKBytesPerSec" : 0.7181238991633642
  },
  "Total" : {
    "transaction" : "Total",
    "sampleCount" : 15,
    "errorCount" : 0,
    "errorPct" : 0.0,
    "meanResTime" : 130.40000000000003,
    "medianResTime" : 54.0,
    "minResTime" : 16.0,
    "maxResTime" : 1032.0,
    "pct1ResTime" : 552.6000000000004,
    "pct2ResTime" : 1032.0,
    "pct3ResTime" : 1032.0,
    "throughput" : 3.8129130655821046,
    "receivedKBytesPerSec" : 355.58194585663443,
    "sentKBytesPerSec" : 1.088517173995933
  },
  "login" : {
    "transaction" : "login",
    "sampleCount" : 5,
    "errorCount" : 0,
    "errorPct" : 0.0,
    "meanResTime" : 282.2,
    "medianResTime" : 54.0,
    "minResTime" : 46.0,
    "maxResTime" : 1032.0,
    "pct1ResTime" : 1032.0,
    "pct2ResTime" : 1032.0,
    "pct3ResTime" : 1032.0,
    "throughput" : 1.3010668748373666,
    "receivedKBytesPerSec" : 1.0189996422066094,
    "sentKBytesPerSec" : 0.3239961455893833
  },
  "create api key" : {
    "transaction" : "create api key",
    "sampleCount" : 5,
    "errorCount" : 0,
    "errorPct" : 0.0,
    "meanResTime" : 24.2,
    "medianResTime" : 17.0,
    "minResTime" : 16.0,
    "maxResTime" : 36.0,
    "pct1ResTime" : 36.0,
    "pct2ResTime" : 36.0,
    "pct3ResTime" : 36.0,
    "throughput" : 2.2232103156958645,
    "receivedKBytesPerSec" : 1.4750479379724322,
    "sentKBytesPerSec" : 0.6252779012894619
  }
}