{
  "zone activity" : {
    "transaction" : "zone activity",
    "sampleCount" : 5,
    "errorCount" : 0,
    "errorPct" : 0.0,
    "meanResTime" : 63.2,
    "medianResTime" : 58.0,
    "minResTime" : 57.0,
    "maxResTime" : 73.0,
    "pct1ResTime" : 73.0,
    "pct2ResTime" : 73.0,
    "pct3ResTime" : 73.0,
    "throughput" : 1.8656716417910448,
    "receivedKBytesPerSec" : 519.277635261194,
    "sentKBytesPerSec" : 0.6085296175373134
  },
  "Total" : {
    "transaction" : "Total",
    "sampleCount" : 15,
    "errorCount" : 0,
    "errorPct" : 0.0,
    "meanResTime" : 82.26666666666668,
    "medianResTime" : 41.0,
    "minResTime" : 12.0,
    "maxResTime" : 631.0,
    "pct1ResTime" : 296.20000000000016,
    "pct2ResTime" : 631.0,
    "pct3ResTime" : 631.0,
    "throughput" : 3.7257824143070044,
    "receivedKBytesPerSec" : 347.46583729197715,
    "sentKBytesPerSec" : 1.0636429613760556
  },
  "login" : {
    "transaction" : "login",
    "sampleCount" : 5,
    "errorCount" : 0,
    "errorPct" : 0.0,
    "meanResTime" : 161.2,
    "medianResTime" : 40.0,
    "minResTime" : 36.0,
    "maxResTime" : 631.0,
    "pct1ResTime" : 631.0,
    "pct2ResTime" : 631.0,
    "pct3ResTime" : 631.0,
    "throughput" : 1.2655024044545686,
    "receivedKBytesPerSec" : 0.9911454378638319,
    "sentKBytesPerSec" : 0.31513975892179197
  },
  "create api key" : {
    "transaction" : "create api key",
    "sampleCount" : 5,
    "errorCount" : 0,
    "errorPct" : 0.0,
    "meanResTime" : 22.4,
    "medianResTime" : 13.0,
    "minResTime" : 12.0,
    "maxResTime" : 41.0,
    "pct1ResTime" : 41.0,
    "pct2ResTime" : 41.0,
    "pct3ResTime" : 41.0,
    "throughput" : 1.8712574850299402,
    "receivedKBytesPerSec" : 1.2415354837200598,
    "sentKBytesPerSec" : 0.5262911676646707
  }
}