{
  "zone activity" : {
    "transaction" : "zone activity",
    "sampleCount" : 5,
    "errorCount" : 0,
    "errorPct" : 0.0,
    "meanResTime" : 1160.0,
    "medianResTime" : 1488.0,
    "minResTime" : 334.0,
    "maxResTime" : 1515.0,
    "pct1ResTime" : 1515.0,
    "pct2ResTime" : 1515.0,
    "pct3ResTime" : 1515.0,
    "throughput" : 2.6997840172786174,
    "receivedKBytesPerSec" : 750.9143409152267,
    "sentKBytesPerSec" : 0.8805936150107991
  },
  "Total" : {
    "transaction" : "Total",
    "sampleCount" : 15,
    "errorCount" : 0,
    "errorPct" : 0.0,
    "meanResTime" : 660.6666666666666,
    "medianResTime" : 220.0,
    "minResTime" : 70.0,
    "maxResTime" : 1938.0,
    "pct1ResTime" : 1684.2000000000003,
    "pct2ResTime" : 1938.0,
    "pct3ResTime" : 1938.0,
    "throughput" : 3.34075723830735,
    "receivedKBytesPerSec" : 311.3429148106904,
    "sentKBytesPerSec" : 0.9537252923162584
  },
  "login" : {
    "transaction" : "login",
    "sampleCount" : 5,
    "errorCount" : 0,
    "errorPct" : 0.0,
    "meanResTime" : 730.4,
    "medianResTime" : 220.0,
    "minResTime" : 213.0,
    "maxResTime" : 1938.0,
    "pct1ResTime" : 1938.0,
    "pct2ResTime" : 1938.0,
    "pct3ResTime" : 1938.0,
    "throughput" : 1.2242899118511263,
    "receivedKBytesPerSec" : 0.9588676848677767,
    "sentKBytesPerSec" : 0.3048768823457395
  },
  "create api key" : {
    "transaction" : "create api key",
    "sampleCount" : 5,
    "errorCount" : 0,
    "errorPct" : 0.0,
    "meanResTime" : 91.6,
    "medianResTime" : 97.0,
    "minResTime" : 70.0,
    "maxResTime" : 100.0,
    "pct1ResTime" : 100.0,
    "pct2ResTime" : 100.0,
    "pct3ResTime" : 100.0,
    "throughput" : 3.065603923973023,
    "receivedKBytesPerSec" : 2.0357526057633355,
    "sentKBytesPerSec" : 0.8622011036174126
  }
}