{
  "zone activity" : {
    "transaction" : "zone activity",
    "sampleCount" : 5,
    "errorCount" : 0,
    "errorPct" : 0.0,
    "meanResTime" : 399.4,
    "medianResTime" : 391.0,
    "minResTime" : 389.0,
    "maxResTime" : 414.0,
    "pct1ResTime" : 414.0,
    "pct2ResTime" : 414.0,
    "pct3ResTime" : 414.0,
    "throughput" : 1.8545994065281899,
    "receivedKBytesPerSec" : 516.0440959987018,
    "sentKBytesPerSec" : 0.604918165801187
  },
  "Total" : {
    "transaction" : "Total",
    "sampleCount" : 15,
    "errorCount" : 0,
    "errorPct" : 0.0,
    "meanResTime" : 307.33333333333337,
    "medianResTime" : 247.0,
    "minResTime" : 84.0,
    "maxResTime" : 1077.0,
    "pct1ResTime" : 679.2000000000003,
    "pct2ResTime" : 1077.0,
    "pct3ResTime" : 1077.0,
    "throughput" : 3.238341968911917,
    "receivedKBytesPerSec" : 301.91909710977984,
    "sentKBytesPerSec" : 0.9244875998488774
  },
  "login" : {
    "transaction" : "login",
    "sampleCount" : 5,
    "errorCount" : 0,
    "errorPct" : 0.0,
    "meanResTime" : 415.4,
    "medianResTime" : 247.0,
    "minResTime" : 246.0,
    "maxResTime" : 1077.0,
    "pct1ResTime" : 1077.0,
    "pct2ResTime" : 1077.0,
    "pct3ResTime" : 1077.0,
    "throughput" : 1.203369434416366,
    "receivedKBytesPerSec" : 0.9424827015643802,
    "sentKBytesPerSec" : 0.2996671931407942
  },
  "create api key" : {
    "transaction" : "create api key",
    "sampleCount" : 5,
    "errorCount" : 0,
    "errorPct" : 0.0,
    "meanResTime" : 107.2,
    "medianResTime" : 115.0,
    "minResTime" : 84.0,
    "maxResTime" : 134.0,
    "pct1ResTime" : 134.0,
    "pct2ResTime" : 134.0,
    "pct3ResTime" : 134.0,
    "throughput" : 2.051702913418137,
    "receivedKBytesPerSec" : 1.3616575194911777,
    "sentKBytesPerSec" : 0.5770414443988511
  }
}