{
  "zone activity" : {
    "transaction" : "zone activity",
    "sampleCount" : 5,
    "errorCount" : 0,
    "errorPct" : 0.0,
    "meanResTime" : 196.6,
    "medianResTime" : 208.0,
    "minResTime" : 149.0,
    "maxResTime" : 212.0,
    "pct1ResTime" : 212.0,
    "pct2ResTime" : 212.0,
    "pct3ResTime" : 212.0,
    "throughput" : 5.353319057815845,
    "receivedKBytesPerSec" : 1489.5568455567452,
    "sentKBytesPerSec" : 1.7461021145610278
  },
  "Total" : {
    "transaction" : "Total",
    "sampleCount" : 15,
    "errorCount" : 0,
    "errorPct" : 0.0,
    "meanResTime" : 398.73333333333335,
    "medianResTime" : 149.0,
    "minResTime" : 27.0,
    "maxResTime" : 2449.0,
    "pct1ResTime" : 1927.0000000000002,
    "pct2ResTime" : 2449.0,
    "pct3ResTime" : 2449.0,
    "throughput" : 3.6319612590799033,
    "receivedKBytesPerSec" : 338.615362061138,
    "sentKBytesPerSec" : 1.0368587318401938
  },
  "login" : {
    "transaction" : "login",
    "sampleCount" : 5,
    "errorCount" : 0,
    "errorPct" : 0.0,
    "meanResTime" : 956.2,
    "medianResTime" : 580.0,
    "minResTime" : 82.0,
    "maxResTime" : 2449.0,
    "pct1ResTime" : 2449.0,
    "pct2ResTime" : 2449.0,
    "pct3ResTime" : 2449.0,
    "throughput" : 1.2655024044545686,
    "receivedKBytesPerSec" : 0.9911454378638319,
    "sentKBytesPerSec" : 0.31513975892179197
  },
  "create api key" : {
    "transaction" : "create api key",
    "sampleCount" : 5,
    "errorCount" : 0,
    "errorPct" : 0.0,
    "meanResTime" : 43.4,
    "medianResTime" : 45.0,
    "minResTime" : 27.0,
    "maxResTime" : 52.0,
    "pct1ResTime" : 52.0,
    "pct2ResTime" : 52.0,
    "pct3ResTime" : 52.0,
    "throughput" : 5.945303210463734,
    "receivedKBytesPerSec" : 3.9468917211652794,
    "sentKBytesPerSec" : 1.672116527942925
  }
}