{
  "zone activity" : {
    "transaction" : "zone activity",
    "sampleCount" : 5,
    "errorCount" : 0,
    "errorPct" : 0.0,
    "meanResTime" : 569.8,
    "medianResTime" : 535.0,
    "minResTime" : 93.0,
    "maxResTime" : 1054.0,
    "pct1ResTime" : 1054.0,
    "pct2ResTime" : 1054.0,
    "pct3ResTime" : 1054.0,
    "throughput" : 1.9252984212552946,
    "receivedKBytesPerSec" : 535.6732979158645,
    "sentKBytesPerSec" : 0.6279781959953793
  },
  "Total" : {
    "transaction" : "Total",
    "sampleCount" : 15,
    "errorCount" : 0,
    "errorPct" : 0.0,
    "meanResTime" : 270.2000000000001,
    "medianResTime" : 54.0,
    "minResTime" : 17.0,
    "maxResTime" : 1054.0,
    "pct1ResTime" : 1053.4,
    "pct2ResTime" : 1054.0,
    "pct3ResTime" : 1054.0,
    "throughput" : 3.676470588235294,
    "receivedKBytesPerSec" : 342.7396886488971,
    "sentKBytesPerSec" : 1.0495653339460784
  },
  "login" : {
    "transaction" : "login",
    "sampleCount" : 5,
    "errorCount" : 0,
    "errorPct" : 0.0,
    "meanResTime" : 209.79999999999998,
    "medianResTime" : 54.0,
    "minResTime" : 49.0,
    "maxResTime" : 830.0,
    "pct1ResTime" : 830.0,
    "pct2ResTime" : 830.0,
    "pct3ResTime" : 830.0,
    "throughput" : 1.2600806451612903,
    "receivedKBytesPerSec" : 0.9868990990423387,
    "sentKBytesPerSec" : 0.31378961378528225
  },
  "create api key" : {
    "transaction" : "create api key",
    "sampleCount" : 5,
    "errorCount" : 0,
    "errorPct" : 0.0,
    "meanResTime" : 31.0,
    "medianResTime" : 39.0,
    "minResTime" : 17.0,
    "maxResTime" : 41.0,
    "pct1ResTime" : 41.0,
    "pct2ResTime" : 41.0,
    "pct3ResTime" : 41.0,
    "throughput" : 1.9546520719311962,
    "receivedKBytesPerSec" : 1.2972476055512119,
    "sentKBytesPerSec" : 0.549745895230649
  }
}