{
  "zone activity" : {
    "transaction" : "zone activity",
    "sampleCount" : 10,
    "errorCount" : 0,
    "errorPct" : 0.0,
    "meanResTime" : 73.80000000000001,
    "medianResTime" : 71.5,
    "minResTime" : 63.0,
    "maxResTime" : 105.0,
    "pct1ResTime" : 102.20000000000002,
    "pct2ResTime" : 105.0,
    "pct3ResTime" : 105.0,
    "throughput" : 1.268713524486171,
    "receivedKBytesPerSec" : 19.79391334686628,
    "sentKBytesPerSec" : 0.4125796910682568
  },
  "Total" : {
    "transaction" : "Total",
    "sampleCount" : 30,
    "errorCount" : 0,
    "errorPct" : 0.0,
    "meanResTime" : 97.60000000000001,
    "medianResTime" : 71.5,
    "minResTime" : 35.0,
    "maxResTime" : 647.0,
    "pct1ResTime" : 141.20000000000005,
    "pct2ResTime" : 384.0999999999997,
    "pct3ResTime" : 647.0,
    "throughput" : 3.287310979618672,
    "receivedKBytesPerSec" : 20.906527366863905,
    "sentKBytesPerSec" : 0.9384673597413983
  },
  "login" : {
    "transaction" : "login",
    "sampleCount" : 10,
    "errorCount" : 0,
    "errorPct" : 0.0,
    "meanResTime" : 175.2,
    "medianResTime" : 120.0,
    "minResTime" : 104.0,
    "maxResTime" : 647.0,
    "pct1ResTime" : 599.2000000000002,
    "pct2ResTime" : 647.0,
    "pct3ResTime" : 647.0,
    "throughput" : 1.108524553818867,
    "receivedKBytesPerSec" : 1.994045144662454,
    "sentKBytesPerSec" : 0.27713113845471676
  },
  "create api key" : {
    "transaction" : "create api key",
    "sampleCount" : 10,
    "errorCount" : 0,
    "errorPct" : 0.0,
    "meanResTime" : 43.800000000000004,
    "medianResTime" : 40.0,
    "minResTime" : 35.0,
    "maxResTime" : 59.0,
    "pct1ResTime" : 58.8,
    "pct2ResTime" : 59.0,
    "pct3ResTime" : 59.0,
    "throughput" : 1.2682308180088777,
    "receivedKBytesPerSec" : 2.1292406467977174,
    "sentKBytesPerSec" : 0.35668991756499685
  }
}