{
  "zone activity" : {
    "transaction" : "zone activity",
    "sampleCount" : 5,
    "errorCount" : 0,
    "errorPct" : 0.0,
    "meanResTime" : 625.2,
    "medianResTime" : 690.0,
    "minResTime" : 84.0,
    "maxResTime" : 1134.0,
    "pct1ResTime" : 1134.0,
    "pct2ResTime" : 1134.0,
    "pct3ResTime" : 1134.0,
    "throughput" : 1.9801980198019802,
    "receivedKBytesPerSec" : 550.7100866336634,
    "sentKBytesPerSec" : 0.645884900990099
  },
  "Total" : {
    "transaction" : "Total",
    "sampleCount" : 15,
    "errorCount" : 0,
    "errorPct" : 0.0,
    "meanResTime" : 293.0,
    "medianResTime" : 56.0,
    "minResTime" : 17.0,
    "maxResTime" : 1134.0,
    "pct1ResTime" : 1132.8,
    "pct2ResTime" : 1134.0,
    "pct3ResTime" : 1134.0,
    "throughput" : 3.6936715094804233,
    "receivedKBytesPerSec" : 344.1955972205122,
    "sentKBytesPerSec" : 1.0544758834031027
  },
  "login" : {
    "transaction" : "login",
    "sampleCount" : 5,
    "errorCount" : 0,
    "errorPct" : 0.0,
    "meanResTime" : 225.0,
    "medianResTime" : 56.0,
    "minResTime" : 49.0,
    "maxResTime" : 896.0,
    "pct1ResTime" : 896.0,
    "pct2ResTime" : 896.0,
    "pct3ResTime" : 896.0,
    "throughput" : 1.2648621300278269,
    "receivedKBytesPerSec" : 0.9906439729319505,
    "sentKBytesPerSec" : 0.31498031558310147
  },
  "create api key" : {
    "transaction" : "create api key",
    "sampleCount" : 5,
    "errorCount" : 0,
    "errorPct" : 0.0,
    "meanResTime" : 28.8,
    "medianResTime" : 19.0,
    "minResTime" : 17.0,
    "maxResTime" : 48.0,
    "pct1ResTime" : 48.0,
    "pct2ResTime" : 48.0,
    "pct3ResTime" : 48.0,
    "throughput" : 2.004008016032064,
    "receivedKBytesPerSec" : 1.3303951653306612,
    "sentKBytesPerSec" : 0.563627254509018
  }
}