{
  "zone activity" : {
    "transaction" : "zone activity",
    "sampleCount" : 5,
    "errorCount" : 0,
    "errorPct" : 0.0,
    "meanResTime" : 1336.6,
    "medianResTime" : 1515.0,
    "minResTime" : 616.0,
    "maxResTime" : 1523.0,
    "pct1ResTime" : 1523.0,
    "pct2ResTime" : 1523.0,
    "pct3ResTime" : 1523.0,
    "throughput" : 3.278688524590164,
    "receivedKBytesPerSec" : 911.875,
    "sentKBytesPerSec" : 1.0694159836065575
  },
  "Total" : {
    "transaction" : "Total",
    "sampleCount" : 15,
    "errorCount" : 0,
    "errorPct" : 0.0,
    "meanResTime" : 735.2000000000002,
    "medianResTime" : 207.0,
    "minResTime" : 57.0,
    "maxResTime" : 2078.0,
    "pct1ResTime" : 1745.0000000000002,
    "pct2ResTime" : 2078.0,
    "pct3ResTime" : 2078.0,
    "throughput" : 3.145313482910463,
    "receivedKBytesPerSec" : 293.11086247116793,
    "sentKBytesPerSec" : 0.8979296629272384
  },
  "login" : {
    "transaction" : "login",
    "sampleCount" : 5,
    "errorCount" : 0,
    "errorPct" : 0.0,
    "meanResTime" : 758.2,
    "medianResTime" : 207.0,
    "minResTime" : 165.0,
    "maxResTime" : 2078.0,
    "pct1ResTime" : 2078.0,
    "pct2ResTime" : 2078.0,
    "pct3ResTime" : 2078.0,
    "throughput" : 1.2275963663147558,
    "receivedKBytesPerSec" : 0.9614573103363613,
    "sentKBytesPerSec" : 0.30570026700220965
  },
  "create api key" : {
    "transaction" : "create api key",
    "sampleCount" : 5,
    "errorCount" : 0,
    "errorPct" : 0.0,
    "meanResTime" : 110.8,
    "medianResTime" : 125.0,
    "minResTime" : 57.0,
    "maxResTime" : 129.0,
    "pct1ResTime" : 129.0,
    "pct2ResTime" : 129.0,
    "pct3ResTime" : 129.0,
    "throughput" : 4.911591355599214,
    "receivedKBytesPerSec" : 3.261603634577603,
    "sentKBytesPerSec" : 1.381385068762279
  }
}