{
  "zone activity" : {
    "transaction" : "zone activity",
    "sampleCount" : 5,
    "errorCount" : 0,
    "errorPct" : 0.0,
    "meanResTime" : 191.8,
    "medianResTime" : 196.0,
    "minResTime" : 151.0,
    "maxResTime" : 212.0,
    "pct1ResTime" : 212.0,
    "pct2ResTime" : 212.0,
    "pct3ResTime" : 212.0,
    "throughput" : 5.537098560354375,
    "receivedKBytesPerSec" : 1540.0358181063123,
    "sentKBytesPerSec" : 1.8060458194905868
  },
  "Total" : {
    "transaction" : "Total",
    "sampleCount" : 15,
    "errorCount" : 0,
    "errorPct" : 0.0,
    "meanResTime" : 404.33333333333337,
    "medianResTime" : 151.0,
    "minResTime" : 32.0,
    "maxResTime" : 2462.0,
    "pct1ResTime" : 1940.6000000000004,
    "pct2ResTime" : 2462.0,
    "pct3ResTime" : 2462.0,
    "throughput" : 3.6083714216983402,
    "receivedKBytesPerSec" : 336.27320070062547,
    "sentKBytesPerSec" : 1.0301242632908347
  },
  "login" : {
    "transaction" : "login",
    "sampleCount" : 5,
    "errorCount" : 0,
    "errorPct" : 0.0,
    "meanResTime" : 970.0,
    "medianResTime" : 594.0,
    "minResTime" : 98.0,
    "maxResTime" : 2462.0,
    "pct1ResTime" : 2462.0,
    "pct2ResTime" : 2462.0,
    "pct3ResTime" : 2462.0,
    "throughput" : 1.2594458438287153,
    "receivedKBytesPerSec" : 0.9864019206549118,
    "sentKBytesPerSec" : 0.31363153337531485
  },
  "create api key" : {
    "transaction" : "create api key",
    "sampleCount" : 5,
    "errorCount" : 0,
    "errorPct" : 0.0,
    "meanResTime" : 51.2,
    "medianResTime" : 55.0,
    "minResTime" : 32.0,
    "maxResTime" : 59.0,
    "pct1ResTime" : 59.0,
    "pct2ResTime" : 59.0,
    "pct3ResTime" : 59.0,
    "throughput" : 6.112469437652813,
    "receivedKBytesPerSec" : 4.057867894254279,
    "sentKBytesPerSec" : 1.7191320293398533
  }
}