{
  "zone activity" : {
    "transaction" : "zone activity",
    "sampleCount" : 5,
    "errorCount" : 0,
    "errorPct" : 0.0,
    "meanResTime" : 1520.2,
    "medianResTime" : 1890.0,
    "minResTime" : 231.0,
    "maxResTime" : 2298.0,
    "pct1ResTime" : 2298.0,
    "pct2ResTime" : 2298.0,
    "pct3ResTime" : 2298.0,
    "throughput" : 1.8953752843062925,
    "receivedKBytesPerSec" : 527.3789180960955,
    "sentKBytesPerSec" : 0.6182181103108416
  },
  "Total" : {
    "transaction" : "Total",
    "sampleCount" : 15,
    "errorCount" : 0,
    "errorPct" : 0.0,
    "meanResTime" : 628.4000000000001,
    "medianResTime" : 132.0,
    "minResTime" : 44.0,
    "maxResTime" : 2298.0,
    "pct1ResTime" : 2289.6,
    "pct2ResTime" : 2298.0,
    "pct3ResTime" : 2298.0,
    "throughput" : 3.465003465003465,
    "receivedKBytesPerSec" : 323.0450251934627,
    "sentKBytesPerSec" : 0.9891953251328252
  },
  "login" : {
    "transaction" : "login",
    "sampleCount" : 5,
    "errorCount" : 0,
    "errorPct" : 0.0,
    "meanResTime" : 306.4,
    "medianResTime" : 132.0,
    "minResTime" : 127.0,
    "maxResTime" : 1003.0,
    "pct1ResTime" : 1003.0,
    "pct2ResTime" : 1003.0,
    "pct3ResTime" : 1003.0,
    "throughput" : 1.2348728081007656,
    "receivedKBytesPerSec" : 0.9671562422820449,
    "sentKBytesPerSec" : 0.30751227154853045
  },
  "create api key" : {
    "transaction" : "create api key",
    "sampleCount" : 5,
    "errorCount" : 0,
    "errorPct" : 0.0,
    "meanResTime" : 58.6,
    "medianResTime" : 48.0,
    "minResTime" : 44.0,
    "maxResTime" : 78.0,
    "pct1ResTime" : 78.0,
    "pct2ResTime" : 78.0,
    "pct3ResTime" : 78.0,
    "throughput" : 2.000800320128051,
    "receivedKBytesPerSec" : 1.328656462585034,
    "sentKBytesPerSec" : 0.5627250900360143
  }
}