{
  "zone activity" : {
    "transaction" : "zone activity",
    "sampleCount" : 5,
    "errorCount" : 0,
    "errorPct" : 0.0,
    "meanResTime" : 149.4,
    "medianResTime" : 148.0,
    "minResTime" : 141.0,
    "maxResTime" : 162.0,
    "pct1ResTime" : 162.0,
    "pct2ResTime" : 162.0,
    "pct3ResTime" : 162.0,
    "throughput" : 2.061005770816158,
    "receivedKBytesPerSec" : 573.189052194971,
    "sentKBytesPerSec" : 0.6722421166529265
  },
  "Total" : {
    "transaction" : "Total",
    "sampleCount" : 15,
    "errorCount" : 0,
    "errorPct" : 0.0,
    "meanResTime" : 180.8,
    "medianResTime" : 110.0,
    "minResTime" : 34.0,
    "maxResTime" : 1163.0,
    "pct1ResTime" : 617.0000000000003,
    "pct2ResTime" : 1163.0,
    "pct3ResTime" : 1163.0,
    "throughput" : 3.5502958579881656,
    "receivedKBytesPerSec" : 330.8385724852071,
    "sentKBytesPerSec" : 1.01354474852071
  },
  "login" : {
    "transaction" : "login",
    "sampleCount" : 5,
    "errorCount" : 0,
    "errorPct" : 0.0,
    "meanResTime" : 346.0,
    "medianResTime" : 110.0,
    "minResTime" : 96.0,
    "maxResTime" : 1163.0,
    "pct1ResTime" : 1163.0,
    "pct2ResTime" : 1163.0,
    "pct3ResTime" : 1163.0,
    "throughput" : 1.244090569793481,
    "receivedKBytesPerSec" : 0.9743756220452848,
    "sentKBytesPerSec" : 0.30980771025130627
  },
  "create api key" : {
    "transaction" : "create api key",
    "sampleCount" : 5,
    "errorCount" : 0,
    "errorPct" : 0.0,
    "meanResTime" : 47.0,
    "medianResTime" : 41.0,
    "minResTime" : 34.0,
    "maxResTime" : 61.0,
    "pct1ResTime" : 61.0,
    "pct2ResTime" : 61.0,
    "pct3ResTime" : 61.0,
    "throughput" : 2.1404109589041096,
    "receivedKBytesPerSec" : 1.4213666523972603,
    "sentKBytesPerSec" : 0.6019905821917808
  }
}