{
  "zone activity" : {
    "transaction" : "zone activity",
    "sampleCount" : 5,
    "errorCount" : 0,
    "errorPct" : 0.0,
    "meanResTime" : 273.8,
    "medianResTime" : 265.0,
    "minResTime" : 262.0,
    "maxResTime" : 290.0,
    "pct1ResTime" : 290.0,
    "pct2ResTime" : 290.0,
    "pct3ResTime" : 290.0,
    "throughput" : 1.885369532428356,
    "receivedKBytesPerSec" : 524.7657281061463,
    "sentKBytesPerSec" : 0.6149545154600301
  },
  "Total" : {
    "transaction" : "Total",
    "sampleCount" : 15,
    "errorCount" : 0,
    "errorPct" : 0.0,
    "meanResTime" : 234.6,
    "medianResTime" : 175.0,
    "minResTime" : 54.0,
    "maxResTime" : 1113.0,
    "pct1ResTime" : 619.2000000000003,
    "pct2ResTime" : 1113.0,
    "pct3ResTime" : 1113.0,
    "throughput" : 3.3829499323410013,
    "receivedKBytesPerSec" : 315.4966417174109,
    "sentKBytesPerSec" : 0.9657705373252142
  },
  "login" : {
    "transaction" : "login",
    "sampleCount" : 5,
    "errorCount" : 0,
    "errorPct" : 0.0,
    "meanResTime" : 365.0,
    "medianResTime" : 175.0,
    "minResTime" : 165.0,
    "maxResTime" : 1113.0,
    "pct1ResTime" : 1113.0,
    "pct2ResTime" : 1113.0,
    "pct3ResTime" : 1113.0,
    "throughput" : 1.224889759921607,
    "receivedKBytesPerSec" : 0.9593374877511024,
    "sentKBytesPerSec" : 0.3050262585742283
  },
  "create api key" : {
    "transaction" : "create api key",
    "sampleCount" : 5,
    "errorCount" : 0,
    "errorPct" : 0.0,
    "meanResTime" : 65.0,
    "medianResTime" : 60.0,
    "minResTime" : 54.0,
    "maxResTime" : 85.0,
    "pct1ResTime" : 85.0,
    "pct2ResTime" : 85.0,
    "pct3ResTime" : 85.0,
    "throughput" : 2.044153720359771,
    "receivedKBytesPerSec" : 1.356248083605887,
    "sentKBytesPerSec" : 0.5749182338511856
  }
}