{
  "zone activity" : {
    "transaction" : "zone activity",
    "sampleCount" : 5,
    "errorCount" : 0,
    "errorPct" : 0.0,
    "meanResTime" : 640.8,
    "medianResTime" : 1002.0,
    "minResTime" : 80.0,
    "maxResTime" : 1002.0,
    "pct1ResTime" : 1002.0,
    "pct2ResTime" : 1002.0,
    "pct3ResTime" : 1002.0,
    "throughput" : 2.556237218813906,
    "receivedKBytesPerSec" : 711.6339747891104,
    "sentKBytesPerSec" : 0.833772686605317
  },
  "Total" : {
    "transaction" : "Total",
    "sampleCount" : 15,
    "errorCount" : 0,
    "errorPct" : 0.0,
    "meanResTime" : 371.26666666666665,
    "medianResTime" : 62.0,
    "minResTime" : 17.0,
    "maxResTime" : 1474.0,
    "pct1ResTime" : 1190.8000000000002,
    "pct2ResTime" : 1474.0,
    "pct3ResTime" : 1474.0,
    "throughput" : 3.695491500369549,
    "receivedKBytesPerSec" : 344.7130893539049,
    "sentKBytesPerSec" : 1.0549954576250307
  },
  "login" : {
    "transaction" : "login",
    "sampleCount" : 5,
    "errorCount" : 0,
    "errorPct" : 0.0,
    "meanResTime" : 440.0,
    "medianResTime" : 62.0,
    "minResTime" : 49.0,
    "maxResTime" : 1474.0,
    "pct1ResTime" : 1474.0,
    "pct2ResTime" : 1474.0,
    "pct3ResTime" : 1474.0,
    "throughput" : 1.2626262626262628,
    "receivedKBytesPerSec" : 0.9888928345959596,
    "sentKBytesPerSec" : 0.3144235321969697
  },
  "create api key" : {
    "transaction" : "create api key",
    "sampleCount" : 5,
    "errorCount" : 0,
    "errorPct" : 0.0,
    "meanResTime" : 33.0,
    "medianResTime" : 43.0,
    "minResTime" : 17.0,
    "maxResTime" : 44.0,
    "pct1ResTime" : 44.0,
    "pct2ResTime" : 44.0,
    "pct3ResTime" : 44.0,
    "throughput" : 2.579979360165119,
    "receivedKBytesPerSec" : 1.7122597394220846,
    "sentKBytesPerSec" : 0.7256191950464397
  }
}