{
  "zone activity" : {
    "transaction" : "zone activity",
    "sampleCount" : 5,
    "errorCount" : 0,
    "errorPct" : 0.0,
    "meanResTime" : 423.0,
    "medianResTime" : 416.0,
    "minResTime" : 396.0,
    "maxResTime" : 450.0,
    "pct1ResTime" : 450.0,
    "pct2ResTime" : 450.0,
    "pct3ResTime" : 450.0,
    "throughput" : 1.9076688286913392,
    "receivedKBytesPerSec" : 530.6780719429607,
    "sentKBytesPerSec" : 0.6222279187333078
  },
  "Total" : {
    "transaction" : "Total",
    "sampleCount" : 15,
    "errorCount" : 0,
    "errorPct" : 0.0,
    "meanResTime" : 335.3999999999999,
    "medianResTime" : 253.0,
    "minResTime" : 80.0,
    "maxResTime" : 1299.0,
    "pct1ResTime" : 789.6000000000004,
    "pct2ResTime" : 1299.0,
    "pct3ResTime" : 1299.0,
    "throughput" : 3.246050638389959,
    "receivedKBytesPerSec" : 302.5627738855226,
    "sentKBytesPerSec" : 0.9266882844622375
  },
  "login" : {
    "transaction" : "login",
    "sampleCount" : 5,
    "errorCount" : 0,
    "errorPct" : 0.0,
    "meanResTime" : 488.0,
    "medianResTime" : 253.0,
    "minResTime" : 237.0,
    "maxResTime" : 1299.0,
    "pct1ResTime" : 1299.0,
    "pct2ResTime" : 1299.0,
    "pct3ResTime" : 1299.0,
    "throughput" : 1.210946960523129,
    "receivedKBytesPerSec" : 0.9484174436909665,
    "sentKBytesPerSec" : 0.30155417473964646
  },
  "create api key" : {
    "transaction" : "create api key",
    "sampleCount" : 5,
    "errorCount" : 0,
    "errorPct" : 0.0,
    "meanResTime" : 95.2,
    "medianResTime" : 84.0,
    "minResTime" : 80.0,
    "maxResTime" : 128.0,
    "pct1ResTime" : 128.0,
    "pct2ResTime" : 128.0,
    "pct3ResTime" : 128.0,
    "throughput" : 2.1468441391155,
    "receivedKBytesPerSec" : 1.4252193806354658,
    "sentKBytesPerSec" : 0.6037999141262343
  }
}