{
  "zone activity" : {
    "transaction" : "zone activity",
    "sampleCount" : 5,
    "errorCount" : 0,
    "errorPct" : 0.0,
    "meanResTime" : 322.4,
    "medianResTime" : 306.0,
    "minResTime" : 302.0,
    "maxResTime" : 350.0,
    "pct1ResTime" : 350.0,
    "pct2ResTime" : 350.0,
    "pct3ResTime" : 350.0,
    "throughput" : 1.937984496124031,
    "receivedKBytesPerSec" : 539.032597504845,
    "sentKBytesPerSec" : 0.6321160368217054
  },
  "Total" : {
    "transaction" : "Total",
    "sampleCount" : 15,
    "errorCount" : 0,
    "errorPct" : 0.0,
    "meanResTime" : 266.66666666666663,
    "medianResTime" : 191.0,
    "minResTime" : 62.0,
    "maxResTime" : 1191.0,
    "pct1ResTime" : 686.4000000000003,
    "pct2ResTime" : 1191.0,
    "pct3ResTime" : 1191.0,
    "throughput" : 3.3572068039391225,
    "receivedKBytesPerSec" : 312.87834146989707,
    "sentKBytesPerSec" : 0.958421343442256
  },
  "login" : {
    "transaction" : "login",
    "sampleCount" : 5,
    "errorCount" : 0,
    "errorPct" : 0.0,
    "meanResTime" : 405.6,
    "medianResTime" : 191.0,
    "minResTime" : 181.0,
    "maxResTime" : 1191.0,
    "pct1ResTime" : 1191.0,
    "pct2ResTime" : 1191.0,
    "pct3ResTime" : 1191.0,
    "throughput" : 1.2221950623319482,
    "receivedKBytesPerSec" : 0.9572269921779516,
    "sentKBytesPerSec" : 0.30435521571742846
  },
  "create api key" : {
    "transaction" : "create api key",
    "sampleCount" : 5,
    "errorCount" : 0,
    "errorPct" : 0.0,
    "meanResTime" : 72.0,
    "medianResTime" : 69.0,
    "minResTime" : 62.0,
    "maxResTime" : 85.0,
    "pct1ResTime" : 85.0,
    "pct2ResTime" : 85.0,
    "pct3ResTime" : 85.0,
    "throughput" : 2.1114864864864864,
    "receivedKBytesPerSec" : 1.4021589949324325,
    "sentKBytesPerSec" : 0.5938555743243243
  }
}