{
  "zone activity" : {
    "transaction" : "zone activity",
    "sampleCount" : 5,
    "errorCount" : 0,
    "errorPct" : 0.0,
    "meanResTime" : 1440.6,
    "medianResTime" : 1858.0,
    "minResTime" : 342.0,
    "maxResTime" : 2084.0,
    "pct1ResTime" : 2084.0,
    "pct2ResTime" : 2084.0,
    "pct3ResTime" : 2084.0,
    "throughput" : 1.9615535504119261,
    "receivedKBytesPerSec" : 545.8018922861907,
    "sentKBytesPerSec" : 0.639803599450765
  },
  "Total" : {
    "transaction" : "Total",
    "sampleCount" : 15,
    "errorCount" : 0,
    "errorPct" : 0.0,
    "meanResTime" : 653.0000000000001,
    "medianResTime" : 209.0,
    "minResTime" : 65.0,
    "maxResTime" : 2084.0,
    "pct1ResTime" : 2068.4,
    "pct2ResTime" : 2084.0,
    "pct3ResTime" : 2084.0,
    "throughput" : 3.3229951262738147,
    "receivedKBytesPerSec" : 309.81001813801504,
    "sentKBytesPerSec" : 0.9486545331191847
  },
  "login" : {
    "transaction" : "login",
    "sampleCount" : 5,
    "errorCount" : 0,
    "errorPct" : 0.0,
    "meanResTime" : 444.8,
    "medianResTime" : 209.0,
    "minResTime" : 196.0,
    "maxResTime" : 1261.0,
    "pct1ResTime" : 1261.0,
    "pct2ResTime" : 1261.0,
    "pct3ResTime" : 1261.0,
    "throughput" : 1.2183235867446394,
    "receivedKBytesPerSec" : 0.9541948403996101,
    "sentKBytesPerSec" : 0.3033911275584795
  },
  "create api key" : {
    "transaction" : "create api key",
    "sampleCount" : 5,
    "errorCount" : 0,
    "errorPct" : 0.0,
    "meanResTime" : 73.6,
    "medianResTime" : 68.0,
    "minResTime" : 65.0,
    "maxResTime" : 87.0,
    "pct1ResTime" : 87.0,
    "pct2ResTime" : 87.0,
    "pct3ResTime" : 87.0,
    "throughput" : 2.172024326672459,
    "receivedKBytesPerSec" : 1.44108723392702,
    "sentKBytesPerSec" : 0.610881841876629
  }
}