{
  "zone activity" : {
    "transaction" : "zone activity",
    "sampleCount" : 5,
    "errorCount" : 0,
    "errorPct" : 0.0,
    "meanResTime" : 71.2,
    "medianResTime" : 61.0,
    "minResTime" : 58.0,
    "maxResTime" : 97.0,
    "pct1ResTime" : 97.0,
    "pct2ResTime" : 97.0,
    "pct3ResTime" : 97.0,
    "throughput" : 2.046663937781416,
    "receivedKBytesPerSec" : 569.6669214336881,
    "sentKBytesPerSec" : 0.6675642140810478
  },
  "Total" : {
    "transaction" : "Total",
    "sampleCount" : 15,
    "errorCount" : 0,
    "errorPct" : 0.0,
    "meanResTime" : 110.3333333333333,
    "medianResTime" : 52.0,
    "minResTime" : 11.0,
    "maxResTime" : 981.0,
    "pct1ResTime" : 450.6000000000003,
    "pct2ResTime" : 981.0,
    "pct3ResTime" : 981.0,
    "throughput" : 3.7397157816005984,
    "receivedKBytesPerSec" : 348.77329531288956,
    "sentKBytesPerSec" : 1.067620683744702
  },
  "login" : {
    "transaction" : "login",
    "sampleCount" : 5,
    "errorCount" : 0,
    "errorPct" : 0.0,
    "meanResTime" : 236.8,
    "medianResTime" : 46.0,
    "minResTime" : 37.0,
    "maxResTime" : 981.0,
    "pct1ResTime" : 981.0,
    "pct2ResTime" : 981.0,
    "pct3ResTime" : 981.0,
    "throughput" : 1.2693577050012694,
    "receivedKBytesPerSec" : 0.9941649212998223,
    "sentKBytesPerSec" : 0.316099819116527
  },
  "create api key" : {
    "transaction" : "create api key",
    "sampleCount" : 5,
    "errorCount" : 0,
    "errorPct" : 0.0,
    "meanResTime" : 23.0,
    "medianResTime" : 12.0,
    "minResTime" : 11.0,
    "maxResTime" : 52.0,
    "pct1ResTime" : 52.0,
    "pct2ResTime" : 52.0,
    "pct3ResTime" : 52.0,
    "throughput" : 2.059308072487644,
    "receivedKBytesPerSec" : 1.366302641062603,
    "sentKBytesPerSec" : 0.5791803953871499
  }
}