{
  "zone activity" : {
    "transaction" : "zone activity",
    "sampleCount" : 5,
    "errorCount" : 0,
    "errorPct" : 0.0,
    "meanResTime" : 149.8,
    "medianResTime" : 85.0,
    "minResTime" : 83.0,
    "maxResTime" : 251.0,
    "pct1ResTime" : 251.0,
    "pct2ResTime" : 251.0,
    "pct3ResTime" : 251.0,
    "throughput" : 2.0408163265306123,
    "receivedKBytesPerSec" : 567.6163903061224,
    "sentKBytesPerSec" : 0.665656887755102
  },
  "Total" : {
    "transaction" : "Total",
    "sampleCount" : 15,
    "errorCount" : 0,
    "errorPct" : 0.0,
    "meanResTime" : 140.2666666666667,
    "medianResTime" : 56.0,
    "minResTime" : 19.0,
    "maxResTime" : 964.0,
    "pct1ResTime" : 536.2000000000003,
    "pct2ResTime" : 964.0,
    "pct3ResTime" : 964.0,
    "throughput" : 3.6891293654697495,
    "receivedKBytesPerSec" : 343.8013980263158,
    "sentKBytesPerSec" : 1.0531791840875553
  },
  "login" : {
    "transaction" : "login",
    "sampleCount" : 5,
    "errorCount" : 0,
    "errorPct" : 0.0,
    "meanResTime" : 239.0,
    "medianResTime" : 56.0,
    "minResTime" : 53.0,
    "maxResTime" : 964.0,
    "pct1ResTime" : 964.0,
    "pct2ResTime" : 964.0,
    "pct3ResTime" : 964.0,
    "throughput" : 1.2623074981065388,
    "receivedKBytesPerSec" : 0.9886431772279728,
    "sentKBytesPerSec" : 0.31434415236051505
  },
  "create api key" : {
    "transaction" : "create api key",
    "sampleCount" : 5,
    "errorCount" : 0,
    "errorPct" : 0.0,
    "meanResTime" : 32.0,
    "medianResTime" : 25.0,
    "minResTime" : 19.0,
    "maxResTime" : 50.0,
    "pct1ResTime" : 50.0,
    "pct2ResTime" : 50.0,
    "pct3ResTime" : 50.0,
    "throughput" : 2.0584602717167555,
    "receivedKBytesPerSec" : 1.3669462741869083,
    "sentKBytesPerSec" : 0.5789419514203377
  }
}