{
  "zone activity" : {
    "transaction" : "zone activity",
    "sampleCount" : 5,
    "errorCount" : 0,
    "errorPct" : 0.0,
    "meanResTime" : 282.4,
    "medianResTime" : 281.0,
    "minResTime" : 246.0,
    "maxResTime" : 320.0,
    "pct1ResTime" : 320.0,
    "pct2ResTime" : 320.0,
    "pct3ResTime" : 320.0,
    "throughput" : 1.9646365422396854,
    "receivedKBytesPerSec" : 546.8101516453831,
    "sentKBytesPerSec" : 0.640809184675835
  },
  "Total" : {
    "transaction" : "Total",
    "sampleCount" : 15,
    "errorCount" : 0,
    "errorPct" : 0.0,
    "meanResTime" : 233.53333333333333,
    "medianResTime" : 183.0,
    "minResTime" : 54.0,
    "maxResTime" : 1032.0,
    "pct1ResTime" : 604.8000000000002,
    "pct2ResTime" : 1032.0,
    "pct3ResTime" : 1032.0,
    "throughput" : 3.431708991077557,
    "receivedKBytesPerSec" : 320.0332268073667,
    "sentKBytesPerSec" : 0.9796903597574924
  },
  "login" : {
    "transaction" : "login",
    "sampleCount" : 5,
    "errorCount" : 0,
    "errorPct" : 0.0,
    "meanResTime" : 345.8,
    "medianResTime" : 183.0,
    "minResTime" : 155.0,
    "maxResTime" : 1032.0,
    "pct1ResTime" : 1032.0,
    "pct2ResTime" : 1032.0,
    "pct3ResTime" : 1032.0,
    "throughput" : 1.2410027302060065,
    "receivedKBytesPerSec" : 0.9719572164308762,
    "sentKBytesPerSec" : 0.30903876582278483
  },
  "create api key" : {
    "transaction" : "create api key",
    "sampleCount" : 5,
    "errorCount" : 0,
    "errorPct" : 0.0,
    "meanResTime" : 72.4,
    "medianResTime" : 60.0,
    "minResTime" : 54.0,
    "maxResTime" : 97.0,
    "pct1ResTime" : 97.0,
    "pct2ResTime" : 97.0,
    "pct3ResTime" : 97.0,
    "throughput" : 2.109704641350211,
    "receivedKBytesPerSec" : 1.3997395833333333,
    "sentKBytesPerSec" : 0.5933544303797468
  }
}