{
  "zone activity" : {
    "transaction" : "zone activity",
    "sampleCount" : 5,
    "errorCount" : 0,
    "errorPct" : 0.0,
    "meanResTime" : 153.0,
    "medianResTime" : 141.0,
    "minResTime" : 134.0,
    "maxResTime" : 180.0,
    "pct1ResTime" : 180.0,
    "pct2ResTime" : 180.0,
    "pct3ResTime" : 180.0,
    "throughput" : 1.6761649346295675,
    "receivedKBytesPerSec" : 466.3087574379819,
    "sentKBytesPerSec" : 0.5467178595373785
  },
  "Total" : {
    "transaction" : "Total",
    "sampleCount" : 15,
    "errorCount" : 0,
    "errorPct" : 0.0,
    "meanResTime" : 125.66666666666664,
    "medianResTime" : 91.0,
    "minResTime" : 28.0,
    "maxResTime" : 562.0,
    "pct1ResTime" : 332.8000000000001,
    "pct2ResTime" : 562.0,
    "pct3ResTime" : 562.0,
    "throughput" : 3.5971223021582737,
    "receivedKBytesPerSec" : 335.30753522182255,
    "sentKBytesPerSec" : 1.0269128447242206
  },
  "login" : {
    "transaction" : "login",
    "sampleCount" : 5,
    "errorCount" : 0,
    "errorPct" : 0.0,
    "meanResTime" : 188.2,
    "medianResTime" : 91.0,
    "minResTime" : 87.0,
    "maxResTime" : 562.0,
    "pct1ResTime" : 562.0,
    "pct2ResTime" : 562.0,
    "pct3ResTime" : 562.0,
    "throughput" : 1.2484394506866416,
    "receivedKBytesPerSec" : 0.9777816791510612,
    "sentKBytesPerSec" : 0.3108906835205993
  },
  "create api key" : {
    "transaction" : "create api key",
    "sampleCount" : 5,
    "errorCount" : 0,
    "errorPct" : 0.0,
    "meanResTime" : 35.8,
    "medianResTime" : 30.0,
    "minResTime" : 28.0,
    "maxResTime" : 49.0,
    "pct1ResTime" : 49.0,
    "pct2ResTime" : 49.0,
    "pct3ResTime" : 49.0,
    "throughput" : 1.7205781142463867,
    "receivedKBytesPerSec" : 1.141563252752925,
    "sentKBytesPerSec" : 0.48391259463179626
  }
}