{
  "zone activity" : {
    "transaction" : "zone activity",
    "sampleCount" : 5,
    "errorCount" : 0,
    "errorPct" : 0.0,
    "meanResTime" : 95.6,
    "medianResTime" : 85.0,
    "minResTime" : 82.0,
    "maxResTime" : 114.0,
    "pct1ResTime" : 114.0,
    "pct2ResTime" : 114.0,
    "pct3ResTime" : 114.0,
    "throughput" : 2.2123893805309733,
    "receivedKBytesPerSec" : 615.6898160951328,
    "sentKBytesPerSec" : 0.7216191924778762
  },
  "Total" : {
    "transaction" : "Total",
    "sampleCount" : 15,
    "errorCount" : 0,
    "errorPct" : 0.0,
    "meanResTime" : 149.13333333333335,
    "medianResTime" : 66.0,
    "minResTime" : 18.0,
    "maxResTime" : 1168.0,
    "pct1ResTime" : 617.8000000000004,
    "pct2ResTime" : 1168.0,
    "pct3ResTime" : 1168.0,
    "throughput" : 3.6719706242350063,
    "receivedKBytesPerSec" : 342.3971561352509,
    "sentKBytesPerSec" : 1.04828067625459
  },
  "login" : {
    "transaction" : "login",
    "sampleCount" : 5,
    "errorCount" : 0,
    "errorPct" : 0.0,
    "meanResTime" : 320.2,
    "medianResTime" : 66.0,
    "minResTime" : 53.0,
    "maxResTime" : 1168.0,
    "pct1ResTime" : 1168.0,
    "pct2ResTime" : 1168.0,
    "pct3ResTime" : 1168.0,
    "throughput" : 1.2556504269211453,
    "receivedKBytesPerSec" : 0.983429338272225,
    "sentKBytesPerSec" : 0.3126863856102461
  },
  "create api key" : {
    "transaction" : "create api key",
    "sampleCount" : 5,
    "errorCount" : 0,
    "errorPct" : 0.0,
    "meanResTime" : 31.6,
    "medianResTime" : 19.0,
    "minResTime" : 18.0,
    "maxResTime" : 57.0,
    "pct1ResTime" : 57.0,
    "pct2ResTime" : 57.0,
    "pct3ResTime" : 57.0,
    "throughput" : 2.235136343316942,
    "receivedKBytesPerSec" : 1.4829605777827446,
    "sentKBytesPerSec" : 0.62863209655789
  }
}