{
  "zone activity" : {
    "transaction" : "zone activity",
    "sampleCount" : 5,
    "errorCount" : 0,
    "errorPct" : 0.0,
    "meanResTime" : 151.6,
    "medianResTime" : 83.0,
    "minResTime" : 77.0,
    "maxResTime" : 265.0,
    "pct1ResTime" : 265.0,
    "pct2ResTime" : 265.0,
    "pct3ResTime" : 265.0,
    "throughput" : 1.889644746787604,
    "receivedKBytesPerSec" : 525.8231764928194,
    "sentKBytesPerSec" : 0.616348970143613
  },
  "Total" : {
    "transaction" : "Total",
    "sampleCount" : 15,
    "errorCount" : 0,
    "errorPct" : 0.0,
    "meanResTime" : 124.13333333333334,
    "medianResTime" : 66.0,
    "minResTime" : 11.0,
    "maxResTime" : 753.0,
    "pct1ResTime" : 460.20000000000016,
    "pct2ResTime" : 753.0,
    "pct3ResTime" : 753.0,
    "throughput" : 3.687315634218289,
    "receivedKBytesPerSec" : 343.79585138581615,
    "sentKBytesPerSec" : 1.052661396878073
  },
  "login" : {
    "transaction" : "login",
    "sampleCount" : 5,
    "errorCount" : 0,
    "errorPct" : 0.0,
    "meanResTime" : 187.4,
    "medianResTime" : 49.0,
    "minResTime" : 37.0,
    "maxResTime" : 753.0,
    "pct1ResTime" : 753.0,
    "pct2ResTime" : 753.0,
    "pct3ResTime" : 753.0,
    "throughput" : 1.2581781580271767,
    "receivedKBytesPerSec" : 0.9854090651736286,
    "sentKBytesPerSec" : 0.31331584989934574
  },
  "create api key" : {
    "transaction" : "create api key",
    "sampleCount" : 5,
    "errorCount" : 0,
    "errorPct" : 0.0,
    "meanResTime" : 33.4,
    "medianResTime" : 12.0,
    "minResTime" : 11.0,
    "maxResTime" : 66.0,
    "pct1ResTime" : 66.0,
    "pct2ResTime" : 66.0,
    "pct3ResTime" : 66.0,
    "throughput" : 1.8889308651303363,
    "receivedKBytesPerSec" : 1.2532613571968267,
    "sentKBytesPerSec" : 0.531261805817907
  }
}