{
  "zone activity" : {
    "transaction" : "zone activity",
    "sampleCount" : 5,
    "errorCount" : 0,
    "errorPct" : 0.0,
    "meanResTime" : 97.8,
    "medianResTime" : 94.0,
    "minResTime" : 87.0,
    "maxResTime" : 109.0,
    "pct1ResTime" : 109.0,
    "pct2ResTime" : 109.0,
    "pct3ResTime" : 109.0,
    "throughput" : 2.1645021645021645,
    "receivedKBytesPerSec" : 602.0220339556276,
    "sentKBytesPerSec" : 0.7059997294372294
  },
  "Total" : {
    "transaction" : "Total",
    "sampleCount" : 15,
    "errorCount" : 0,
    "errorPct" : 0.0,
    "meanResTime" : 135.2,
    "medianResTime" : 60.0,
    "minResTime" : 19.0,
    "maxResTime" : 1069.0,
    "pct1ResTime" : 523.6000000000004,
    "pct2ResTime" : 1069.0,
    "pct3ResTime" : 1069.0,
    "throughput" : 3.688222276862552,
    "receivedKBytesPerSec" : 343.71926481435946,
    "sentKBytesPerSec" : 1.0529202268256699
  },
  "login" : {
    "transaction" : "login",
    "sampleCount" : 5,
    "errorCount" : 0,
    "errorPct" : 0.0,
    "meanResTime" : 278.0,
    "medianResTime" : 60.0,
    "minResTime" : 50.0,
    "maxResTime" : 1069.0,
    "pct1ResTime" : 1069.0,
    "pct2ResTime" : 1069.0,
    "pct3ResTime" : 1069.0,
    "throughput" : 1.2635835228708618,
    "receivedKBytesPerSec" : 0.9896425638109679,
    "sentKBytesPerSec" : 0.3146619124336619
  },
  "create api key" : {
    "transaction" : "create api key",
    "sampleCount" : 5,
    "errorCount" : 0,
    "errorPct" : 0.0,
    "meanResTime" : 29.8,
    "medianResTime" : 20.0,
    "minResTime" : 19.0,
    "maxResTime" : 45.0,
    "pct1ResTime" : 45.0,
    "pct2ResTime" : 45.0,
    "pct3ResTime" : 45.0,
    "throughput" : 2.1910604732690624,
    "receivedKBytesPerSec" : 1.4545731540315512,
    "sentKBytesPerSec" : 0.6162357581069238
  }
}