{
  "zone activity" : {
    "transaction" : "zone activity",
    "sampleCount" : 5,
    "errorCount" : 0,
    "errorPct" : 0.0,
    "meanResTime" : 434.4,
    "medianResTime" : 428.0,
    "minResTime" : 392.0,
    "maxResTime" : 473.0,
    "pct1ResTime" : 473.0,
    "pct2ResTime" : 473.0,
    "pct3ResTime" : 473.0,
    "throughput" : 1.7959770114942528,
    "receivedKBytesPerSec" : 499.6597465427443,
    "sentKBytesPerSec" : 0.585797189295977
  },
  "Total" : {
    "transaction" : "Total",
    "sampleCount" : 15,
    "errorCount" : 0,
    "errorPct" : 0.0,
    "meanResTime" : 316.33333333333326,
    "medianResTime" : 252.0,
    "minResTime" : 78.0,
    "maxResTime" : 1143.0,
    "pct1ResTime" : 741.0000000000002,
    "pct2ResTime" : 1143.0,
    "pct3ResTime" : 1143.0,
    "throughput" : 3.2292787944025836,
    "receivedKBytesPerSec" : 301.03038381324006,
    "sentKBytesPerSec" : 0.9219002287405813
  },
  "login" : {
    "transaction" : "login",
    "sampleCount" : 5,
    "errorCount" : 0,
    "errorPct" : 0.0,
    "meanResTime" : 423.6,
    "medianResTime" : 252.0,
    "minResTime" : 231.0,
    "maxResTime" : 1143.0,
    "pct1ResTime" : 1143.0,
    "pct2ResTime" : 1143.0,
    "pct3ResTime" : 1143.0,
    "throughput" : 1.2048192771084338,
    "receivedKBytesPerSec" : 0.9436182228915662,
    "sentKBytesPerSec" : 0.3000282379518072
  },
  "create api key" : {
    "transaction" : "create api key",
    "sampleCount" : 5,
    "errorCount" : 0,
    "errorPct" : 0.0,
    "meanResTime" : 91.0,
    "medianResTime" : 86.0,
    "minResTime" : 78.0,
    "maxResTime" : 110.0,
    "pct1ResTime" : 110.0,
    "pct2ResTime" : 110.0,
    "pct3ResTime" : 110.0,
    "throughput" : 2.0096463022508035,
    "receivedKBytesPerSec" : 1.3333532204581993,
    "sentKBytesPerSec" : 0.5652130225080386
  }
}