{
  "zone activity" : {
    "transaction" : "zone activity",
    "sampleCount" : 5,
    "errorCount" : 0,
    "errorPct" : 0.0,
    "meanResTime" : 230.0,
    "medianResTime" : 213.0,
    "minResTime" : 162.0,
    "maxResTime" : 366.0,
    "pct1ResTime" : 366.0,
    "pct2ResTime" : 366.0,
    "pct3ResTime" : 366.0,
    "throughput" : 1.9105846388995034,
    "receivedKBytesPerSec" : 531.5795012179977,
    "sentKBytesPerSec" : 0.6231789740160489
  },
  "Total" : {
    "transaction" : "Total",
    "sampleCount" : 15,
    "errorCount" : 0,
    "errorPct" : 0.0,
    "meanResTime" : 179.6,
    "medianResTime" : 107.0,
    "minResTime" : 33.0,
    "maxResTime" : 910.0,
    "pct1ResTime" : 583.6000000000001,
    "pct2ResTime" : 910.0,
    "pct3ResTime" : 910.0,
    "throughput" : 3.57227911407478,
    "receivedKBytesPerSec" : 333.0264181203858,
    "sentKBytesPerSec" : 1.0198205673969993
  },
  "login" : {
    "transaction" : "login",
    "sampleCount" : 5,
    "errorCount" : 0,
    "errorPct" : 0.0,
    "meanResTime" : 266.2,
    "medianResTime" : 107.0,
    "minResTime" : 94.0,
    "maxResTime" : 910.0,
    "pct1ResTime" : 910.0,
    "pct2ResTime" : 910.0,
    "pct3ResTime" : 910.0,
    "throughput" : 1.2496875781054737,
    "receivedKBytesPerSec" : 0.9787592164458885,
    "sentKBytesPerSec" : 0.31120149650087475
  },
  "create api key" : {
    "transaction" : "create api key",
    "sampleCount" : 5,
    "errorCount" : 0,
    "errorPct" : 0.0,
    "meanResTime" : 42.6,
    "medianResTime" : 38.0,
    "minResTime" : 33.0,
    "maxResTime" : 57.0,
    "pct1ResTime" : 57.0,
    "pct2ResTime" : 57.0,
    "pct3ResTime" : 57.0,
    "throughput" : 1.9880715705765406,
    "receivedKBytesPerSec" : 1.3194271868787275,
    "sentKBytesPerSec" : 0.5591451292246521
  }
}