{
  "zone activity" : {
    "transaction" : "zone activity",
    "sampleCount" : 5,
    "errorCount" : 0,
    "errorPct" : 0.0,
    "meanResTime" : 212.2,
    "medianResTime" : 212.0,
    "minResTime" : 201.0,
    "maxResTime" : 225.0,
    "pct1ResTime" : 225.0,
    "pct2ResTime" : 225.0,
    "pct3ResTime" : 225.0,
    "throughput" : 2.11954217888936,
    "receivedKBytesPerSec" : 589.9282005086901,
    "sentKBytesPerSec" : 0.691335046629928
  },
  "Total" : {
    "transaction" : "Total",
    "sampleCount" : 15,
    "errorCount" : 0,
    "errorPct" : 0.0,
    "meanResTime" : 222.20000000000002,
    "medianResTime" : 139.0,
    "minResTime" : 41.0,
    "maxResTime" : 1267.0,
    "pct1ResTime" : 719.8000000000003,
    "pct2ResTime" : 1267.0,
    "pct3ResTime" : 1267.0,
    "throughput" : 3.4875610323180655,
    "receivedKBytesPerSec" : 325.2439022175075,
    "sentKBytesPerSec" : 0.9956350993954893
  },
  "login" : {
    "transaction" : "login",
    "sampleCount" : 5,
    "errorCount" : 0,
    "errorPct" : 0.0,
    "meanResTime" : 401.6,
    "medianResTime" : 139.0,
    "minResTime" : 118.0,
    "maxResTime" : 1267.0,
    "pct1ResTime" : 1267.0,
    "pct2ResTime" : 1267.0,
    "pct3ResTime" : 1267.0,
    "throughput" : 1.2382367508667658,
    "receivedKBytesPerSec" : 0.9697908927686973,
    "sentKBytesPerSec" : 0.3083499721396731
  },
  "create api key" : {
    "transaction" : "create api key",
    "sampleCount" : 5,
    "errorCount" : 0,
    "errorPct" : 0.0,
    "meanResTime" : 52.8,
    "medianResTime" : 45.0,
    "minResTime" : 41.0,
    "maxResTime" : 68.0,
    "pct1ResTime" : 68.0,
    "pct2ResTime" : 68.0,
    "pct3ResTime" : 68.0,
    "throughput" : 2.25022502250225,
    "receivedKBytesPerSec" : 1.492971562781278,
    "sentKBytesPerSec" : 0.6328757875787578
  }
}