{
  "zone activity" : {
    "transaction" : "zone activity",
    "sampleCount" : 5,
    "errorCount" : 0,
    "errorPct" : 0.0,
    "meanResTime" : 117.4,
    "medianResTime" : 106.0,
    "minResTime" : 79.0,
    "maxResTime" : 169.0,
    "pct1ResTime" : 169.0,
    "pct2ResTime" : 169.0,
    "pct3ResTime" : 169.0,
    "throughput" : 2.3485204321277595,
    "receivedKBytesPerSec" : 653.5115884805073,
    "sentKBytesPerSec" : 0.7660213128229215
  },
  "Total" : {
    "transaction" : "Total",
    "sampleCount" : 15,
    "errorCount" : 0,
    "errorPct" : 0.0,
    "meanResTime" : 155.00000000000003,
    "medianResTime" : 47.0,
    "minResTime" : 10.0,
    "maxResTime" : 1178.0,
    "pct1ResTime" : 665.6000000000004,
    "pct2ResTime" : 1178.0,
    "pct3ResTime" : 1178.0,
    "throughput" : 3.7688442211055273,
    "receivedKBytesPerSec" : 351.3968769629397,
    "sentKBytesPerSec" : 1.0759363222361809
  },
  "login" : {
    "transaction" : "login",
    "sampleCount" : 5,
    "errorCount" : 0,
    "errorPct" : 0.0,
    "meanResTime" : 324.2,
    "medianResTime" : 44.0,
    "minResTime" : 33.0,
    "maxResTime" : 1178.0,
    "pct1ResTime" : 1178.0,
    "pct2ResTime" : 1178.0,
    "pct3ResTime" : 1178.0,
    "throughput" : 1.2863390789812195,
    "receivedKBytesPerSec" : 1.0074647864677129,
    "sentKBytesPerSec" : 0.3203285792384873
  },
  "create api key" : {
    "transaction" : "create api key",
    "sampleCount" : 5,
    "errorCount" : 0,
    "errorPct" : 0.0,
    "meanResTime" : 23.4,
    "medianResTime" : 12.0,
    "minResTime" : 10.0,
    "maxResTime" : 47.0,
    "pct1ResTime" : 47.0,
    "pct2ResTime" : 47.0,
    "pct3ResTime" : 47.0,
    "throughput" : 2.3775558725630055,
    "receivedKBytesPerSec" : 1.5774525974797906,
    "sentKBytesPerSec" : 0.6686875891583451
  }
}