{
  "zone activity" : {
    "transaction" : "zone activity",
    "sampleCount" : 5,
    "errorCount" : 0,
    "errorPct" : 0.0,
    "meanResTime" : 913.8,
    "medianResTime" : 722.0,
    "minResTime" : 161.0,
    "maxResTime" : 1799.0,
    "pct1ResTime" : 1799.0,
    "pct2ResTime" : 1799.0,
    "pct3ResTime" : 1799.0,
    "throughput" : 1.5455950540958268,
    "receivedKBytesPerSec" : 430.0560881955178,
    "sentKBytesPerSec" : 0.5041296367851623
  },
  "Total" : {
    "transaction" : "Total",
    "sampleCount" : 15,
    "errorCount" : 0,
    "errorPct" : 0.0,
    "meanResTime" : 374.46666666666664,
    "medianResTime" : 108.0,
    "minResTime" : 32.0,
    "maxResTime" : 1799.0,
    "pct1ResTime" : 1754.6000000000001,
    "pct2ResTime" : 1799.0,
    "pct3ResTime" : 1799.0,
    "throughput" : 3.549455750118315,
    "receivedKBytesPerSec" : 330.91996531885945,
    "sentKBytesPerSec" : 1.013304913038334
  },
  "login" : {
    "transaction" : "login",
    "sampleCount" : 5,
    "errorCount" : 0,
    "errorPct" : 0.0,
    "meanResTime" : 169.4,
    "medianResTime" : 108.0,
    "minResTime" : 94.0,
    "maxResTime" : 437.0,
    "pct1ResTime" : 437.0,
    "pct2ResTime" : 437.0,
    "pct3ResTime" : 437.0,
    "throughput" : 1.2413108242303874,
    "receivedKBytesPerSec" : 0.9721985166335652,
    "sentKBytesPerSec" : 0.3091154884558094
  },
  "create api key" : {
    "transaction" : "create api key",
    "sampleCount" : 5,
    "errorCount" : 0,
    "errorPct" : 0.0,
    "meanResTime" : 40.2,
    "medianResTime" : 35.0,
    "minResTime" : 32.0,
    "maxResTime" : 62.0,
    "pct1ResTime" : 62.0,
    "pct2ResTime" : 62.0,
    "pct3ResTime" : 62.0,
    "throughput" : 1.5862944162436547,
    "receivedKBytesPerSec" : 1.053398635786802,
    "sentKBytesPerSec" : 0.4461453045685279
  }
}