{
  "zone activity" : {
    "transaction" : "zone activity",
    "sampleCount" : 5,
    "errorCount" : 0,
    "errorPct" : 0.0,
    "meanResTime" : 412.4,
    "medianResTime" : 405.0,
    "minResTime" : 395.0,
    "maxResTime" : 440.0,
    "pct1ResTime" : 440.0,
    "pct2ResTime" : 440.0,
    "pct3ResTime" : 440.0,
    "throughput" : 1.639344262295082,
    "receivedKBytesPerSec" : 456.09310963114757,
    "sentKBytesPerSec" : 0.5347079918032788
  },
  "Total" : {
    "transaction" : "Total",
    "sampleCount" : 15,
    "errorCount" : 0,
    "errorPct" : 0.0,
    "meanResTime" : 272.3333333333333,
    "medianResTime" : 237.0,
    "minResTime" : 76.0,
    "maxResTime" : 636.0,
    "pct1ResTime" : 518.4000000000001,
    "pct2ResTime" : 636.0,
    "pct3ResTime" : 636.0,
    "throughput" : 3.2439446366782003,
    "receivedKBytesPerSec" : 302.40427828990056,
    "sentKBytesPerSec" : 0.9260870593641869
  },
  "login" : {
    "transaction" : "login",
    "sampleCount" : 5,
    "errorCount" : 0,
    "errorPct" : 0.0,
    "meanResTime" : 316.8,
    "medianResTime" : 237.0,
    "minResTime" : 229.0,
    "maxResTime" : 636.0,
    "pct1ResTime" : 636.0,
    "pct2ResTime" : 636.0,
    "pct3ResTime" : 636.0,
    "throughput" : 1.205109664979513,
    "receivedKBytesPerSec" : 0.9438456555796577,
    "sentKBytesPerSec" : 0.3001005513376717
  },
  "create api key" : {
    "transaction" : "create api key",
    "sampleCount" : 5,
    "errorCount" : 0,
    "errorPct" : 0.0,
    "meanResTime" : 87.8,
    "medianResTime" : 78.0,
    "minResTime" : 76.0,
    "maxResTime" : 105.0,
    "pct1ResTime" : 105.0,
    "pct2ResTime" : 105.0,
    "pct3ResTime" : 105.0,
    "throughput" : 1.8037518037518037,
    "receivedKBytesPerSec" : 1.1967470463564214,
    "sentKBytesPerSec" : 0.5073051948051949
  }
}