{
  "zone activity" : {
    "transaction" : "zone activity",
    "sampleCount" : 5,
    "errorCount" : 0,
    "errorPct" : 0.0,
    "meanResTime" : 157.0,
    "medianResTime" : 156.0,
    "minResTime" : 149.0,
    "maxResTime" : 166.0,
    "pct1ResTime" : 166.0,
    "pct2ResTime" : 166.0,
    "pct3ResTime" : 166.0,
    "throughput" : 1.9554165037152915,
    "receivedKBytesPerSec" : 544.0136756941729,
    "sentKBytesPerSec" : 0.637801867422761
  },
  "Total" : {
    "transaction" : "Total",
    "sampleCount" : 15,
    "errorCount" : 0,
    "errorPct" : 0.0,
    "meanResTime" : 152.26666666666668,
    "medianResTime" : 88.0,
    "minResTime" : 27.0,
    "maxResTime" : 989.0,
    "pct1ResTime" : 495.2000000000003,
    "pct2ResTime" : 989.0,
    "pct3ResTime" : 989.0,
    "throughput" : 3.5953978906999042,
    "receivedKBytesPerSec" : 335.15732674676417,
    "sentKBytesPerSec" : 1.0264205566874403
  },
  "login" : {
    "transaction" : "login",
    "sampleCount" : 5,
    "errorCount" : 0,
    "errorPct" : 0.0,
    "meanResTime" : 267.4,
    "medianResTime" : 88.0,
    "minResTime" : 80.0,
    "maxResTime" : 989.0,
    "pct1ResTime" : 989.0,
    "pct2ResTime" : 989.0,
    "pct3ResTime" : 989.0,
    "throughput" : 1.2518778167250877,
    "receivedKBytesPerSec" : 0.9804746181772659,
    "sentKBytesPerSec" : 0.3117469172508763
  },
  "create api key" : {
    "transaction" : "create api key",
    "sampleCount" : 5,
    "errorCount" : 0,
    "errorPct" : 0.0,
    "meanResTime" : 32.4,
    "medianResTime" : 27.0,
    "minResTime" : 27.0,
    "maxResTime" : 41.0,
    "pct1ResTime" : 41.0,
    "pct2ResTime" : 41.0,
    "pct3ResTime" : 41.0,
    "throughput" : 2.0308692120227456,
    "receivedKBytesPerSec" : 1.347434123679935,
    "sentKBytesPerSec" : 0.5711819658813972
  }
}