{
  "zone activity" : {
    "transaction" : "zone activity",
    "sampleCount" : 5,
    "errorCount" : 0,
    "errorPct" : 0.0,
    "meanResTime" : 711.6,
    "medianResTime" : 602.0,
    "minResTime" : 308.0,
    "maxResTime" : 1163.0,
    "pct1ResTime" : 1163.0,
    "pct2ResTime" : 1163.0,
    "pct3ResTime" : 1163.0,
    "throughput" : 1.8011527377521612,
    "receivedKBytesPerSec" : 501.0930042101946,
    "sentKBytesPerSec" : 0.5874853656340058
  },
  "Total" : {
    "transaction" : "Total",
    "sampleCount" : 15,
    "errorCount" : 0,
    "errorPct" : 0.0,
    "meanResTime" : 389.2,
    "medianResTime" : 220.0,
    "minResTime" : 66.0,
    "maxResTime" : 1163.0,
    "pct1ResTime" : 1157.0,
    "pct2ResTime" : 1163.0,
    "pct3ResTime" : 1163.0,
    "throughput" : 3.35195530726257,
    "receivedKBytesPerSec" : 312.46268331005587,
    "sentKBytesPerSec" : 0.9569221368715085
  },
  "login" : {
    "transaction" : "login",
    "sampleCount" : 5,
    "errorCount" : 0,
    "errorPct" : 0.0,
    "meanResTime" : 372.2,
    "medianResTime" : 220.0,
    "minResTime" : 192.0,
    "maxResTime" : 1003.0,
    "pct1ResTime" : 1003.0,
    "pct2ResTime" : 1003.0,
    "pct3ResTime" : 1003.0,
    "throughput" : 1.22040517451794,
    "receivedKBytesPerSec" : 0.9558251464486208,
    "sentKBytesPerSec" : 0.30390949170124476
  },
  "create api key" : {
    "transaction" : "create api key",
    "sampleCount" : 5,
    "errorCount" : 0,
    "errorPct" : 0.0,
    "meanResTime" : 83.8,
    "medianResTime" : 87.0,
    "minResTime" : 66.0,
    "maxResTime" : 98.0,
    "pct1ResTime" : 98.0,
    "pct2ResTime" : 98.0,
    "pct3ResTime" : 98.0,
    "throughput" : 1.937984496124031,
    "receivedKBytesPerSec" : 1.2869428294573644,
    "sentKBytesPerSec" : 0.5450581395348837
  }
}