{
  "zone activity" : {
    "transaction" : "zone activity",
    "sampleCount" : 5,
    "errorCount" : 0,
    "errorPct" : 0.0,
    "meanResTime" : 323.2,
    "medianResTime" : 325.0,
    "minResTime" : 313.0,
    "maxResTime" : 331.0,
    "pct1ResTime" : 331.0,
    "pct2ResTime" : 331.0,
    "pct3ResTime" : 331.0,
    "throughput" : 15.060240963855422,
    "receivedKBytesPerSec" : 4197.109727974397,
    "sentKBytesPerSec" : 4.91222703313253
  },
  "Total" : {
    "transaction" : "Total",
    "sampleCount" : 15,
    "errorCount" : 0,
    "errorPct" : 0.0,
    "meanResTime" : 1514.9999999999998,
    "medianResTime" : 325.0,
    "minResTime" : 111.0,
    "maxResTime" : 6023.0,
    "pct1ResTime" : 5480.6,
    "pct2ResTime" : 6023.0,
    "pct3ResTime" : 6023.0,
    "throughput" : 2.1102982554867755,
    "receivedKBytesPerSec" : 197.05638123417276,
    "sentKBytesPerSec" : 0.6024516829628588
  },
  "login" : {
    "transaction" : "login",
    "sampleCount" : 5,
    "errorCount" : 0,
    "errorPct" : 0.0,
    "meanResTime" : 4100.0,
    "medianResTime" : 4119.0,
    "minResTime" : 2120.0,
    "maxResTime" : 6023.0,
    "pct1ResTime" : 6023.0,
    "pct2ResTime" : 6023.0,
    "pct3ResTime" : 6023.0,
    "throughput" : 0.8301510874979245,
    "receivedKBytesPerSec" : 0.650176925950523,
    "sentKBytesPerSec" : 0.20672707745309649
  },
  "create api key" : {
    "transaction" : "create api key",
    "sampleCount" : 5,
    "errorCount" : 0,
    "errorPct" : 0.0,
    "meanResTime" : 121.8,
    "medianResTime" : 124.0,
    "minResTime" : 111.0,
    "maxResTime" : 127.0,
    "pct1ResTime" : 127.0,
    "pct2ResTime" : 127.0,
    "pct3ResTime" : 127.0,
    "throughput" : 39.37007874015748,
    "receivedKBytesPerSec" : 26.144192913385826,
    "sentKBytesPerSec" : 11.07283464566929
  }
}