{
  "zone activity" : {
    "transaction" : "zone activity",
    "sampleCount" : 5,
    "errorCount" : 0,
    "errorPct" : 0.0,
    "meanResTime" : 424.8,
    "medianResTime" : 412.0,
    "minResTime" : 398.0,
    "maxResTime" : 464.0,
    "pct1ResTime" : 464.0,
    "pct2ResTime" : 464.0,
    "pct3ResTime" : 464.0,
    "throughput" : 1.92975685063682,
    "receivedKBytesPerSec" : 536.8621249035122,
    "sentKBytesPerSec" : 0.6294324102663064
  },
  "Total" : {
    "transaction" : "Total",
    "sampleCount" : 15,
    "errorCount" : 0,
    "errorPct" : 0.0,
    "meanResTime" : 333.9333333333333,
    "medianResTime" : 252.0,
    "minResTime" : 79.0,
    "maxResTime" : 1299.0,
    "pct1ResTime" : 798.0000000000002,
    "pct2ResTime" : 1299.0,
    "pct3ResTime" : 1299.0,
    "throughput" : 3.244646333549643,
    "receivedKBytesPerSec" : 302.4536370457495,
    "sentKBytesPerSec" : 0.9262873810296344
  },
  "login" : {
    "transaction" : "login",
    "sampleCount" : 5,
    "errorCount" : 0,
    "errorPct" : 0.0,
    "meanResTime" : 485.4,
    "medianResTime" : 252.0,
    "minResTime" : 234.0,
    "maxResTime" : 1299.0,
    "pct1ResTime" : 1299.0,
    "pct2ResTime" : 1299.0,
    "pct3ResTime" : 1299.0,
    "throughput" : 1.207437816952427,
    "receivedKBytesPerSec" : 0.9456690714803188,
    "sentKBytesPerSec" : 0.30068031574498916
  },
  "create api key" : {
    "transaction" : "create api key",
    "sampleCount" : 5,
    "errorCount" : 0,
    "errorPct" : 0.0,
    "meanResTime" : 91.6,
    "medianResTime" : 91.0,
    "minResTime" : 79.0,
    "maxResTime" : 105.0,
    "pct1ResTime" : 105.0,
    "pct2ResTime" : 105.0,
    "pct3ResTime" : 105.0,
    "throughput" : 2.1654395842356,
    "receivedKBytesPerSec" : 1.4367184116500649,
    "sentKBytesPerSec" : 0.6090298830662624
  }
}