{
  "zone activity" : {
    "transaction" : "zone activity",
    "sampleCount" : 5,
    "errorCount" : 0,
    "errorPct" : 0.0,
    "meanResTime" : 782.6,
    "medianResTime" : 396.0,
    "minResTime" : 319.0,
    "maxResTime" : 1494.0,
    "pct1ResTime" : 1494.0,
    "pct2ResTime" : 1494.0,
    "pct3ResTime" : 1494.0,
    "throughput" : 1.4692918013517484,
    "receivedKBytesPerSec" : 408.66629628269175,
    "sentKBytesPerSec" : 0.4792416617690273
  },
  "Total" : {
    "transaction" : "Total",
    "sampleCount" : 15,
    "errorCount" : 0,
    "errorPct" : 0.0,
    "meanResTime" : 370.2,
    "medianResTime" : 202.0,
    "minResTime" : 66.0,
    "maxResTime" : 1494.0,
    "pct1ResTime" : 1428.0,
    "pct2ResTime" : 1494.0,
    "pct3ResTime" : 1494.0,
    "throughput" : 3.32667997338656,
    "receivedKBytesPerSec" : 310.0305465457973,
    "sentKBytesPerSec" : 0.9497064897981814
  },
  "login" : {
    "transaction" : "login",
    "sampleCount" : 5,
    "errorCount" : 0,
    "errorPct" : 0.0,
    "meanResTime" : 257.4,
    "medianResTime" : 202.0,
    "minResTime" : 191.0,
    "maxResTime" : 494.0,
    "pct1ResTime" : 494.0,
    "pct2ResTime" : 494.0,
    "pct3ResTime" : 494.0,
    "throughput" : 1.2141816415735793,
    "receivedKBytesPerSec" : 0.9509508559980573,
    "sentKBytesPerSec" : 0.3023596861340456
  },
  "create api key" : {
    "transaction" : "create api key",
    "sampleCount" : 5,
    "errorCount" : 0,
    "errorPct" : 0.0,
    "meanResTime" : 70.6,
    "medianResTime" : 68.0,
    "minResTime" : 66.0,
    "maxResTime" : 84.0,
    "pct1ResTime" : 84.0,
    "pct2ResTime" : 84.0,
    "pct3ResTime" : 84.0,
    "throughput" : 1.5733165512901197,
    "receivedKBytesPerSec" : 1.044780522341095,
    "sentKBytesPerSec" : 0.44249528005034616
  }
}