{
  "zone activity" : {
    "transaction" : "zone activity",
    "sampleCount" : 5,
    "errorCount" : 0,
    "errorPct" : 0.0,
    "meanResTime" : 396.2,
    "medianResTime" : 401.0,
    "minResTime" : 373.0,
    "maxResTime" : 408.0,
    "pct1ResTime" : 408.0,
    "pct2ResTime" : 408.0,
    "pct3ResTime" : 408.0,
    "throughput" : 11.185682326621924,
    "receivedKBytesPerSec" : 3116.3398350111856,
    "sentKBytesPerSec" : 3.6484549776286355
  },
  "Total" : {
    "transaction" : "Total",
    "sampleCount" : 15,
    "errorCount" : 0,
    "errorPct" : 0.0,
    "meanResTime" : 1284.7333333333333,
    "medianResTime" : 401.0,
    "minResTime" : 110.0,
    "maxResTime" : 5134.0,
    "pct1ResTime" : 4668.400000000001,
    "pct2ResTime" : 5134.0,
    "pct3ResTime" : 5134.0,
    "throughput" : 2.2610792885137174,
    "receivedKBytesPerSec" : 211.07027952592702,
    "sentKBytesPerSec" : 0.6454969192794694
  },
  "login" : {
    "transaction" : "login",
    "sampleCount" : 5,
    "errorCount" : 0,
    "errorPct" : 0.0,
    "meanResTime" : 3313.8,
    "medianResTime" : 3359.0,
    "minResTime" : 1359.0,
    "maxResTime" : 5134.0,
    "pct1ResTime" : 5134.0,
    "pct2ResTime" : 5134.0,
    "pct3ResTime" : 5134.0,
    "throughput" : 0.9737098344693281,
    "receivedKBytesPerSec" : 0.7626125851996105,
    "sentKBytesPerSec" : 0.2424765701071081
  },
  "create api key" : {
    "transaction" : "create api key",
    "sampleCount" : 5,
    "errorCount" : 0,
    "errorPct" : 0.0,
    "meanResTime" : 144.2,
    "medianResTime" : 159.0,
    "minResTime" : 110.0,
    "maxResTime" : 165.0,
    "pct1ResTime" : 165.0,
    "pct2ResTime" : 165.0,
    "pct3ResTime" : 165.0,
    "throughput" : 30.303030303030305,
    "receivedKBytesPerSec" : 20.12310606060606,
    "sentKBytesPerSec" : 8.522727272727272
  }
}