{
  "zone activity" : {
    "transaction" : "zone activity",
    "sampleCount" : 5,
    "errorCount" : 0,
    "errorPct" : 0.0,
    "meanResTime" : 1229.8,
    "medianResTime" : 1574.0,
    "minResTime" : 206.0,
    "maxResTime" : 1915.0,
    "pct1ResTime" : 1915.0,
    "pct2ResTime" : 1915.0,
    "pct3ResTime" : 1915.0,
    "throughput" : 2.00160128102482,
    "receivedKBytesPerSec" : 556.9326554993995,
    "sentKBytesPerSec" : 0.6528660428342673
  },
  "Total" : {
    "transaction" : "Total",
    "sampleCount" : 15,
    "errorCount" : 0,
    "errorPct" : 0.0,
    "meanResTime" : 534.9333333333334,
    "medianResTime" : 138.0,
    "minResTime" : 38.0,
    "maxResTime" : 1915.0,
    "pct1ResTime" : 1886.2,
    "pct2ResTime" : 1915.0,
    "pct3ResTime" : 1915.0,
    "throughput" : 3.509592887225082,
    "receivedKBytesPerSec" : 327.1996190629387,
    "sentKBytesPerSec" : 1.0019247923490875
  },
  "login" : {
    "transaction" : "login",
    "sampleCount" : 5,
    "errorCount" : 0,
    "errorPct" : 0.0,
    "meanResTime" : 327.4,
    "medianResTime" : 138.0,
    "minResTime" : 112.0,
    "maxResTime" : 1093.0,
    "pct1ResTime" : 1093.0,
    "pct2ResTime" : 1093.0,
    "pct3ResTime" : 1093.0,
    "throughput" : 1.2416190712689348,
    "receivedKBytesPerSec" : 0.9724399366774273,
    "sentKBytesPerSec" : 0.3091922491929476
  },
  "create api key" : {
    "transaction" : "create api key",
    "sampleCount" : 5,
    "errorCount" : 0,
    "errorPct" : 0.0,
    "meanResTime" : 47.6,
    "medianResTime" : 44.0,
    "minResTime" : 38.0,
    "maxResTime" : 63.0,
    "pct1ResTime" : 63.0,
    "pct2ResTime" : 63.0,
    "pct3ResTime" : 63.0,
    "throughput" : 2.1168501270110074,
    "receivedKBytesPerSec" : 1.4044804455969517,
    "sentKBytesPerSec" : 0.5953640982218459
  }
}