{
  "zone activity" : {
    "transaction" : "zone activity",
    "sampleCount" : 5,
    "errorCount" : 0,
    "errorPct" : 0.0,
    "meanResTime" : 301.4,
    "medianResTime" : 295.0,
    "minResTime" : 291.0,
    "maxResTime" : 321.0,
    "pct1ResTime" : 321.0,
    "pct2ResTime" : 321.0,
    "pct3ResTime" : 321.0,
    "throughput" : 2.8200789622109417,
    "receivedKBytesPerSec" : 785.5015995135365,
    "sentKBytesPerSec" : 0.9198304427523971
  },
  "Total" : {
    "transaction" : "Total",
    "sampleCount" : 15,
    "errorCount" : 0,
    "errorPct" : 0.0,
    "meanResTime" : 378.2666666666667,
    "medianResTime" : 196.0,
    "minResTime" : 65.0,
    "maxResTime" : 2039.0,
    "pct1ResTime" : 1485.8000000000004,
    "pct2ResTime" : 2039.0,
    "pct3ResTime" : 2039.0,
    "throughput" : 3.3594624860022395,
    "receivedKBytesPerSec" : 313.53430326147816,
    "sentKBytesPerSec" : 0.9590652995520716
  },
  "login" : {
    "transaction" : "login",
    "sampleCount" : 5,
    "errorCount" : 0,
    "errorPct" : 0.0,
    "meanResTime" : 743.8,
    "medianResTime" : 196.0,
    "minResTime" : 181.0,
    "maxResTime" : 2039.0,
    "pct1ResTime" : 2039.0,
    "pct2ResTime" : 2039.0,
    "pct3ResTime" : 2039.0,
    "throughput" : 1.2183235867446394,
    "receivedKBytesPerSec" : 0.9541948403996101,
    "sentKBytesPerSec" : 0.3033911275584795
  },
  "create api key" : {
    "transaction" : "create api key",
    "sampleCount" : 5,
    "errorCount" : 0,
    "errorPct" : 0.0,
    "meanResTime" : 89.6,
    "medianResTime" : 103.0,
    "minResTime" : 65.0,
    "maxResTime" : 110.0,
    "pct1ResTime" : 110.0,
    "pct2ResTime" : 110.0,
    "pct3ResTime" : 110.0,
    "throughput" : 3.1308703819661865,
    "receivedKBytesPerSec" : 2.079093613024421,
    "sentKBytesPerSec" : 0.88055729492799
  }
}