{
  "zone activity" : {
    "transaction" : "zone activity",
    "sampleCount" : 10,
    "errorCount" : 0,
    "errorPct" : 0.0,
    "meanResTime" : 22.400000000000002,
    "medianResTime" : 21.0,
    "minResTime" : 21.0,
    "maxResTime" : 27.0,
    "pct1ResTime" : 27.0,
    "pct2ResTime" : 27.0,
    "pct3ResTime" : 27.0,
    "throughput" : 1.3596193065941535,
    "receivedKBytesPerSec" : 21.21218558803535,
    "sentKBytesPerSec" : 0.4421418252889191
  },
  "Total" : {
    "transaction" : "Total",
    "sampleCount" : 30,
    "errorCount" : 0,
    "errorPct" : 0.0,
    "meanResTime" : 62.26666666666667,
    "medianResTime" : 21.0,
    "minResTime" : 13.0,
    "maxResTime" : 1040.0,
    "pct1ResTime" : 49.40000000000001,
    "pct2ResTime" : 536.7499999999993,
    "pct3ResTime" : 1040.0,
    "throughput" : 3.336298932384342,
    "receivedKBytesPerSec" : 21.21786205794039,
    "sentKBytesPerSec" : 0.9524525272464411
  },
  "login" : {
    "transaction" : "login",
    "sampleCount" : 10,
    "errorCount" : 0,
    "errorPct" : 0.0,
    "meanResTime" : 150.20000000000002,
    "medianResTime" : 41.5,
    "minResTime" : 39.0,
    "maxResTime" : 1040.0,
    "pct1ResTime" : 948.5000000000003,
    "pct2ResTime" : 1040.0,
    "pct3ResTime" : 1040.0,
    "throughput" : 1.1166945840312674,
    "receivedKBytesPerSec" : 2.00874162479062,
    "sentKBytesPerSec" : 0.27917364600781686
  },
  "create api key" : {
    "transaction" : "create api key",
    "sampleCount" : 10,
    "errorCount" : 0,
    "errorPct" : 0.0,
    "meanResTime" : 14.2,
    "medianResTime" : 14.0,
    "minResTime" : 13.0,
    "maxResTime" : 17.0,
    "pct1ResTime" : 16.9,
    "pct2ResTime" : 17.0,
    "pct3ResTime" : 17.0,
    "throughput" : 1.3579576317218902,
    "receivedKBytesPerSec" : 2.279618329033134,
    "sentKBytesPerSec" : 0.38192558392178166
  }
}