{
  "zone activity" : {
    "transaction" : "zone activity",
    "sampleCount" : 5,
    "errorCount" : 0,
    "errorPct" : 0.0,
    "meanResTime" : 376.0,
    "medianResTime" : 349.0,
    "minResTime" : 340.0,
    "maxResTime" : 434.0,
    "pct1ResTime" : 434.0,
    "pct2ResTime" : 434.0,
    "pct3ResTime" : 434.0,
    "throughput" : 2.061005770816158,
    "receivedKBytesPerSec" : 573.3750257625721,
    "sentKBytesPerSec" : 0.6722421166529265
  },
  "Total" : {
    "transaction" : "Total",
    "sampleCount" : 15,
    "errorCount" : 0,
    "errorPct" : 0.0,
    "meanResTime" : 319.20000000000005,
    "medianResTime" : 204.0,
    "minResTime" : 66.0,
    "maxResTime" : 1427.0,
    "pct1ResTime" : 880.4000000000003,
    "pct2ResTime" : 1427.0,
    "pct3ResTime" : 1427.0,
    "throughput" : 3.3178500331785004,
    "receivedKBytesPerSec" : 309.2769765400354,
    "sentKBytesPerSec" : 0.947185702831232
  },
  "login" : {
    "transaction" : "login",
    "sampleCount" : 5,
    "errorCount" : 0,
    "errorPct" : 0.0,
    "meanResTime" : 508.4,
    "medianResTime" : 204.0,
    "minResTime" : 197.0,
    "maxResTime" : 1427.0,
    "pct1ResTime" : 1427.0,
    "pct2ResTime" : 1427.0,
    "pct3ResTime" : 1427.0,
    "throughput" : 1.2168410805548795,
    "receivedKBytesPerSec" : 0.9530337369189584,
    "sentKBytesPerSec" : 0.30302194877099053
  },
  "create api key" : {
    "transaction" : "create api key",
    "sampleCount" : 5,
    "errorCount" : 0,
    "errorPct" : 0.0,
    "meanResTime" : 73.2,
    "medianResTime" : 67.0,
    "minResTime" : 66.0,
    "maxResTime" : 84.0,
    "pct1ResTime" : 84.0,
    "pct2ResTime" : 84.0,
    "pct3ResTime" : 84.0,
    "throughput" : 2.2988505747126435,
    "receivedKBytesPerSec" : 1.5252334770114944,
    "sentKBytesPerSec" : 0.646551724137931
  }
}