{
  "zone activity" : {
    "transaction" : "zone activity",
    "sampleCount" : 5,
    "errorCount" : 0,
    "errorPct" : 0.0,
    "meanResTime" : 722.2,
    "medianResTime" : 865.0,
    "minResTime" : 140.0,
    "maxResTime" : 1242.0,
    "pct1ResTime" : 1242.0,
    "pct2ResTime" : 1242.0,
    "pct3ResTime" : 1242.0,
    "throughput" : 1.993620414673046,
    "receivedKBytesPerSec" : 554.5866508423046,
    "sentKBytesPerSec" : 0.6502629086921851
  },
  "Total" : {
    "transaction" : "Total",
    "sampleCount" : 15,
    "errorCount" : 0,
    "errorPct" : 0.0,
    "meanResTime" : 348.06666666666666,
    "medianResTime" : 101.0,
    "minResTime" : 30.0,
    "maxResTime" : 1242.0,
    "pct1ResTime" : 1230.6,
    "pct2ResTime" : 1242.0,
    "pct3ResTime" : 1242.0,
    "throughput" : 3.601440576230492,
    "receivedKBytesPerSec" : 335.68708733493395,
    "sentKBytesPerSec" : 1.0281456332533012
  },
  "login" : {
    "transaction" : "login",
    "sampleCount" : 5,
    "errorCount" : 0,
    "errorPct" : 0.0,
    "meanResTime" : 285.4,
    "medianResTime" : 101.0,
    "minResTime" : 90.0,
    "maxResTime" : 1023.0,
    "pct1ResTime" : 1023.0,
    "pct2ResTime" : 1023.0,
    "pct3ResTime" : 1023.0,
    "throughput" : 1.2528188423953897,
    "receivedKBytesPerSec" : 0.9812116324229516,
    "sentKBytesPerSec" : 0.31198125469807064
  },
  "create api key" : {
    "transaction" : "create api key",
    "sampleCount" : 5,
    "errorCount" : 0,
    "errorPct" : 0.0,
    "meanResTime" : 36.6,
    "medianResTime" : 32.0,
    "minResTime" : 30.0,
    "maxResTime" : 47.0,
    "pct1ResTime" : 47.0,
    "pct2ResTime" : 47.0,
    "pct3ResTime" : 47.0,
    "throughput" : 2.05761316872428,
    "receivedKBytesPerSec" : 1.3651781121399176,
    "sentKBytesPerSec" : 0.5787037037037037
  }
}