{
  "zone activity" : {
    "transaction" : "zone activity",
    "sampleCount" : 5,
    "errorCount" : 0,
    "errorPct" : 0.0,
    "meanResTime" : 1376.2,
    "medianResTime" : 1624.0,
    "minResTime" : 378.0,
    "maxResTime" : 2129.0,
    "pct1ResTime" : 2129.0,
    "pct2ResTime" : 2129.0,
    "pct3ResTime" : 2129.0,
    "throughput" : 1.7452006980802792,
    "receivedKBytesPerSec" : 485.6044802574171,
    "sentKBytesPerSec" : 0.5692353839441535
  },
  "Total" : {
    "transaction" : "Total",
    "sampleCount" : 15,
    "errorCount" : 0,
    "errorPct" : 0.0,
    "meanResTime" : 621.6,
    "medianResTime" : 243.0,
    "minResTime" : 76.0,
    "maxResTime" : 2129.0,
    "pct1ResTime" : 2127.8,
    "pct2ResTime" : 2129.0,
    "pct3ResTime" : 2129.0,
    "throughput" : 3.2722513089005236,
    "receivedKBytesPerSec" : 305.08097969840753,
    "sentKBytesPerSec" : 0.9341680982766144
  },
  "login" : {
    "transaction" : "login",
    "sampleCount" : 5,
    "errorCount" : 0,
    "errorPct" : 0.0,
    "meanResTime" : 385.8,
    "medianResTime" : 243.0,
    "minResTime" : 225.0,
    "maxResTime" : 972.0,
    "pct1ResTime" : 972.0,
    "pct2ResTime" : 972.0,
    "pct3ResTime" : 972.0,
    "throughput" : 1.2118274357731458,
    "receivedKBytesPerSec" : 0.9491070346582646,
    "sentKBytesPerSec" : 0.3017734337130392
  },
  "create api key" : {
    "transaction" : "create api key",
    "sampleCount" : 5,
    "errorCount" : 0,
    "errorPct" : 0.0,
    "meanResTime" : 102.8,
    "medianResTime" : 80.0,
    "minResTime" : 76.0,
    "maxResTime" : 140.0,
    "pct1ResTime" : 140.0,
    "pct2ResTime" : 140.0,
    "pct3ResTime" : 140.0,
    "throughput" : 1.893939393939394,
    "receivedKBytesPerSec" : 1.256954308712121,
    "sentKBytesPerSec" : 0.5326704545454545
  }
}