{
  "zone activity" : {
    "transaction" : "zone activity",
    "sampleCount" : 5,
    "errorCount" : 0,
    "errorPct" : 0.0,
    "meanResTime" : 113.0,
    "medianResTime" : 87.0,
    "minResTime" : 83.0,
    "maxResTime" : 160.0,
    "pct1ResTime" : 160.0,
    "pct2ResTime" : 160.0,
    "pct3ResTime" : 160.0,
    "throughput" : 2.016942315449778,
    "receivedKBytesPerSec" : 561.0660800726099,
    "sentKBytesPerSec" : 0.6578698567970955
  },
  "Total" : {
    "transaction" : "Total",
    "sampleCount" : 15,
    "errorCount" : 0,
    "errorPct" : 0.0,
    "meanResTime" : 121.60000000000002,
    "medianResTime" : 52.0,
    "minResTime" : 14.0,
    "maxResTime" : 919.0,
    "pct1ResTime" : 463.60000000000025,
    "pct2ResTime" : 919.0,
    "pct3ResTime" : 919.0,
    "throughput" : 3.70278943470748,
    "receivedKBytesPerSec" : 345.1289033571957,
    "sentKBytesPerSec" : 1.0570788848432486
  },
  "login" : {
    "transaction" : "login",
    "sampleCount" : 5,
    "errorCount" : 0,
    "errorPct" : 0.0,
    "meanResTime" : 219.4,
    "medianResTime" : 43.0,
    "minResTime" : 40.0,
    "maxResTime" : 919.0,
    "pct1ResTime" : 919.0,
    "pct2ResTime" : 919.0,
    "pct3ResTime" : 919.0,
    "throughput" : 1.2655024044545686,
    "receivedKBytesPerSec" : 0.9911454378638319,
    "sentKBytesPerSec" : 0.31513975892179197
  },
  "create api key" : {
    "transaction" : "create api key",
    "sampleCount" : 5,
    "errorCount" : 0,
    "errorPct" : 0.0,
    "meanResTime" : 32.4,
    "medianResTime" : 15.0,
    "minResTime" : 14.0,
    "maxResTime" : 68.0,
    "pct1ResTime" : 68.0,
    "pct2ResTime" : 68.0,
    "pct3ResTime" : 68.0,
    "throughput" : 2.031694433157253,
    "receivedKBytesPerSec" : 1.3483784538805363,
    "sentKBytesPerSec" : 0.5714140593254775
  }
}