{
  "zone activity" : {
    "transaction" : "zone activity",
    "sampleCount" : 5,
    "errorCount" : 0,
    "errorPct" : 0.0,
    "meanResTime" : 577.4,
    "medianResTime" : 429.0,
    "minResTime" : 411.0,
    "maxResTime" : 818.0,
    "pct1ResTime" : 818.0,
    "pct2ResTime" : 818.0,
    "pct3ResTime" : 818.0,
    "throughput" : 1.556178026766262,
    "receivedKBytesPerSec" : 432.93389404372857,
    "sentKBytesPerSec" : 0.5075815048241519
  },
  "Total" : {
    "transaction" : "Total",
    "sampleCount" : 15,
    "errorCount" : 0,
    "errorPct" : 0.0,
    "meanResTime" : 343.2666666666667,
    "medianResTime" : 254.0,
    "minResTime" : 81.0,
    "maxResTime" : 818.0,
    "pct1ResTime" : 810.2,
    "pct2ResTime" : 818.0,
    "pct3ResTime" : 818.0,
    "throughput" : 3.218884120171674,
    "receivedKBytesPerSec" : 300.05364806866953,
    "sentKBytesPerSec" : 0.9189327387339056
  },
  "login" : {
    "transaction" : "login",
    "sampleCount" : 5,
    "errorCount" : 0,
    "errorPct" : 0.0,
    "meanResTime" : 352.0,
    "medianResTime" : 254.0,
    "minResTime" : 242.0,
    "maxResTime" : 739.0,
    "pct1ResTime" : 739.0,
    "pct2ResTime" : 739.0,
    "pct3ResTime" : 739.0,
    "throughput" : 1.200192030724916,
    "receivedKBytesPerSec" : 0.9399941490638501,
    "sentKBytesPerSec" : 0.2988759451512242
  },
  "create api key" : {
    "transaction" : "create api key",
    "sampleCount" : 5,
    "errorCount" : 0,
    "errorPct" : 0.0,
    "meanResTime" : 100.4,
    "medianResTime" : 84.0,
    "minResTime" : 81.0,
    "maxResTime" : 129.0,
    "pct1ResTime" : 129.0,
    "pct2ResTime" : 129.0,
    "pct3ResTime" : 129.0,
    "throughput" : 1.6983695652173914,
    "receivedKBytesPerSec" : 1.1268284009850544,
    "sentKBytesPerSec" : 0.4776664402173913
  }
}