{
  "zone activity" : {
    "transaction" : "zone activity",
    "sampleCount" : 5,
    "errorCount" : 0,
    "errorPct" : 0.0,
    "meanResTime" : 413.2,
    "medianResTime" : 410.0,
    "minResTime" : 402.0,
    "maxResTime" : 434.0,
    "pct1ResTime" : 434.0,
    "pct2ResTime" : 434.0,
    "pct3ResTime" : 434.0,
    "throughput" : 2.0475020475020473,
    "receivedKBytesPerSec" : 569.449909781941,
    "sentKBytesPerSec" : 0.6678375819000818
  },
  "Total" : {
    "transaction" : "Total",
    "sampleCount" : 15,
    "errorCount" : 0,
    "errorPct" : 0.0,
    "meanResTime" : 355.2666666666667,
    "medianResTime" : 257.0,
    "minResTime" : 82.0,
    "maxResTime" : 1486.0,
    "pct1ResTime" : 940.6000000000004,
    "pct2ResTime" : 1486.0,
    "pct3ResTime" : 1486.0,
    "throughput" : 3.22234156820623,
    "receivedKBytesPerSec" : 300.2859408566058,
    "sentKBytesPerSec" : 0.9199197771213748
  },
  "login" : {
    "transaction" : "login",
    "sampleCount" : 5,
    "errorCount" : 0,
    "errorPct" : 0.0,
    "meanResTime" : 562.4,
    "medianResTime" : 257.0,
    "minResTime" : 244.0,
    "maxResTime" : 1486.0,
    "pct1ResTime" : 1486.0,
    "pct2ResTime" : 1486.0,
    "pct3ResTime" : 1486.0,
    "throughput" : 1.2025012025012025,
    "receivedKBytesPerSec" : 0.9418026996151996,
    "sentKBytesPerSec" : 0.299450983044733
  },
  "create api key" : {
    "transaction" : "create api key",
    "sampleCount" : 5,
    "errorCount" : 0,
    "errorPct" : 0.0,
    "meanResTime" : 90.2,
    "medianResTime" : 84.0,
    "minResTime" : 82.0,
    "maxResTime" : 102.0,
    "pct1ResTime" : 102.0,
    "pct2ResTime" : 102.0,
    "pct3ResTime" : 102.0,
    "throughput" : 2.331002331002331,
    "receivedKBytesPerSec" : 1.5470206876456876,
    "sentKBytesPerSec" : 0.6555944055944056
  }
}