{
  "zone activity" : {
    "transaction" : "zone activity",
    "sampleCount" : 10,
    "errorCount" : 0,
    "errorPct" : 0.0,
    "meanResTime" : 107.9,
    "medianResTime" : 107.0,
    "minResTime" : 100.0,
    "maxResTime" : 115.0,
    "pct1ResTime" : 114.8,
    "pct2ResTime" : 115.0,
    "pct3ResTime" : 115.0,
    "throughput" : 1.2479720454261825,
    "receivedKBytesPerSec" : 19.470313864969423,
    "sentKBytesPerSec" : 0.4058346593036316
  },
  "Total" : {
    "transaction" : "Total",
    "sampleCount" : 30,
    "errorCount" : 0,
    "errorPct" : 0.0,
    "meanResTime" : 129.86666666666667,
    "medianResTime" : 107.0,
    "minResTime" : 51.0,
    "maxResTime" : 620.0,
    "pct1ResTime" : 183.9,
    "pct2ResTime" : 380.1999999999997,
    "pct3ResTime" : 620.0,
    "throughput" : 3.2331070158422244,
    "receivedKBytesPerSec" : 20.56180286129971,
    "sentKBytesPerSec" : 0.9229931161763121
  },
  "login" : {
    "transaction" : "login",
    "sampleCount" : 10,
    "errorCount" : 0,
    "errorPct" : 0.0,
    "meanResTime" : 217.90000000000003,
    "medianResTime" : 171.5,
    "minResTime" : 164.0,
    "maxResTime" : 620.0,
    "pct1ResTime" : 576.4000000000001,
    "pct2ResTime" : 620.0,
    "pct3ResTime" : 620.0,
    "throughput" : 1.0992634934593821,
    "receivedKBytesPerSec" : 1.9773860888204904,
    "sentKBytesPerSec" : 0.2748158733648456
  },
  "create api key" : {
    "transaction" : "create api key",
    "sampleCount" : 10,
    "errorCount" : 0,
    "errorPct" : 0.0,
    "meanResTime" : 63.8,
    "medianResTime" : 57.5,
    "minResTime" : 51.0,
    "maxResTime" : 95.0,
    "pct1ResTime" : 92.70000000000002,
    "pct2ResTime" : 95.0,
    "pct3ResTime" : 95.0,
    "throughput" : 1.2526619065514217,
    "receivedKBytesPerSec" : 2.103101904046098,
    "sentKBytesPerSec" : 0.3523111612175874
  }
}