{
  "zone activity" : {
    "transaction" : "zone activity",
    "sampleCount" : 5,
    "errorCount" : 0,
    "errorPct" : 0.0,
    "meanResTime" : 151.2,
    "medianResTime" : 184.0,
    "minResTime" : 99.0,
    "maxResTime" : 189.0,
    "pct1ResTime" : 189.0,
    "pct2ResTime" : 189.0,
    "pct3ResTime" : 189.0,
    "throughput" : 2.4319066147859925,
    "receivedKBytesPerSec" : 676.4699735530155,
    "sentKBytesPerSec" : 0.7932195403696498
  },
  "Total" : {
    "transaction" : "Total",
    "sampleCount" : 15,
    "errorCount" : 0,
    "errorPct" : 0.0,
    "meanResTime" : 191.60000000000002,
    "medianResTime" : 75.0,
    "minResTime" : 17.0,
    "maxResTime" : 1347.0,
    "pct1ResTime" : 803.4000000000003,
    "pct2ResTime" : 1347.0,
    "pct3ResTime" : 1347.0,
    "throughput" : 3.681885125184094,
    "receivedKBytesPerSec" : 343.16559661880217,
    "sentKBytesPerSec" : 1.0511110855424644
  },
  "login" : {
    "transaction" : "login",
    "sampleCount" : 5,
    "errorCount" : 0,
    "errorPct" : 0.0,
    "meanResTime" : 393.4,
    "medianResTime" : 75.0,
    "minResTime" : 50.0,
    "maxResTime" : 1347.0,
    "pct1ResTime" : 1347.0,
    "pct2ResTime" : 1347.0,
    "pct3ResTime" : 1347.0,
    "throughput" : 1.2645422357106728,
    "receivedKBytesPerSec" : 0.9903934307030854,
    "sentKBytesPerSec" : 0.31490065440060694
  },
  "create api key" : {
    "transaction" : "create api key",
    "sampleCount" : 5,
    "errorCount" : 0,
    "errorPct" : 0.0,
    "meanResTime" : 30.2,
    "medianResTime" : 34.0,
    "minResTime" : 17.0,
    "maxResTime" : 44.0,
    "pct1ResTime" : 44.0,
    "pct2ResTime" : 44.0,
    "pct3ResTime" : 44.0,
    "throughput" : 2.4888003982080633,
    "receivedKBytesPerSec" : 1.6517468267794924,
    "sentKBytesPerSec" : 0.6999751119960179
  }
}