{
  "zone activity" : {
    "transaction" : "zone activity",
    "sampleCount" : 5,
    "errorCount" : 0,
    "errorPct" : 0.0,
    "meanResTime" : 313.6,
    "medianResTime" : 313.0,
    "minResTime" : 299.0,
    "maxResTime" : 326.0,
    "pct1ResTime" : 326.0,
    "pct2ResTime" : 326.0,
    "pct3ResTime" : 326.0,
    "throughput" : 2.2593764121102575,
    "receivedKBytesPerSec" : 629.0496674480344,
    "sentKBytesPerSec" : 0.7369450406687754
  },
  "Total" : {
    "transaction" : "Total",
    "sampleCount" : 15,
    "errorCount" : 0,
    "errorPct" : 0.0,
    "meanResTime" : 312.3333333333333,
    "medianResTime" : 202.0,
    "minResTime" : 66.0,
    "maxResTime" : 1512.0,
    "pct1ResTime" : 979.2000000000003,
    "pct2ResTime" : 1512.0,
    "pct3ResTime" : 1512.0,
    "throughput" : 3.37609723160027,
    "receivedKBytesPerSec" : 314.94964867488187,
    "sentKBytesPerSec" : 0.9638142161827595
  },
  "login" : {
    "transaction" : "login",
    "sampleCount" : 5,
    "errorCount" : 0,
    "errorPct" : 0.0,
    "meanResTime" : 545.8,
    "medianResTime" : 202.0,
    "minResTime" : 190.0,
    "maxResTime" : 1512.0,
    "pct1ResTime" : 1512.0,
    "pct2ResTime" : 1512.0,
    "pct3ResTime" : 1512.0,
    "throughput" : 1.2266928361138372,
    "receivedKBytesPerSec" : 0.9607496626594701,
    "sentKBytesPerSec" : 0.30547526680569187
  },
  "create api key" : {
    "transaction" : "create api key",
    "sampleCount" : 5,
    "errorCount" : 0,
    "errorPct" : 0.0,
    "meanResTime" : 77.6,
    "medianResTime" : 79.0,
    "minResTime" : 66.0,
    "maxResTime" : 88.0,
    "pct1ResTime" : 88.0,
    "pct2ResTime" : 88.0,
    "pct3ResTime" : 88.0,
    "throughput" : 2.4888003982080633,
    "receivedKBytesPerSec" : 1.6517468267794924,
    "sentKBytesPerSec" : 0.6999751119960179
  }
}