{
  "zone activity" : {
    "transaction" : "zone activity",
    "sampleCount" : 5,
    "errorCount" : 0,
    "errorPct" : 0.0,
    "meanResTime" : 859.4,
    "medianResTime" : 1057.0,
    "minResTime" : 175.0,
    "maxResTime" : 1435.0,
    "pct1ResTime" : 1435.0,
    "pct2ResTime" : 1435.0,
    "pct3ResTime" : 1435.0,
    "throughput" : 1.934984520123839,
    "receivedKBytesPerSec" : 538.3508640915247,
    "sentKBytesPerSec" : 0.6311375290247678
  },
  "Total" : {
    "transaction" : "Total",
    "sampleCount" : 15,
    "errorCount" : 0,
    "errorPct" : 0.0,
    "meanResTime" : 390.99999999999994,
    "medianResTime" : 98.0,
    "minResTime" : 29.0,
    "maxResTime" : 1435.0,
    "pct1ResTime" : 1434.4,
    "pct2ResTime" : 1435.0,
    "pct3ResTime" : 1435.0,
    "throughput" : 3.536067892503536,
    "receivedKBytesPerSec" : 329.63979991749176,
    "sentKBytesPerSec" : 1.0094829237388026
  },
  "login" : {
    "transaction" : "login",
    "sampleCount" : 5,
    "errorCount" : 0,
    "errorPct" : 0.0,
    "meanResTime" : 267.0,
    "medianResTime" : 98.0,
    "minResTime" : 94.0,
    "maxResTime" : 942.0,
    "pct1ResTime" : 942.0,
    "pct2ResTime" : 942.0,
    "pct3ResTime" : 942.0,
    "throughput" : 1.2465719272001994,
    "receivedKBytesPerSec" : 0.9763190289204687,
    "sentKBytesPerSec" : 0.3104256264023934
  },
  "create api key" : {
    "transaction" : "create api key",
    "sampleCount" : 5,
    "errorCount" : 0,
    "errorPct" : 0.0,
    "meanResTime" : 46.6,
    "medianResTime" : 32.0,
    "minResTime" : 29.0,
    "maxResTime" : 80.0,
    "pct1ResTime" : 80.0,
    "pct2ResTime" : 80.0,
    "pct3ResTime" : 80.0,
    "throughput" : 2.0300446609825418,
    "receivedKBytesPerSec" : 1.3468870533901744,
    "sentKBytesPerSec" : 0.5709500609013398
  }
}