{
  "zone activity" : {
    "transaction" : "zone activity",
    "sampleCount" : 5,
    "errorCount" : 0,
    "errorPct" : 0.0,
    "meanResTime" : 403.8,
    "medianResTime" : 400.0,
    "minResTime" : 378.0,
    "maxResTime" : 433.0,
    "pct1ResTime" : 433.0,
    "pct2ResTime" : 433.0,
    "pct3ResTime" : 433.0,
    "throughput" : 1.5713387806411063,
    "receivedKBytesPerSec" : 436.9813354415462,
    "sentKBytesPerSec" : 0.5125265163419234
  },
  "Total" : {
    "transaction" : "Total",
    "sampleCount" : 15,
    "errorCount" : 0,
    "errorPct" : 0.0,
    "meanResTime" : 268.9333333333333,
    "medianResTime" : 239.0,
    "minResTime" : 76.0,
    "maxResTime" : 633.0,
    "pct1ResTime" : 513.0000000000001,
    "pct2ResTime" : 633.0,
    "pct3ResTime" : 633.0,
    "throughput" : 3.232062055591467,
    "receivedKBytesPerSec" : 301.16526778980824,
    "sentKBytesPerSec" : 0.9226947990734755
  },
  "login" : {
    "transaction" : "login",
    "sampleCount" : 5,
    "errorCount" : 0,
    "errorPct" : 0.0,
    "meanResTime" : 319.6,
    "medianResTime" : 239.0,
    "minResTime" : 227.0,
    "maxResTime" : 633.0,
    "pct1ResTime" : 633.0,
    "pct2ResTime" : 633.0,
    "pct3ResTime" : 633.0,
    "throughput" : 1.2025012025012025,
    "receivedKBytesPerSec" : 0.9418026996151996,
    "sentKBytesPerSec" : 0.299450983044733
  },
  "create api key" : {
    "transaction" : "create api key",
    "sampleCount" : 5,
    "errorCount" : 0,
    "errorPct" : 0.0,
    "meanResTime" : 83.4,
    "medianResTime" : 81.0,
    "minResTime" : 76.0,
    "maxResTime" : 92.0,
    "pct1ResTime" : 92.0,
    "pct2ResTime" : 92.0,
    "pct3ResTime" : 92.0,
    "throughput" : 1.7331022530329288,
    "receivedKBytesPerSec" : 1.149872725303293,
    "sentKBytesPerSec" : 0.4874350086655113
  }
}