{
  "zone activity" : {
    "transaction" : "zone activity",
    "sampleCount" : 5,
    "errorCount" : 0,
    "errorPct" : 0.0,
    "meanResTime" : 259.4,
    "medianResTime" : 78.0,
    "minResTime" : 72.0,
    "maxResTime" : 537.0,
    "pct1ResTime" : 537.0,
    "pct2ResTime" : 537.0,
    "pct3ResTime" : 537.0,
    "throughput" : 1.9646365422396854,
    "receivedKBytesPerSec" : 546.8535117878192,
    "sentKBytesPerSec" : 0.640809184675835
  },
  "Total" : {
    "transaction" : "Total",
    "sampleCount" : 15,
    "errorCount" : 0,
    "errorPct" : 0.0,
    "meanResTime" : 166.0666666666667,
    "medianResTime" : 53.0,
    "minResTime" : 16.0,
    "maxResTime" : 843.0,
    "pct1ResTime" : 659.4000000000001,
    "pct2ResTime" : 843.0,
    "pct3ResTime" : 843.0,
    "throughput" : 3.7137905422134194,
    "receivedKBytesPerSec" : 346.3668199894776,
    "sentKBytesPerSec" : 1.0602195004951722
  },
  "login" : {
    "transaction" : "login",
    "sampleCount" : 5,
    "errorCount" : 0,
    "errorPct" : 0.0,
    "meanResTime" : 212.8,
    "medianResTime" : 53.0,
    "minResTime" : 50.0,
    "maxResTime" : 843.0,
    "pct1ResTime" : 843.0,
    "pct2ResTime" : 843.0,
    "pct3ResTime" : 843.0,
    "throughput" : 1.266784899923993,
    "receivedKBytesPerSec" : 0.9921498923232835,
    "sentKBytesPerSec" : 0.3154591303521662
  },
  "create api key" : {
    "transaction" : "create api key",
    "sampleCount" : 5,
    "errorCount" : 0,
    "errorPct" : 0.0,
    "meanResTime" : 26.0,
    "medianResTime" : 19.0,
    "minResTime" : 16.0,
    "maxResTime" : 39.0,
    "pct1ResTime" : 39.0,
    "pct2ResTime" : 39.0,
    "pct3ResTime" : 39.0,
    "throughput" : 1.979414093428345,
    "receivedKBytesPerSec" : 1.3132948584718924,
    "sentKBytesPerSec" : 0.5567102137767221
  }
}