{
  "zone activity" : {
    "transaction" : "zone activity",
    "sampleCount" : 5,
    "errorCount" : 0,
    "errorPct" : 0.0,
    "meanResTime" : 110.0,
    "medianResTime" : 94.0,
    "minResTime" : 85.0,
    "maxResTime" : 143.0,
    "pct1ResTime" : 143.0,
    "pct2ResTime" : 143.0,
    "pct3ResTime" : 143.0,
    "throughput" : 1.7295053614666207,
    "receivedKBytesPerSec" : 481.13217744725006,
    "sentKBytesPerSec" : 0.5641160065721204
  },
  "Total" : {
    "transaction" : "Total",
    "sampleCount" : 15,
    "errorCount" : 0,
    "errorPct" : 0.0,
    "meanResTime" : 97.66666666666666,
    "medianResTime" : 47.0,
    "minResTime" : 13.0,
    "maxResTime" : 610.0,
    "pct1ResTime" : 329.8000000000002,
    "pct2ResTime" : 610.0,
    "pct3ResTime" : 610.0,
    "throughput" : 3.676470588235294,
    "receivedKBytesPerSec" : 342.69277535232845,
    "sentKBytesPerSec" : 1.0495653339460784
  },
  "login" : {
    "transaction" : "login",
    "sampleCount" : 5,
    "errorCount" : 0,
    "errorPct" : 0.0,
    "meanResTime" : 161.0,
    "medianResTime" : 47.0,
    "minResTime" : 44.0,
    "maxResTime" : 610.0,
    "pct1ResTime" : 610.0,
    "pct2ResTime" : 610.0,
    "pct3ResTime" : 610.0,
    "throughput" : 1.2581781580271767,
    "receivedKBytesPerSec" : 0.9854090651736286,
    "sentKBytesPerSec" : 0.31331584989934574
  },
  "create api key" : {
    "transaction" : "create api key",
    "sampleCount" : 5,
    "errorCount" : 0,
    "errorPct" : 0.0,
    "meanResTime" : 22.0,
    "medianResTime" : 15.0,
    "minResTime" : 13.0,
    "maxResTime" : 35.0,
    "pct1ResTime" : 35.0,
    "pct2ResTime" : 35.0,
    "pct3ResTime" : 35.0,
    "throughput" : 1.7550017550017551,
    "receivedKBytesPerSec" : 1.1644025315900315,
    "sentKBytesPerSec" : 0.4935942435942436
  }
}