{
  "zone activity" : {
    "transaction" : "zone activity",
    "sampleCount" : 5,
    "errorCount" : 0,
    "errorPct" : 0.0,
    "meanResTime" : 1537.8,
    "medianResTime" : 1939.0,
    "minResTime" : 391.0,
    "maxResTime" : 2219.0,
    "pct1ResTime" : 2219.0,
    "pct2ResTime" : 2219.0,
    "pct3ResTime" : 2219.0,
    "throughput" : 1.9083969465648853,
    "receivedKBytesPerSec" : 530.9775316078244,
    "sentKBytesPerSec" : 0.6224654103053435
  },
  "Total" : {
    "transaction" : "Total",
    "sampleCount" : 15,
    "errorCount" : 0,
    "errorPct" : 0.0,
    "meanResTime" : 698.2666666666667,
    "medianResTime" : 259.0,
    "minResTime" : 79.0,
    "maxResTime" : 2219.0,
    "pct1ResTime" : 2200.4,
    "pct2ResTime" : 2219.0,
    "pct3ResTime" : 2219.0,
    "throughput" : 3.257328990228013,
    "receivedKBytesPerSec" : 303.66916055917477,
    "sentKBytesPerSec" : 0.9299080483170467
  },
  "login" : {
    "transaction" : "login",
    "sampleCount" : 5,
    "errorCount" : 0,
    "errorPct" : 0.0,
    "meanResTime" : 461.6,
    "medianResTime" : 259.0,
    "minResTime" : 230.0,
    "maxResTime" : 1238.0,
    "pct1ResTime" : 1238.0,
    "pct2ResTime" : 1238.0,
    "pct3ResTime" : 1238.0,
    "throughput" : 1.2097749818533754,
    "receivedKBytesPerSec" : 0.9474995463343818,
    "sentKBytesPerSec" : 0.30126232458262764
  },
  "create api key" : {
    "transaction" : "create api key",
    "sampleCount" : 5,
    "errorCount" : 0,
    "errorPct" : 0.0,
    "meanResTime" : 95.4,
    "medianResTime" : 87.0,
    "minResTime" : 79.0,
    "maxResTime" : 118.0,
    "pct1ResTime" : 118.0,
    "pct2ResTime" : 118.0,
    "pct3ResTime" : 118.0,
    "throughput" : 2.1240441801189465,
    "receivedKBytesPerSec" : 1.4100832359813082,
    "sentKBytesPerSec" : 0.5973874256584537
  }
}