{
  "zone activity" : {
    "transaction" : "zone activity",
    "sampleCount" : 5,
    "errorCount" : 0,
    "errorPct" : 0.0,
    "meanResTime" : 489.8,
    "medianResTime" : 396.0,
    "minResTime" : 373.0,
    "maxResTime" : 661.0,
    "pct1ResTime" : 661.0,
    "pct2ResTime" : 661.0,
    "pct3ResTime" : 661.0,
    "throughput" : 1.887504718761797,
    "receivedKBytesPerSec" : 525.3902563467346,
    "sentKBytesPerSec" : 0.6156509531898829
  },
  "Total" : {
    "transaction" : "Total",
    "sampleCount" : 15,
    "errorCount" : 0,
    "errorPct" : 0.0,
    "meanResTime" : 350.6,
    "medianResTime" : 240.0,
    "minResTime" : 78.0,
    "maxResTime" : 1270.0,
    "pct1ResTime" : 904.6000000000003,
    "pct2ResTime" : 1270.0,
    "pct3ResTime" : 1270.0,
    "throughput" : 3.2418413658958287,
    "receivedKBytesPerSec" : 302.3542606575535,
    "sentKBytesPerSec" : 0.9254866138966934
  },
  "login" : {
    "transaction" : "login",
    "sampleCount" : 5,
    "errorCount" : 0,
    "errorPct" : 0.0,
    "meanResTime" : 469.4,
    "medianResTime" : 240.0,
    "minResTime" : 233.0,
    "maxResTime" : 1270.0,
    "pct1ResTime" : 1270.0,
    "pct2ResTime" : 1270.0,
    "pct3ResTime" : 1270.0,
    "throughput" : 1.20598166907863,
    "receivedKBytesPerSec" : 0.944528611915099,
    "sentKBytesPerSec" : 0.3003177007959479
  },
  "create api key" : {
    "transaction" : "create api key",
    "sampleCount" : 5,
    "errorCount" : 0,
    "errorPct" : 0.0,
    "meanResTime" : 92.6,
    "medianResTime" : 83.0,
    "minResTime" : 78.0,
    "maxResTime" : 110.0,
    "pct1ResTime" : 110.0,
    "pct2ResTime" : 110.0,
    "pct3ResTime" : 110.0,
    "throughput" : 2.103491796381994,
    "receivedKBytesPerSec" : 1.3960283445519563,
    "sentKBytesPerSec" : 0.5916070677324359
  }
}