{
  "zone activity" : {
    "transaction" : "zone activity",
    "sampleCount" : 5,
    "errorCount" : 0,
    "errorPct" : 0.0,
    "meanResTime" : 129.4,
    "medianResTime" : 139.0,
    "minResTime" : 87.0,
    "maxResTime" : 166.0,
    "pct1ResTime" : 166.0,
    "pct2ResTime" : 166.0,
    "pct3ResTime" : 166.0,
    "throughput" : 2.6925148088314486,
    "receivedKBytesPerSec" : 749.1633220584275,
    "sentKBytesPerSec" : 0.8782226036618201
  },
  "Total" : {
    "transaction" : "Total",
    "sampleCount" : 15,
    "errorCount" : 0,
    "errorPct" : 0.0,
    "meanResTime" : 193.46666666666667,
    "medianResTime" : 63.0,
    "minResTime" : 16.0,
    "maxResTime" : 1398.0,
    "pct1ResTime" : 879.6000000000004,
    "pct2ResTime" : 1398.0,
    "pct3ResTime" : 1398.0,
    "throughput" : 3.7378519810615503,
    "receivedKBytesPerSec" : 348.47512186954896,
    "sentKBytesPerSec" : 1.0670886026663344
  },
  "login" : {
    "transaction" : "login",
    "sampleCount" : 5,
    "errorCount" : 0,
    "errorPct" : 0.0,
    "meanResTime" : 418.8,
    "medianResTime" : 63.0,
    "minResTime" : 45.0,
    "maxResTime" : 1398.0,
    "pct1ResTime" : 1398.0,
    "pct2ResTime" : 1398.0,
    "pct3ResTime" : 1398.0,
    "throughput" : 1.2794268167860798,
    "receivedKBytesPerSec" : 1.0020510811156602,
    "sentKBytesPerSec" : 0.3186072639457523
  },
  "create api key" : {
    "transaction" : "create api key",
    "sampleCount" : 5,
    "errorCount" : 0,
    "errorPct" : 0.0,
    "meanResTime" : 32.2,
    "medianResTime" : 25.0,
    "minResTime" : 16.0,
    "maxResTime" : 59.0,
    "pct1ResTime" : 59.0,
    "pct2ResTime" : 59.0,
    "pct3ResTime" : 59.0,
    "throughput" : 2.7609055770292654,
    "receivedKBytesPerSec" : 1.8323353810049696,
    "sentKBytesPerSec" : 0.7765046935394809
  }
}