{
  "zone activity" : {
    "transaction" : "zone activity",
    "sampleCount" : 10,
    "errorCount" : 0,
    "errorPct" : 0.0,
    "meanResTime" : 162.9,
    "medianResTime" : 169.0,
    "minResTime" : 144.0,
    "maxResTime" : 184.0,
    "pct1ResTime" : 183.7,
    "pct2ResTime" : 184.0,
    "pct3ResTime" : 184.0,
    "throughput" : 1.3374348000534975,
    "receivedKBytesPerSec" : 20.86607262270964,
    "sentKBytesPerSec" : 0.43492752775177207
  },
  "Total" : {
    "transaction" : "Total",
    "sampleCount" : 30,
    "errorCount" : 0,
    "errorPct" : 0.0,
    "meanResTime" : 198.29999999999998,
    "medianResTime" : 169.0,
    "minResTime" : 76.0,
    "maxResTime" : 1164.0,
    "pct1ResTime" : 278.3,
    "pct2ResTime" : 678.3499999999995,
    "pct3ResTime" : 1164.0,
    "throughput" : 3.20786997433704,
    "receivedKBytesPerSec" : 20.40130119225834,
    "sentKBytesPerSec" : 0.9157884008768178
  },
  "login" : {
    "transaction" : "login",
    "sampleCount" : 10,
    "errorCount" : 0,
    "errorPct" : 0.0,
    "meanResTime" : 344.9,
    "medianResTime" : 261.5,
    "minResTime" : 223.0,
    "maxResTime" : 1164.0,
    "pct1ResTime" : 1075.7000000000003,
    "pct2ResTime" : 1164.0,
    "pct3ResTime" : 1164.0,
    "throughput" : 1.0955302366345312,
    "receivedKBytesPerSec" : 1.9706706014461,
    "sentKBytesPerSec" : 0.2738825591586328
  },
  "create api key" : {
    "transaction" : "create api key",
    "sampleCount" : 10,
    "errorCount" : 0,
    "errorPct" : 0.0,
    "meanResTime" : 87.10000000000001,
    "medianResTime" : 88.0,
    "minResTime" : 76.0,
    "maxResTime" : 97.0,
    "pct1ResTime" : 96.7,
    "pct2ResTime" : 97.0,
    "pct3ResTime" : 97.0,
    "throughput" : 1.3437248051599033,
    "receivedKBytesPerSec" : 2.255987973662994,
    "sentKBytesPerSec" : 0.3779226014512228
  }
}