{
  "zone activity" : {
    "transaction" : "zone activity",
    "sampleCount" : 10,
    "errorCount" : 10,
    "errorPct" : 100.0,
    "meanResTime" : 147.79999999999998,
    "medianResTime" : 146.0,
    "minResTime" : 138.0,
    "maxResTime" : 159.0,
    "pct1ResTime" : 158.6,
    "pct2ResTime" : 159.0,
    "pct3ResTime" : 159.0,
    "throughput" : 1.3520822065981613,
    "receivedKBytesPerSec" : 21.094595051379123,
    "sentKBytesPerSec" : 0.4396907957003786
  },
  "Total" : {
    "transaction" : "Total",
    "sampleCount" : 30,
    "errorCount" : 10,
    "errorPct" : 33.333332,
    "meanResTime" : 193.3,
    "medianResTime" : 146.0,
    "minResTime" : 73.0,
    "maxResTime" : 1319.0,
    "pct1ResTime" : 247.40000000000003,
    "pct2ResTime" : 819.0499999999993,
    "pct3ResTime" : 1319.0,
    "throughput" : 3.2017075773746,
    "receivedKBytesPerSec" : 20.361901347385274,
    "sentKBytesPerSec" : 0.9140291488794025
  },
  "login" : {
    "transaction" : "login",
    "sampleCount" : 10,
    "errorCount" : 0,
    "errorPct" : 0.0,
    "meanResTime" : 354.7,
    "medianResTime" : 228.5,
    "minResTime" : 216.0,
    "maxResTime" : 1319.0,
    "pct1ResTime" : 1228.1000000000004,
    "pct2ResTime" : 1319.0,
    "pct3ResTime" : 1319.0,
    "throughput" : 1.09421162052741,
    "receivedKBytesPerSec" : 1.9682986377065326,
    "sentKBytesPerSec" : 0.27355290513185254
  },
  "create api key" : {
    "transaction" : "create api key",
    "sampleCount" : 10,
    "errorCount" : 0,
    "errorPct" : 0.0,
    "meanResTime" : 77.4,
    "medianResTime" : 77.5,
    "minResTime" : 73.0,
    "maxResTime" : 81.0,
    "pct1ResTime" : 81.0,
    "pct2ResTime" : 81.0,
    "pct3ResTime" : 81.0,
    "throughput" : 1.362954886193267,
    "receivedKBytesPerSec" : 2.2880072747717053,
    "sentKBytesPerSec" : 0.3833310617418564
  }
}