{
  "zone activity" : {
    "transaction" : "zone activity",
    "sampleCount" : 5,
    "errorCount" : 0,
    "errorPct" : 0.0,
    "meanResTime" : 397.4,
    "medianResTime" : 401.0,
    "minResTime" : 367.0,
    "maxResTime" : 410.0,
    "pct1ResTime" : 410.0,
    "pct2ResTime" : 410.0,
    "pct3ResTime" : 410.0,
    "throughput" : 1.5432098765432098,
    "receivedKBytesPerSec" : 429.50906635802465,
    "sentKBytesPerSec" : 0.5033516589506173
  },
  "Total" : {
    "transaction" : "Total",
    "sampleCount" : 15,
    "errorCount" : 0,
    "errorPct" : 0.0,
    "meanResTime" : 276.6,
    "medianResTime" : 256.0,
    "minResTime" : 77.0,
    "maxResTime" : 723.0,
    "pct1ResTime" : 535.2000000000002,
    "pct2ResTime" : 723.0,
    "pct3ResTime" : 723.0,
    "throughput" : 3.256621797655232,
    "receivedKBytesPerSec" : 303.7001244979375,
    "sentKBytesPerSec" : 0.9297061577290491
  },
  "login" : {
    "transaction" : "login",
    "sampleCount" : 5,
    "errorCount" : 0,
    "errorPct" : 0.0,
    "meanResTime" : 343.6,
    "medianResTime" : 256.0,
    "minResTime" : 231.0,
    "maxResTime" : 723.0,
    "pct1ResTime" : 723.0,
    "pct2ResTime" : 723.0,
    "pct3ResTime" : 723.0,
    "throughput" : 1.2025012025012025,
    "receivedKBytesPerSec" : 0.9418026996151996,
    "sentKBytesPerSec" : 0.299450983044733
  },
  "create api key" : {
    "transaction" : "create api key",
    "sampleCount" : 5,
    "errorCount" : 0,
    "errorPct" : 0.0,
    "meanResTime" : 88.8,
    "medianResTime" : 84.0,
    "minResTime" : 77.0,
    "maxResTime" : 100.0,
    "pct1ResTime" : 100.0,
    "pct2ResTime" : 100.0,
    "pct3ResTime" : 100.0,
    "throughput" : 1.6744809109176155,
    "receivedKBytesPerSec" : 1.1109788387474882,
    "sentKBytesPerSec" : 0.4709477561955793
  }
}