{
  "zone activity" : {
    "transaction" : "zone activity",
    "sampleCount" : 5,
    "errorCount" : 0,
    "errorPct" : 0.0,
    "meanResTime" : 839.8,
    "medianResTime" : 1062.0,
    "minResTime" : 213.0,
    "maxResTime" : 1352.0,
    "pct1ResTime" : 1352.0,
    "pct2ResTime" : 1352.0,
    "pct3ResTime" : 1352.0,
    "throughput" : 1.9833399444664814,
    "receivedKBytesPerSec" : 551.7965496082904,
    "sentKBytesPerSec" : 0.6469097084490282
  },
  "Total" : {
    "transaction" : "Total",
    "sampleCount" : 15,
    "errorCount" : 0,
    "errorPct" : 0.0,
    "meanResTime" : 413.66666666666663,
    "medianResTime" : 154.0,
    "minResTime" : 42.0,
    "maxResTime" : 1352.0,
    "pct1ResTime" : 1348.4,
    "pct2ResTime" : 1352.0,
    "pct3ResTime" : 1352.0,
    "throughput" : 3.4794711203897006,
    "receivedKBytesPerSec" : 324.3591974019949,
    "sentKBytesPerSec" : 0.9933255770122942
  },
  "login" : {
    "transaction" : "login",
    "sampleCount" : 5,
    "errorCount" : 0,
    "errorPct" : 0.0,
    "meanResTime" : 345.4,
    "medianResTime" : 154.0,
    "minResTime" : 118.0,
    "maxResTime" : 1104.0,
    "pct1ResTime" : 1104.0,
    "pct2ResTime" : 1104.0,
    "pct3ResTime" : 1104.0,
    "throughput" : 1.239771881973717,
    "receivedKBytesPerSec" : 0.9709932122489461,
    "sentKBytesPerSec" : 0.30873225576493923
  },
  "create api key" : {
    "transaction" : "create api key",
    "sampleCount" : 5,
    "errorCount" : 0,
    "errorPct" : 0.0,
    "meanResTime" : 55.8,
    "medianResTime" : 49.0,
    "minResTime" : 42.0,
    "maxResTime" : 73.0,
    "pct1ResTime" : 73.0,
    "pct2ResTime" : 73.0,
    "pct3ResTime" : 73.0,
    "throughput" : 2.1026072329688814,
    "receivedKBytesPerSec" : 1.3950306192178301,
    "sentKBytesPerSec" : 0.5913582842724978
  }
}