{
  "zone activity" : {
    "transaction" : "zone activity",
    "sampleCount" : 5,
    "errorCount" : 0,
    "errorPct" : 0.0,
    "meanResTime" : 87.2,
    "medianResTime" : 73.0,
    "minResTime" : 69.0,
    "maxResTime" : 114.0,
    "pct1ResTime" : 114.0,
    "pct2ResTime" : 114.0,
    "pct3ResTime" : 114.0,
    "throughput" : 2.235136343316942,
    "receivedKBytesPerSec" : 622.1327391595887,
    "sentKBytesPerSec" : 0.7290386119803308
  },
  "Total" : {
    "transaction" : "Total",
    "sampleCount" : 15,
    "errorCount" : 0,
    "errorPct" : 0.0,
    "meanResTime" : 145.33333333333334,
    "medianResTime" : 68.0,
    "minResTime" : 18.0,
    "maxResTime" : 1165.0,
    "pct1ResTime" : 623.2000000000003,
    "pct2ResTime" : 1165.0,
    "pct3ResTime" : 1165.0,
    "throughput" : 3.6864094372081593,
    "receivedKBytesPerSec" : 343.8056801425412,
    "sentKBytesPerSec" : 1.052402694150897
  },
  "login" : {
    "transaction" : "login",
    "sampleCount" : 5,
    "errorCount" : 0,
    "errorPct" : 0.0,
    "meanResTime" : 318.2,
    "medianResTime" : 68.0,
    "minResTime" : 46.0,
    "maxResTime" : 1165.0,
    "pct1ResTime" : 1165.0,
    "pct2ResTime" : 1165.0,
    "pct3ResTime" : 1165.0,
    "throughput" : 1.2671059300557526,
    "receivedKBytesPerSec" : 0.9924013241256968,
    "sentKBytesPerSec" : 0.3155390743791181
  },
  "create api key" : {
    "transaction" : "create api key",
    "sampleCount" : 5,
    "errorCount" : 0,
    "errorPct" : 0.0,
    "meanResTime" : 30.6,
    "medianResTime" : 34.0,
    "minResTime" : 18.0,
    "maxResTime" : 49.0,
    "pct1ResTime" : 49.0,
    "pct2ResTime" : 49.0,
    "pct3ResTime" : 49.0,
    "throughput" : 2.257336343115124,
    "receivedKBytesPerSec" : 1.4981306433408579,
    "sentKBytesPerSec" : 0.6348758465011287
  }
}