{
  "zone activity" : {
    "transaction" : "zone activity",
    "sampleCount" : 5,
    "errorCount" : 0,
    "errorPct" : 0.0,
    "meanResTime" : 1575.0,
    "medianResTime" : 1663.0,
    "minResTime" : 452.0,
    "maxResTime" : 2554.0,
    "pct1ResTime" : 2554.0,
    "pct2ResTime" : 2554.0,
    "pct3ResTime" : 2554.0,
    "throughput" : 1.5015015015015014,
    "receivedKBytesPerSec" : 417.7710914039039,
    "sentKBytesPerSec" : 0.48974756006006004
  },
  "Total" : {
    "transaction" : "Total",
    "sampleCount" : 15,
    "errorCount" : 0,
    "errorPct" : 0.0,
    "meanResTime" : 668.6666666666666,
    "medianResTime" : 247.0,
    "minResTime" : 79.0,
    "maxResTime" : 2554.0,
    "pct1ResTime" : 2552.2,
    "pct2ResTime" : 2554.0,
    "pct3ResTime" : 2554.0,
    "throughput" : 3.1833616298811545,
    "receivedKBytesPerSec" : 296.7767634497029,
    "sentKBytesPerSec" : 0.9087917153013583
  },
  "login" : {
    "transaction" : "login",
    "sampleCount" : 5,
    "errorCount" : 0,
    "errorPct" : 0.0,
    "meanResTime" : 341.2,
    "medianResTime" : 247.0,
    "minResTime" : 233.0,
    "maxResTime" : 708.0,
    "pct1ResTime" : 708.0,
    "pct2ResTime" : 708.0,
    "pct3ResTime" : 708.0,
    "throughput" : 1.1978917105893627,
    "receivedKBytesPerSec" : 0.9381925311451844,
    "sentKBytesPerSec" : 0.29830311152371825
  },
  "create api key" : {
    "transaction" : "create api key",
    "sampleCount" : 5,
    "errorCount" : 0,
    "errorPct" : 0.0,
    "meanResTime" : 89.8,
    "medianResTime" : 83.0,
    "minResTime" : 79.0,
    "maxResTime" : 104.0,
    "pct1ResTime" : 104.0,
    "pct2ResTime" : 104.0,
    "pct3ResTime" : 104.0,
    "throughput" : 1.669449081803005,
    "receivedKBytesPerSec" : 1.1079664023372287,
    "sentKBytesPerSec" : 0.46953255425709517
  }
}