{
  "zone activity" : {
    "transaction" : "zone activity",
    "sampleCount" : 5,
    "errorCount" : 0,
    "errorPct" : 0.0,
    "meanResTime" : 454.8,
    "medianResTime" : 399.0,
    "minResTime" : 70.0,
    "maxResTime" : 865.0,
    "pct1ResTime" : 865.0,
    "pct2ResTime" : 865.0,
    "pct3ResTime" : 865.0,
    "throughput" : 1.9770660340055357,
    "receivedKBytesPerSec" : 549.8166580170027,
    "sentKBytesPerSec" : 0.6448633353103994
  },
  "Total" : {
    "transaction" : "Total",
    "sampleCount" : 15,
    "errorCount" : 0,
    "errorPct" : 0.0,
    "meanResTime" : 237.73333333333332,
    "medianResTime" : 67.0,
    "minResTime" : 17.0,
    "maxResTime" : 895.0,
    "pct1ResTime" : 877.0,
    "pct2ResTime" : 895.0,
    "pct3ResTime" : 895.0,
    "throughput" : 3.7091988130563798,
    "receivedKBytesPerSec" : 345.62802338340754,
    "sentKBytesPerSec" : 1.0589086455242336
  },
  "login" : {
    "transaction" : "login",
    "sampleCount" : 5,
    "errorCount" : 0,
    "errorPct" : 0.0,
    "meanResTime" : 227.4,
    "medianResTime" : 67.0,
    "minResTime" : 46.0,
    "maxResTime" : 895.0,
    "pct1ResTime" : 895.0,
    "pct2ResTime" : 895.0,
    "pct3ResTime" : 895.0,
    "throughput" : 1.2645422357106728,
    "receivedKBytesPerSec" : 0.9903934307030854,
    "sentKBytesPerSec" : 0.31490065440060694
  },
  "create api key" : {
    "transaction" : "create api key",
    "sampleCount" : 5,
    "errorCount" : 0,
    "errorPct" : 0.0,
    "meanResTime" : 31.0,
    "medianResTime" : 18.0,
    "minResTime" : 17.0,
    "maxResTime" : 58.0,
    "pct1ResTime" : 58.0,
    "pct2ResTime" : 58.0,
    "pct3ResTime" : 58.0,
    "throughput" : 1.986491855383393,
    "receivedKBytesPerSec" : 1.3179907876440207,
    "sentKBytesPerSec" : 0.5587008343265792
  }
}