{
  "zone activity" : {
    "transaction" : "zone activity",
    "sampleCount" : 5,
    "errorCount" : 0,
    "errorPct" : 0.0,
    "meanResTime" : 396.2,
    "medianResTime" : 389.0,
    "minResTime" : 378.0,
    "maxResTime" : 417.0,
    "pct1ResTime" : 417.0,
    "pct2ResTime" : 417.0,
    "pct3ResTime" : 417.0,
    "throughput" : 2.2202486678507993,
    "receivedKBytesPerSec" : 618.6553792462256,
    "sentKBytesPerSec" : 0.7241826709591475
  },
  "Total" : {
    "transaction" : "Total",
    "sampleCount" : 15,
    "errorCount" : 0,
    "errorPct" : 0.0,
    "meanResTime" : 359.06666666666666,
    "medianResTime" : 261.0,
    "minResTime" : 82.0,
    "maxResTime" : 1512.0,
    "pct1ResTime" : 965.4000000000003,
    "pct2ResTime" : 1512.0,
    "pct3ResTime" : 1512.0,
    "throughput" : 3.249566724436742,
    "receivedKBytesPerSec" : 303.3897889135616,
    "sentKBytesPerSec" : 0.9276920629332757
  },
  "login" : {
    "transaction" : "login",
    "sampleCount" : 5,
    "errorCount" : 0,
    "errorPct" : 0.0,
    "meanResTime" : 572.6,
    "medianResTime" : 261.0,
    "minResTime" : 239.0,
    "maxResTime" : 1512.0,
    "pct1ResTime" : 1512.0,
    "pct2ResTime" : 1512.0,
    "pct3ResTime" : 1512.0,
    "throughput" : 1.2048192771084338,
    "receivedKBytesPerSec" : 0.9436182228915662,
    "sentKBytesPerSec" : 0.3000282379518072
  },
  "create api key" : {
    "transaction" : "create api key",
    "sampleCount" : 5,
    "errorCount" : 0,
    "errorPct" : 0.0,
    "meanResTime" : 108.4,
    "medianResTime" : 120.0,
    "minResTime" : 82.0,
    "maxResTime" : 128.0,
    "pct1ResTime" : 128.0,
    "pct2ResTime" : 128.0,
    "pct3ResTime" : 128.0,
    "throughput" : 2.49003984063745,
    "receivedKBytesPerSec" : 1.6530557457669324,
    "sentKBytesPerSec" : 0.7003237051792829
  }
}