{
  "zone activity" : {
    "transaction" : "zone activity",
    "sampleCount" : 5,
    "errorCount" : 0,
    "errorPct" : 0.0,
    "meanResTime" : 76.8,
    "medianResTime" : 77.0,
    "minResTime" : 72.0,
    "maxResTime" : 80.0,
    "pct1ResTime" : 80.0,
    "pct2ResTime" : 80.0,
    "pct3ResTime" : 80.0,
    "throughput" : 2.5163563160543534,
    "receivedKBytesPerSec" : 36.585461751383995,
    "sentKBytesPerSec" : 0.8183072785606441
  },
  "Total" : {
    "transaction" : "Total",
    "sampleCount" : 15,
    "errorCount" : 0,
    "errorPct" : 0.0,
    "meanResTime" : 203.73333333333335,
    "medianResTime" : 77.0,
    "minResTime" : 40.0,
    "maxResTime" : 1452.0,
    "pct1ResTime" : 909.0000000000003,
    "pct2ResTime" : 1452.0,
    "pct3ResTime" : 1452.0,
    "throughput" : 3.597985128328136,
    "receivedKBytesPerSec" : 19.172388462461022,
    "sentKBytesPerSec" : 1.0259879467498203
  },
  "login" : {
    "transaction" : "login",
    "sampleCount" : 5,
    "errorCount" : 0,
    "errorPct" : 0.0,
    "meanResTime" : 477.8,
    "medianResTime" : 136.0,
    "minResTime" : 119.0,
    "maxResTime" : 1452.0,
    "pct1ResTime" : 1452.0,
    "pct2ResTime" : 1452.0,
    "pct3ResTime" : 1452.0,
    "throughput" : 1.2376237623762376,
    "receivedKBytesPerSec" : 0.9693107982673267,
    "sentKBytesPerSec" : 0.30819732363861385
  },
  "create api key" : {
    "transaction" : "create api key",
    "sampleCount" : 5,
    "errorCount" : 0,
    "errorPct" : 0.0,
    "meanResTime" : 56.6,
    "medianResTime" : 60.0,
    "minResTime" : 40.0,
    "maxResTime" : 74.0,
    "pct1ResTime" : 74.0,
    "pct2ResTime" : 74.0,
    "pct3ResTime" : 74.0,
    "throughput" : 2.523977788995457,
    "receivedKBytesPerSec" : 1.675093071680969,
    "sentKBytesPerSec" : 0.7098687531549722
  }
}