{
  "zone activity" : {
    "transaction" : "zone activity",
    "sampleCount" : 5,
    "errorCount" : 0,
    "errorPct" : 0.0,
    "meanResTime" : 110.6,
    "medianResTime" : 78.0,
    "minResTime" : 72.0,
    "maxResTime" : 214.0,
    "pct1ResTime" : 214.0,
    "pct2ResTime" : 214.0,
    "pct3ResTime" : 214.0,
    "throughput" : 1.8497965223825379,
    "receivedKBytesPerSec" : 514.7286435210877,
    "sentKBytesPerSec" : 0.6033516000739919
  },
  "Total" : {
    "transaction" : "Total",
    "sampleCount" : 15,
    "errorCount" : 0,
    "errorPct" : 0.0,
    "meanResTime" : 113.66666666666669,
    "medianResTime" : 72.0,
    "minResTime" : 18.0,
    "maxResTime" : 744.0,
    "pct1ResTime" : 426.0000000000002,
    "pct2ResTime" : 744.0,
    "pct3ResTime" : 744.0,
    "throughput" : 3.6855036855036856,
    "receivedKBytesPerSec" : 343.6230708691646,
    "sentKBytesPerSec" : 1.0521441185503684
  },
  "login" : {
    "transaction" : "login",
    "sampleCount" : 5,
    "errorCount" : 0,
    "errorPct" : 0.0,
    "meanResTime" : 205.0,
    "medianResTime" : 74.0,
    "minResTime" : 52.0,
    "maxResTime" : 744.0,
    "pct1ResTime" : 744.0,
    "pct2ResTime" : 744.0,
    "pct3ResTime" : 744.0,
    "throughput" : 1.2578616352201257,
    "receivedKBytesPerSec" : 0.9851611635220126,
    "sentKBytesPerSec" : 0.31323702830188677
  },
  "create api key" : {
    "transaction" : "create api key",
    "sampleCount" : 5,
    "errorCount" : 0,
    "errorPct" : 0.0,
    "meanResTime" : 25.4,
    "medianResTime" : 19.0,
    "minResTime" : 18.0,
    "maxResTime" : 36.0,
    "pct1ResTime" : 36.0,
    "pct2ResTime" : 36.0,
    "pct3ResTime" : 36.0,
    "throughput" : 1.8670649738610905,
    "receivedKBytesPerSec" : 1.2391185119492159,
    "sentKBytesPerSec" : 0.5251120238984317
  }
}