{
  "zone activity" : {
    "transaction" : "zone activity",
    "sampleCount" : 5,
    "errorCount" : 0,
    "errorPct" : 0.0,
    "meanResTime" : 169.2,
    "medianResTime" : 156.0,
    "minResTime" : 148.0,
    "maxResTime" : 196.0,
    "pct1ResTime" : 196.0,
    "pct2ResTime" : 196.0,
    "pct3ResTime" : 196.0,
    "throughput" : 1.9920318725099602,
    "receivedKBytesPerSec" : 553.964610308765,
    "sentKBytesPerSec" : 0.6497447709163348
  },
  "Total" : {
    "transaction" : "Total",
    "sampleCount" : 15,
    "errorCount" : 0,
    "errorPct" : 0.0,
    "meanResTime" : 162.20000000000002,
    "medianResTime" : 96.0,
    "minResTime" : 32.0,
    "maxResTime" : 992.0,
    "pct1ResTime" : 514.4000000000003,
    "pct2ResTime" : 992.0,
    "pct3ResTime" : 992.0,
    "throughput" : 3.58337314859054,
    "receivedKBytesPerSec" : 333.89502396380794,
    "sentKBytesPerSec" : 1.0229877120162447
  },
  "login" : {
    "transaction" : "login",
    "sampleCount" : 5,
    "errorCount" : 0,
    "errorPct" : 0.0,
    "meanResTime" : 275.2,
    "medianResTime" : 96.0,
    "minResTime" : 90.0,
    "maxResTime" : 992.0,
    "pct1ResTime" : 992.0,
    "pct2ResTime" : 992.0,
    "pct3ResTime" : 992.0,
    "throughput" : 1.2509382036527394,
    "receivedKBytesPerSec" : 0.9797387102827121,
    "sentKBytesPerSec" : 0.31151293157368026
  },
  "create api key" : {
    "transaction" : "create api key",
    "sampleCount" : 5,
    "errorCount" : 0,
    "errorPct" : 0.0,
    "meanResTime" : 42.2,
    "medianResTime" : 34.0,
    "minResTime" : 32.0,
    "maxResTime" : 58.0,
    "pct1ResTime" : 58.0,
    "pct2ResTime" : 58.0,
    "pct3ResTime" : 58.0,
    "throughput" : 2.061855670103093,
    "receivedKBytesPerSec" : 1.367992912371134,
    "sentKBytesPerSec" : 0.5798969072164949
  }
}