{
  "zone activity" : {
    "transaction" : "zone activity",
    "sampleCount" : 10,
    "errorCount" : 0,
    "errorPct" : 0.0,
    "meanResTime" : 147.7,
    "medianResTime" : 146.0,
    "minResTime" : 138.0,
    "maxResTime" : 158.0,
    "pct1ResTime" : 157.9,
    "pct2ResTime" : 158.0,
    "pct3ResTime" : 158.0,
    "throughput" : 1.3329778725673154,
    "receivedKBytesPerSec" : 20.79679793721674,
    "sentKBytesPerSec" : 0.43347815582511334
  },
  "Total" : {
    "transaction" : "Total",
    "sampleCount" : 30,
    "errorCount" : 0,
    "errorPct" : 0.0,
    "meanResTime" : 190.73333333333335,
    "medianResTime" : 146.0,
    "minResTime" : 73.0,
    "maxResTime" : 1101.0,
    "pct1ResTime" : 263.3,
    "pct2ResTime" : 706.0999999999995,
    "pct3ResTime" : 1101.0,
    "throughput" : 3.2181935207037116,
    "receivedKBytesPerSec" : 20.467375563183868,
    "sentKBytesPerSec" : 0.9187355851748552
  },
  "login" : {
    "transaction" : "login",
    "sampleCount" : 10,
    "errorCount" : 0,
    "errorPct" : 0.0,
    "meanResTime" : 341.80000000000007,
    "medianResTime" : 246.5,
    "minResTime" : 216.0,
    "maxResTime" : 1101.0,
    "pct1ResTime" : 1029.2000000000003,
    "pct2ResTime" : 1101.0,
    "pct3ResTime" : 1101.0,
    "throughput" : 1.0979358805445762,
    "receivedKBytesPerSec" : 1.9751051616710582,
    "sentKBytesPerSec" : 0.274483970136144
  },
  "create api key" : {
    "transaction" : "create api key",
    "sampleCount" : 10,
    "errorCount" : 0,
    "errorPct" : 0.0,
    "meanResTime" : 82.69999999999999,
    "medianResTime" : 80.5,
    "minResTime" : 73.0,
    "maxResTime" : 100.0,
    "pct1ResTime" : 99.5,
    "pct2ResTime" : 100.0,
    "pct3ResTime" : 100.0,
    "throughput" : 1.3392259274139549,
    "receivedKBytesPerSec" : 2.248565563479309,
    "sentKBytesPerSec" : 0.3766572920851748
  }
}