{
  "zone activity" : {
    "transaction" : "zone activity",
    "sampleCount" : 5,
    "errorCount" : 0,
    "errorPct" : 0.0,
    "meanResTime" : 1477.8,
    "medianResTime" : 1933.0,
    "minResTime" : 331.0,
    "maxResTime" : 2103.0,
    "pct1ResTime" : 2103.0,
    "pct2ResTime" : 2103.0,
    "pct3ResTime" : 2103.0,
    "throughput" : 2.0161290322580645,
    "receivedKBytesPerSec" : 560.9371062247984,
    "sentKBytesPerSec" : 0.6576045866935484
  },
  "Total" : {
    "transaction" : "Total",
    "sampleCount" : 15,
    "errorCount" : 0,
    "errorPct" : 0.0,
    "meanResTime" : 673.3333333333334,
    "medianResTime" : 214.0,
    "minResTime" : 63.0,
    "maxResTime" : 2103.0,
    "pct1ResTime" : 2096.4,
    "pct2ResTime" : 2103.0,
    "pct3ResTime" : 2103.0,
    "throughput" : 3.341501447983961,
    "receivedKBytesPerSec" : 311.5075566662954,
    "sentKBytesPerSec" : 0.9539377506126087
  },
  "login" : {
    "transaction" : "login",
    "sampleCount" : 5,
    "errorCount" : 0,
    "errorPct" : 0.0,
    "meanResTime" : 467.0,
    "medianResTime" : 214.0,
    "minResTime" : 190.0,
    "maxResTime" : 1321.0,
    "pct1ResTime" : 1321.0,
    "pct2ResTime" : 1321.0,
    "pct3ResTime" : 1321.0,
    "throughput" : 1.2221950623319482,
    "receivedKBytesPerSec" : 0.9572269921779516,
    "sentKBytesPerSec" : 0.30435521571742846
  },
  "create api key" : {
    "transaction" : "create api key",
    "sampleCount" : 5,
    "errorCount" : 0,
    "errorPct" : 0.0,
    "meanResTime" : 75.2,
    "medianResTime" : 68.0,
    "minResTime" : 63.0,
    "maxResTime" : 93.0,
    "pct1ResTime" : 93.0,
    "pct2ResTime" : 93.0,
    "pct3ResTime" : 93.0,
    "throughput" : 2.2222222222222223,
    "receivedKBytesPerSec" : 1.4743923611111112,
    "sentKBytesPerSec" : 0.625
  }
}