{
  "zone activity" : {
    "transaction" : "zone activity",
    "sampleCount" : 5,
    "errorCount" : 0,
    "errorPct" : 0.0,
    "meanResTime" : 104.8,
    "medianResTime" : 88.0,
    "minResTime" : 74.0,
    "maxResTime" : 142.0,
    "pct1ResTime" : 142.0,
    "pct2ResTime" : 142.0,
    "pct3ResTime" : 142.0,
    "throughput" : 2.1542438604049976,
    "receivedKBytesPerSec" : 31.320686126669536,
    "sentKBytesPerSec" : 0.7005500053856096
  },
  "Total" : {
    "transaction" : "Total",
    "sampleCount" : 15,
    "errorCount" : 0,
    "errorPct" : 0.0,
    "meanResTime" : 174.13333333333335,
    "medianResTime" : 88.0,
    "minResTime" : 41.0,
    "maxResTime" : 1159.0,
    "pct1ResTime" : 615.4000000000003,
    "pct2ResTime" : 1159.0,
    "pct3ResTime" : 1159.0,
    "throughput" : 3.600576092174748,
    "receivedKBytesPerSec" : 19.185960378660585,
    "sentKBytesPerSec" : 1.0267267762842054
  },
  "login" : {
    "transaction" : "login",
    "sampleCount" : 5,
    "errorCount" : 0,
    "errorPct" : 0.0,
    "meanResTime" : 363.8,
    "medianResTime" : 146.0,
    "minResTime" : 129.0,
    "maxResTime" : 1159.0,
    "pct1ResTime" : 1159.0,
    "pct2ResTime" : 1159.0,
    "pct3ResTime" : 1159.0,
    "throughput" : 1.2391573729863692,
    "receivedKBytesPerSec" : 0.970511926889715,
    "sentKBytesPerSec" : 0.3085792286245353
  },
  "create api key" : {
    "transaction" : "create api key",
    "sampleCount" : 5,
    "errorCount" : 0,
    "errorPct" : 0.0,
    "meanResTime" : 53.8,
    "medianResTime" : 49.0,
    "minResTime" : 41.0,
    "maxResTime" : 67.0,
    "pct1ResTime" : 67.0,
    "pct2ResTime" : 67.0,
    "pct3ResTime" : 67.0,
    "throughput" : 2.1542438604049976,
    "receivedKBytesPerSec" : 1.4292903112882378,
    "sentKBytesPerSec" : 0.6058810857389056
  }
}