{
  "zone activity" : {
    "transaction" : "zone activity",
    "sampleCount" : 5,
    "errorCount" : 0,
    "errorPct" : 0.0,
    "meanResTime" : 1595.8,
    "medianResTime" : 1746.0,
    "minResTime" : 908.0,
    "maxResTime" : 1802.0,
    "pct1ResTime" : 1802.0,
    "pct2ResTime" : 1802.0,
    "pct3ResTime" : 1802.0,
    "throughput" : 2.774694783573807,
    "receivedKBytesPerSec" : 771.8030313540511,
    "sentKBytesPerSec" : 0.9050274001109878
  },
  "Total" : {
    "transaction" : "Total",
    "sampleCount" : 15,
    "errorCount" : 0,
    "errorPct" : 0.0,
    "meanResTime" : 921.0666666666666,
    "medianResTime" : 636.0,
    "minResTime" : 84.0,
    "maxResTime" : 2511.0,
    "pct1ResTime" : 2085.6000000000004,
    "pct2ResTime" : 2511.0,
    "pct3ResTime" : 2511.0,
    "throughput" : 2.910925674364448,
    "receivedKBytesPerSec" : 271.30320019891326,
    "sentKBytesPerSec" : 0.8310162162817777
  },
  "login" : {
    "transaction" : "login",
    "sampleCount" : 5,
    "errorCount" : 0,
    "errorPct" : 0.0,
    "meanResTime" : 1057.4,
    "medianResTime" : 636.0,
    "minResTime" : 251.0,
    "maxResTime" : 2511.0,
    "pct1ResTime" : 2511.0,
    "pct2ResTime" : 2511.0,
    "pct3ResTime" : 2511.0,
    "throughput" : 1.210946960523129,
    "receivedKBytesPerSec" : 0.9484174436909665,
    "sentKBytesPerSec" : 0.30155417473964646
  },
  "create api key" : {
    "transaction" : "create api key",
    "sampleCount" : 5,
    "errorCount" : 0,
    "errorPct" : 0.0,
    "meanResTime" : 110.0,
    "medianResTime" : 106.0,
    "minResTime" : 84.0,
    "maxResTime" : 129.0,
    "pct1ResTime" : 129.0,
    "pct2ResTime" : 129.0,
    "pct3ResTime" : 129.0,
    "throughput" : 5.08130081300813,
    "receivedKBytesPerSec" : 3.3743013211382116,
    "sentKBytesPerSec" : 1.4291158536585367
  }
}