{
  "zone activity" : {
    "transaction" : "zone activity",
    "sampleCount" : 5,
    "errorCount" : 0,
    "errorPct" : 0.0,
    "meanResTime" : 1123.2,
    "medianResTime" : 1383.0,
    "minResTime" : 404.0,
    "maxResTime" : 1711.0,
    "pct1ResTime" : 1711.0,
    "pct2ResTime" : 1711.0,
    "pct3ResTime" : 1711.0,
    "throughput" : 1.832172957127153,
    "receivedKBytesPerSec" : 509.53123568614876,
    "sentKBytesPerSec" : 0.597603288750458
  },
  "Total" : {
    "transaction" : "Total",
    "sampleCount" : 15,
    "errorCount" : 0,
    "errorPct" : 0.0,
    "meanResTime" : 548.1333333333332,
    "medianResTime" : 247.0,
    "minResTime" : 81.0,
    "maxResTime" : 1711.0,
    "pct1ResTime" : 1708.6,
    "pct2ResTime" : 1711.0,
    "pct3ResTime" : 1711.0,
    "throughput" : 3.230669825543829,
    "receivedKBytesPerSec" : 301.0433212631919,
    "sentKBytesPerSec" : 0.9222973427740685
  },
  "login" : {
    "transaction" : "login",
    "sampleCount" : 5,
    "errorCount" : 0,
    "errorPct" : 0.0,
    "meanResTime" : 433.4,
    "medianResTime" : 247.0,
    "minResTime" : 245.0,
    "maxResTime" : 1168.0,
    "pct1ResTime" : 1168.0,
    "pct2ResTime" : 1168.0,
    "pct3ResTime" : 1168.0,
    "throughput" : 1.203659123736158,
    "receivedKBytesPerSec" : 0.9427095871449206,
    "sentKBytesPerSec" : 0.29973933257101587
  },
  "create api key" : {
    "transaction" : "create api key",
    "sampleCount" : 5,
    "errorCount" : 0,
    "errorPct" : 0.0,
    "meanResTime" : 87.8,
    "medianResTime" : 83.0,
    "minResTime" : 81.0,
    "maxResTime" : 97.0,
    "pct1ResTime" : 97.0,
    "pct2ResTime" : 97.0,
    "pct3ResTime" : 97.0,
    "throughput" : 2.052545155993432,
    "receivedKBytesPerSec" : 1.3618156044745484,
    "sentKBytesPerSec" : 0.5772783251231527
  }
}