{
  "zone activity" : {
    "transaction" : "zone activity",
    "sampleCount" : 5,
    "errorCount" : 0,
    "errorPct" : 0.0,
    "meanResTime" : 653.2,
    "medianResTime" : 811.0,
    "minResTime" : 75.0,
    "maxResTime" : 1155.0,
    "pct1ResTime" : 1155.0,
    "pct2ResTime" : 1155.0,
    "pct3ResTime" : 1155.0,
    "throughput" : 2.0764119601328903,
    "receivedKBytesPerSec" : 577.6131968957642,
    "sentKBytesPerSec" : 0.6772671823089701
  },
  "Total" : {
    "transaction" : "Total",
    "sampleCount" : 15,
    "errorCount" : 0,
    "errorPct" : 0.0,
    "meanResTime" : 310.4666666666666,
    "medianResTime" : 54.0,
    "minResTime" : 16.0,
    "maxResTime" : 1155.0,
    "pct1ResTime" : 1152.0,
    "pct2ResTime" : 1155.0,
    "pct3ResTime" : 1155.0,
    "throughput" : 3.697313285679073,
    "receivedKBytesPerSec" : 344.6206498798373,
    "sentKBytesPerSec" : 1.0555155441212718
  },
  "login" : {
    "transaction" : "login",
    "sampleCount" : 5,
    "errorCount" : 0,
    "errorPct" : 0.0,
    "meanResTime" : 253.8,
    "medianResTime" : 54.0,
    "minResTime" : 49.0,
    "maxResTime" : 1014.0,
    "pct1ResTime" : 1014.0,
    "pct2ResTime" : 1014.0,
    "pct3ResTime" : 1014.0,
    "throughput" : 1.2616704516780217,
    "receivedKBytesPerSec" : 0.9881442404743881,
    "sentKBytesPerSec" : 0.3141855128690386
  },
  "create api key" : {
    "transaction" : "create api key",
    "sampleCount" : 5,
    "errorCount" : 0,
    "errorPct" : 0.0,
    "meanResTime" : 24.4,
    "medianResTime" : 19.0,
    "minResTime" : 16.0,
    "maxResTime" : 37.0,
    "pct1ResTime" : 37.0,
    "pct2ResTime" : 37.0,
    "pct3ResTime" : 37.0,
    "throughput" : 2.097315436241611,
    "receivedKBytesPerSec" : 1.3915196361157718,
    "sentKBytesPerSec" : 0.5898699664429531
  }
}