{
  "zone activity" : {
    "transaction" : "zone activity",
    "sampleCount" : 10,
    "errorCount" : 0,
    "errorPct" : 0.0,
    "meanResTime" : 74.30000000000001,
    "medianResTime" : 77.5,
    "minResTime" : 62.0,
    "maxResTime" : 87.0,
    "pct1ResTime" : 86.10000000000001,
    "pct2ResTime" : 87.0,
    "pct3ResTime" : 87.0,
    "throughput" : 1.3392259274139549,
    "receivedKBytesPerSec" : 20.89401700816928,
    "sentKBytesPerSec" : 0.43550999397348333
  },
  "Total" : {
    "transaction" : "Total",
    "sampleCount" : 30,
    "errorCount" : 0,
    "errorPct" : 0.0,
    "meanResTime" : 108.70000000000002,
    "medianResTime" : 77.5,
    "minResTime" : 34.0,
    "maxResTime" : 1024.0,
    "pct1ResTime" : 126.80000000000001,
    "pct2ResTime" : 537.2499999999993,
    "pct3ResTime" : 1024.0,
    "throughput" : 3.2912781130005486,
    "receivedKBytesPerSec" : 20.931543129456937,
    "sentKBytesPerSec" : 0.9395999040043883
  },
  "login" : {
    "transaction" : "login",
    "sampleCount" : 10,
    "errorCount" : 0,
    "errorPct" : 0.0,
    "meanResTime" : 211.0,
    "medianResTime" : 124.0,
    "minResTime" : 102.0,
    "maxResTime" : 1024.0,
    "pct1ResTime" : 935.5000000000003,
    "pct2ResTime" : 1024.0,
    "pct3ResTime" : 1024.0,
    "throughput" : 1.1098779134295227,
    "receivedKBytesPerSec" : 1.9964796059933407,
    "sentKBytesPerSec" : 0.27746947835738067
  },
  "create api key" : {
    "transaction" : "create api key",
    "sampleCount" : 10,
    "errorCount" : 0,
    "errorPct" : 0.0,
    "meanResTime" : 40.800000000000004,
    "medianResTime" : 41.5,
    "minResTime" : 34.0,
    "maxResTime" : 47.0,
    "pct1ResTime" : 46.7,
    "pct2ResTime" : 47.0,
    "pct3ResTime" : 47.0,
    "throughput" : 1.341381623071764,
    "receivedKBytesPerSec" : 2.2517920020120723,
    "sentKBytesPerSec" : 0.3772635814889336
  }
}