{
  "zone activity" : {
    "transaction" : "zone activity",
    "sampleCount" : 5,
    "errorCount" : 0,
    "errorPct" : 0.0,
    "meanResTime" : 333.8,
    "medianResTime" : 298.0,
    "minResTime" : 64.0,
    "maxResTime" : 623.0,
    "pct1ResTime" : 623.0,
    "pct2ResTime" : 623.0,
    "pct3ResTime" : 623.0,
    "throughput" : 2.1114864864864864,
    "receivedKBytesPerSec" : 587.3429581925676,
    "sentKBytesPerSec" : 0.6887075063344595
  },
  "Total" : {
    "transaction" : "Total",
    "sampleCount" : 15,
    "errorCount" : 0,
    "errorPct" : 0.0,
    "meanResTime" : 206.26666666666665,
    "medianResTime" : 55.0,
    "minResTime" : 14.0,
    "maxResTime" : 1033.0,
    "pct1ResTime" : 787.0000000000001,
    "pct2ResTime" : 1033.0,
    "pct3ResTime" : 1033.0,
    "throughput" : 3.7230081906180197,
    "receivedKBytesPerSec" : 346.99963351638127,
    "sentKBytesPerSec" : 1.0628509710846363
  },
  "login" : {
    "transaction" : "login",
    "sampleCount" : 5,
    "errorCount" : 0,
    "errorPct" : 0.0,
    "meanResTime" : 259.8,
    "medianResTime" : 55.0,
    "minResTime" : 39.0,
    "maxResTime" : 1033.0,
    "pct1ResTime" : 1033.0,
    "pct2ResTime" : 1033.0,
    "pct3ResTime" : 1033.0,
    "throughput" : 1.2664640324214793,
    "receivedKBytesPerSec" : 0.9918985878926039,
    "sentKBytesPerSec" : 0.3153792268237082
  },
  "create api key" : {
    "transaction" : "create api key",
    "sampleCount" : 5,
    "errorCount" : 0,
    "errorPct" : 0.0,
    "meanResTime" : 25.2,
    "medianResTime" : 15.0,
    "minResTime" : 14.0,
    "maxResTime" : 43.0,
    "pct1ResTime" : 43.0,
    "pct2ResTime" : 43.0,
    "pct3ResTime" : 43.0,
    "throughput" : 2.112378538234051,
    "receivedKBytesPerSec" : 1.4015136512463033,
    "sentKBytesPerSec" : 0.594106463878327
  }
}