{
  "zone activity" : {
    "transaction" : "zone activity",
    "sampleCount" : 5,
    "errorCount" : 0,
    "errorPct" : 0.0,
    "meanResTime" : 154.0,
    "medianResTime" : 143.0,
    "minResTime" : 141.0,
    "maxResTime" : 178.0,
    "pct1ResTime" : 178.0,
    "pct2ResTime" : 178.0,
    "pct3ResTime" : 178.0,
    "throughput" : 1.8975332068311195,
    "receivedKBytesPerSec" : 528.1668791508539,
    "sentKBytesPerSec" : 0.6189219639468692
  },
  "Total" : {
    "transaction" : "Total",
    "sampleCount" : 15,
    "errorCount" : 0,
    "errorPct" : 0.0,
    "meanResTime" : 145.79999999999998,
    "medianResTime" : 89.0,
    "minResTime" : 29.0,
    "maxResTime" : 858.0,
    "pct1ResTime" : 450.0000000000002,
    "pct2ResTime" : 858.0,
    "pct3ResTime" : 858.0,
    "throughput" : 3.604902667627974,
    "receivedKBytesPerSec" : 336.2059901465994,
    "sentKBytesPerSec" : 1.0291339972362414
  },
  "login" : {
    "transaction" : "login",
    "sampleCount" : 5,
    "errorCount" : 0,
    "errorPct" : 0.0,
    "meanResTime" : 244.0,
    "medianResTime" : 89.0,
    "minResTime" : 85.0,
    "maxResTime" : 858.0,
    "pct1ResTime" : 858.0,
    "pct2ResTime" : 858.0,
    "pct3ResTime" : 858.0,
    "throughput" : 1.2537612838515546,
    "receivedKBytesPerSec" : 0.9819497555165496,
    "sentKBytesPerSec" : 0.3122159447091274
  },
  "create api key" : {
    "transaction" : "create api key",
    "sampleCount" : 5,
    "errorCount" : 0,
    "errorPct" : 0.0,
    "meanResTime" : 39.4,
    "medianResTime" : 30.0,
    "minResTime" : 29.0,
    "maxResTime" : 58.0,
    "pct1ResTime" : 58.0,
    "pct2ResTime" : 58.0,
    "pct3ResTime" : 58.0,
    "throughput" : 1.953125,
    "receivedKBytesPerSec" : 1.2958526611328125,
    "sentKBytesPerSec" : 0.54931640625
  }
}