{
  "zone activity" : {
    "transaction" : "zone activity",
    "sampleCount" : 5,
    "errorCount" : 0,
    "errorPct" : 0.0,
    "meanResTime" : 900.2,
    "medianResTime" : 1076.0,
    "minResTime" : 197.0,
    "maxResTime" : 1083.0,
    "pct1ResTime" : 1083.0,
    "pct2ResTime" : 1083.0,
    "pct3ResTime" : 1083.0,
    "throughput" : 4.612546125461255,
    "receivedKBytesPerSec" : 1282.8526796010146,
    "sentKBytesPerSec" : 1.5044828182656826
  },
  "Total" : {
    "transaction" : "Total",
    "sampleCount" : 15,
    "errorCount" : 0,
    "errorPct" : 0.0,
    "meanResTime" : 649.8666666666666,
    "medianResTime" : 197.0,
    "minResTime" : 35.0,
    "maxResTime" : 2517.0,
    "pct1ResTime" : 1997.4000000000003,
    "pct2ResTime" : 2517.0,
    "pct3ResTime" : 2517.0,
    "throughput" : 3.543586109142452,
    "receivedKBytesPerSec" : 330.2262358256556,
    "sentKBytesPerSec" : 1.0116292375383888
  },
  "login" : {
    "transaction" : "login",
    "sampleCount" : 5,
    "errorCount" : 0,
    "errorPct" : 0.0,
    "meanResTime" : 1004.0,
    "medianResTime" : 651.0,
    "minResTime" : 88.0,
    "maxResTime" : 2517.0,
    "pct1ResTime" : 2517.0,
    "pct2ResTime" : 2517.0,
    "pct3ResTime" : 2517.0,
    "throughput" : 1.2575452716297786,
    "receivedKBytesPerSec" : 0.9849133865694165,
    "sentKBytesPerSec" : 0.31315824635311873
  },
  "create api key" : {
    "transaction" : "create api key",
    "sampleCount" : 5,
    "errorCount" : 0,
    "errorPct" : 0.0,
    "meanResTime" : 45.4,
    "medianResTime" : 41.0,
    "minResTime" : 35.0,
    "maxResTime" : 66.0,
    "pct1ResTime" : 66.0,
    "pct2ResTime" : 66.0,
    "pct3ResTime" : 66.0,
    "throughput" : 5.4406964091403704,
    "receivedKBytesPerSec" : 3.6118998231773665,
    "sentKBytesPerSec" : 1.530195865070729
  }
}