{
  "zone activity" : {
    "transaction" : "zone activity",
    "sampleCount" : 5,
    "errorCount" : 0,
    "errorPct" : 0.0,
    "meanResTime" : 96.8,
    "medianResTime" : 72.0,
    "minResTime" : 69.0,
    "maxResTime" : 136.0,
    "pct1ResTime" : 136.0,
    "pct2ResTime" : 136.0,
    "pct3ResTime" : 136.0,
    "throughput" : 1.9409937888198758,
    "receivedKBytesPerSec" : 539.9329144021739,
    "sentKBytesPerSec" : 0.6330975834627329
  },
  "Total" : {
    "transaction" : "Total",
    "sampleCount" : 15,
    "errorCount" : 0,
    "errorPct" : 0.0,
    "meanResTime" : 109.46666666666667,
    "medianResTime" : 52.0,
    "minResTime" : 14.0,
    "maxResTime" : 833.0,
    "pct1ResTime" : 414.80000000000024,
    "pct2ResTime" : 833.0,
    "pct3ResTime" : 833.0,
    "throughput" : 3.7055335968379444,
    "receivedKBytesPerSec" : 345.3805795300148,
    "sentKBytesPerSec" : 1.0578622931077075
  },
  "login" : {
    "transaction" : "login",
    "sampleCount" : 5,
    "errorCount" : 0,
    "errorPct" : 0.0,
    "meanResTime" : 207.20000000000002,
    "medianResTime" : 52.0,
    "minResTime" : 44.0,
    "maxResTime" : 833.0,
    "pct1ResTime" : 833.0,
    "pct2ResTime" : 833.0,
    "pct3ResTime" : 833.0,
    "throughput" : 1.2648621300278269,
    "receivedKBytesPerSec" : 0.9906439729319505,
    "sentKBytesPerSec" : 0.31498031558310147
  },
  "create api key" : {
    "transaction" : "create api key",
    "sampleCount" : 5,
    "errorCount" : 0,
    "errorPct" : 0.0,
    "meanResTime" : 24.4,
    "medianResTime" : 16.0,
    "minResTime" : 14.0,
    "maxResTime" : 40.0,
    "pct1ResTime" : 40.0,
    "pct2ResTime" : 40.0,
    "pct3ResTime" : 40.0,
    "throughput" : 1.9569471624266144,
    "receivedKBytesPerSec" : 1.2983885763209393,
    "sentKBytesPerSec" : 0.5503913894324853
  }
}