{
  "zone activity" : {
    "transaction" : "zone activity",
    "sampleCount" : 5,
    "errorCount" : 0,
    "errorPct" : 0.0,
    "meanResTime" : 1050.4,
    "medianResTime" : 1249.0,
    "minResTime" : 355.0,
    "maxResTime" : 1647.0,
    "pct1ResTime" : 1647.0,
    "pct2ResTime" : 1647.0,
    "pct3ResTime" : 1647.0,
    "throughput" : 1.8142235123367199,
    "receivedKBytesPerSec" : 504.798125113389,
    "sentKBytesPerSec" : 0.5917486846879536
  },
  "Total" : {
    "transaction" : "Total",
    "sampleCount" : 15,
    "errorCount" : 0,
    "errorPct" : 0.0,
    "meanResTime" : 506.93333333333334,
    "medianResTime" : 212.0,
    "minResTime" : 72.0,
    "maxResTime" : 1647.0,
    "pct1ResTime" : 1643.4,
    "pct2ResTime" : 1647.0,
    "pct3ResTime" : 1647.0,
    "throughput" : 3.2938076416337285,
    "receivedKBytesPerSec" : 307.0838737236495,
    "sentKBytesPerSec" : 0.9403220383179621
  },
  "login" : {
    "transaction" : "login",
    "sampleCount" : 5,
    "errorCount" : 0,
    "errorPct" : 0.0,
    "meanResTime" : 385.6,
    "medianResTime" : 212.0,
    "minResTime" : 208.0,
    "maxResTime" : 1075.0,
    "pct1ResTime" : 1075.0,
    "pct2ResTime" : 1075.0,
    "pct3ResTime" : 1075.0,
    "throughput" : 1.2141816415735793,
    "receivedKBytesPerSec" : 0.9509508559980573,
    "sentKBytesPerSec" : 0.3023596861340456
  },
  "create api key" : {
    "transaction" : "create api key",
    "sampleCount" : 5,
    "errorCount" : 0,
    "errorPct" : 0.0,
    "meanResTime" : 84.8,
    "medianResTime" : 74.0,
    "minResTime" : 72.0,
    "maxResTime" : 104.0,
    "pct1ResTime" : 104.0,
    "pct2ResTime" : 104.0,
    "pct3ResTime" : 104.0,
    "throughput" : 1.9904458598726114,
    "receivedKBytesPerSec" : 1.321780453821656,
    "sentKBytesPerSec" : 0.559812898089172
  }
}