{
  "zone activity" : {
    "transaction" : "zone activity",
    "sampleCount" : 5,
    "errorCount" : 0,
    "errorPct" : 0.0,
    "meanResTime" : 87.8,
    "medianResTime" : 80.0,
    "minResTime" : 78.0,
    "maxResTime" : 101.0,
    "pct1ResTime" : 101.0,
    "pct2ResTime" : 101.0,
    "pct3ResTime" : 101.0,
    "throughput" : 2.026753141467369,
    "receivedKBytesPerSec" : 564.1906763021889,
    "sentKBytesPerSec" : 0.661069872314552
  },
  "Total" : {
    "transaction" : "Total",
    "sampleCount" : 15,
    "errorCount" : 0,
    "errorPct" : 0.0,
    "meanResTime" : 118.73333333333335,
    "medianResTime" : 58.0,
    "minResTime" : 16.0,
    "maxResTime" : 964.0,
    "pct1ResTime" : 446.20000000000033,
    "pct2ResTime" : 964.0,
    "pct3ResTime" : 964.0,
    "throughput" : 3.695491500369549,
    "receivedKBytesPerSec" : 344.6887895725548,
    "sentKBytesPerSec" : 1.0549954576250307
  },
  "login" : {
    "transaction" : "login",
    "sampleCount" : 5,
    "errorCount" : 0,
    "errorPct" : 0.0,
    "meanResTime" : 233.6,
    "medianResTime" : 51.0,
    "minResTime" : 47.0,
    "maxResTime" : 964.0,
    "pct1ResTime" : 964.0,
    "pct2ResTime" : 964.0,
    "pct3ResTime" : 964.0,
    "throughput" : 1.2626262626262628,
    "receivedKBytesPerSec" : 0.9888928345959596,
    "sentKBytesPerSec" : 0.3144235321969697
  },
  "create api key" : {
    "transaction" : "create api key",
    "sampleCount" : 5,
    "errorCount" : 0,
    "errorPct" : 0.0,
    "meanResTime" : 34.8,
    "medianResTime" : 17.0,
    "minResTime" : 16.0,
    "maxResTime" : 72.0,
    "pct1ResTime" : 72.0,
    "pct2ResTime" : 72.0,
    "pct3ResTime" : 72.0,
    "throughput" : 2.037489812550937,
    "receivedKBytesPerSec" : 1.3518267369600652,
    "sentKBytesPerSec" : 0.5730440097799511
  }
}