{
  "zone activity" : {
    "transaction" : "zone activity",
    "sampleCount" : 5,
    "errorCount" : 0,
    "errorPct" : 0.0,
    "meanResTime" : 48.6,
    "medianResTime" : 26.0,
    "minResTime" : 23.0,
    "maxResTime" : 86.0,
    "pct1ResTime" : 86.0,
    "pct2ResTime" : 86.0,
    "pct3ResTime" : 86.0,
    "throughput" : 2.3452157598499066,
    "receivedKBytesPerSec" : 34.09632240853659,
    "sentKBytesPerSec" : 0.7626531719043151
  },
  "Total" : {
    "transaction" : "Total",
    "sampleCount" : 15,
    "errorCount" : 0,
    "errorPct" : 0.0,
    "meanResTime" : 136.13333333333338,
    "medianResTime" : 32.0,
    "minResTime" : 17.0,
    "maxResTime" : 1197.0,
    "pct1ResTime" : 668.4000000000003,
    "pct2ResTime" : 1197.0,
    "pct3ResTime" : 1197.0,
    "throughput" : 3.77453447408153,
    "receivedKBytesPerSec" : 20.1124201843231,
    "sentKBytesPerSec" : 1.0763320961248113
  },
  "login" : {
    "transaction" : "login",
    "sampleCount" : 5,
    "errorCount" : 0,
    "errorPct" : 0.0,
    "meanResTime" : 336.8,
    "medianResTime" : 67.0,
    "minResTime" : 48.0,
    "maxResTime" : 1197.0,
    "pct1ResTime" : 1197.0,
    "pct2ResTime" : 1197.0,
    "pct3ResTime" : 1197.0,
    "throughput" : 1.2729124236252547,
    "receivedKBytesPerSec" : 0.9969489880346233,
    "sentKBytesPerSec" : 0.31698502736761713
  },
  "create api key" : {
    "transaction" : "create api key",
    "sampleCount" : 5,
    "errorCount" : 0,
    "errorPct" : 0.0,
    "meanResTime" : 23.0,
    "medianResTime" : 18.0,
    "minResTime" : 17.0,
    "maxResTime" : 32.0,
    "pct1ResTime" : 32.0,
    "pct2ResTime" : 32.0,
    "pct3ResTime" : 32.0,
    "throughput" : 2.321262766945218,
    "receivedKBytesPerSec" : 1.540103441272052,
    "sentKBytesPerSec" : 0.6528551532033426
  }
}