{
  "zone activity" : {
    "transaction" : "zone activity",
    "sampleCount" : 5,
    "errorCount" : 0,
    "errorPct" : 0.0,
    "meanResTime" : 167.6,
    "medianResTime" : 172.0,
    "minResTime" : 144.0,
    "maxResTime" : 190.0,
    "pct1ResTime" : 190.0,
    "pct2ResTime" : 190.0,
    "pct3ResTime" : 190.0,
    "throughput" : 2.400384061449832,
    "receivedKBytesPerSec" : 668.0221960513682,
    "sentKBytesPerSec" : 0.7829377700432069
  },
  "Total" : {
    "transaction" : "Total",
    "sampleCount" : 15,
    "errorCount" : 0,
    "errorPct" : 0.0,
    "meanResTime" : 227.26666666666668,
    "medianResTime" : 111.0,
    "minResTime" : 30.0,
    "maxResTime" : 1450.0,
    "pct1ResTime" : 904.0000000000003,
    "pct2ResTime" : 1450.0,
    "pct3ResTime" : 1450.0,
    "throughput" : 3.5859431030360986,
    "receivedKBytesPerSec" : 334.38312440234284,
    "sentKBytesPerSec" : 1.0237213871623236
  },
  "login" : {
    "transaction" : "login",
    "sampleCount" : 5,
    "errorCount" : 0,
    "errorPct" : 0.0,
    "meanResTime" : 455.6,
    "medianResTime" : 111.0,
    "minResTime" : 86.0,
    "maxResTime" : 1450.0,
    "pct1ResTime" : 1450.0,
    "pct2ResTime" : 1450.0,
    "pct3ResTime" : 1450.0,
    "throughput" : 1.25,
    "receivedKBytesPerSec" : 0.97900390625,
    "sentKBytesPerSec" : 0.311279296875
  },
  "create api key" : {
    "transaction" : "create api key",
    "sampleCount" : 5,
    "errorCount" : 0,
    "errorPct" : 0.0,
    "meanResTime" : 58.6,
    "medianResTime" : 72.0,
    "minResTime" : 30.0,
    "maxResTime" : 81.0,
    "pct1ResTime" : 81.0,
    "pct2ResTime" : 81.0,
    "pct3ResTime" : 81.0,
    "throughput" : 2.4752475247524752,
    "receivedKBytesPerSec" : 1.6427521658415842,
    "sentKBytesPerSec" : 0.6961633663366337
  }
}