{
  "zone activity" : {
    "transaction" : "zone activity",
    "sampleCount" : 5,
    "errorCount" : 0,
    "errorPct" : 0.0,
    "meanResTime" : 303.4,
    "medianResTime" : 231.0,
    "minResTime" : 214.0,
    "maxResTime" : 437.0,
    "pct1ResTime" : 437.0,
    "pct2ResTime" : 437.0,
    "pct3ResTime" : 437.0,
    "throughput" : 2.0764119601328903,
    "receivedKBytesPerSec" : 577.5061319040698,
    "sentKBytesPerSec" : 0.6772671823089701
  },
  "Total" : {
    "transaction" : "Total",
    "sampleCount" : 15,
    "errorCount" : 0,
    "errorPct" : 0.0,
    "meanResTime" : 250.86666666666665,
    "medianResTime" : 149.0,
    "minResTime" : 47.0,
    "maxResTime" : 1209.0,
    "pct1ResTime" : 745.8000000000003,
    "pct2ResTime" : 1209.0,
    "pct3ResTime" : 1209.0,
    "throughput" : 3.484320557491289,
    "receivedKBytesPerSec" : 324.70873257839725,
    "sentKBytesPerSec" : 0.9947100029036006
  },
  "login" : {
    "transaction" : "login",
    "sampleCount" : 5,
    "errorCount" : 0,
    "errorPct" : 0.0,
    "meanResTime" : 388.4,
    "medianResTime" : 149.0,
    "minResTime" : 137.0,
    "maxResTime" : 1209.0,
    "pct1ResTime" : 1209.0,
    "pct2ResTime" : 1209.0,
    "pct3ResTime" : 1209.0,
    "throughput" : 1.2370113805047005,
    "receivedKBytesPerSec" : 0.9688311788718457,
    "sentKBytesPerSec" : 0.30804482619990103
  },
  "create api key" : {
    "transaction" : "create api key",
    "sampleCount" : 5,
    "errorCount" : 0,
    "errorPct" : 0.0,
    "meanResTime" : 60.8,
    "medianResTime" : 52.0,
    "minResTime" : 47.0,
    "maxResTime" : 81.0,
    "pct1ResTime" : 81.0,
    "pct2ResTime" : 81.0,
    "pct3ResTime" : 81.0,
    "throughput" : 2.189141856392294,
    "receivedKBytesPerSec" : 1.453727014010508,
    "sentKBytesPerSec" : 0.6156961471103328
  }
}