{
  "zone activity" : {
    "transaction" : "zone activity",
    "sampleCount" : 10,
    "errorCount" : 0,
    "errorPct" : 0.0,
    "meanResTime" : 22.2,
    "medianResTime" : 22.5,
    "minResTime" : 20.0,
    "maxResTime" : 24.0,
    "pct1ResTime" : 24.0,
    "pct2ResTime" : 24.0,
    "pct3ResTime" : 24.0,
    "throughput" : 1.3395847287340923,
    "receivedKBytesPerSec" : 20.900530601138648,
    "sentKBytesPerSec" : 0.4356266744809109
  },
  "Total" : {
    "transaction" : "Total",
    "sampleCount" : 30,
    "errorCount" : 0,
    "errorPct" : 0.0,
    "meanResTime" : 56.06666666666667,
    "medianResTime" : 22.5,
    "minResTime" : 14.0,
    "maxResTime" : 893.0,
    "pct1ResTime" : 45.900000000000006,
    "pct2ResTime" : 434.2999999999994,
    "pct3ResTime" : 893.0,
    "throughput" : 3.335186214563646,
    "receivedKBytesPerSec" : 21.211545476653697,
    "sentKBytesPerSec" : 0.9521348665925515
  },
  "login" : {
    "transaction" : "login",
    "sampleCount" : 10,
    "errorCount" : 0,
    "errorPct" : 0.0,
    "meanResTime" : 129.7,
    "medianResTime" : 44.0,
    "minResTime" : 40.0,
    "maxResTime" : 893.0,
    "pct1ResTime" : 809.6000000000003,
    "pct2ResTime" : 893.0,
    "pct3ResTime" : 893.0,
    "throughput" : 1.1169440411035407,
    "receivedKBytesPerSec" : 2.0091903551882053,
    "sentKBytesPerSec" : 0.2792360102758852
  },
  "create api key" : {
    "transaction" : "create api key",
    "sampleCount" : 10,
    "errorCount" : 0,
    "errorPct" : 0.0,
    "meanResTime" : 16.3,
    "medianResTime" : 16.0,
    "minResTime" : 14.0,
    "maxResTime" : 18.0,
    "pct1ResTime" : 18.0,
    "pct2ResTime" : 18.0,
    "pct3ResTime" : 18.0,
    "throughput" : 1.3377926421404682,
    "receivedKBytesPerSec" : 2.2457671404682276,
    "sentKBytesPerSec" : 0.3762541806020067
  }
}