{
  "zone activity" : {
    "transaction" : "zone activity",
    "sampleCount" : 5,
    "errorCount" : 0,
    "errorPct" : 0.0,
    "meanResTime" : 568.0,
    "medianResTime" : 298.0,
    "minResTime" : 79.0,
    "maxResTime" : 1197.0,
    "pct1ResTime" : 1197.0,
    "pct2ResTime" : 1197.0,
    "pct3ResTime" : 1197.0,
    "throughput" : 1.688048615800135,
    "receivedKBytesPerSec" : 469.7242546210331,
    "sentKBytesPerSec" : 0.5505939821066846
  },
  "Total" : {
    "transaction" : "Total",
    "sampleCount" : 15,
    "errorCount" : 0,
    "errorPct" : 0.0,
    "meanResTime" : 240.2666666666667,
    "medianResTime" : 52.0,
    "minResTime" : 14.0,
    "maxResTime" : 1197.0,
    "pct1ResTime" : 1190.4,
    "pct2ResTime" : 1197.0,
    "pct3ResTime" : 1197.0,
    "throughput" : 3.7018756169792697,
    "receivedKBytesPerSec" : 345.1526638079961,
    "sentKBytesPerSec" : 1.0568180065399804
  },
  "login" : {
    "transaction" : "login",
    "sampleCount" : 5,
    "errorCount" : 0,
    "errorPct" : 0.0,
    "meanResTime" : 127.0,
    "medianResTime" : 52.0,
    "minResTime" : 39.0,
    "maxResTime" : 432.0,
    "pct1ResTime" : 432.0,
    "pct2ResTime" : 432.0,
    "pct3ResTime" : 432.0,
    "throughput" : 1.2648621300278269,
    "receivedKBytesPerSec" : 0.9906439729319505,
    "sentKBytesPerSec" : 0.31498031558310147
  },
  "create api key" : {
    "transaction" : "create api key",
    "sampleCount" : 5,
    "errorCount" : 0,
    "errorPct" : 0.0,
    "meanResTime" : 25.8,
    "medianResTime" : 17.0,
    "minResTime" : 14.0,
    "maxResTime" : 42.0,
    "pct1ResTime" : 42.0,
    "pct2ResTime" : 42.0,
    "pct3ResTime" : 42.0,
    "throughput" : 1.7024174327545114,
    "receivedKBytesPerSec" : 1.130179073033708,
    "sentKBytesPerSec" : 0.47880490296220635
  }
}