{
  "zone activity" : {
    "transaction" : "zone activity",
    "sampleCount" : 5,
    "errorCount" : 0,
    "errorPct" : 0.0,
    "meanResTime" : 80.0,
    "medianResTime" : 75.0,
    "minResTime" : 74.0,
    "maxResTime" : 89.0,
    "pct1ResTime" : 89.0,
    "pct2ResTime" : 89.0,
    "pct3ResTime" : 89.0,
    "throughput" : 1.890359168241966,
    "receivedKBytesPerSec" : 526.1670752599243,
    "sentKBytesPerSec" : 0.6165819943289225
  },
  "Total" : {
    "transaction" : "Total",
    "sampleCount" : 15,
    "errorCount" : 0,
    "errorPct" : 0.0,
    "meanResTime" : 89.73333333333333,
    "medianResTime" : 57.0,
    "minResTime" : 16.0,
    "maxResTime" : 595.0,
    "pct1ResTime" : 291.4000000000002,
    "pct2ResTime" : 595.0,
    "pct3ResTime" : 595.0,
    "throughput" : 3.8739669421487606,
    "receivedKBytesPerSec" : 361.29785963326447,
    "sentKBytesPerSec" : 1.1059469427944215
  },
  "login" : {
    "transaction" : "login",
    "sampleCount" : 5,
    "errorCount" : 0,
    "errorPct" : 0.0,
    "meanResTime" : 163.6,
    "medianResTime" : 57.0,
    "minResTime" : 48.0,
    "maxResTime" : 595.0,
    "pct1ResTime" : 595.0,
    "pct2ResTime" : 595.0,
    "pct3ResTime" : 595.0,
    "throughput" : 1.3227513227513228,
    "receivedKBytesPerSec" : 1.0359829695767195,
    "sentKBytesPerSec" : 0.3293960813492064
  },
  "create api key" : {
    "transaction" : "create api key",
    "sampleCount" : 5,
    "errorCount" : 0,
    "errorPct" : 0.0,
    "meanResTime" : 25.6,
    "medianResTime" : 17.0,
    "minResTime" : 16.0,
    "maxResTime" : 42.0,
    "pct1ResTime" : 42.0,
    "pct2ResTime" : 42.0,
    "pct3ResTime" : 42.0,
    "throughput" : 1.9076688286913392,
    "receivedKBytesPerSec" : 1.265693556848531,
    "sentKBytesPerSec" : 0.5365318580694391
  }
}