{
  "zone activity" : {
    "transaction" : "zone activity",
    "sampleCount" : 10,
    "errorCount" : 0,
    "errorPct" : 0.0,
    "meanResTime" : 21.800000000000004,
    "medianResTime" : 21.0,
    "minResTime" : 21.0,
    "maxResTime" : 25.0,
    "pct1ResTime" : 25.0,
    "pct2ResTime" : 25.0,
    "pct3ResTime" : 25.0,
    "throughput" : 1.2690355329949237,
    "receivedKBytesPerSec" : 19.904277046319798,
    "sentKBytesPerSec" : 0.41268440672588835
  },
  "Total" : {
    "transaction" : "Total",
    "sampleCount" : 30,
    "errorCount" : 0,
    "errorPct" : 0.0,
    "meanResTime" : 42.800000000000004,
    "medianResTime" : 21.0,
    "minResTime" : 14.0,
    "maxResTime" : 494.0,
    "pct1ResTime" : 45.7,
    "pct2ResTime" : 254.1999999999997,
    "pct3ResTime" : 494.0,
    "throughput" : 3.334815473543797,
    "receivedKBytesPerSec" : 21.48546055191196,
    "sentKBytesPerSec" : 0.9520290267896843
  },
  "login" : {
    "transaction" : "login",
    "sampleCount" : 10,
    "errorCount" : 0,
    "errorPct" : 0.0,
    "meanResTime" : 88.19999999999999,
    "medianResTime" : 41.5,
    "minResTime" : 39.0,
    "maxResTime" : 494.0,
    "pct1ResTime" : 450.40000000000015,
    "pct2ResTime" : 494.0,
    "pct3ResTime" : 494.0,
    "throughput" : 1.1165698972755693,
    "receivedKBytesPerSec" : 2.10120135942385,
    "sentKBytesPerSec" : 0.2791424743188924
  },
  "create api key" : {
    "transaction" : "create api key",
    "sampleCount" : 10,
    "errorCount" : 0,
    "errorPct" : 0.0,
    "meanResTime" : 18.400000000000002,
    "medianResTime" : 15.0,
    "minResTime" : 14.0,
    "maxResTime" : 33.0,
    "pct1ResTime" : 32.9,
    "pct2ResTime" : 33.0,
    "pct3ResTime" : 33.0,
    "throughput" : 1.2650221378874131,
    "receivedKBytesPerSec" : 2.228860294117647,
    "sentKBytesPerSec" : 0.3557874762808349
  }
}