{
  "zone activity" : {
    "transaction" : "zone activity",
    "sampleCount" : 5,
    "errorCount" : 0,
    "errorPct" : 0.0,
    "meanResTime" : 81.0,
    "medianResTime" : 73.0,
    "minResTime" : 67.0,
    "maxResTime" : 97.0,
    "pct1ResTime" : 97.0,
    "pct2ResTime" : 97.0,
    "pct3ResTime" : 97.0,
    "throughput" : 2.025111381125962,
    "receivedKBytesPerSec" : 563.6612748076144,
    "sentKBytesPerSec" : 0.6605343762656947
  },
  "Total" : {
    "transaction" : "Total",
    "sampleCount" : 15,
    "errorCount" : 0,
    "errorPct" : 0.0,
    "meanResTime" : 113.59999999999998,
    "medianResTime" : 63.0,
    "minResTime" : 18.0,
    "maxResTime" : 920.0,
    "pct1ResTime" : 426.2000000000003,
    "pct2ResTime" : 920.0,
    "pct3ResTime" : 920.0,
    "throughput" : 3.7037037037037037,
    "receivedKBytesPerSec" : 345.41136188271605,
    "sentKBytesPerSec" : 1.0573398919753088
  },
  "login" : {
    "transaction" : "login",
    "sampleCount" : 5,
    "errorCount" : 0,
    "errorPct" : 0.0,
    "meanResTime" : 222.4,
    "medianResTime" : 46.0,
    "minResTime" : 44.0,
    "maxResTime" : 920.0,
    "pct1ResTime" : 920.0,
    "pct2ResTime" : 920.0,
    "pct3ResTime" : 920.0,
    "throughput" : 1.2639029322548028,
    "receivedKBytesPerSec" : 0.9898927262386249,
    "sentKBytesPerSec" : 0.31474145285642063
  },
  "create api key" : {
    "transaction" : "create api key",
    "sampleCount" : 5,
    "errorCount" : 0,
    "errorPct" : 0.0,
    "meanResTime" : 37.4,
    "medianResTime" : 24.0,
    "minResTime" : 18.0,
    "maxResTime" : 63.0,
    "pct1ResTime" : 63.0,
    "pct2ResTime" : 63.0,
    "pct3ResTime" : 63.0,
    "throughput" : 2.0218358269308534,
    "receivedKBytesPerSec" : 1.3426253538212698,
    "sentKBytesPerSec" : 0.5686413263243025
  }
}