{
  "zone activity" : {
    "transaction" : "zone activity",
    "sampleCount" : 5,
    "errorCount" : 0,
    "errorPct" : 0.0,
    "meanResTime" : 155.2,
    "medianResTime" : 153.0,
    "minResTime" : 145.0,
    "maxResTime" : 165.0,
    "pct1ResTime" : 165.0,
    "pct2ResTime" : 165.0,
    "pct3ResTime" : 165.0,
    "throughput" : 2.0764119601328903,
    "receivedKBytesPerSec" : 577.9404751090117,
    "sentKBytesPerSec" : 0.6772671823089701
  },
  "Total" : {
    "transaction" : "Total",
    "sampleCount" : 15,
    "errorCount" : 0,
    "errorPct" : 0.0,
    "meanResTime" : 169.79999999999998,
    "medianResTime" : 101.0,
    "minResTime" : 29.0,
    "maxResTime" : 1094.0,
    "pct1ResTime" : 545.6000000000004,
    "pct2ResTime" : 1094.0,
    "pct3ResTime" : 1094.0,
    "throughput" : 3.579952267303103,
    "receivedKBytesPerSec" : 333.8697046539379,
    "sentKBytesPerSec" : 1.0220111127684963
  },
  "login" : {
    "transaction" : "login",
    "sampleCount" : 5,
    "errorCount" : 0,
    "errorPct" : 0.0,
    "meanResTime" : 311.6,
    "medianResTime" : 101.0,
    "minResTime" : 90.0,
    "maxResTime" : 1094.0,
    "pct1ResTime" : 1094.0,
    "pct2ResTime" : 1094.0,
    "pct3ResTime" : 1094.0,
    "throughput" : 1.2484394506866416,
    "receivedKBytesPerSec" : 0.9777816791510612,
    "sentKBytesPerSec" : 0.3108906835205993
  },
  "create api key" : {
    "transaction" : "create api key",
    "sampleCount" : 5,
    "errorCount" : 0,
    "errorPct" : 0.0,
    "meanResTime" : 42.6,
    "medianResTime" : 31.0,
    "minResTime" : 29.0,
    "maxResTime" : 62.0,
    "pct1ResTime" : 62.0,
    "pct2ResTime" : 62.0,
    "pct3ResTime" : 62.0,
    "throughput" : 2.145002145002145,
    "receivedKBytesPerSec" : 1.4231586497211497,
    "sentKBytesPerSec" : 0.6032818532818532
  }
}