{
  "zone activity" : {
    "transaction" : "zone activity",
    "sampleCount" : 5,
    "errorCount" : 0,
    "errorPct" : 0.0,
    "meanResTime" : 728.8,
    "medianResTime" : 970.0,
    "minResTime" : 141.0,
    "maxResTime" : 1178.0,
    "pct1ResTime" : 1178.0,
    "pct2ResTime" : 1178.0,
    "pct3ResTime" : 1178.0,
    "throughput" : 2.1079258010118043,
    "receivedKBytesPerSec" : 586.2042843591906,
    "sentKBytesPerSec" : 0.6875461108768972
  },
  "Total" : {
    "transaction" : "Total",
    "sampleCount" : 15,
    "errorCount" : 0,
    "errorPct" : 0.0,
    "meanResTime" : 365.0666666666667,
    "medianResTime" : 107.0,
    "minResTime" : 32.0,
    "maxResTime" : 1178.0,
    "pct1ResTime" : 1175.6,
    "pct2ResTime" : 1178.0,
    "pct3ResTime" : 1178.0,
    "throughput" : 3.707365299060801,
    "receivedKBytesPerSec" : 345.45500185368263,
    "sentKBytesPerSec" : 1.0583852107019278
  },
  "login" : {
    "transaction" : "login",
    "sampleCount" : 5,
    "errorCount" : 0,
    "errorPct" : 0.0,
    "meanResTime" : 331.6,
    "medianResTime" : 107.0,
    "minResTime" : 90.0,
    "maxResTime" : 1049.0,
    "pct1ResTime" : 1049.0,
    "pct2ResTime" : 1049.0,
    "pct3ResTime" : 1049.0,
    "throughput" : 1.3061650992685476,
    "receivedKBytesPerSec" : 1.0229925875130617,
    "sentKBytesPerSec" : 0.32526572296238243
  },
  "create api key" : {
    "transaction" : "create api key",
    "sampleCount" : 5,
    "errorCount" : 0,
    "errorPct" : 0.0,
    "meanResTime" : 34.8,
    "medianResTime" : 34.0,
    "minResTime" : 32.0,
    "maxResTime" : 39.0,
    "pct1ResTime" : 39.0,
    "pct2ResTime" : 39.0,
    "pct3ResTime" : 39.0,
    "throughput" : 2.229157378510923,
    "receivedKBytesPerSec" : 1.479429057066429,
    "sentKBytesPerSec" : 0.6269505127061971
  }
}