{
  "zone activity" : {
    "transaction" : "zone activity",
    "sampleCount" : 5,
    "errorCount" : 0,
    "errorPct" : 0.0,
    "meanResTime" : 641.4,
    "medianResTime" : 954.0,
    "minResTime" : 77.0,
    "maxResTime" : 957.0,
    "pct1ResTime" : 957.0,
    "pct2ResTime" : 957.0,
    "pct3ResTime" : 957.0,
    "throughput" : 2.8312570781426953,
    "receivedKBytesPerSec" : 788.1345997310306,
    "sentKBytesPerSec" : 0.9234764297848245
  },
  "Total" : {
    "transaction" : "Total",
    "sampleCount" : 15,
    "errorCount" : 0,
    "errorPct" : 0.0,
    "meanResTime" : 379.5333333333333,
    "medianResTime" : 66.0,
    "minResTime" : 18.0,
    "maxResTime" : 1508.0,
    "pct1ResTime" : 1177.4,
    "pct2ResTime" : 1508.0,
    "pct3ResTime" : 1508.0,
    "throughput" : 3.7481259370314843,
    "receivedKBytesPerSec" : 349.5952219202899,
    "sentKBytesPerSec" : 1.070021629810095
  },
  "login" : {
    "transaction" : "login",
    "sampleCount" : 5,
    "errorCount" : 0,
    "errorPct" : 0.0,
    "meanResTime" : 466.8,
    "medianResTime" : 66.0,
    "minResTime" : 52.0,
    "maxResTime" : 1508.0,
    "pct1ResTime" : 1508.0,
    "pct2ResTime" : 1508.0,
    "pct3ResTime" : 1508.0,
    "throughput" : 1.2804097311139564,
    "receivedKBytesPerSec" : 1.0028209026888606,
    "sentKBytesPerSec" : 0.31885203265044815
  },
  "create api key" : {
    "transaction" : "create api key",
    "sampleCount" : 5,
    "errorCount" : 0,
    "errorPct" : 0.0,
    "meanResTime" : 30.4,
    "medianResTime" : 38.0,
    "minResTime" : 18.0,
    "maxResTime" : 39.0,
    "pct1ResTime" : 39.0,
    "pct2ResTime" : 39.0,
    "pct3ResTime" : 39.0,
    "throughput" : 2.868617326448652,
    "receivedKBytesPerSec" : 1.9038206397016637,
    "sentKBytesPerSec" : 0.8067986230636832
  }
}