{
  "zone activity" : {
    "transaction" : "zone activity",
    "sampleCount" : 5,
    "errorCount" : 0,
    "errorPct" : 0.0,
    "meanResTime" : 393.2,
    "medianResTime" : 287.0,
    "minResTime" : 166.0,
    "maxResTime" : 674.0,
    "pct1ResTime" : 674.0,
    "pct2ResTime" : 674.0,
    "pct3ResTime" : 674.0,
    "throughput" : 1.971608832807571,
    "receivedKBytesPerSec" : 548.6290387174685,
    "sentKBytesPerSec" : 0.643083349763407
  },
  "Total" : {
    "transaction" : "Total",
    "sampleCount" : 15,
    "errorCount" : 0,
    "errorPct" : 0.0,
    "meanResTime" : 244.4666666666666,
    "medianResTime" : 137.0,
    "minResTime" : 33.0,
    "maxResTime" : 932.0,
    "pct1ResTime" : 777.2,
    "pct2ResTime" : 932.0,
    "pct3ResTime" : 932.0,
    "throughput" : 3.569728700618753,
    "receivedKBytesPerSec" : 332.8323473197287,
    "sentKBytesPerSec" : 1.0190924708472155
  },
  "login" : {
    "transaction" : "login",
    "sampleCount" : 5,
    "errorCount" : 0,
    "errorPct" : 0.0,
    "meanResTime" : 265.4,
    "medianResTime" : 97.0,
    "minResTime" : 91.0,
    "maxResTime" : 932.0,
    "pct1ResTime" : 932.0,
    "pct2ResTime" : 932.0,
    "pct3ResTime" : 932.0,
    "throughput" : 1.2496875781054737,
    "receivedKBytesPerSec" : 0.9787592164458885,
    "sentKBytesPerSec" : 0.31120149650087475
  },
  "create api key" : {
    "transaction" : "create api key",
    "sampleCount" : 5,
    "errorCount" : 0,
    "errorPct" : 0.0,
    "meanResTime" : 74.8,
    "medianResTime" : 34.0,
    "minResTime" : 33.0,
    "maxResTime" : 137.0,
    "pct1ResTime" : 137.0,
    "pct2ResTime" : 137.0,
    "pct3ResTime" : 137.0,
    "throughput" : 1.9849146486701073,
    "receivedKBytesPerSec" : 1.3188827411671298,
    "sentKBytesPerSec" : 0.5582572449384676
  }
}