{
  "zone activity" : {
    "transaction" : "zone activity",
    "sampleCount" : 5,
    "errorCount" : 0,
    "errorPct" : 0.0,
    "meanResTime" : 438.0,
    "medianResTime" : 446.0,
    "minResTime" : 161.0,
    "maxResTime" : 707.0,
    "pct1ResTime" : 707.0,
    "pct2ResTime" : 707.0,
    "pct3ResTime" : 707.0,
    "throughput" : 2.053388090349076,
    "receivedKBytesPerSec" : 571.140272073922,
    "sentKBytesPerSec" : 0.6697574435318275
  },
  "Total" : {
    "transaction" : "Total",
    "sampleCount" : 15,
    "errorCount" : 0,
    "errorPct" : 0.0,
    "meanResTime" : 264.5333333333333,
    "medianResTime" : 103.0,
    "minResTime" : 34.0,
    "maxResTime" : 1080.0,
    "pct1ResTime" : 856.2000000000002,
    "pct2ResTime" : 1080.0,
    "pct3ResTime" : 1080.0,
    "throughput" : 3.558718861209964,
    "receivedKBytesPerSec" : 331.663793742586,
    "sentKBytesPerSec" : 1.0159493623962041
  },
  "login" : {
    "transaction" : "login",
    "sampleCount" : 5,
    "errorCount" : 0,
    "errorPct" : 0.0,
    "meanResTime" : 310.6,
    "medianResTime" : 103.0,
    "minResTime" : 96.0,
    "maxResTime" : 1080.0,
    "pct1ResTime" : 1080.0,
    "pct2ResTime" : 1080.0,
    "pct3ResTime" : 1080.0,
    "throughput" : 1.2484394506866416,
    "receivedKBytesPerSec" : 0.9777816791510612,
    "sentKBytesPerSec" : 0.3108906835205993
  },
  "create api key" : {
    "transaction" : "create api key",
    "sampleCount" : 5,
    "errorCount" : 0,
    "errorPct" : 0.0,
    "meanResTime" : 45.0,
    "medianResTime" : 35.0,
    "minResTime" : 34.0,
    "maxResTime" : 61.0,
    "pct1ResTime" : 61.0,
    "pct2ResTime" : 61.0,
    "pct3ResTime" : 61.0,
    "throughput" : 2.1376656690893547,
    "receivedKBytesPerSec" : 1.4195436083796495,
    "sentKBytesPerSec" : 0.6012184694313809
  }
}