{
  "zone activity" : {
    "transaction" : "zone activity",
    "sampleCount" : 5,
    "errorCount" : 0,
    "errorPct" : 0.0,
    "meanResTime" : 322.4,
    "medianResTime" : 314.0,
    "minResTime" : 310.0,
    "maxResTime" : 339.0,
    "pct1ResTime" : 339.0,
    "pct2ResTime" : 339.0,
    "pct3ResTime" : 339.0,
    "throughput" : 1.9319938176197837,
    "receivedKBytesPerSec" : 537.3467234592349,
    "sentKBytesPerSec" : 0.6301620459814529
  },
  "Total" : {
    "transaction" : "Total",
    "sampleCount" : 15,
    "errorCount" : 0,
    "errorPct" : 0.0,
    "meanResTime" : 271.6,
    "medianResTime" : 195.0,
    "minResTime" : 66.0,
    "maxResTime" : 1231.0,
    "pct1ResTime" : 695.8000000000003,
    "pct2ResTime" : 1231.0,
    "pct3ResTime" : 1231.0,
    "throughput" : 3.3467202141900936,
    "receivedKBytesPerSec" : 311.88970290885766,
    "sentKBytesPerSec" : 0.9554276132307006
  },
  "login" : {
    "transaction" : "login",
    "sampleCount" : 5,
    "errorCount" : 0,
    "errorPct" : 0.0,
    "meanResTime" : 424.8,
    "medianResTime" : 195.0,
    "minResTime" : 190.0,
    "maxResTime" : 1231.0,
    "pct1ResTime" : 1231.0,
    "pct2ResTime" : 1231.0,
    "pct3ResTime" : 1231.0,
    "throughput" : 1.2189176011701608,
    "receivedKBytesPerSec" : 0.9546600743539736,
    "sentKBytesPerSec" : 0.30353905107264745
  },
  "create api key" : {
    "transaction" : "create api key",
    "sampleCount" : 5,
    "errorCount" : 0,
    "errorPct" : 0.0,
    "meanResTime" : 67.6,
    "medianResTime" : 67.0,
    "minResTime" : 66.0,
    "maxResTime" : 70.0,
    "pct1ResTime" : 70.0,
    "pct2ResTime" : 70.0,
    "pct3ResTime" : 70.0,
    "throughput" : 2.1186440677966103,
    "receivedKBytesPerSec" : 1.4069120762711864,
    "sentKBytesPerSec" : 0.5958686440677966
  }
}