{
  "zone activity" : {
    "transaction" : "zone activity",
    "sampleCount" : 5,
    "errorCount" : 0,
    "errorPct" : 0.0,
    "meanResTime" : 187.4,
    "medianResTime" : 204.0,
    "minResTime" : 155.0,
    "maxResTime" : 208.0,
    "pct1ResTime" : 208.0,
    "pct2ResTime" : 208.0,
    "pct3ResTime" : 208.0,
    "throughput" : 2.925687536571094,
    "receivedKBytesPerSec" : 814.0411287668227,
    "sentKBytesPerSec" : 0.9542769894675248
  },
  "Total" : {
    "transaction" : "Total",
    "sampleCount" : 15,
    "errorCount" : 0,
    "errorPct" : 0.0,
    "meanResTime" : 274.2666666666667,
    "medianResTime" : 107.0,
    "minResTime" : 27.0,
    "maxResTime" : 1772.0,
    "pct1ResTime" : 1259.6000000000004,
    "pct2ResTime" : 1772.0,
    "pct3ResTime" : 1772.0,
    "throughput" : 3.6390101892285296,
    "receivedKBytesPerSec" : 339.2602290302038,
    "sentKBytesPerSec" : 1.038871072901504
  },
  "login" : {
    "transaction" : "login",
    "sampleCount" : 5,
    "errorCount" : 0,
    "errorPct" : 0.0,
    "meanResTime" : 593.2,
    "medianResTime" : 107.0,
    "minResTime" : 84.0,
    "maxResTime" : 1772.0,
    "pct1ResTime" : 1772.0,
    "pct2ResTime" : 1772.0,
    "pct3ResTime" : 1772.0,
    "throughput" : 1.27000254000508,
    "receivedKBytesPerSec" : 0.9946699580899162,
    "sentKBytesPerSec" : 0.3162603981457963
  },
  "create api key" : {
    "transaction" : "create api key",
    "sampleCount" : 5,
    "errorCount" : 0,
    "errorPct" : 0.0,
    "meanResTime" : 42.2,
    "medianResTime" : 41.0,
    "minResTime" : 27.0,
    "maxResTime" : 58.0,
    "pct1ResTime" : 58.0,
    "pct2ResTime" : 58.0,
    "pct3ResTime" : 58.0,
    "throughput" : 3.105590062111801,
    "receivedKBytesPerSec" : 2.0610927795031055,
    "sentKBytesPerSec" : 0.873447204968944
  }
}