{
  "zone activity" : {
    "transaction" : "zone activity",
    "sampleCount" : 5,
    "errorCount" : 0,
    "errorPct" : 0.0,
    "meanResTime" : 191.2,
    "medianResTime" : 176.0,
    "minResTime" : 154.0,
    "maxResTime" : 235.0,
    "pct1ResTime" : 235.0,
    "pct2ResTime" : 235.0,
    "pct3ResTime" : 235.0,
    "throughput" : 1.6345210853220007,
    "receivedKBytesPerSec" : 454.7703753269042,
    "sentKBytesPerSec" : 0.533134807126512
  },
  "Total" : {
    "transaction" : "Total",
    "sampleCount" : 15,
    "errorCount" : 0,
    "errorPct" : 0.0,
    "meanResTime" : 135.26666666666665,
    "medianResTime" : 92.0,
    "minResTime" : 28.0,
    "maxResTime" : 525.0,
    "pct1ResTime" : 351.0000000000001,
    "pct2ResTime" : 525.0,
    "pct3ResTime" : 525.0,
    "throughput" : 3.5808068751492,
    "receivedKBytesPerSec" : 333.8209540612318,
    "sentKBytesPerSec" : 1.0222550877297685
  },
  "login" : {
    "transaction" : "login",
    "sampleCount" : 5,
    "errorCount" : 0,
    "errorPct" : 0.0,
    "meanResTime" : 179.6,
    "medianResTime" : 92.0,
    "minResTime" : 83.0,
    "maxResTime" : 525.0,
    "pct1ResTime" : 525.0,
    "pct2ResTime" : 525.0,
    "pct3ResTime" : 525.0,
    "throughput" : 1.2484394506866416,
    "receivedKBytesPerSec" : 0.9777816791510612,
    "sentKBytesPerSec" : 0.3108906835205993
  },
  "create api key" : {
    "transaction" : "create api key",
    "sampleCount" : 5,
    "errorCount" : 0,
    "errorPct" : 0.0,
    "meanResTime" : 35.0,
    "medianResTime" : 30.0,
    "minResTime" : 28.0,
    "maxResTime" : 44.0,
    "pct1ResTime" : 44.0,
    "pct2ResTime" : 44.0,
    "pct3ResTime" : 44.0,
    "throughput" : 1.6863406408094435,
    "receivedKBytesPerSec" : 1.1188474915682969,
    "sentKBytesPerSec" : 0.474283305227656
  }
}