{
  "zone activity" : {
    "transaction" : "zone activity",
    "sampleCount" : 5,
    "errorCount" : 0,
    "errorPct" : 0.0,
    "meanResTime" : 177.4,
    "medianResTime" : 159.0,
    "minResTime" : 156.0,
    "maxResTime" : 211.0,
    "pct1ResTime" : 211.0,
    "pct2ResTime" : 211.0,
    "pct3ResTime" : 211.0,
    "throughput" : 1.75377060680463,
    "receivedKBytesPerSec" : 487.9380316117152,
    "sentKBytesPerSec" : 0.5720306471413539
  },
  "Total" : {
    "transaction" : "Total",
    "sampleCount" : 15,
    "errorCount" : 0,
    "errorPct" : 0.0,
    "meanResTime" : 135.2,
    "medianResTime" : 94.0,
    "minResTime" : 31.0,
    "maxResTime" : 565.0,
    "pct1ResTime" : 352.60000000000014,
    "pct2ResTime" : 565.0,
    "pct3ResTime" : 565.0,
    "throughput" : 3.6701737215561536,
    "receivedKBytesPerSec" : 342.1445379404209,
    "sentKBytesPerSec" : 1.047767693295816
  },
  "login" : {
    "transaction" : "login",
    "sampleCount" : 5,
    "errorCount" : 0,
    "errorPct" : 0.0,
    "meanResTime" : 189.4,
    "medianResTime" : 94.0,
    "minResTime" : 89.0,
    "maxResTime" : 565.0,
    "pct1ResTime" : 565.0,
    "pct2ResTime" : 565.0,
    "pct3ResTime" : 565.0,
    "throughput" : 1.2843565373747752,
    "receivedKBytesPerSec" : 1.0059120536861033,
    "sentKBytesPerSec" : 0.3198348799126638
  },
  "create api key" : {
    "transaction" : "create api key",
    "sampleCount" : 5,
    "errorCount" : 0,
    "errorPct" : 0.0,
    "meanResTime" : 38.8,
    "medianResTime" : 33.0,
    "minResTime" : 31.0,
    "maxResTime" : 52.0,
    "pct1ResTime" : 52.0,
    "pct2ResTime" : 52.0,
    "pct3ResTime" : 52.0,
    "throughput" : 1.816860465116279,
    "receivedKBytesPerSec" : 1.2054443359375,
    "sentKBytesPerSec" : 0.5109920058139535
  }
}