{
  "zone activity" : {
    "transaction" : "zone activity",
    "sampleCount" : 5,
    "errorCount" : 0,
    "errorPct" : 0.0,
    "meanResTime" : 918.8,
    "medianResTime" : 779.0,
    "minResTime" : 166.0,
    "maxResTime" : 1739.0,
    "pct1ResTime" : 1739.0,
    "pct2ResTime" : 1739.0,
    "pct3ResTime" : 1739.0,
    "throughput" : 1.5954052329291641,
    "receivedKBytesPerSec" : 443.77567605296747,
    "sentKBytesPerSec" : 0.5203763162093172
  },
  "Total" : {
    "transaction" : "Total",
    "sampleCount" : 15,
    "errorCount" : 0,
    "errorPct" : 0.0,
    "meanResTime" : 383.5333333333333,
    "medianResTime" : 100.0,
    "minResTime" : 31.0,
    "maxResTime" : 1739.0,
    "pct1ResTime" : 1737.8,
    "pct2ResTime" : 1739.0,
    "pct3ResTime" : 1739.0,
    "throughput" : 3.539405379896177,
    "receivedKBytesPerSec" : 329.87926387741857,
    "sentKBytesPerSec" : 1.0104357155497876
  },
  "login" : {
    "transaction" : "login",
    "sampleCount" : 5,
    "errorCount" : 0,
    "errorPct" : 0.0,
    "meanResTime" : 183.2,
    "medianResTime" : 100.0,
    "minResTime" : 93.0,
    "maxResTime" : 514.0,
    "pct1ResTime" : 514.0,
    "pct2ResTime" : 514.0,
    "pct3ResTime" : 514.0,
    "throughput" : 1.2410027302060065,
    "receivedKBytesPerSec" : 0.9719572164308762,
    "sentKBytesPerSec" : 0.30903876582278483
  },
  "create api key" : {
    "transaction" : "create api key",
    "sampleCount" : 5,
    "errorCount" : 0,
    "errorPct" : 0.0,
    "meanResTime" : 48.6,
    "medianResTime" : 33.0,
    "minResTime" : 31.0,
    "maxResTime" : 80.0,
    "pct1ResTime" : 80.0,
    "pct2ResTime" : 80.0,
    "pct3ResTime" : 80.0,
    "throughput" : 1.6388069485414618,
    "receivedKBytesPerSec" : 1.0879501597836774,
    "sentKBytesPerSec" : 0.4609144542772861
  }
}