{
  "zone activity" : {
    "transaction" : "zone activity",
    "sampleCount" : 5,
    "errorCount" : 0,
    "errorPct" : 0.0,
    "meanResTime" : 115.8,
    "medianResTime" : 94.0,
    "minResTime" : 90.0,
    "maxResTime" : 153.0,
    "pct1ResTime" : 153.0,
    "pct2ResTime" : 153.0,
    "pct3ResTime" : 153.0,
    "throughput" : 2.0226537216828477,
    "receivedKBytesPerSec" : 562.5272584192961,
    "sentKBytesPerSec" : 0.6597327568770227
  },
  "Total" : {
    "transaction" : "Total",
    "sampleCount" : 15,
    "errorCount" : 0,
    "errorPct" : 0.0,
    "meanResTime" : 126.26666666666668,
    "medianResTime" : 58.0,
    "minResTime" : 19.0,
    "maxResTime" : 938.0,
    "pct1ResTime" : 467.0000000000003,
    "pct2ResTime" : 938.0,
    "pct3ResTime" : 938.0,
    "throughput" : 3.682789098944267,
    "receivedKBytesPerSec" : 343.1877512736312,
    "sentKBytesPerSec" : 1.0513691535723053
  },
  "login" : {
    "transaction" : "login",
    "sampleCount" : 5,
    "errorCount" : 0,
    "errorPct" : 0.0,
    "meanResTime" : 234.8,
    "medianResTime" : 58.0,
    "minResTime" : 53.0,
    "maxResTime" : 938.0,
    "pct1ResTime" : 938.0,
    "pct2ResTime" : 938.0,
    "pct3ResTime" : 938.0,
    "throughput" : 1.2639029322548028,
    "receivedKBytesPerSec" : 0.9898927262386249,
    "sentKBytesPerSec" : 0.31474145285642063
  },
  "create api key" : {
    "transaction" : "create api key",
    "sampleCount" : 5,
    "errorCount" : 0,
    "errorPct" : 0.0,
    "meanResTime" : 28.2,
    "medianResTime" : 20.0,
    "minResTime" : 19.0,
    "maxResTime" : 45.0,
    "pct1ResTime" : 45.0,
    "pct2ResTime" : 45.0,
    "pct3ResTime" : 45.0,
    "throughput" : 2.05761316872428,
    "receivedKBytesPerSec" : 1.366383744855967,
    "sentKBytesPerSec" : 0.5787037037037037
  }
}