{
  "zone activity" : {
    "transaction" : "zone activity",
    "sampleCount" : 5,
    "errorCount" : 0,
    "errorPct" : 0.0,
    "meanResTime" : 790.4,
    "medianResTime" : 868.0,
    "minResTime" : 160.0,
    "maxResTime" : 1329.0,
    "pct1ResTime" : 1329.0,
    "pct2ResTime" : 1329.0,
    "pct3ResTime" : 1329.0,
    "throughput" : 1.8375597206909224,
    "receivedKBytesPerSec" : 511.2712037164645,
    "sentKBytesPerSec" : 0.5993602995222345
  },
  "Total" : {
    "transaction" : "Total",
    "sampleCount" : 15,
    "errorCount" : 0,
    "errorPct" : 0.0,
    "meanResTime" : 367.8,
    "medianResTime" : 100.0,
    "minResTime" : 32.0,
    "maxResTime" : 1329.0,
    "pct1ResTime" : 1320.6,
    "pct2ResTime" : 1329.0,
    "pct3ResTime" : 1329.0,
    "throughput" : 3.4706154558074966,
    "receivedKBytesPerSec" : 323.55445251041186,
    "sentKBytesPerSec" : 0.9907974462054604
  },
  "login" : {
    "transaction" : "login",
    "sampleCount" : 5,
    "errorCount" : 0,
    "errorPct" : 0.0,
    "meanResTime" : 269.8,
    "medianResTime" : 100.0,
    "minResTime" : 95.0,
    "maxResTime" : 941.0,
    "pct1ResTime" : 941.0,
    "pct2ResTime" : 941.0,
    "pct3ResTime" : 941.0,
    "throughput" : 1.2493753123438283,
    "receivedKBytesPerSec" : 0.9785146489255373,
    "sentKBytesPerSec" : 0.3111237350074963
  },
  "create api key" : {
    "transaction" : "create api key",
    "sampleCount" : 5,
    "errorCount" : 0,
    "errorPct" : 0.0,
    "meanResTime" : 43.2,
    "medianResTime" : 37.0,
    "minResTime" : 32.0,
    "maxResTime" : 59.0,
    "pct1ResTime" : 59.0,
    "pct2ResTime" : 59.0,
    "pct3ResTime" : 59.0,
    "throughput" : 1.9920318725099602,
    "receivedKBytesPerSec" : 1.3216664591633467,
    "sentKBytesPerSec" : 0.5602589641434264
  }
}