{
  "zone activity" : {
    "transaction" : "zone activity",
    "sampleCount" : 10,
    "errorCount" : 0,
    "errorPct" : 0.0,
    "meanResTime" : 22.7,
    "medianResTime" : 22.0,
    "minResTime" : 21.0,
    "maxResTime" : 25.0,
    "pct1ResTime" : 25.0,
    "pct2ResTime" : 25.0,
    "pct3ResTime" : 25.0,
    "throughput" : 1.3553808620222283,
    "receivedKBytesPerSec" : 21.147118121442126,
    "sentKBytesPerSec" : 0.44076350298183786
  },
  "Total" : {
    "transaction" : "Total",
    "sampleCount" : 30,
    "errorCount" : 0,
    "errorPct" : 0.0,
    "meanResTime" : 59.19999999999998,
    "medianResTime" : 22.0,
    "minResTime" : 14.0,
    "maxResTime" : 979.0,
    "pct1ResTime" : 50.7,
    "pct2ResTime" : 479.04999999999933,
    "pct3ResTime" : 979.0,
    "throughput" : 3.3374123929246857,
    "receivedKBytesPerSec" : 21.2258124513294,
    "sentKBytesPerSec" : 0.9527703999332516
  },
  "login" : {
    "transaction" : "login",
    "sampleCount" : 10,
    "errorCount" : 0,
    "errorPct" : 0.0,
    "meanResTime" : 139.8,
    "medianResTime" : 43.5,
    "minResTime" : 39.0,
    "maxResTime" : 979.0,
    "pct1ResTime" : 888.1000000000004,
    "pct2ResTime" : 979.0,
    "pct3ResTime" : 979.0,
    "throughput" : 1.117193609652553,
    "receivedKBytesPerSec" : 2.0096392861132832,
    "sentKBytesPerSec" : 0.2792984024131382
  },
  "create api key" : {
    "transaction" : "create api key",
    "sampleCount" : 10,
    "errorCount" : 0,
    "errorPct" : 0.0,
    "meanResTime" : 15.100000000000001,
    "medianResTime" : 14.5,
    "minResTime" : 14.0,
    "maxResTime" : 18.0,
    "pct1ResTime" : 17.9,
    "pct2ResTime" : 18.0,
    "pct3ResTime" : 18.0,
    "throughput" : 1.3535462912831617,
    "receivedKBytesPerSec" : 2.2722129635896047,
    "sentKBytesPerSec" : 0.38068489442338926
  }
}