{
  "zone activity" : {
    "transaction" : "zone activity",
    "sampleCount" : 5,
    "errorCount" : 0,
    "errorPct" : 0.0,
    "meanResTime" : 353.2,
    "medianResTime" : 316.0,
    "minResTime" : 295.0,
    "maxResTime" : 429.0,
    "pct1ResTime" : 429.0,
    "pct2ResTime" : 429.0,
    "pct3ResTime" : 429.0,
    "throughput" : 1.996805111821086,
    "receivedKBytesPerSec" : 555.47608201877,
    "sentKBytesPerSec" : 0.6513016673322684
  },
  "Total" : {
    "transaction" : "Total",
    "sampleCount" : 15,
    "errorCount" : 0,
    "errorPct" : 0.0,
    "meanResTime" : 290.2,
    "medianResTime" : 179.0,
    "minResTime" : 58.0,
    "maxResTime" : 1315.0,
    "pct1ResTime" : 783.4000000000003,
    "pct2ResTime" : 1315.0,
    "pct3ResTime" : 1315.0,
    "throughput" : 3.377617653681603,
    "receivedKBytesPerSec" : 314.826729973542,
    "sentKBytesPerSec" : 0.9642482689709525
  },
  "login" : {
    "transaction" : "login",
    "sampleCount" : 5,
    "errorCount" : 0,
    "errorPct" : 0.0,
    "meanResTime" : 450.2,
    "medianResTime" : 179.0,
    "minResTime" : 175.0,
    "maxResTime" : 1315.0,
    "pct1ResTime" : 1315.0,
    "pct2ResTime" : 1315.0,
    "pct3ResTime" : 1315.0,
    "throughput" : 1.2242899118511263,
    "receivedKBytesPerSec" : 0.9588676848677767,
    "sentKBytesPerSec" : 0.3048768823457395
  },
  "create api key" : {
    "transaction" : "create api key",
    "sampleCount" : 5,
    "errorCount" : 0,
    "errorPct" : 0.0,
    "meanResTime" : 67.2,
    "medianResTime" : 60.0,
    "minResTime" : 58.0,
    "maxResTime" : 80.0,
    "pct1ResTime" : 80.0,
    "pct2ResTime" : 80.0,
    "pct3ResTime" : 80.0,
    "throughput" : 2.175805047867711,
    "receivedKBytesPerSec" : 1.4435956538294168,
    "sentKBytesPerSec" : 0.6119451697127937
  }
}