{
  "zone activity" : {
    "transaction" : "zone activity",
    "sampleCount" : 5,
    "errorCount" : 0,
    "errorPct" : 0.0,
    "meanResTime" : 150.0,
    "medianResTime" : 152.0,
    "minResTime" : 145.0,
    "maxResTime" : 153.0,
    "pct1ResTime" : 153.0,
    "pct2ResTime" : 153.0,
    "pct3ResTime" : 153.0,
    "throughput" : 2.204585537918871,
    "receivedKBytesPerSec" : 613.5004168044533,
    "sentKBytesPerSec" : 0.7190737985008819
  },
  "Total" : {
    "transaction" : "Total",
    "sampleCount" : 15,
    "errorCount" : 0,
    "errorPct" : 0.0,
    "meanResTime" : 190.6,
    "medianResTime" : 110.0,
    "minResTime" : 31.0,
    "maxResTime" : 1245.0,
    "pct1ResTime" : 707.4000000000003,
    "pct2ResTime" : 1245.0,
    "pct3ResTime" : 1245.0,
    "throughput" : 3.598848368522073,
    "receivedKBytesPerSec" : 335.56918036228404,
    "sentKBytesPerSec" : 1.0274056052063338
  },
  "login" : {
    "transaction" : "login",
    "sampleCount" : 5,
    "errorCount" : 0,
    "errorPct" : 0.0,
    "meanResTime" : 379.2,
    "medianResTime" : 110.0,
    "minResTime" : 91.0,
    "maxResTime" : 1245.0,
    "pct1ResTime" : 1245.0,
    "pct2ResTime" : 1245.0,
    "pct3ResTime" : 1245.0,
    "throughput" : 1.2543903662819869,
    "receivedKBytesPerSec" : 0.9824424548419468,
    "sentKBytesPerSec" : 0.31237260097842445
  },
  "create api key" : {
    "transaction" : "create api key",
    "sampleCount" : 5,
    "errorCount" : 0,
    "errorPct" : 0.0,
    "meanResTime" : 42.6,
    "medianResTime" : 33.0,
    "minResTime" : 31.0,
    "maxResTime" : 59.0,
    "pct1ResTime" : 59.0,
    "pct2ResTime" : 59.0,
    "pct3ResTime" : 59.0,
    "throughput" : 2.2810218978102186,
    "receivedKBytesPerSec" : 1.5134045677463503,
    "sentKBytesPerSec" : 0.641537408759124
  }
}