{
  "zone activity" : {
    "transaction" : "zone activity",
    "sampleCount" : 5,
    "errorCount" : 0,
    "errorPct" : 0.0,
    "meanResTime" : 105.4,
    "medianResTime" : 95.0,
    "minResTime" : 83.0,
    "maxResTime" : 132.0,
    "pct1ResTime" : 132.0,
    "pct2ResTime" : 132.0,
    "pct3ResTime" : 132.0,
    "throughput" : 1.9120458891013383,
    "receivedKBytesPerSec" : 531.9942788001912,
    "sentKBytesPerSec" : 0.6236555927342256
  },
  "Total" : {
    "transaction" : "Total",
    "sampleCount" : 15,
    "errorCount" : 0,
    "errorPct" : 0.0,
    "meanResTime" : 108.19999999999999,
    "medianResTime" : 38.0,
    "minResTime" : 13.0,
    "maxResTime" : 828.0,
    "pct1ResTime" : 410.40000000000026,
    "pct2ResTime" : 828.0,
    "pct3ResTime" : 828.0,
    "throughput" : 3.708281829419036,
    "receivedKBytesPerSec" : 345.7103677379481,
    "sentKBytesPerSec" : 1.0586468634116193
  },
  "login" : {
    "transaction" : "login",
    "sampleCount" : 5,
    "errorCount" : 0,
    "errorPct" : 0.0,
    "meanResTime" : 199.4,
    "medianResTime" : 38.0,
    "minResTime" : 35.0,
    "maxResTime" : 828.0,
    "pct1ResTime" : 828.0,
    "pct2ResTime" : 828.0,
    "pct3ResTime" : 828.0,
    "throughput" : 1.266784899923993,
    "receivedKBytesPerSec" : 0.9921498923232835,
    "sentKBytesPerSec" : 0.3154591303521662
  },
  "create api key" : {
    "transaction" : "create api key",
    "sampleCount" : 5,
    "errorCount" : 0,
    "errorPct" : 0.0,
    "meanResTime" : 19.8,
    "medianResTime" : 13.0,
    "minResTime" : 13.0,
    "maxResTime" : 31.0,
    "pct1ResTime" : 31.0,
    "pct2ResTime" : 31.0,
    "pct3ResTime" : 31.0,
    "throughput" : 1.941747572815534,
    "receivedKBytesPerSec" : 1.2883040048543688,
    "sentKBytesPerSec" : 0.5461165048543689
  }
}