{
  "zone activity" : {
    "transaction" : "zone activity",
    "sampleCount" : 5,
    "errorCount" : 0,
    "errorPct" : 0.0,
    "meanResTime" : 390.8,
    "medianResTime" : 397.0,
    "minResTime" : 369.0,
    "maxResTime" : 412.0,
    "pct1ResTime" : 412.0,
    "pct2ResTime" : 412.0,
    "pct3ResTime" : 412.0,
    "throughput" : 1.8102824040550325,
    "receivedKBytesPerSec" : 503.42786873189715,
    "sentKBytesPerSec" : 0.5904632060101376
  },
  "Total" : {
    "transaction" : "Total",
    "sampleCount" : 15,
    "errorCount" : 0,
    "errorPct" : 0.0,
    "meanResTime" : 298.1333333333333,
    "medianResTime" : 238.0,
    "minResTime" : 76.0,
    "maxResTime" : 1112.0,
    "pct1ResTime" : 692.0000000000002,
    "pct2ResTime" : 1112.0,
    "pct3ResTime" : 1112.0,
    "throughput" : 3.28875246656435,
    "receivedKBytesPerSec" : 306.44621176825257,
    "sentKBytesPerSec" : 0.9388788779872835
  },
  "login" : {
    "transaction" : "login",
    "sampleCount" : 5,
    "errorCount" : 0,
    "errorPct" : 0.0,
    "meanResTime" : 410.6,
    "medianResTime" : 238.0,
    "minResTime" : 226.0,
    "maxResTime" : 1112.0,
    "pct1ResTime" : 1112.0,
    "pct2ResTime" : 1112.0,
    "pct3ResTime" : 1112.0,
    "throughput" : 1.215362177929023,
    "receivedKBytesPerSec" : 0.9518754557608168,
    "sentKBytesPerSec" : 0.3026536673553719
  },
  "create api key" : {
    "transaction" : "create api key",
    "sampleCount" : 5,
    "errorCount" : 0,
    "errorPct" : 0.0,
    "meanResTime" : 93.0,
    "medianResTime" : 82.0,
    "minResTime" : 76.0,
    "maxResTime" : 120.0,
    "pct1ResTime" : 120.0,
    "pct2ResTime" : 120.0,
    "pct3ResTime" : 120.0,
    "throughput" : 1.9872813990461047,
    "receivedKBytesPerSec" : 1.3185146313593004,
    "sentKBytesPerSec" : 0.558922893481717
  }
}