{
  "zone activity" : {
    "transaction" : "zone activity",
    "sampleCount" : 5,
    "errorCount" : 0,
    "errorPct" : 0.0,
    "meanResTime" : 804.2,
    "medianResTime" : 1032.0,
    "minResTime" : 93.0,
    "maxResTime" : 1401.0,
    "pct1ResTime" : 1401.0,
    "pct2ResTime" : 1401.0,
    "pct3ResTime" : 1401.0,
    "throughput" : 2.031694433157253,
    "receivedKBytesPerSec" : 565.4110371800082,
    "sentKBytesPerSec" : 0.6626815826899635
  },
  "Total" : {
    "transaction" : "Total",
    "sampleCount" : 15,
    "errorCount" : 0,
    "errorPct" : 0.0,
    "meanResTime" : 362.73333333333335,
    "medianResTime" : 96.0,
    "minResTime" : 18.0,
    "maxResTime" : 1401.0,
    "pct1ResTime" : 1399.8,
    "pct2ResTime" : 1401.0,
    "pct3ResTime" : 1401.0,
    "throughput" : 3.676470588235294,
    "receivedKBytesPerSec" : 342.8210688572304,
    "sentKBytesPerSec" : 1.0495653339460784
  },
  "login" : {
    "transaction" : "login",
    "sampleCount" : 5,
    "errorCount" : 0,
    "errorPct" : 0.0,
    "meanResTime" : 230.6,
    "medianResTime" : 65.0,
    "minResTime" : 51.0,
    "maxResTime" : 887.0,
    "pct1ResTime" : 887.0,
    "pct2ResTime" : 887.0,
    "pct3ResTime" : 887.0,
    "throughput" : 1.2603982858583311,
    "receivedKBytesPerSec" : 0.9871478762288883,
    "sentKBytesPerSec" : 0.3138687137635493
  },
  "create api key" : {
    "transaction" : "create api key",
    "sampleCount" : 5,
    "errorCount" : 0,
    "errorPct" : 0.0,
    "meanResTime" : 53.4,
    "medianResTime" : 18.0,
    "minResTime" : 18.0,
    "maxResTime" : 107.0,
    "pct1ResTime" : 107.0,
    "pct2ResTime" : 107.0,
    "pct3ResTime" : 107.0,
    "throughput" : 2.0096463022508035,
    "receivedKBytesPerSec" : 1.3333532204581993,
    "sentKBytesPerSec" : 0.5652130225080386
  }
}