{
  "zone activity" : {
    "transaction" : "zone activity",
    "sampleCount" : 5,
    "errorCount" : 0,
    "errorPct" : 0.0,
    "meanResTime" : 233.4,
    "medianResTime" : 235.0,
    "minResTime" : 188.0,
    "maxResTime" : 279.0,
    "pct1ResTime" : 279.0,
    "pct2ResTime" : 279.0,
    "pct3ResTime" : 279.0,
    "throughput" : 2.228163992869875,
    "receivedKBytesPerSec" : 619.8834913937166,
    "sentKBytesPerSec" : 0.7267644273618538
  },
  "Total" : {
    "transaction" : "Total",
    "sampleCount" : 15,
    "errorCount" : 0,
    "errorPct" : 0.0,
    "meanResTime" : 230.33333333333337,
    "medianResTime" : 111.0,
    "minResTime" : 32.0,
    "maxResTime" : 1268.0,
    "pct1ResTime" : 731.6000000000004,
    "pct2ResTime" : 1268.0,
    "pct3ResTime" : 1268.0,
    "throughput" : 3.5427491733585263,
    "receivedKBytesPerSec" : 330.24396071976855,
    "sentKBytesPerSec" : 1.0113903076287198
  },
  "login" : {
    "transaction" : "login",
    "sampleCount" : 5,
    "errorCount" : 0,
    "errorPct" : 0.0,
    "meanResTime" : 392.8,
    "medianResTime" : 111.0,
    "minResTime" : 103.0,
    "maxResTime" : 1268.0,
    "pct1ResTime" : 1268.0,
    "pct2ResTime" : 1268.0,
    "pct3ResTime" : 1268.0,
    "throughput" : 1.2487512487512487,
    "receivedKBytesPerSec" : 0.9780258803696305,
    "sentKBytesPerSec" : 0.31096832854645357
  },
  "create api key" : {
    "transaction" : "create api key",
    "sampleCount" : 5,
    "errorCount" : 0,
    "errorPct" : 0.0,
    "meanResTime" : 64.8,
    "medianResTime" : 38.0,
    "minResTime" : 32.0,
    "maxResTime" : 111.0,
    "pct1ResTime" : 111.0,
    "pct2ResTime" : 111.0,
    "pct3ResTime" : 111.0,
    "throughput" : 2.2925263640531863,
    "receivedKBytesPerSec" : 1.521485270518111,
    "sentKBytesPerSec" : 0.6447730398899587
  }
}