{
  "zone activity" : {
    "transaction" : "zone activity",
    "sampleCount" : 5,
    "errorCount" : 0,
    "errorPct" : 0.0,
    "meanResTime" : 323.2,
    "medianResTime" : 327.0,
    "minResTime" : 307.0,
    "maxResTime" : 328.0,
    "pct1ResTime" : 328.0,
    "pct2ResTime" : 328.0,
    "pct3ResTime" : 328.0,
    "throughput" : 2.335357309668379,
    "receivedKBytesPerSec" : 650.508761238907,
    "sentKBytesPerSec" : 0.7617278724894909
  },
  "Total" : {
    "transaction" : "Total",
    "sampleCount" : 15,
    "errorCount" : 0,
    "errorPct" : 0.0,
    "meanResTime" : 285.73333333333335,
    "medianResTime" : 218.0,
    "minResTime" : 69.0,
    "maxResTime" : 1263.0,
    "pct1ResTime" : 720.6000000000004,
    "pct2ResTime" : 1263.0,
    "pct3ResTime" : 1263.0,
    "throughput" : 3.3482142857142856,
    "receivedKBytesPerSec" : 312.49455043247764,
    "sentKBytesPerSec" : 0.9558541434151785
  },
  "login" : {
    "transaction" : "login",
    "sampleCount" : 5,
    "errorCount" : 0,
    "errorPct" : 0.0,
    "meanResTime" : 449.2,
    "medianResTime" : 218.0,
    "minResTime" : 197.0,
    "maxResTime" : 1263.0,
    "pct1ResTime" : 1263.0,
    "pct2ResTime" : 1263.0,
    "pct3ResTime" : 1263.0,
    "throughput" : 1.21921482565228,
    "receivedKBytesPerSec" : 0.9548928614971958,
    "sentKBytesPerSec" : 0.3036130669348939
  },
  "create api key" : {
    "transaction" : "create api key",
    "sampleCount" : 5,
    "errorCount" : 0,
    "errorPct" : 0.0,
    "meanResTime" : 84.8,
    "medianResTime" : 90.0,
    "minResTime" : 69.0,
    "maxResTime" : 99.0,
    "pct1ResTime" : 99.0,
    "pct2ResTime" : 99.0,
    "pct3ResTime" : 99.0,
    "throughput" : 2.5826446280991737,
    "receivedKBytesPerSec" : 1.7150374483471076,
    "sentKBytesPerSec" : 0.7263688016528926
  }
}