{
  "zone activity" : {
    "transaction" : "zone activity",
    "sampleCount" : 5,
    "errorCount" : 0,
    "errorPct" : 0.0,
    "meanResTime" : 313.8,
    "medianResTime" : 212.0,
    "minResTime" : 74.0,
    "maxResTime" : 605.0,
    "pct1ResTime" : 605.0,
    "pct2ResTime" : 605.0,
    "pct3ResTime" : 605.0,
    "throughput" : 2.039151712887439,
    "receivedKBytesPerSec" : 567.4696357565253,
    "sentKBytesPerSec" : 0.6651139376019576
  },
  "Total" : {
    "transaction" : "Total",
    "sampleCount" : 15,
    "errorCount" : 0,
    "errorPct" : 0.0,
    "meanResTime" : 190.33333333333334,
    "medianResTime" : 66.0,
    "minResTime" : 12.0,
    "maxResTime" : 946.0,
    "pct1ResTime" : 741.4000000000001,
    "pct2ResTime" : 946.0,
    "pct3ResTime" : 946.0,
    "throughput" : 3.7165510406342914,
    "receivedKBytesPerSec" : 346.54830161360263,
    "sentKBytesPerSec" : 1.0610075724727455
  },
  "login" : {
    "transaction" : "login",
    "sampleCount" : 5,
    "errorCount" : 0,
    "errorPct" : 0.0,
    "meanResTime" : 223.0,
    "medianResTime" : 41.0,
    "minResTime" : 37.0,
    "maxResTime" : 946.0,
    "pct1ResTime" : 946.0,
    "pct2ResTime" : 946.0,
    "pct3ResTime" : 946.0,
    "throughput" : 1.2674271229404308,
    "receivedKBytesPerSec" : 0.9926528833967048,
    "sentKBytesPerSec" : 0.31561905893536124
  },
  "create api key" : {
    "transaction" : "create api key",
    "sampleCount" : 5,
    "errorCount" : 0,
    "errorPct" : 0.0,
    "meanResTime" : 34.2,
    "medianResTime" : 13.0,
    "minResTime" : 12.0,
    "maxResTime" : 67.0,
    "pct1ResTime" : 67.0,
    "pct2ResTime" : 67.0,
    "pct3ResTime" : 67.0,
    "throughput" : 2.03334688897926,
    "receivedKBytesPerSec" : 1.3490780042700283,
    "sentKBytesPerSec" : 0.5718788125254168
  }
}