{
  "zone activity" : {
    "transaction" : "zone activity",
    "sampleCount" : 5,
    "errorCount" : 0,
    "errorPct" : 0.0,
    "meanResTime" : 60.0,
    "medianResTime" : 57.0,
    "minResTime" : 54.0,
    "maxResTime" : 67.0,
    "pct1ResTime" : 67.0,
    "pct2ResTime" : 67.0,
    "pct3ResTime" : 67.0,
    "throughput" : 1.6700066800267201,
    "receivedKBytesPerSec" : 24.045486806947228,
    "sentKBytesPerSec" : 0.5430783441883767
  },
  "Total" : {
    "transaction" : "Total",
    "sampleCount" : 15,
    "errorCount" : 0,
    "errorPct" : 0.0,
    "meanResTime" : 90.13333333333333,
    "medianResTime" : 57.0,
    "minResTime" : 32.0,
    "maxResTime" : 458.0,
    "pct1ResTime" : 246.20000000000013,
    "pct2ResTime" : 458.0,
    "pct3ResTime" : 458.0,
    "throughput" : 3.6576444769568397,
    "receivedKBytesPerSec" : 19.318601789197757,
    "sentKBytesPerSec" : 1.043000182882224
  },
  "login" : {
    "transaction" : "login",
    "sampleCount" : 5,
    "errorCount" : 0,
    "errorPct" : 0.0,
    "meanResTime" : 170.0,
    "medianResTime" : 98.0,
    "minResTime" : 94.0,
    "maxResTime" : 458.0,
    "pct1ResTime" : 458.0,
    "pct2ResTime" : 458.0,
    "pct3ResTime" : 458.0,
    "throughput" : 1.2471938139186831,
    "receivedKBytesPerSec" : 0.9768060925417809,
    "sentKBytesPerSec" : 0.31058049077076577
  },
  "create api key" : {
    "transaction" : "create api key",
    "sampleCount" : 5,
    "errorCount" : 0,
    "errorPct" : 0.0,
    "meanResTime" : 40.4,
    "medianResTime" : 34.0,
    "minResTime" : 32.0,
    "maxResTime" : 53.0,
    "pct1ResTime" : 53.0,
    "pct2ResTime" : 53.0,
    "pct3ResTime" : 53.0,
    "throughput" : 1.6661112962345885,
    "receivedKBytesPerSec" : 1.105425795568144,
    "sentKBytesPerSec" : 0.468593802065978
  }
}