{
  "zone activity" : {
    "transaction" : "zone activity",
    "sampleCount" : 10,
    "errorCount" : 0,
    "errorPct" : 0.0,
    "meanResTime" : 149.2,
    "medianResTime" : 151.0,
    "minResTime" : 139.0,
    "maxResTime" : 157.0,
    "pct1ResTime" : 156.9,
    "pct2ResTime" : 157.0,
    "pct3ResTime" : 157.0,
    "throughput" : 1.3007284079084287,
    "receivedKBytesPerSec" : 20.293395551508844,
    "sentKBytesPerSec" : 0.42299078108740895
  },
  "Total" : {
    "transaction" : "Total",
    "sampleCount" : 30,
    "errorCount" : 0,
    "errorPct" : 0.0,
    "meanResTime" : 179.9333333333333,
    "medianResTime" : 151.0,
    "minResTime" : 73.0,
    "maxResTime" : 1008.0,
    "pct1ResTime" : 237.8,
    "pct2ResTime" : 587.7999999999995,
    "pct3ResTime" : 1008.0,
    "throughput" : 3.197612449371136,
    "receivedKBytesPerSec" : 20.336065737582604,
    "sentKBytesPerSec" : 0.9128600644851844
  },
  "login" : {
    "transaction" : "login",
    "sampleCount" : 10,
    "errorCount" : 0,
    "errorPct" : 0.0,
    "meanResTime" : 309.7,
    "medianResTime" : 234.5,
    "minResTime" : 223.0,
    "maxResTime" : 1008.0,
    "pct1ResTime" : 931.6000000000003,
    "pct2ResTime" : 1008.0,
    "pct3ResTime" : 1008.0,
    "throughput" : 1.0937329104232745,
    "receivedKBytesPerSec" : 1.9674375205074919,
    "sentKBytesPerSec" : 0.2734332276058186
  },
  "create api key" : {
    "transaction" : "create api key",
    "sampleCount" : 10,
    "errorCount" : 0,
    "errorPct" : 0.0,
    "meanResTime" : 80.89999999999999,
    "medianResTime" : 79.0,
    "minResTime" : 73.0,
    "maxResTime" : 96.0,
    "pct1ResTime" : 95.6,
    "pct2ResTime" : 96.0,
    "pct3ResTime" : 96.0,
    "throughput" : 1.3083867591259977,
    "receivedKBytesPerSec" : 2.196658707313882,
    "sentKBytesPerSec" : 0.36798377600418686
  }
}