{
  "zone activity" : {
    "transaction" : "zone activity",
    "sampleCount" : 5,
    "errorCount" : 0,
    "errorPct" : 0.0,
    "meanResTime" : 157.4,
    "medianResTime" : 153.0,
    "minResTime" : 139.0,
    "maxResTime" : 182.0,
    "pct1ResTime" : 182.0,
    "pct2ResTime" : 182.0,
    "pct3ResTime" : 182.0,
    "throughput" : 2.3866348448687353,
    "receivedKBytesPerSec" : 664.2843824582338,
    "sentKBytesPerSec" : 0.7784531622911693
  },
  "Total" : {
    "transaction" : "Total",
    "sampleCount" : 15,
    "errorCount" : 0,
    "errorPct" : 0.0,
    "meanResTime" : 207.26666666666662,
    "medianResTime" : 104.0,
    "minResTime" : 29.0,
    "maxResTime" : 1343.0,
    "pct1ResTime" : 800.0000000000003,
    "pct2ResTime" : 1343.0,
    "pct3ResTime" : 1343.0,
    "throughput" : 3.6083714216983402,
    "receivedKBytesPerSec" : 336.51916195573733,
    "sentKBytesPerSec" : 1.0301242632908347
  },
  "login" : {
    "transaction" : "login",
    "sampleCount" : 5,
    "errorCount" : 0,
    "errorPct" : 0.0,
    "meanResTime" : 412.19999999999993,
    "medianResTime" : 104.0,
    "minResTime" : 84.0,
    "maxResTime" : 1343.0,
    "pct1ResTime" : 1343.0,
    "pct2ResTime" : 1343.0,
    "pct3ResTime" : 1343.0,
    "throughput" : 1.254075746175069,
    "receivedKBytesPerSec" : 0.9821960433910208,
    "sentKBytesPerSec" : 0.31229425319789317
  },
  "create api key" : {
    "transaction" : "create api key",
    "sampleCount" : 5,
    "errorCount" : 0,
    "errorPct" : 0.0,
    "meanResTime" : 52.2,
    "medianResTime" : 54.0,
    "minResTime" : 29.0,
    "maxResTime" : 76.0,
    "pct1ResTime" : 76.0,
    "pct2ResTime" : 76.0,
    "pct3ResTime" : 76.0,
    "throughput" : 2.4703557312252964,
    "receivedKBytesPerSec" : 1.6395056200592886,
    "sentKBytesPerSec" : 0.6947875494071146
  }
}