{
  "zone activity" : {
    "transaction" : "zone activity",
    "sampleCount" : 5,
    "errorCount" : 0,
    "errorPct" : 0.0,
    "meanResTime" : 965.2,
    "medianResTime" : 1108.0,
    "minResTime" : 368.0,
    "maxResTime" : 1485.0,
    "pct1ResTime" : 1485.0,
    "pct2ResTime" : 1485.0,
    "pct3ResTime" : 1485.0,
    "throughput" : 1.839587932303164,
    "receivedKBytesPerSec" : 511.81540022534955,
    "sentKBytesPerSec" : 0.6000218451066961
  },
  "Total" : {
    "transaction" : "Total",
    "sampleCount" : 15,
    "errorCount" : 0,
    "errorPct" : 0.0,
    "meanResTime" : 489.86666666666673,
    "medianResTime" : 234.0,
    "minResTime" : 75.0,
    "maxResTime" : 1485.0,
    "pct1ResTime" : 1477.2,
    "pct2ResTime" : 1485.0,
    "pct3ResTime" : 1485.0,
    "throughput" : 3.2729653065677504,
    "receivedKBytesPerSec" : 305.11622436177174,
    "sentKBytesPerSec" : 0.9343719315950251
  },
  "login" : {
    "transaction" : "login",
    "sampleCount" : 5,
    "errorCount" : 0,
    "errorPct" : 0.0,
    "meanResTime" : 416.4,
    "medianResTime" : 234.0,
    "minResTime" : 224.0,
    "maxResTime" : 1154.0,
    "pct1ResTime" : 1154.0,
    "pct2ResTime" : 1154.0,
    "pct3ResTime" : 1154.0,
    "throughput" : 1.2088974854932302,
    "receivedKBytesPerSec" : 0.94681228844294,
    "sentKBytesPerSec" : 0.30104380742263054
  },
  "create api key" : {
    "transaction" : "create api key",
    "sampleCount" : 5,
    "errorCount" : 0,
    "errorPct" : 0.0,
    "meanResTime" : 88.0,
    "medianResTime" : 78.0,
    "minResTime" : 75.0,
    "maxResTime" : 107.0,
    "pct1ResTime" : 107.0,
    "pct2ResTime" : 107.0,
    "pct3ResTime" : 107.0,
    "throughput" : 2.028397565922921,
    "receivedKBytesPerSec" : 1.3457942444219069,
    "sentKBytesPerSec" : 0.5704868154158216
  }
}