{
  "zone activity" : {
    "transaction" : "zone activity",
    "sampleCount" : 5,
    "errorCount" : 0,
    "errorPct" : 0.0,
    "meanResTime" : 451.6,
    "medianResTime" : 443.0,
    "minResTime" : 398.0,
    "maxResTime" : 516.0,
    "pct1ResTime" : 516.0,
    "pct2ResTime" : 516.0,
    "pct3ResTime" : 516.0,
    "throughput" : 1.7972681524083394,
    "receivedKBytesPerSec" : 500.2281688084112,
    "sentKBytesPerSec" : 0.5862183231488138
  },
  "Total" : {
    "transaction" : "Total",
    "sampleCount" : 15,
    "errorCount" : 0,
    "errorPct" : 0.0,
    "meanResTime" : 329.26666666666665,
    "medianResTime" : 264.0,
    "minResTime" : 82.0,
    "maxResTime" : 1156.0,
    "pct1ResTime" : 772.0000000000002,
    "pct2ResTime" : 1156.0,
    "pct3ResTime" : 1156.0,
    "throughput" : 3.225806451612903,
    "receivedKBytesPerSec" : 300.83207325268813,
    "sentKBytesPerSec" : 0.9209089381720429
  },
  "login" : {
    "transaction" : "login",
    "sampleCount" : 5,
    "errorCount" : 0,
    "errorPct" : 0.0,
    "meanResTime" : 441.4,
    "medianResTime" : 264.0,
    "minResTime" : 251.0,
    "maxResTime" : 1156.0,
    "pct1ResTime" : 1156.0,
    "pct2ResTime" : 1156.0,
    "pct3ResTime" : 1156.0,
    "throughput" : 1.2027904738994466,
    "receivedKBytesPerSec" : 0.9420292578782776,
    "sentKBytesPerSec" : 0.29952301840269424
  },
  "create api key" : {
    "transaction" : "create api key",
    "sampleCount" : 5,
    "errorCount" : 0,
    "errorPct" : 0.0,
    "meanResTime" : 94.8,
    "medianResTime" : 92.0,
    "minResTime" : 82.0,
    "maxResTime" : 109.0,
    "pct1ResTime" : 109.0,
    "pct2ResTime" : 109.0,
    "pct3ResTime" : 109.0,
    "throughput" : 2.000800320128051,
    "receivedKBytesPerSec" : 1.3278748999599839,
    "sentKBytesPerSec" : 0.5627250900360143
  }
}