{
  "zone activity" : {
    "transaction" : "zone activity",
    "sampleCount" : 5,
    "errorCount" : 0,
    "errorPct" : 0.0,
    "meanResTime" : 111.4,
    "medianResTime" : 94.0,
    "minResTime" : 88.0,
    "maxResTime" : 143.0,
    "pct1ResTime" : 143.0,
    "pct2ResTime" : 143.0,
    "pct3ResTime" : 143.0,
    "throughput" : 2.1404109589041096,
    "receivedKBytesPerSec" : 595.3310613762843,
    "sentKBytesPerSec" : 0.6981418557363014
  },
  "Total" : {
    "transaction" : "Total",
    "sampleCount" : 15,
    "errorCount" : 0,
    "errorPct" : 0.0,
    "meanResTime" : 137.53333333333333,
    "medianResTime" : 54.0,
    "minResTime" : 15.0,
    "maxResTime" : 1071.0,
    "pct1ResTime" : 523.8000000000003,
    "pct2ResTime" : 1071.0,
    "pct3ResTime" : 1071.0,
    "throughput" : 3.694581280788177,
    "receivedKBytesPerSec" : 344.31717595443354,
    "sentKBytesPerSec" : 1.0547356065270936
  },
  "login" : {
    "transaction" : "login",
    "sampleCount" : 5,
    "errorCount" : 0,
    "errorPct" : 0.0,
    "meanResTime" : 274.0,
    "medianResTime" : 54.0,
    "minResTime" : 43.0,
    "maxResTime" : 1071.0,
    "pct1ResTime" : 1071.0,
    "pct2ResTime" : 1071.0,
    "pct3ResTime" : 1071.0,
    "throughput" : 1.2651821862348178,
    "receivedKBytesPerSec" : 0.9908946419534413,
    "sentKBytesPerSec" : 0.3150600170799595
  },
  "create api key" : {
    "transaction" : "create api key",
    "sampleCount" : 5,
    "errorCount" : 0,
    "errorPct" : 0.0,
    "meanResTime" : 27.2,
    "medianResTime" : 15.0,
    "minResTime" : 15.0,
    "maxResTime" : 49.0,
    "pct1ResTime" : 49.0,
    "pct2ResTime" : 49.0,
    "pct3ResTime" : 49.0,
    "throughput" : 2.170138888888889,
    "receivedKBytesPerSec" : 1.4402601453993056,
    "sentKBytesPerSec" : 0.6103515625
  }
}