{
  "zone activity" : {
    "transaction" : "zone activity",
    "sampleCount" : 5,
    "errorCount" : 0,
    "errorPct" : 0.0,
    "meanResTime" : 204.0,
    "medianResTime" : 214.0,
    "minResTime" : 185.0,
    "maxResTime" : 215.0,
    "pct1ResTime" : 215.0,
    "pct2ResTime" : 215.0,
    "pct3ResTime" : 215.0,
    "throughput" : 1.8960940462646947,
    "receivedKBytesPerSec" : 527.7559282565416,
    "sentKBytesPerSec" : 0.6184525502464923
  },
  "Total" : {
    "transaction" : "Total",
    "sampleCount" : 15,
    "errorCount" : 0,
    "errorPct" : 0.0,
    "meanResTime" : 179.46666666666664,
    "medianResTime" : 126.0,
    "minResTime" : 36.0,
    "maxResTime" : 962.0,
    "pct1ResTime" : 513.8000000000002,
    "pct2ResTime" : 962.0,
    "pct3ResTime" : 962.0,
    "throughput" : 3.5285815102328866,
    "receivedKBytesPerSec" : 329.08157639378965,
    "sentKBytesPerSec" : 1.007345698071042
  },
  "login" : {
    "transaction" : "login",
    "sampleCount" : 5,
    "errorCount" : 0,
    "errorPct" : 0.0,
    "meanResTime" : 286.8,
    "medianResTime" : 126.0,
    "minResTime" : 109.0,
    "maxResTime" : 962.0,
    "pct1ResTime" : 962.0,
    "pct2ResTime" : 962.0,
    "pct3ResTime" : 962.0,
    "throughput" : 1.2416190712689348,
    "receivedKBytesPerSec" : 0.9724399366774273,
    "sentKBytesPerSec" : 0.3091922491929476
  },
  "create api key" : {
    "transaction" : "create api key",
    "sampleCount" : 5,
    "errorCount" : 0,
    "errorPct" : 0.0,
    "meanResTime" : 47.6,
    "medianResTime" : 44.0,
    "minResTime" : 36.0,
    "maxResTime" : 62.0,
    "pct1ResTime" : 62.0,
    "pct2ResTime" : 62.0,
    "pct3ResTime" : 62.0,
    "throughput" : 1.9809825673534074,
    "receivedKBytesPerSec" : 1.3143355041600633,
    "sentKBytesPerSec" : 0.5571513470681458
  }
}