{
  "zone activity" : {
    "transaction" : "zone activity",
    "sampleCount" : 5,
    "errorCount" : 0,
    "errorPct" : 0.0,
    "meanResTime" : 325.0,
    "medianResTime" : 156.0,
    "minResTime" : 141.0,
    "maxResTime" : 591.0,
    "pct1ResTime" : 591.0,
    "pct2ResTime" : 591.0,
    "pct3ResTime" : 591.0,
    "throughput" : 1.6377333770062235,
    "receivedKBytesPerSec" : 455.83813564526696,
    "sentKBytesPerSec" : 0.5341825663282018
  },
  "Total" : {
    "transaction" : "Total",
    "sampleCount" : 15,
    "errorCount" : 0,
    "errorPct" : 0.0,
    "meanResTime" : 181.86666666666667,
    "medianResTime" : 108.0,
    "minResTime" : 30.0,
    "maxResTime" : 591.0,
    "pct1ResTime" : 586.2,
    "pct2ResTime" : 591.0,
    "pct3ResTime" : 591.0,
    "throughput" : 3.586800573888092,
    "receivedKBytesPerSec" : 334.5067495367049,
    "sentKBytesPerSec" : 1.0239661794595887
  },
  "login" : {
    "transaction" : "login",
    "sampleCount" : 5,
    "errorCount" : 0,
    "errorPct" : 0.0,
    "meanResTime" : 173.2,
    "medianResTime" : 108.0,
    "minResTime" : 87.0,
    "maxResTime" : 472.0,
    "pct1ResTime" : 472.0,
    "pct2ResTime" : 472.0,
    "pct3ResTime" : 472.0,
    "throughput" : 1.2471938139186831,
    "receivedKBytesPerSec" : 0.9768060925417809,
    "sentKBytesPerSec" : 0.31058049077076577
  },
  "create api key" : {
    "transaction" : "create api key",
    "sampleCount" : 5,
    "errorCount" : 0,
    "errorPct" : 0.0,
    "meanResTime" : 47.4,
    "medianResTime" : 33.0,
    "minResTime" : 30.0,
    "maxResTime" : 71.0,
    "pct1ResTime" : 71.0,
    "pct2ResTime" : 71.0,
    "pct3ResTime" : 71.0,
    "throughput" : 1.6688918558077437,
    "receivedKBytesPerSec" : 1.1072706316755674,
    "sentKBytesPerSec" : 0.4693758344459279
  }
}