{
  "zone activity" : {
    "transaction" : "zone activity",
    "sampleCount" : 5,
    "errorCount" : 0,
    "errorPct" : 0.0,
    "meanResTime" : 659.2,
    "medianResTime" : 928.0,
    "minResTime" : 52.0,
    "maxResTime" : 1146.0,
    "pct1ResTime" : 1146.0,
    "pct2ResTime" : 1146.0,
    "pct3ResTime" : 1146.0,
    "throughput" : 2.2114108801415306,
    "receivedKBytesPerSec" : 615.1544705053074,
    "sentKBytesPerSec" : 0.7213000331711632
  },
  "Total" : {
    "transaction" : "Total",
    "sampleCount" : 15,
    "errorCount" : 0,
    "errorPct" : 0.0,
    "meanResTime" : 320.4,
    "medianResTime" : 48.0,
    "minResTime" : 12.0,
    "maxResTime" : 1146.0,
    "pct1ResTime" : 1128.6,
    "pct2ResTime" : 1146.0,
    "pct3ResTime" : 1146.0,
    "throughput" : 3.732271709380443,
    "receivedKBytesPerSec" : 347.87202195819856,
    "sentKBytesPerSec" : 1.065495536825081
  },
  "login" : {
    "transaction" : "login",
    "sampleCount" : 5,
    "errorCount" : 0,
    "errorPct" : 0.0,
    "meanResTime" : 281.6,
    "medianResTime" : 48.0,
    "minResTime" : 39.0,
    "maxResTime" : 1096.0,
    "pct1ResTime" : 1096.0,
    "pct2ResTime" : 1096.0,
    "pct3ResTime" : 1096.0,
    "throughput" : 1.2658227848101267,
    "receivedKBytesPerSec" : 0.9913963607594937,
    "sentKBytesPerSec" : 0.3152195411392405
  },
  "create api key" : {
    "transaction" : "create api key",
    "sampleCount" : 5,
    "errorCount" : 0,
    "errorPct" : 0.0,
    "meanResTime" : 20.4,
    "medianResTime" : 15.0,
    "minResTime" : 12.0,
    "maxResTime" : 31.0,
    "pct1ResTime" : 31.0,
    "pct2ResTime" : 31.0,
    "pct3ResTime" : 31.0,
    "throughput" : 2.2172949002217295,
    "receivedKBytesPerSec" : 1.4711231984478936,
    "sentKBytesPerSec" : 0.6236141906873615
  }
}