{
  "zone activity" : {
    "transaction" : "zone activity",
    "sampleCount" : 5,
    "errorCount" : 0,
    "errorPct" : 0.0,
    "meanResTime" : 107.6,
    "medianResTime" : 85.0,
    "minResTime" : 82.0,
    "maxResTime" : 144.0,
    "pct1ResTime" : 144.0,
    "pct2ResTime" : 144.0,
    "pct3ResTime" : 144.0,
    "throughput" : 1.6989466530750934,
    "receivedKBytesPerSec" : 472.60249426605503,
    "sentKBytesPerSec" : 0.5541486153584777
  },
  "Total" : {
    "transaction" : "Total",
    "sampleCount" : 15,
    "errorCount" : 0,
    "errorPct" : 0.0,
    "meanResTime" : 91.26666666666667,
    "medianResTime" : 54.0,
    "minResTime" : 15.0,
    "maxResTime" : 495.0,
    "pct1ResTime" : 284.4000000000001,
    "pct2ResTime" : 495.0,
    "pct3ResTime" : 495.0,
    "throughput" : 3.6864094372081593,
    "receivedKBytesPerSec" : 343.5985596123126,
    "sentKBytesPerSec" : 1.052402694150897
  },
  "login" : {
    "transaction" : "login",
    "sampleCount" : 5,
    "errorCount" : 0,
    "errorPct" : 0.0,
    "meanResTime" : 143.6,
    "medianResTime" : 54.0,
    "minResTime" : 46.0,
    "maxResTime" : 495.0,
    "pct1ResTime" : 495.0,
    "pct2ResTime" : 495.0,
    "pct3ResTime" : 495.0,
    "throughput" : 1.2603982858583311,
    "receivedKBytesPerSec" : 0.9871478762288883,
    "sentKBytesPerSec" : 0.3138687137635493
  },
  "create api key" : {
    "transaction" : "create api key",
    "sampleCount" : 5,
    "errorCount" : 0,
    "errorPct" : 0.0,
    "meanResTime" : 22.6,
    "medianResTime" : 16.0,
    "minResTime" : 15.0,
    "maxResTime" : 33.0,
    "pct1ResTime" : 33.0,
    "pct2ResTime" : 33.0,
    "pct3ResTime" : 33.0,
    "throughput" : 1.71939477303989,
    "receivedKBytesPerSec" : 1.140778133596974,
    "sentKBytesPerSec" : 0.4835797799174691
  }
}