{
  "zone activity" : {
    "transaction" : "zone activity",
    "sampleCount" : 5,
    "errorCount" : 0,
    "errorPct" : 0.0,
    "meanResTime" : 418.6,
    "medianResTime" : 416.0,
    "minResTime" : 393.0,
    "maxResTime" : 442.0,
    "pct1ResTime" : 442.0,
    "pct2ResTime" : 442.0,
    "pct3ResTime" : 442.0,
    "throughput" : 1.5105740181268883,
    "receivedKBytesPerSec" : 420.2765058534743,
    "sentKBytesPerSec" : 0.49270675981873113
  },
  "Total" : {
    "transaction" : "Total",
    "sampleCount" : 15,
    "errorCount" : 0,
    "errorPct" : 0.0,
    "meanResTime" : 281.53333333333336,
    "medianResTime" : 248.0,
    "minResTime" : 79.0,
    "maxResTime" : 685.0,
    "pct1ResTime" : 539.2,
    "pct2ResTime" : 685.0,
    "pct3ResTime" : 685.0,
    "throughput" : 3.215434083601286,
    "receivedKBytesPerSec" : 299.75319031350483,
    "sentKBytesPerSec" : 0.9179478161843515
  },
  "login" : {
    "transaction" : "login",
    "sampleCount" : 5,
    "errorCount" : 0,
    "errorPct" : 0.0,
    "meanResTime" : 343.0,
    "medianResTime" : 248.0,
    "minResTime" : 238.0,
    "maxResTime" : 685.0,
    "pct1ResTime" : 685.0,
    "pct2ResTime" : 685.0,
    "pct3ResTime" : 685.0,
    "throughput" : 1.1999040076793857,
    "receivedKBytesPerSec" : 0.9397685685145188,
    "sentKBytesPerSec" : 0.298804220662347
  },
  "create api key" : {
    "transaction" : "create api key",
    "sampleCount" : 5,
    "errorCount" : 0,
    "errorPct" : 0.0,
    "meanResTime" : 83.0,
    "medianResTime" : 82.0,
    "minResTime" : 79.0,
    "maxResTime" : 88.0,
    "pct1ResTime" : 88.0,
    "pct2ResTime" : 88.0,
    "pct3ResTime" : 88.0,
    "throughput" : 1.6711229946524064,
    "receivedKBytesPerSec" : 1.1087509400066844,
    "sentKBytesPerSec" : 0.47000334224598933
  }
}