{
  "zone activity" : {
    "transaction" : "zone activity",
    "sampleCount" : 5,
    "errorCount" : 0,
    "errorPct" : 0.0,
    "meanResTime" : 1658.2,
    "medianResTime" : 2085.0,
    "minResTime" : 319.0,
    "maxResTime" : 2507.0,
    "pct1ResTime" : 2507.0,
    "pct2ResTime" : 2507.0,
    "pct3ResTime" : 2507.0,
    "throughput" : 1.838235294117647,
    "receivedKBytesPerSec" : 511.41357421874994,
    "sentKBytesPerSec" : 0.5995806525735293
  },
  "Total" : {
    "transaction" : "Total",
    "sampleCount" : 15,
    "errorCount" : 0,
    "errorPct" : 0.0,
    "meanResTime" : 714.6,
    "medianResTime" : 200.0,
    "minResTime" : 62.0,
    "maxResTime" : 2507.0,
    "pct1ResTime" : 2499.8,
    "pct2ResTime" : 2507.0,
    "pct3ResTime" : 2507.0,
    "throughput" : 3.348961821835231,
    "receivedKBytesPerSec" : 312.1858167978343,
    "sentKBytesPerSec" : 0.956067551350748
  },
  "login" : {
    "transaction" : "login",
    "sampleCount" : 5,
    "errorCount" : 0,
    "errorPct" : 0.0,
    "meanResTime" : 408.2,
    "medianResTime" : 200.0,
    "minResTime" : 186.0,
    "maxResTime" : 1058.0,
    "pct1ResTime" : 1058.0,
    "pct2ResTime" : 1058.0,
    "pct3ResTime" : 1058.0,
    "throughput" : 1.220703125,
    "receivedKBytesPerSec" : 0.9562969207763672,
    "sentKBytesPerSec" : 0.3039836883544922
  },
  "create api key" : {
    "transaction" : "create api key",
    "sampleCount" : 5,
    "errorCount" : 0,
    "errorPct" : 0.0,
    "meanResTime" : 77.4,
    "medianResTime" : 71.0,
    "minResTime" : 62.0,
    "maxResTime" : 96.0,
    "pct1ResTime" : 96.0,
    "pct2ResTime" : 96.0,
    "pct3ResTime" : 96.0,
    "throughput" : 1.9912385503783352,
    "receivedKBytesPerSec" : 1.3215290223018716,
    "sentKBytesPerSec" : 0.5600358422939068
  }
}