{
  "zone activity" : {
    "transaction" : "zone activity",
    "sampleCount" : 5,
    "errorCount" : 0,
    "errorPct" : 0.0,
    "meanResTime" : 217.2,
    "medianResTime" : 209.0,
    "minResTime" : 195.0,
    "maxResTime" : 252.0,
    "pct1ResTime" : 252.0,
    "pct2ResTime" : 252.0,
    "pct3ResTime" : 252.0,
    "throughput" : 1.5933715742511152,
    "receivedKBytesPerSec" : 443.1860336002231,
    "sentKBytesPerSec" : 0.519712993945188
  },
  "Total" : {
    "transaction" : "Total",
    "sampleCount" : 15,
    "errorCount" : 0,
    "errorPct" : 0.0,
    "meanResTime" : 160.8,
    "medianResTime" : 123.0,
    "minResTime" : 40.0,
    "maxResTime" : 523.0,
    "pct1ResTime" : 360.4000000000001,
    "pct2ResTime" : 523.0,
    "pct3ResTime" : 523.0,
    "throughput" : 3.459409594095941,
    "receivedKBytesPerSec" : 322.4063887367389,
    "sentKBytesPerSec" : 0.987598376960332
  },
  "login" : {
    "transaction" : "login",
    "sampleCount" : 5,
    "errorCount" : 0,
    "errorPct" : 0.0,
    "meanResTime" : 207.2,
    "medianResTime" : 123.0,
    "minResTime" : 113.0,
    "maxResTime" : 523.0,
    "pct1ResTime" : 523.0,
    "pct2ResTime" : 523.0,
    "pct3ResTime" : 523.0,
    "throughput" : 1.2382367508667658,
    "receivedKBytesPerSec" : 0.9697908927686973,
    "sentKBytesPerSec" : 0.3083499721396731
  },
  "create api key" : {
    "transaction" : "create api key",
    "sampleCount" : 5,
    "errorCount" : 0,
    "errorPct" : 0.0,
    "meanResTime" : 58.0,
    "medianResTime" : 58.0,
    "minResTime" : 40.0,
    "maxResTime" : 86.0,
    "pct1ResTime" : 86.0,
    "pct2ResTime" : 86.0,
    "pct3ResTime" : 86.0,
    "throughput" : 1.665556295802798,
    "receivedKBytesPerSec" : 1.1060334776815457,
    "sentKBytesPerSec" : 0.468437708194537
  }
}