{
  "zone activity" : {
    "transaction" : "zone activity",
    "sampleCount" : 5,
    "errorCount" : 0,
    "errorPct" : 0.0,
    "meanResTime" : 109.0,
    "medianResTime" : 90.0,
    "minResTime" : 88.0,
    "maxResTime" : 140.0,
    "pct1ResTime" : 140.0,
    "pct2ResTime" : 140.0,
    "pct3ResTime" : 140.0,
    "throughput" : 1.970831690973591,
    "receivedKBytesPerSec" : 548.2849915007884,
    "sentKBytesPerSec" : 0.6428298679542768
  },
  "Total" : {
    "transaction" : "Total",
    "sampleCount" : 15,
    "errorCount" : 0,
    "errorPct" : 0.0,
    "meanResTime" : 116.06666666666666,
    "medianResTime" : 51.0,
    "minResTime" : 15.0,
    "maxResTime" : 870.0,
    "pct1ResTime" : 432.0000000000003,
    "pct2ResTime" : 870.0,
    "pct3ResTime" : 870.0,
    "throughput" : 3.704618424302297,
    "receivedKBytesPerSec" : 345.3278394356631,
    "sentKBytesPerSec" : 1.0576010280316126
  },
  "login" : {
    "transaction" : "login",
    "sampleCount" : 5,
    "errorCount" : 0,
    "errorPct" : 0.0,
    "meanResTime" : 216.4,
    "medianResTime" : 51.0,
    "minResTime" : 45.0,
    "maxResTime" : 870.0,
    "pct1ResTime" : 870.0,
    "pct2ResTime" : 870.0,
    "pct3ResTime" : 870.0,
    "throughput" : 1.2680699974638598,
    "receivedKBytesPerSec" : 0.9931563847324372,
    "sentKBytesPerSec" : 0.3157791497590667
  },
  "create api key" : {
    "transaction" : "create api key",
    "sampleCount" : 5,
    "errorCount" : 0,
    "errorPct" : 0.0,
    "meanResTime" : 22.8,
    "medianResTime" : 16.0,
    "minResTime" : 15.0,
    "maxResTime" : 35.0,
    "pct1ResTime" : 35.0,
    "pct2ResTime" : 35.0,
    "pct3ResTime" : 35.0,
    "throughput" : 1.997602876548142,
    "receivedKBytesPerSec" : 1.3253626897722732,
    "sentKBytesPerSec" : 0.561825809029165
  }
}