{
  "zone activity" : {
    "transaction" : "zone activity",
    "sampleCount" : 5,
    "errorCount" : 0,
    "errorPct" : 0.0,
    "meanResTime" : 637.6,
    "medianResTime" : 652.0,
    "minResTime" : 291.0,
    "maxResTime" : 987.0,
    "pct1ResTime" : 987.0,
    "pct2ResTime" : 987.0,
    "pct3ResTime" : 987.0,
    "throughput" : 1.9149751053236308,
    "receivedKBytesPerSec" : 533.0647381271543,
    "sentKBytesPerSec" : 0.6246110206817311
  },
  "Total" : {
    "transaction" : "Total",
    "sampleCount" : 15,
    "errorCount" : 0,
    "errorPct" : 0.0,
    "meanResTime" : 370.8,
    "medianResTime" : 186.0,
    "minResTime" : 60.0,
    "maxResTime" : 1181.0,
    "pct1ResTime" : 1064.6000000000001,
    "pct2ResTime" : 1181.0,
    "pct3ResTime" : 1181.0,
    "throughput" : 3.3799008562415502,
    "receivedKBytesPerSec" : 315.2468295825823,
    "sentKBytesPerSec" : 0.9649000816809374
  },
  "login" : {
    "transaction" : "login",
    "sampleCount" : 5,
    "errorCount" : 0,
    "errorPct" : 0.0,
    "meanResTime" : 396.8,
    "medianResTime" : 186.0,
    "minResTime" : 173.0,
    "maxResTime" : 1181.0,
    "pct1ResTime" : 1181.0,
    "pct2ResTime" : 1181.0,
    "pct3ResTime" : 1181.0,
    "throughput" : 1.2239902080783354,
    "receivedKBytesPerSec" : 0.9586329559363526,
    "sentKBytesPerSec" : 0.30480224908200737
  },
  "create api key" : {
    "transaction" : "create api key",
    "sampleCount" : 5,
    "errorCount" : 0,
    "errorPct" : 0.0,
    "meanResTime" : 78.0,
    "medianResTime" : 60.0,
    "minResTime" : 60.0,
    "maxResTime" : 122.0,
    "pct1ResTime" : 122.0,
    "pct2ResTime" : 122.0,
    "pct3ResTime" : 122.0,
    "throughput" : 2.0601565718994643,
    "receivedKBytesPerSec" : 1.3668656005356408,
    "sentKBytesPerSec" : 0.5794190358467244
  }
}