{
  "zone activity" : {
    "transaction" : "zone activity",
    "sampleCount" : 10,
    "errorCount" : 0,
    "errorPct" : 0.0,
    "meanResTime" : 77.5,
    "medianResTime" : 77.0,
    "minResTime" : 69.0,
    "maxResTime" : 87.0,
    "pct1ResTime" : 86.9,
    "pct2ResTime" : 87.0,
    "pct3ResTime" : 87.0,
    "throughput" : 1.3388673182487616,
    "receivedKBytesPerSec" : 20.888422144865444,
    "sentKBytesPerSec" : 0.43539337595394295
  },
  "Total" : {
    "transaction" : "Total",
    "sampleCount" : 30,
    "errorCount" : 0,
    "errorPct" : 0.0,
    "meanResTime" : 113.46666666666668,
    "medianResTime" : 77.0,
    "minResTime" : 37.0,
    "maxResTime" : 1033.0,
    "pct1ResTime" : 139.70000000000002,
    "pct2ResTime" : 542.9499999999994,
    "pct3ResTime" : 1033.0,
    "throughput" : 3.279405334499344,
    "receivedKBytesPerSec" : 20.856249316790556,
    "sentKBytesPerSec" : 0.9362104421731526
  },
  "login" : {
    "transaction" : "login",
    "sampleCount" : 10,
    "errorCount" : 0,
    "errorPct" : 0.0,
    "meanResTime" : 217.60000000000002,
    "medianResTime" : 126.5,
    "minResTime" : 112.0,
    "maxResTime" : 1033.0,
    "pct1ResTime" : 943.9000000000003,
    "pct2ResTime" : 1033.0,
    "pct3ResTime" : 1033.0,
    "throughput" : 1.1076650420912715,
    "receivedKBytesPerSec" : 1.992499030793088,
    "sentKBytesPerSec" : 0.27691626052281787
  },
  "create api key" : {
    "transaction" : "create api key",
    "sampleCount" : 10,
    "errorCount" : 0,
    "errorPct" : 0.0,
    "meanResTime" : 45.3,
    "medianResTime" : 42.0,
    "minResTime" : 37.0,
    "maxResTime" : 61.0,
    "pct1ResTime" : 60.7,
    "pct2ResTime" : 61.0,
    "pct3ResTime" : 61.0,
    "throughput" : 1.3395847287340923,
    "receivedKBytesPerSec" : 2.2490371734762222,
    "sentKBytesPerSec" : 0.3767582049564635
  }
}