{
  "zone activity" : {
    "transaction" : "zone activity",
    "sampleCount" : 5,
    "errorCount" : 0,
    "errorPct" : 0.0,
    "meanResTime" : 397.0,
    "medianResTime" : 411.0,
    "minResTime" : 349.0,
    "maxResTime" : 445.0,
    "pct1ResTime" : 445.0,
    "pct2ResTime" : 445.0,
    "pct3ResTime" : 445.0,
    "throughput" : 2.886836027713626,
    "receivedKBytesPerSec" : 803.1826239535219,
    "sentKBytesPerSec" : 0.9416047199769053
  },
  "Total" : {
    "transaction" : "Total",
    "sampleCount" : 15,
    "errorCount" : 0,
    "errorPct" : 0.0,
    "meanResTime" : 494.3999999999999,
    "medianResTime" : 352.0,
    "minResTime" : 76.0,
    "maxResTime" : 2256.0,
    "pct1ResTime" : 1714.8000000000002,
    "pct2ResTime" : 2256.0,
    "pct3ResTime" : 2256.0,
    "throughput" : 3.126302626094206,
    "receivedKBytesPerSec" : 291.4458986817424,
    "sentKBytesPerSec" : 0.8925024098582742
  },
  "login" : {
    "transaction" : "login",
    "sampleCount" : 5,
    "errorCount" : 0,
    "errorPct" : 0.0,
    "meanResTime" : 943.8,
    "medianResTime" : 472.0,
    "minResTime" : 281.0,
    "maxResTime" : 2256.0,
    "pct1ResTime" : 2256.0,
    "pct2ResTime" : 2256.0,
    "pct3ResTime" : 2256.0,
    "throughput" : 1.1441647597254005,
    "receivedKBytesPerSec" : 0.897454233409611,
    "sentKBytesPerSec" : 0.2849238415331808
  },
  "create api key" : {
    "transaction" : "create api key",
    "sampleCount" : 5,
    "errorCount" : 0,
    "errorPct" : 0.0,
    "meanResTime" : 142.4,
    "medianResTime" : 177.0,
    "minResTime" : 76.0,
    "maxResTime" : 193.0,
    "pct1ResTime" : 193.0,
    "pct2ResTime" : 193.0,
    "pct3ResTime" : 193.0,
    "throughput" : 3.1725888324873095,
    "receivedKBytesPerSec" : 2.1086562103426396,
    "sentKBytesPerSec" : 0.8922906091370558
  }
}