{
  "zone activity" : {
    "transaction" : "zone activity",
    "sampleCount" : 5,
    "errorCount" : 0,
    "errorPct" : 0.0,
    "meanResTime" : 578.6,
    "medianResTime" : 263.0,
    "minResTime" : 165.0,
    "maxResTime" : 1145.0,
    "pct1ResTime" : 1145.0,
    "pct2ResTime" : 1145.0,
    "pct3ResTime" : 1145.0,
    "throughput" : 1.6469038208168643,
    "receivedKBytesPerSec" : 458.2011307024045,
    "sentKBytesPerSec" : 0.5371737071805006
  },
  "Total" : {
    "transaction" : "Total",
    "sampleCount" : 15,
    "errorCount" : 0,
    "errorPct" : 0.0,
    "meanResTime" : 273.0666666666667,
    "medianResTime" : 109.0,
    "minResTime" : 33.0,
    "maxResTime" : 1145.0,
    "pct1ResTime" : 1140.8,
    "pct2ResTime" : 1145.0,
    "pct3ResTime" : 1145.0,
    "throughput" : 3.55534486845224,
    "receivedKBytesPerSec" : 331.43753518310024,
    "sentKBytesPerSec" : 1.01498614896895
  },
  "login" : {
    "transaction" : "login",
    "sampleCount" : 5,
    "errorCount" : 0,
    "errorPct" : 0.0,
    "meanResTime" : 195.2,
    "medianResTime" : 109.0,
    "minResTime" : 95.0,
    "maxResTime" : 548.0,
    "pct1ResTime" : 548.0,
    "pct2ResTime" : 548.0,
    "pct3ResTime" : 548.0,
    "throughput" : 1.2444001991040317,
    "receivedKBytesPerSec" : 0.9746181246889,
    "sentKBytesPerSec" : 0.30988481520657046
  },
  "create api key" : {
    "transaction" : "create api key",
    "sampleCount" : 5,
    "errorCount" : 0,
    "errorPct" : 0.0,
    "meanResTime" : 45.4,
    "medianResTime" : 37.0,
    "minResTime" : 33.0,
    "maxResTime" : 61.0,
    "pct1ResTime" : 61.0,
    "pct2ResTime" : 61.0,
    "pct3ResTime" : 61.0,
    "throughput" : 1.6972165648336728,
    "receivedKBytesPerSec" : 1.1270578750848608,
    "sentKBytesPerSec" : 0.47734215885947046
  }
}