{
  "zone activity" : {
    "transaction" : "zone activity",
    "sampleCount" : 5,
    "errorCount" : 0,
    "errorPct" : 0.0,
    "meanResTime" : 1368.0,
    "medianResTime" : 1802.0,
    "minResTime" : 85.0,
    "maxResTime" : 2068.0,
    "pct1ResTime" : 2068.0,
    "pct2ResTime" : 2068.0,
    "pct3ResTime" : 2068.0,
    "throughput" : 2.145002145002145,
    "receivedKBytesPerSec" : 596.8053712194337,
    "sentKBytesPerSec" : 0.6996393715143715
  },
  "Total" : {
    "transaction" : "Total",
    "sampleCount" : 15,
    "errorCount" : 0,
    "errorPct" : 0.0,
    "meanResTime" : 562.3333333333334,
    "medianResTime" : 55.0,
    "minResTime" : 13.0,
    "maxResTime" : 2068.0,
    "pct1ResTime" : 2068.0,
    "pct2ResTime" : 2068.0,
    "pct3ResTime" : 2068.0,
    "throughput" : 3.7294878170064645,
    "receivedKBytesPerSec" : 347.6844154027847,
    "sentKBytesPerSec" : 1.064700786300348
  },
  "login" : {
    "transaction" : "login",
    "sampleCount" : 5,
    "errorCount" : 0,
    "errorPct" : 0.0,
    "meanResTime" : 295.8,
    "medianResTime" : 55.0,
    "minResTime" : 41.0,
    "maxResTime" : 1108.0,
    "pct1ResTime" : 1108.0,
    "pct2ResTime" : 1108.0,
    "pct3ResTime" : 1108.0,
    "throughput" : 1.2751849018107626,
    "receivedKBytesPerSec" : 0.9987288000510074,
    "sentKBytesPerSec" : 0.3175509276970161
  },
  "create api key" : {
    "transaction" : "create api key",
    "sampleCount" : 5,
    "errorCount" : 0,
    "errorPct" : 0.0,
    "meanResTime" : 23.2,
    "medianResTime" : 16.0,
    "minResTime" : 13.0,
    "maxResTime" : 36.0,
    "pct1ResTime" : 36.0,
    "pct2ResTime" : 36.0,
    "pct3ResTime" : 36.0,
    "throughput" : 2.177700348432056,
    "receivedKBytesPerSec" : 1.4448531413327528,
    "sentKBytesPerSec" : 0.6124782229965158
  }
}