{
  "zone activity" : {
    "transaction" : "zone activity",
    "sampleCount" : 10,
    "errorCount" : 0,
    "errorPct" : 0.0,
    "meanResTime" : 121.80000000000001,
    "medianResTime" : 124.5,
    "minResTime" : 114.0,
    "maxResTime" : 128.0,
    "pct1ResTime" : 128.0,
    "pct2ResTime" : 128.0,
    "pct3ResTime" : 128.0,
    "throughput" : 1.3297872340425532,
    "receivedKBytesPerSec" : 20.85714137300532,
    "sentKBytesPerSec" : 0.43244057513297873
  },
  "Total" : {
    "transaction" : "Total",
    "sampleCount" : 30,
    "errorCount" : 0,
    "errorPct" : 0.0,
    "meanResTime" : 156.33333333333337,
    "medianResTime" : 124.5,
    "minResTime" : 61.0,
    "maxResTime" : 1062.0,
    "pct1ResTime" : 199.9,
    "pct2ResTime" : 589.5499999999994,
    "pct3ResTime" : 1062.0,
    "throughput" : 3.239740820734341,
    "receivedKBytesPerSec" : 20.872916104211665,
    "sentKBytesPerSec" : 0.9248869465442765
  },
  "login" : {
    "transaction" : "login",
    "sampleCount" : 10,
    "errorCount" : 0,
    "errorPct" : 0.0,
    "meanResTime" : 278.5,
    "medianResTime" : 195.5,
    "minResTime" : 179.0,
    "maxResTime" : 1062.0,
    "pct1ResTime" : 976.1000000000003,
    "pct2ResTime" : 1062.0,
    "pct3ResTime" : 1062.0,
    "throughput" : 1.101079057476327,
    "receivedKBytesPerSec" : 2.0720501403875797,
    "sentKBytesPerSec" : 0.2752697643690817
  },
  "create api key" : {
    "transaction" : "create api key",
    "sampleCount" : 10,
    "errorCount" : 0,
    "errorPct" : 0.0,
    "meanResTime" : 68.7,
    "medianResTime" : 66.5,
    "minResTime" : 61.0,
    "maxResTime" : 88.0,
    "pct1ResTime" : 87.8,
    "pct2ResTime" : 88.0,
    "pct3ResTime" : 88.0,
    "throughput" : 1.332267519317879,
    "receivedKBytesPerSec" : 2.347340877298161,
    "sentKBytesPerSec" : 0.3747002398081535
  }
}