{
  "zone activity" : {
    "transaction" : "zone activity",
    "sampleCount" : 5,
    "errorCount" : 0,
    "errorPct" : 0.0,
    "meanResTime" : 64.2,
    "medianResTime" : 57.0,
    "minResTime" : 56.0,
    "maxResTime" : 76.0,
    "pct1ResTime" : 76.0,
    "pct2ResTime" : 76.0,
    "pct3ResTime" : 76.0,
    "throughput" : 2.0550760378133988,
    "receivedKBytesPerSec" : 571.696465269215,
    "sentKBytesPerSec" : 0.6703080045211673
  },
  "Total" : {
    "transaction" : "Total",
    "sampleCount" : 15,
    "errorCount" : 0,
    "errorPct" : 0.0,
    "meanResTime" : 103.33333333333334,
    "medianResTime" : 47.0,
    "minResTime" : 12.0,
    "maxResTime" : 962.0,
    "pct1ResTime" : 430.4000000000003,
    "pct2ResTime" : 962.0,
    "pct3ResTime" : 962.0,
    "throughput" : 3.7471896077941547,
    "receivedKBytesPerSec" : 349.2807640363477,
    "sentKBytesPerSec" : 1.069754324881339
  },
  "login" : {
    "transaction" : "login",
    "sampleCount" : 5,
    "errorCount" : 0,
    "errorPct" : 0.0,
    "meanResTime" : 228.8,
    "medianResTime" : 47.0,
    "minResTime" : 34.0,
    "maxResTime" : 962.0,
    "pct1ResTime" : 962.0,
    "pct2ResTime" : 962.0,
    "pct3ResTime" : 962.0,
    "throughput" : 1.2716174974567651,
    "receivedKBytesPerSec" : 0.9959347978128179,
    "sentKBytesPerSec" : 0.31666256040183116
  },
  "create api key" : {
    "transaction" : "create api key",
    "sampleCount" : 5,
    "errorCount" : 0,
    "errorPct" : 0.0,
    "meanResTime" : 17.0,
    "medianResTime" : 13.0,
    "minResTime" : 12.0,
    "maxResTime" : 26.0,
    "pct1ResTime" : 26.0,
    "pct2ResTime" : 26.0,
    "pct3ResTime" : 26.0,
    "throughput" : 2.0678246484698097,
    "receivedKBytesPerSec" : 1.3719531896195203,
    "sentKBytesPerSec" : 0.581575682382134
  }
}