{
  "zone activity" : {
    "transaction" : "zone activity",
    "sampleCount" : 5,
    "errorCount" : 0,
    "errorPct" : 0.0,
    "meanResTime" : 271.8,
    "medianResTime" : 241.0,
    "minResTime" : 63.0,
    "maxResTime" : 497.0,
    "pct1ResTime" : 497.0,
    "pct2ResTime" : 497.0,
    "pct3ResTime" : 497.0,
    "throughput" : 2.1385799828913603,
    "receivedKBytesPerSec" : 595.1338116178357,
    "sentKBytesPerSec" : 0.6975446428571428
  },
  "Total" : {
    "transaction" : "Total",
    "sampleCount" : 15,
    "errorCount" : 0,
    "errorPct" : 0.0,
    "meanResTime" : 175.9333333333333,
    "medianResTime" : 51.0,
    "minResTime" : 14.0,
    "maxResTime" : 971.0,
    "pct1ResTime" : 686.6000000000001,
    "pct2ResTime" : 971.0,
    "pct3ResTime" : 971.0,
    "throughput" : 3.70278943470748,
    "receivedKBytesPerSec" : 345.26197235250555,
    "sentKBytesPerSec" : 1.0570788848432486
  },
  "login" : {
    "transaction" : "login",
    "sampleCount" : 5,
    "errorCount" : 0,
    "errorPct" : 0.0,
    "meanResTime" : 232.2,
    "medianResTime" : 51.0,
    "minResTime" : 37.0,
    "maxResTime" : 971.0,
    "pct1ResTime" : 971.0,
    "pct2ResTime" : 971.0,
    "pct3ResTime" : 971.0,
    "throughput" : 1.2623074981065388,
    "receivedKBytesPerSec" : 0.9886431772279728,
    "sentKBytesPerSec" : 0.31434415236051505
  },
  "create api key" : {
    "transaction" : "create api key",
    "sampleCount" : 5,
    "errorCount" : 0,
    "errorPct" : 0.0,
    "meanResTime" : 23.8,
    "medianResTime" : 17.0,
    "minResTime" : 14.0,
    "maxResTime" : 37.0,
    "pct1ResTime" : 37.0,
    "pct2ResTime" : 37.0,
    "pct3ResTime" : 37.0,
    "throughput" : 2.1561017680034498,
    "receivedKBytesPerSec" : 1.4305229894351015,
    "sentKBytesPerSec" : 0.6064036222509702
  }
}