{
  "zone activity" : {
    "transaction" : "zone activity",
    "sampleCount" : 5,
    "errorCount" : 0,
    "errorPct" : 0.0,
    "meanResTime" : 1227.0,
    "medianResTime" : 1528.0,
    "minResTime" : 372.0,
    "maxResTime" : 1854.0,
    "pct1ResTime" : 1854.0,
    "pct2ResTime" : 1854.0,
    "pct3ResTime" : 1854.0,
    "throughput" : 1.864975755315181,
    "receivedKBytesPerSec" : 518.825327536367,
    "sentKBytesPerSec" : 0.6083026389406938
  },
  "Total" : {
    "transaction" : "Total",
    "sampleCount" : 15,
    "errorCount" : 0,
    "errorPct" : 0.0,
    "meanResTime" : 576.4666666666667,
    "medianResTime" : 232.0,
    "minResTime" : 75.0,
    "maxResTime" : 1854.0,
    "pct1ResTime" : 1852.8,
    "pct2ResTime" : 1854.0,
    "pct3ResTime" : 1854.0,
    "throughput" : 3.27653997378768,
    "receivedKBytesPerSec" : 305.4181086855614,
    "sentKBytesPerSec" : 0.9353924339231104
  },
  "login" : {
    "transaction" : "login",
    "sampleCount" : 5,
    "errorCount" : 0,
    "errorPct" : 0.0,
    "meanResTime" : 418.6,
    "medianResTime" : 232.0,
    "minResTime" : 221.0,
    "maxResTime" : 1158.0,
    "pct1ResTime" : 1158.0,
    "pct2ResTime" : 1158.0,
    "pct3ResTime" : 1158.0,
    "throughput" : 1.210946960523129,
    "receivedKBytesPerSec" : 0.9484174436909665,
    "sentKBytesPerSec" : 0.30155417473964646
  },
  "create api key" : {
    "transaction" : "create api key",
    "sampleCount" : 5,
    "errorCount" : 0,
    "errorPct" : 0.0,
    "meanResTime" : 83.8,
    "medianResTime" : 78.0,
    "minResTime" : 75.0,
    "maxResTime" : 98.0,
    "pct1ResTime" : 98.0,
    "pct2ResTime" : 98.0,
    "pct3ResTime" : 98.0,
    "throughput" : 2.0652622883106155,
    "receivedKBytesPerSec" : 1.3702531237092113,
    "sentKBytesPerSec" : 0.5808550185873607
  }
}