{
  "zone activity" : {
    "transaction" : "zone activity",
    "sampleCount" : 5,
    "errorCount" : 0,
    "errorPct" : 0.0,
    "meanResTime" : 72.6,
    "medianResTime" : 42.0,
    "minResTime" : 41.0,
    "maxResTime" : 120.0,
    "pct1ResTime" : 120.0,
    "pct2ResTime" : 120.0,
    "pct3ResTime" : 120.0,
    "throughput" : 2.134927412467976,
    "receivedKBytesPerSec" : 594.9938454045687,
    "sentKBytesPerSec" : 0.6963532771135781
  },
  "Total" : {
    "transaction" : "Total",
    "sampleCount" : 15,
    "errorCount" : 0,
    "errorPct" : 0.0,
    "meanResTime" : 110.79999999999998,
    "medianResTime" : 41.0,
    "minResTime" : 11.0,
    "maxResTime" : 988.0,
    "pct1ResTime" : 467.20000000000033,
    "pct2ResTime" : 988.0,
    "pct3ResTime" : 988.0,
    "throughput" : 3.7537537537537538,
    "receivedKBytesPerSec" : 350.5277738676176,
    "sentKBytesPerSec" : 1.0716282688938938
  },
  "login" : {
    "transaction" : "login",
    "sampleCount" : 5,
    "errorCount" : 0,
    "errorPct" : 0.0,
    "meanResTime" : 236.4,
    "medianResTime" : 45.0,
    "minResTime" : 34.0,
    "maxResTime" : 988.0,
    "pct1ResTime" : 988.0,
    "pct2ResTime" : 988.0,
    "pct3ResTime" : 988.0,
    "throughput" : 1.268713524486171,
    "receivedKBytesPerSec" : 0.9936603971073332,
    "sentKBytesPerSec" : 0.31593940307028673
  },
  "create api key" : {
    "transaction" : "create api key",
    "sampleCount" : 5,
    "errorCount" : 0,
    "errorPct" : 0.0,
    "meanResTime" : 23.4,
    "medianResTime" : 12.0,
    "minResTime" : 11.0,
    "maxResTime" : 42.0,
    "pct1ResTime" : 42.0,
    "pct2ResTime" : 42.0,
    "pct3ResTime" : 42.0,
    "throughput" : 2.1213406873143827,
    "receivedKBytesPerSec" : 1.407459827110734,
    "sentKBytesPerSec" : 0.59662706830717
  }
}