{
  "zone activity" : {
    "transaction" : "zone activity",
    "sampleCount" : 5,
    "errorCount" : 0,
    "errorPct" : 0.0,
    "meanResTime" : 536.6,
    "medianResTime" : 490.0,
    "minResTime" : 180.0,
    "maxResTime" : 909.0,
    "pct1ResTime" : 909.0,
    "pct2ResTime" : 909.0,
    "pct3ResTime" : 909.0,
    "throughput" : 1.9485580670303975,
    "receivedKBytesPerSec" : 542.114352956937,
    "sentKBytesPerSec" : 0.6355648382696805
  },
  "Total" : {
    "transaction" : "Total",
    "sampleCount" : 15,
    "errorCount" : 0,
    "errorPct" : 0.0,
    "meanResTime" : 296.2,
    "medianResTime" : 129.0,
    "minResTime" : 37.0,
    "maxResTime" : 1045.0,
    "pct1ResTime" : 963.4000000000001,
    "pct2ResTime" : 1045.0,
    "pct3ResTime" : 1045.0,
    "throughput" : 3.531904874028726,
    "receivedKBytesPerSec" : 329.2438964268896,
    "sentKBytesPerSec" : 1.0082944578526019
  },
  "login" : {
    "transaction" : "login",
    "sampleCount" : 5,
    "errorCount" : 0,
    "errorPct" : 0.0,
    "meanResTime" : 307.2,
    "medianResTime" : 129.0,
    "minResTime" : 112.0,
    "maxResTime" : 1045.0,
    "pct1ResTime" : 1045.0,
    "pct2ResTime" : 1045.0,
    "pct3ResTime" : 1045.0,
    "throughput" : 1.2416190712689348,
    "receivedKBytesPerSec" : 0.9724399366774273,
    "sentKBytesPerSec" : 0.3091922491929476
  },
  "create api key" : {
    "transaction" : "create api key",
    "sampleCount" : 5,
    "errorCount" : 0,
    "errorPct" : 0.0,
    "meanResTime" : 44.8,
    "medianResTime" : 43.0,
    "minResTime" : 37.0,
    "maxResTime" : 54.0,
    "pct1ResTime" : 54.0,
    "pct2ResTime" : 54.0,
    "pct3ResTime" : 54.0,
    "throughput" : 2.035002035002035,
    "receivedKBytesPerSec" : 1.350176154863655,
    "sentKBytesPerSec" : 0.5723443223443224
  }
}