{
  "zone activity" : {
    "transaction" : "zone activity",
    "sampleCount" : 5,
    "errorCount" : 0,
    "errorPct" : 0.0,
    "meanResTime" : 238.2,
    "medianResTime" : 227.0,
    "minResTime" : 224.0,
    "maxResTime" : 266.0,
    "pct1ResTime" : 266.0,
    "pct2ResTime" : 266.0,
    "pct3ResTime" : 266.0,
    "throughput" : 1.9127773527161438,
    "receivedKBytesPerSec" : 532.1227046671768,
    "sentKBytesPerSec" : 0.623894175592961
  },
  "Total" : {
    "transaction" : "Total",
    "sampleCount" : 15,
    "errorCount" : 0,
    "errorPct" : 0.0,
    "meanResTime" : 201.2,
    "medianResTime" : 139.0,
    "minResTime" : 42.0,
    "maxResTime" : 1036.0,
    "pct1ResTime" : 574.0000000000002,
    "pct2ResTime" : 1036.0,
    "pct3ResTime" : 1036.0,
    "throughput" : 3.4786641929499074,
    "receivedKBytesPerSec" : 324.25838321834414,
    "sentKBytesPerSec" : 0.9930952139378478
  },
  "login" : {
    "transaction" : "login",
    "sampleCount" : 5,
    "errorCount" : 0,
    "errorPct" : 0.0,
    "meanResTime" : 315.0,
    "medianResTime" : 139.0,
    "minResTime" : 127.0,
    "maxResTime" : 1036.0,
    "pct1ResTime" : 1036.0,
    "pct2ResTime" : 1036.0,
    "pct3ResTime" : 1036.0,
    "throughput" : 1.2376237623762376,
    "receivedKBytesPerSec" : 0.9693107982673267,
    "sentKBytesPerSec" : 0.30819732363861385
  },
  "create api key" : {
    "transaction" : "create api key",
    "sampleCount" : 5,
    "errorCount" : 0,
    "errorPct" : 0.0,
    "meanResTime" : 50.4,
    "medianResTime" : 43.0,
    "minResTime" : 42.0,
    "maxResTime" : 63.0,
    "pct1ResTime" : 63.0,
    "pct2ResTime" : 63.0,
    "pct3ResTime" : 63.0,
    "throughput" : 2.029220779220779,
    "receivedKBytesPerSec" : 1.346340427150974,
    "sentKBytesPerSec" : 0.5707183441558442
  }
}