{
  "zone activity" : {
    "transaction" : "zone activity",
    "sampleCount" : 5,
    "errorCount" : 0,
    "errorPct" : 0.0,
    "meanResTime" : 50.2,
    "medianResTime" : 49.0,
    "minResTime" : 47.0,
    "maxResTime" : 57.0,
    "pct1ResTime" : 57.0,
    "pct2ResTime" : 57.0,
    "pct3ResTime" : 57.0,
    "throughput" : 1.858736059479554,
    "receivedKBytesPerSec" : 26.50368842936803,
    "sentKBytesPerSec" : 0.6044522537174721
  },
  "Total" : {
    "transaction" : "Total",
    "sampleCount" : 15,
    "errorCount" : 0,
    "errorPct" : 0.0,
    "meanResTime" : 104.66666666666667,
    "medianResTime" : 56.0,
    "minResTime" : 28.0,
    "maxResTime" : 739.0,
    "pct1ResTime" : 357.4000000000002,
    "pct2ResTime" : 739.0,
    "pct3ResTime" : 739.0,
    "throughput" : 3.676470588235294,
    "receivedKBytesPerSec" : 19.247137331495097,
    "sentKBytesPerSec" : 1.0483685661764706
  },
  "login" : {
    "transaction" : "login",
    "sampleCount" : 5,
    "errorCount" : 0,
    "errorPct" : 0.0,
    "meanResTime" : 220.6,
    "medianResTime" : 90.0,
    "minResTime" : 83.0,
    "maxResTime" : 739.0,
    "pct1ResTime" : 739.0,
    "pct2ResTime" : 739.0,
    "pct3ResTime" : 739.0,
    "throughput" : 1.2496875781054737,
    "receivedKBytesPerSec" : 0.9787592164458885,
    "sentKBytesPerSec" : 0.31120149650087475
  },
  "create api key" : {
    "transaction" : "create api key",
    "sampleCount" : 5,
    "errorCount" : 0,
    "errorPct" : 0.0,
    "meanResTime" : 43.2,
    "medianResTime" : 29.0,
    "minResTime" : 28.0,
    "maxResTime" : 74.0,
    "pct1ResTime" : 74.0,
    "pct2ResTime" : 74.0,
    "pct3ResTime" : 74.0,
    "throughput" : 1.8436578171091444,
    "receivedKBytesPerSec" : 1.223223750921829,
    "sentKBytesPerSec" : 0.5185287610619469
  }
}