{
  "zone activity" : {
    "transaction" : "zone activity",
    "sampleCount" : 5,
    "errorCount" : 0,
    "errorPct" : 0.0,
    "meanResTime" : 1428.8,
    "medianResTime" : 1666.0,
    "minResTime" : 337.0,
    "maxResTime" : 2235.0,
    "pct1ResTime" : 2235.0,
    "pct2ResTime" : 2235.0,
    "pct3ResTime" : 2235.0,
    "throughput" : 1.7355085039916696,
    "receivedKBytesPerSec" : 482.7418593804235,
    "sentKBytesPerSec" : 0.5660740628254078
  },
  "Total" : {
    "transaction" : "Total",
    "sampleCount" : 15,
    "errorCount" : 0,
    "errorPct" : 0.0,
    "meanResTime" : 620.2666666666667,
    "medianResTime" : 197.0,
    "minResTime" : 65.0,
    "maxResTime" : 2235.0,
    "pct1ResTime" : 2226.6,
    "pct2ResTime" : 2235.0,
    "pct3ResTime" : 2235.0,
    "throughput" : 3.3259423503325944,
    "receivedKBytesPerSec" : 309.9812915742794,
    "sentKBytesPerSec" : 0.9494959118625278
  },
  "login" : {
    "transaction" : "login",
    "sampleCount" : 5,
    "errorCount" : 0,
    "errorPct" : 0.0,
    "meanResTime" : 348.8,
    "medianResTime" : 197.0,
    "minResTime" : 193.0,
    "maxResTime" : 956.0,
    "pct1ResTime" : 956.0,
    "pct2ResTime" : 956.0,
    "pct3ResTime" : 956.0,
    "throughput" : 1.2183235867446394,
    "receivedKBytesPerSec" : 0.9541948403996101,
    "sentKBytesPerSec" : 0.3033911275584795
  },
  "create api key" : {
    "transaction" : "create api key",
    "sampleCount" : 5,
    "errorCount" : 0,
    "errorPct" : 0.0,
    "meanResTime" : 83.2,
    "medianResTime" : 79.0,
    "minResTime" : 65.0,
    "maxResTime" : 113.0,
    "pct1ResTime" : 113.0,
    "pct2ResTime" : 113.0,
    "pct3ResTime" : 113.0,
    "throughput" : 1.890359168241966,
    "receivedKBytesPerSec" : 1.2553166351606806,
    "sentKBytesPerSec" : 0.531663516068053
  }
}