{
  "zone activity" : {
    "transaction" : "zone activity",
    "sampleCount" : 5,
    "errorCount" : 0,
    "errorPct" : 0.0,
    "meanResTime" : 365.4,
    "medianResTime" : 286.0,
    "minResTime" : 217.0,
    "maxResTime" : 558.0,
    "pct1ResTime" : 558.0,
    "pct2ResTime" : 558.0,
    "pct3ResTime" : 558.0,
    "throughput" : 2.0601565718994643,
    "receivedKBytesPerSec" : 573.1745886124845,
    "sentKBytesPerSec" : 0.6719651318500206
  },
  "Total" : {
    "transaction" : "Total",
    "sampleCount" : 15,
    "errorCount" : 0,
    "errorPct" : 0.0,
    "meanResTime" : 267.33333333333337,
    "medianResTime" : 186.0,
    "minResTime" : 43.0,
    "maxResTime" : 1201.0,
    "pct1ResTime" : 815.2000000000003,
    "pct2ResTime" : 1201.0,
    "pct3ResTime" : 1201.0,
    "throughput" : 3.4956886506641807,
    "receivedKBytesPerSec" : 325.8746504311349,
    "sentKBytesPerSec" : 0.9979553862735958
  },
  "login" : {
    "transaction" : "login",
    "sampleCount" : 5,
    "errorCount" : 0,
    "errorPct" : 0.0,
    "meanResTime" : 386.8,
    "medianResTime" : 186.0,
    "minResTime" : 122.0,
    "maxResTime" : 1201.0,
    "pct1ResTime" : 1201.0,
    "pct2ResTime" : 1201.0,
    "pct3ResTime" : 1201.0,
    "throughput" : 1.2410027302060065,
    "receivedKBytesPerSec" : 0.9719572164308762,
    "sentKBytesPerSec" : 0.30903876582278483
  },
  "create api key" : {
    "transaction" : "create api key",
    "sampleCount" : 5,
    "errorCount" : 0,
    "errorPct" : 0.0,
    "meanResTime" : 49.8,
    "medianResTime" : 45.0,
    "minResTime" : 43.0,
    "maxResTime" : 58.0,
    "pct1ResTime" : 58.0,
    "pct2ResTime" : 58.0,
    "pct3ResTime" : 58.0,
    "throughput" : 2.190100744634253,
    "receivedKBytesPerSec" : 1.4530805135786247,
    "sentKBytesPerSec" : 0.6159658344283837
  }
}