{
  "zone activity" : {
    "transaction" : "zone activity",
    "sampleCount" : 5,
    "errorCount" : 0,
    "errorPct" : 0.0,
    "meanResTime" : 311.6,
    "medianResTime" : 306.0,
    "minResTime" : 303.0,
    "maxResTime" : 326.0,
    "pct1ResTime" : 326.0,
    "pct2ResTime" : 326.0,
    "pct3ResTime" : 326.0,
    "throughput" : 1.859427296392711,
    "receivedKBytesPerSec" : 517.5799408469691,
    "sentKBytesPerSec" : 0.6064928876905913
  },
  "Total" : {
    "transaction" : "Total",
    "sampleCount" : 15,
    "errorCount" : 0,
    "errorPct" : 0.0,
    "meanResTime" : 253.20000000000005,
    "medianResTime" : 206.0,
    "minResTime" : 64.0,
    "maxResTime" : 1086.0,
    "pct1ResTime" : 630.0000000000002,
    "pct2ResTime" : 1086.0,
    "pct3ResTime" : 1086.0,
    "throughput" : 3.3557046979865772,
    "receivedKBytesPerSec" : 312.9767023210291,
    "sentKBytesPerSec" : 0.9579925195749441
  },
  "login" : {
    "transaction" : "login",
    "sampleCount" : 5,
    "errorCount" : 0,
    "errorPct" : 0.0,
    "meanResTime" : 376.6,
    "medianResTime" : 206.0,
    "minResTime" : 189.0,
    "maxResTime" : 1086.0,
    "pct1ResTime" : 1086.0,
    "pct2ResTime" : 1086.0,
    "pct3ResTime" : 1086.0,
    "throughput" : 1.220703125,
    "receivedKBytesPerSec" : 0.9560585021972656,
    "sentKBytesPerSec" : 0.3039836883544922
  },
  "create api key" : {
    "transaction" : "create api key",
    "sampleCount" : 5,
    "errorCount" : 0,
    "errorPct" : 0.0,
    "meanResTime" : 71.4,
    "medianResTime" : 65.0,
    "minResTime" : 64.0,
    "maxResTime" : 82.0,
    "pct1ResTime" : 82.0,
    "pct2ResTime" : 82.0,
    "pct3ResTime" : 82.0,
    "throughput" : 2.016942315449778,
    "receivedKBytesPerSec" : 1.3381939542154093,
    "sentKBytesPerSec" : 0.5672650262202501
  }
}