{
  "zone activity" : {
    "transaction" : "zone activity",
    "sampleCount" : 5,
    "errorCount" : 0,
    "errorPct" : 0.0,
    "meanResTime" : 617.0,
    "medianResTime" : 901.0,
    "minResTime" : 138.0,
    "maxResTime" : 949.0,
    "pct1ResTime" : 949.0,
    "pct2ResTime" : 949.0,
    "pct3ResTime" : 949.0,
    "throughput" : 2.2851919561243146,
    "receivedKBytesPerSec" : 636.1420960923217,
    "sentKBytesPerSec" : 0.7453653450639853
  },
  "Total" : {
    "transaction" : "Total",
    "sampleCount" : 15,
    "errorCount" : 0,
    "errorPct" : 0.0,
    "meanResTime" : 314.3999999999999,
    "medianResTime" : 92.0,
    "minResTime" : 30.0,
    "maxResTime" : 1041.0,
    "pct1ResTime" : 985.8000000000001,
    "pct2ResTime" : 1041.0,
    "pct3ResTime" : 1041.0,
    "throughput" : 3.581661891117479,
    "receivedKBytesPerSec" : 334.0764815395177,
    "sentKBytesPerSec" : 1.0224991792024833
  },
  "login" : {
    "transaction" : "login",
    "sampleCount" : 5,
    "errorCount" : 0,
    "errorPct" : 0.0,
    "meanResTime" : 287.8,
    "medianResTime" : 92.0,
    "minResTime" : 91.0,
    "maxResTime" : 1041.0,
    "pct1ResTime" : 1041.0,
    "pct2ResTime" : 1041.0,
    "pct3ResTime" : 1041.0,
    "throughput" : 1.2478163214374844,
    "receivedKBytesPerSec" : 0.9772936423758424,
    "sentKBytesPerSec" : 0.3107355097329673
  },
  "create api key" : {
    "transaction" : "create api key",
    "sampleCount" : 5,
    "errorCount" : 0,
    "errorPct" : 0.0,
    "meanResTime" : 38.4,
    "medianResTime" : 32.0,
    "minResTime" : 30.0,
    "maxResTime" : 54.0,
    "pct1ResTime" : 54.0,
    "pct2ResTime" : 54.0,
    "pct3ResTime" : 54.0,
    "throughput" : 2.38208670795617,
    "receivedKBytesPerSec" : 1.5804587005717006,
    "sentKBytesPerSec" : 0.6699618866126726
  }
}