{
  "zone activity" : {
    "transaction" : "zone activity",
    "sampleCount" : 5,
    "errorCount" : 0,
    "errorPct" : 0.0,
    "meanResTime" : 1070.2,
    "medianResTime" : 1155.0,
    "minResTime" : 271.0,
    "maxResTime" : 1822.0,
    "pct1ResTime" : 1822.0,
    "pct2ResTime" : 1822.0,
    "pct3ResTime" : 1822.0,
    "throughput" : 1.7041581458759374,
    "receivedKBytesPerSec" : 474.1490525945807,
    "sentKBytesPerSec" : 0.555848457736878
  },
  "Total" : {
    "transaction" : "Total",
    "sampleCount" : 15,
    "errorCount" : 0,
    "errorPct" : 0.0,
    "meanResTime" : 476.4666666666667,
    "medianResTime" : 170.0,
    "minResTime" : 51.0,
    "maxResTime" : 1822.0,
    "pct1ResTime" : 1822.0,
    "pct2ResTime" : 1822.0,
    "pct3ResTime" : 1822.0,
    "throughput" : 3.4114168751421423,
    "receivedKBytesPerSec" : 318.0322254520127,
    "sentKBytesPerSec" : 0.9738973305662951
  },
  "login" : {
    "transaction" : "login",
    "sampleCount" : 5,
    "errorCount" : 0,
    "errorPct" : 0.0,
    "meanResTime" : 291.2,
    "medianResTime" : 170.0,
    "minResTime" : 157.0,
    "maxResTime" : 788.0,
    "pct1ResTime" : 788.0,
    "pct2ResTime" : 788.0,
    "pct3ResTime" : 788.0,
    "throughput" : 1.2278978388998034,
    "receivedKBytesPerSec" : 0.9616934246070726,
    "sentKBytesPerSec" : 0.3057753407416503
  },
  "create api key" : {
    "transaction" : "create api key",
    "sampleCount" : 5,
    "errorCount" : 0,
    "errorPct" : 0.0,
    "meanResTime" : 68.0,
    "medianResTime" : 67.0,
    "minResTime" : 51.0,
    "maxResTime" : 84.0,
    "pct1ResTime" : 84.0,
    "pct2ResTime" : 84.0,
    "pct3ResTime" : 84.0,
    "throughput" : 1.8109380659181455,
    "receivedKBytesPerSec" : 1.2018686617167693,
    "sentKBytesPerSec" : 0.5093263310394784
  }
}