{
  "zone activity" : {
    "transaction" : "zone activity",
    "sampleCount" : 5,
    "errorCount" : 0,
    "errorPct" : 0.0,
    "meanResTime" : 1203.2,
    "medianResTime" : 1590.0,
    "minResTime" : 88.0,
    "maxResTime" : 1874.0,
    "pct1ResTime" : 1874.0,
    "pct2ResTime" : 1874.0,
    "pct3ResTime" : 1874.0,
    "throughput" : 2.1321961620469083,
    "receivedKBytesPerSec" : 593.2048740671642,
    "sentKBytesPerSec" : 0.6954624200426439
  },
  "Total" : {
    "transaction" : "Total",
    "sampleCount" : 15,
    "errorCount" : 0,
    "errorPct" : 0.0,
    "meanResTime" : 498.9333333333333,
    "medianResTime" : 70.0,
    "minResTime" : 14.0,
    "maxResTime" : 1874.0,
    "pct1ResTime" : 1866.8,
    "pct2ResTime" : 1874.0,
    "pct3ResTime" : 1874.0,
    "throughput" : 3.70278943470748,
    "receivedKBytesPerSec" : 345.17374182300665,
    "sentKBytesPerSec" : 1.0570788848432486
  },
  "login" : {
    "transaction" : "login",
    "sampleCount" : 5,
    "errorCount" : 0,
    "errorPct" : 0.0,
    "meanResTime" : 267.6,
    "medianResTime" : 70.0,
    "minResTime" : 45.0,
    "maxResTime" : 1039.0,
    "pct1ResTime" : 1039.0,
    "pct2ResTime" : 1039.0,
    "pct3ResTime" : 1039.0,
    "throughput" : 1.266784899923993,
    "receivedKBytesPerSec" : 0.9921498923232835,
    "sentKBytesPerSec" : 0.3154591303521662
  },
  "create api key" : {
    "transaction" : "create api key",
    "sampleCount" : 5,
    "errorCount" : 0,
    "errorPct" : 0.0,
    "meanResTime" : 26.0,
    "medianResTime" : 15.0,
    "minResTime" : 14.0,
    "maxResTime" : 44.0,
    "pct1ResTime" : 44.0,
    "pct2ResTime" : 44.0,
    "pct3ResTime" : 44.0,
    "throughput" : 2.16076058772688,
    "receivedKBytesPerSec" : 1.43361400713051,
    "sentKBytesPerSec" : 0.607713915298185
  }
}