{
  "zone activity" : {
    "transaction" : "zone activity",
    "sampleCount" : 5,
    "errorCount" : 0,
    "errorPct" : 0.0,
    "meanResTime" : 106.8,
    "medianResTime" : 89.0,
    "minResTime" : 82.0,
    "maxResTime" : 140.0,
    "pct1ResTime" : 140.0,
    "pct2ResTime" : 140.0,
    "pct3ResTime" : 140.0,
    "throughput" : 2.1061499578770007,
    "receivedKBytesPerSec" : 585.6976786278433,
    "sentKBytesPerSec" : 0.6869668807919124
  },
  "Total" : {
    "transaction" : "Total",
    "sampleCount" : 15,
    "errorCount" : 0,
    "errorPct" : 0.0,
    "meanResTime" : 122.06666666666669,
    "medianResTime" : 52.0,
    "minResTime" : 15.0,
    "maxResTime" : 975.0,
    "pct1ResTime" : 474.0000000000003,
    "pct2ResTime" : 975.0,
    "pct3ResTime" : 975.0,
    "throughput" : 3.7018756169792697,
    "receivedKBytesPerSec" : 344.93575703356373,
    "sentKBytesPerSec" : 1.0568180065399804
  },
  "login" : {
    "transaction" : "login",
    "sampleCount" : 5,
    "errorCount" : 0,
    "errorPct" : 0.0,
    "meanResTime" : 237.6,
    "medianResTime" : 52.0,
    "minResTime" : 46.0,
    "maxResTime" : 975.0,
    "pct1ResTime" : 975.0,
    "pct2ResTime" : 975.0,
    "pct3ResTime" : 975.0,
    "throughput" : 1.2655024044545686,
    "receivedKBytesPerSec" : 0.9911454378638319,
    "sentKBytesPerSec" : 0.31513975892179197
  },
  "create api key" : {
    "transaction" : "create api key",
    "sampleCount" : 5,
    "errorCount" : 0,
    "errorPct" : 0.0,
    "meanResTime" : 21.8,
    "medianResTime" : 17.0,
    "minResTime" : 15.0,
    "maxResTime" : 31.0,
    "pct1ResTime" : 31.0,
    "pct2ResTime" : 31.0,
    "pct3ResTime" : 31.0,
    "throughput" : 2.1376656690893547,
    "receivedKBytesPerSec" : 1.4182910699016673,
    "sentKBytesPerSec" : 0.6012184694313809
  }
}