{
  "zone activity" : {
    "transaction" : "zone activity",
    "sampleCount" : 5,
    "errorCount" : 0,
    "errorPct" : 0.0,
    "meanResTime" : 387.4,
    "medianResTime" : 390.0,
    "minResTime" : 366.0,
    "maxResTime" : 410.0,
    "pct1ResTime" : 410.0,
    "pct2ResTime" : 410.0,
    "pct3ResTime" : 410.0,
    "throughput" : 1.54273372415921,
    "receivedKBytesPerSec" : 429.38136377661215,
    "sentKBytesPerSec" : 0.5031963514347424
  },
  "Total" : {
    "transaction" : "Total",
    "sampleCount" : 15,
    "errorCount" : 0,
    "errorPct" : 0.0,
    "meanResTime" : 269.80000000000007,
    "medianResTime" : 243.0,
    "minResTime" : 78.0,
    "maxResTime" : 703.0,
    "pct1ResTime" : 527.2,
    "pct2ResTime" : 703.0,
    "pct3ResTime" : 703.0,
    "throughput" : 3.2327586206896552,
    "receivedKBytesPerSec" : 301.4781031115302,
    "sentKBytesPerSec" : 0.922893655711207
  },
  "login" : {
    "transaction" : "login",
    "sampleCount" : 5,
    "errorCount" : 0,
    "errorPct" : 0.0,
    "meanResTime" : 335.6,
    "medianResTime" : 243.0,
    "minResTime" : 230.0,
    "maxResTime" : 703.0,
    "pct1ResTime" : 703.0,
    "pct2ResTime" : 703.0,
    "pct3ResTime" : 703.0,
    "throughput" : 1.2007684918347743,
    "receivedKBytesPerSec" : 0.9404456352065322,
    "sentKBytesPerSec" : 0.2990194974783862
  },
  "create api key" : {
    "transaction" : "create api key",
    "sampleCount" : 5,
    "errorCount" : 0,
    "errorPct" : 0.0,
    "meanResTime" : 86.4,
    "medianResTime" : 83.0,
    "minResTime" : 78.0,
    "maxResTime" : 97.0,
    "pct1ResTime" : 97.0,
    "pct2ResTime" : 97.0,
    "pct3ResTime" : 97.0,
    "throughput" : 1.6886187098953056,
    "receivedKBytesPerSec" : 1.1203589370145222,
    "sentKBytesPerSec" : 0.47492401215805474
  }
}