{
  "zone activity" : {
    "transaction" : "zone activity",
    "sampleCount" : 5,
    "errorCount" : 0,
    "errorPct" : 0.0,
    "meanResTime" : 345.2,
    "medianResTime" : 516.0,
    "minResTime" : 76.0,
    "maxResTime" : 531.0,
    "pct1ResTime" : 531.0,
    "pct2ResTime" : 531.0,
    "pct3ResTime" : 531.0,
    "throughput" : 2.5214321734745333,
    "receivedKBytesPerSec" : 701.8101125189107,
    "sentKBytesPerSec" : 0.8224202597075139
  },
  "Total" : {
    "transaction" : "Total",
    "sampleCount" : 15,
    "errorCount" : 0,
    "errorPct" : 0.0,
    "meanResTime" : 262.0,
    "medianResTime" : 67.0,
    "minResTime" : 17.0,
    "maxResTime" : 1381.0,
    "pct1ResTime" : 871.0000000000002,
    "pct2ResTime" : 1381.0,
    "pct3ResTime" : 1381.0,
    "throughput" : 3.730415319572246,
    "receivedKBytesPerSec" : 347.9044586234767,
    "sentKBytesPerSec" : 1.0649655713752797
  },
  "login" : {
    "transaction" : "login",
    "sampleCount" : 5,
    "errorCount" : 0,
    "errorPct" : 0.0,
    "meanResTime" : 410.4,
    "medianResTime" : 67.0,
    "minResTime" : 48.0,
    "maxResTime" : 1381.0,
    "pct1ResTime" : 1381.0,
    "pct2ResTime" : 1381.0,
    "pct3ResTime" : 1381.0,
    "throughput" : 1.2742099898063202,
    "receivedKBytesPerSec" : 0.997965245922528,
    "sentKBytesPerSec" : 0.3173081517584098
  },
  "create api key" : {
    "transaction" : "create api key",
    "sampleCount" : 5,
    "errorCount" : 0,
    "errorPct" : 0.0,
    "meanResTime" : 30.4,
    "medianResTime" : 35.0,
    "minResTime" : 17.0,
    "maxResTime" : 47.0,
    "pct1ResTime" : 47.0,
    "pct2ResTime" : 47.0,
    "pct3ResTime" : 47.0,
    "throughput" : 2.553626149131767,
    "receivedKBytesPerSec" : 1.6947698544433096,
    "sentKBytesPerSec" : 0.7182073544433095
  }
}