{
  "zone activity" : {
    "transaction" : "zone activity",
    "sampleCount" : 5,
    "errorCount" : 0,
    "errorPct" : 0.0,
    "meanResTime" : 296.4,
    "medianResTime" : 172.0,
    "minResTime" : 155.0,
    "maxResTime" : 496.0,
    "pct1ResTime" : 496.0,
    "pct2ResTime" : 496.0,
    "pct3ResTime" : 496.0,
    "throughput" : 1.9654088050314464,
    "receivedKBytesPerSec" : 546.7705876572327,
    "sentKBytesPerSec" : 0.6410610750786163
  },
  "Total" : {
    "transaction" : "Total",
    "sampleCount" : 15,
    "errorCount" : 0,
    "errorPct" : 0.0,
    "meanResTime" : 200.0666666666667,
    "medianResTime" : 91.0,
    "minResTime" : 28.0,
    "maxResTime" : 979.0,
    "pct1ResTime" : 689.2000000000002,
    "pct2ResTime" : 979.0,
    "pct3ResTime" : 979.0,
    "throughput" : 3.5731300619342545,
    "receivedKBytesPerSec" : 333.06759729335397,
    "sentKBytesPerSec" : 1.0200634974988088
  },
  "login" : {
    "transaction" : "login",
    "sampleCount" : 5,
    "errorCount" : 0,
    "errorPct" : 0.0,
    "meanResTime" : 267.2,
    "medianResTime" : 91.0,
    "minResTime" : 84.0,
    "maxResTime" : 979.0,
    "pct1ResTime" : 979.0,
    "pct2ResTime" : 979.0,
    "pct3ResTime" : 979.0,
    "throughput" : 1.2518778167250877,
    "receivedKBytesPerSec" : 0.9804746181772659,
    "sentKBytesPerSec" : 0.3117469172508763
  },
  "create api key" : {
    "transaction" : "create api key",
    "sampleCount" : 5,
    "errorCount" : 0,
    "errorPct" : 0.0,
    "meanResTime" : 36.6,
    "medianResTime" : 30.0,
    "minResTime" : 28.0,
    "maxResTime" : 51.0,
    "pct1ResTime" : 51.0,
    "pct2ResTime" : 51.0,
    "pct3ResTime" : 51.0,
    "throughput" : 2.0567667626491155,
    "receivedKBytesPerSec" : 1.3646165415466887,
    "sentKBytesPerSec" : 0.5784656519950637
  }
}