{
  "zone activity" : {
    "transaction" : "zone activity",
    "sampleCount" : 5,
    "errorCount" : 0,
    "errorPct" : 0.0,
    "meanResTime" : 453.6,
    "medianResTime" : 380.0,
    "minResTime" : 370.0,
    "maxResTime" : 571.0,
    "pct1ResTime" : 571.0,
    "pct2ResTime" : 571.0,
    "pct3ResTime" : 571.0,
    "throughput" : 1.5281173594132031,
    "receivedKBytesPerSec" : 425.31535328163204,
    "sentKBytesPerSec" : 0.4984289043398533
  },
  "Total" : {
    "transaction" : "Total",
    "sampleCount" : 15,
    "errorCount" : 0,
    "errorPct" : 0.0,
    "meanResTime" : 289.8666666666667,
    "medianResTime" : 234.0,
    "minResTime" : 74.0,
    "maxResTime" : 697.0,
    "pct1ResTime" : 621.4000000000001,
    "pct2ResTime" : 697.0,
    "pct3ResTime" : 697.0,
    "throughput" : 3.244646333549643,
    "receivedKBytesPerSec" : 302.5881969229937,
    "sentKBytesPerSec" : 0.9262873810296344
  },
  "login" : {
    "transaction" : "login",
    "sampleCount" : 5,
    "errorCount" : 0,
    "errorPct" : 0.0,
    "meanResTime" : 327.6,
    "medianResTime" : 234.0,
    "minResTime" : 224.0,
    "maxResTime" : 697.0,
    "pct1ResTime" : 697.0,
    "pct2ResTime" : 697.0,
    "pct3ResTime" : 697.0,
    "throughput" : 1.201345506967804,
    "receivedKBytesPerSec" : 0.9408975552618933,
    "sentKBytesPerSec" : 0.29916318777030276
  },
  "create api key" : {
    "transaction" : "create api key",
    "sampleCount" : 5,
    "errorCount" : 0,
    "errorPct" : 0.0,
    "meanResTime" : 88.4,
    "medianResTime" : 78.0,
    "minResTime" : 74.0,
    "maxResTime" : 109.0,
    "pct1ResTime" : 109.0,
    "pct2ResTime" : 109.0,
    "pct3ResTime" : 109.0,
    "throughput" : 1.6572754391779914,
    "receivedKBytesPerSec" : 1.0995634115014916,
    "sentKBytesPerSec" : 0.4661087172688101
  }
}