{
  "zone activity" : {
    "transaction" : "zone activity",
    "sampleCount" : 5,
    "errorCount" : 0,
    "errorPct" : 0.0,
    "meanResTime" : 1137.2,
    "medianResTime" : 1569.0,
    "minResTime" : 314.0,
    "maxResTime" : 1602.0,
    "pct1ResTime" : 1602.0,
    "pct2ResTime" : 1602.0,
    "pct3ResTime" : 1602.0,
    "throughput" : 2.206531332744925,
    "receivedKBytesPerSec" : 613.6536021624007,
    "sentKBytesPerSec" : 0.719708462047661
  },
  "Total" : {
    "transaction" : "Total",
    "sampleCount" : 15,
    "errorCount" : 0,
    "errorPct" : 0.0,
    "meanResTime" : 586.1999999999999,
    "medianResTime" : 206.0,
    "minResTime" : 61.0,
    "maxResTime" : 1602.0,
    "pct1ResTime" : 1591.8,
    "pct2ResTime" : 1602.0,
    "pct3ResTime" : 1602.0,
    "throughput" : 3.3700292069197935,
    "receivedKBytesPerSec" : 314.0358206021119,
    "sentKBytesPerSec" : 0.9620819057515166
  },
  "login" : {
    "transaction" : "login",
    "sampleCount" : 5,
    "errorCount" : 0,
    "errorPct" : 0.0,
    "meanResTime" : 543.6,
    "medianResTime" : 206.0,
    "minResTime" : 185.0,
    "maxResTime" : 1511.0,
    "pct1ResTime" : 1511.0,
    "pct2ResTime" : 1511.0,
    "pct3ResTime" : 1511.0,
    "throughput" : 1.2272950417280315,
    "receivedKBytesPerSec" : 0.9612213119783997,
    "sentKBytesPerSec" : 0.30562523011782033
  },
  "create api key" : {
    "transaction" : "create api key",
    "sampleCount" : 5,
    "errorCount" : 0,
    "errorPct" : 0.0,
    "meanResTime" : 77.8,
    "medianResTime" : 81.0,
    "minResTime" : 61.0,
    "maxResTime" : 101.0,
    "pct1ResTime" : 101.0,
    "pct2ResTime" : 101.0,
    "pct3ResTime" : 101.0,
    "throughput" : 2.440214738897023,
    "receivedKBytesPerSec" : 1.6195018911664227,
    "sentKBytesPerSec" : 0.6863103953147878
  }
}