{
  "zone activity" : {
    "transaction" : "zone activity",
    "sampleCount" : 5,
    "errorCount" : 0,
    "errorPct" : 0.0,
    "meanResTime" : 69.2,
    "medianResTime" : 65.0,
    "minResTime" : 64.0,
    "maxResTime" : 84.0,
    "pct1ResTime" : 84.0,
    "pct2ResTime" : 84.0,
    "pct3ResTime" : 84.0,
    "throughput" : 1.6270745200130166,
    "receivedKBytesPerSec" : 452.52310954279204,
    "sentKBytesPerSec" : 0.5307059469573706
  },
  "Total" : {
    "transaction" : "Total",
    "sampleCount" : 15,
    "errorCount" : 0,
    "errorPct" : 0.0,
    "meanResTime" : 68.73333333333333,
    "medianResTime" : 46.0,
    "minResTime" : 15.0,
    "maxResTime" : 400.0,
    "pct1ResTime" : 210.40000000000012,
    "pct2ResTime" : 400.0,
    "pct3ResTime" : 400.0,
    "throughput" : 3.70278943470748,
    "receivedKBytesPerSec" : 345.0597171223155,
    "sentKBytesPerSec" : 1.0570788848432486
  },
  "login" : {
    "transaction" : "login",
    "sampleCount" : 5,
    "errorCount" : 0,
    "errorPct" : 0.0,
    "meanResTime" : 116.8,
    "medianResTime" : 46.0,
    "minResTime" : 41.0,
    "maxResTime" : 400.0,
    "pct1ResTime" : 400.0,
    "pct2ResTime" : 400.0,
    "pct3ResTime" : 400.0,
    "throughput" : 1.2597631645250693,
    "receivedKBytesPerSec" : 0.9866504472159234,
    "sentKBytesPerSec" : 0.31371055366591083
  },
  "create api key" : {
    "transaction" : "create api key",
    "sampleCount" : 5,
    "errorCount" : 0,
    "errorPct" : 0.0,
    "meanResTime" : 20.2,
    "medianResTime" : 15.0,
    "minResTime" : 15.0,
    "maxResTime" : 40.0,
    "pct1ResTime" : 40.0,
    "pct2ResTime" : 40.0,
    "pct3ResTime" : 40.0,
    "throughput" : 1.6329196603527107,
    "receivedKBytesPerSec" : 1.083403923089484,
    "sentKBytesPerSec" : 0.4592586544741999
  }
}