{
  "zone activity" : {
    "transaction" : "zone activity",
    "sampleCount" : 5,
    "errorCount" : 0,
    "errorPct" : 0.0,
    "meanResTime" : 698.4,
    "medianResTime" : 764.0,
    "minResTime" : 165.0,
    "maxResTime" : 1207.0,
    "pct1ResTime" : 1207.0,
    "pct2ResTime" : 1207.0,
    "pct3ResTime" : 1207.0,
    "throughput" : 1.9252984212552946,
    "receivedKBytesPerSec" : 535.5405576145553,
    "sentKBytesPerSec" : 0.6279781959953793
  },
  "Total" : {
    "transaction" : "Total",
    "sampleCount" : 15,
    "errorCount" : 0,
    "errorPct" : 0.0,
    "meanResTime" : 338.8,
    "medianResTime" : 101.0,
    "minResTime" : 32.0,
    "maxResTime" : 1207.0,
    "pct1ResTime" : 1196.2,
    "pct2ResTime" : 1207.0,
    "pct3ResTime" : 1207.0,
    "throughput" : 3.5739814152966405,
    "receivedKBytesPerSec" : 333.103444424589,
    "sentKBytesPerSec" : 1.020306543364308
  },
  "login" : {
    "transaction" : "login",
    "sampleCount" : 5,
    "errorCount" : 0,
    "errorPct" : 0.0,
    "meanResTime" : 273.2,
    "medianResTime" : 101.0,
    "minResTime" : 90.0,
    "maxResTime" : 973.0,
    "pct1ResTime" : 973.0,
    "pct2ResTime" : 973.0,
    "pct3ResTime" : 973.0,
    "throughput" : 1.2512512512512513,
    "receivedKBytesPerSec" : 0.9799838901401401,
    "sentKBytesPerSec" : 0.3115908877627628
  },
  "create api key" : {
    "transaction" : "create api key",
    "sampleCount" : 5,
    "errorCount" : 0,
    "errorPct" : 0.0,
    "meanResTime" : 44.8,
    "medianResTime" : 35.0,
    "minResTime" : 32.0,
    "maxResTime" : 64.0,
    "pct1ResTime" : 64.0,
    "pct2ResTime" : 64.0,
    "pct3ResTime" : 64.0,
    "throughput" : 1.9928258270227182,
    "receivedKBytesPerSec" : 1.323360900757274,
    "sentKBytesPerSec" : 0.5604822638501396
  }
}