{
  "zone activity" : {
    "transaction" : "zone activity",
    "sampleCount" : 5,
    "errorCount" : 4,
    "errorPct" : 80.0,
    "meanResTime" : 3335.2,
    "medianResTime" : 3731.0,
    "minResTime" : 2221.0,
    "maxResTime" : 3751.0,
    "pct1ResTime" : 3751.0,
    "pct2ResTime" : 3751.0,
    "pct3ResTime" : 3751.0,
    "throughput" : 1.3329778725673154,
    "receivedKBytesPerSec" : 370.90994484804054,
    "sentKBytesPerSec" : 0.43477989202879236
  },
  "Total" : {
    "transaction" : "Total",
    "sampleCount" : 15,
    "errorCount" : 4,
    "errorPct" : 26.666666,
    "meanResTime" : 1391.5333333333333,
    "medianResTime" : 227.0,
    "minResTime" : 72.0,
    "maxResTime" : 3751.0,
    "pct1ResTime" : 3744.4,
    "pct2ResTime" : 3751.0,
    "pct3ResTime" : 3751.0,
    "throughput" : 2.3349937733499377,
    "receivedKBytesPerSec" : 217.7027492119396,
    "sentKBytesPerSec" : 0.6665981573007471
  },
  "login" : {
    "transaction" : "login",
    "sampleCount" : 5,
    "errorCount" : 0,
    "errorPct" : 0.0,
    "meanResTime" : 686.6,
    "medianResTime" : 227.0,
    "minResTime" : 216.0,
    "maxResTime" : 1828.0,
    "pct1ResTime" : 1828.0,
    "pct2ResTime" : 1828.0,
    "pct3ResTime" : 1828.0,
    "throughput" : 1.2162490878131842,
    "receivedKBytesPerSec" : 0.9525700863536853,
    "sentKBytesPerSec" : 0.3028745287034785
  },
  "create api key" : {
    "transaction" : "create api key",
    "sampleCount" : 5,
    "errorCount" : 0,
    "errorPct" : 0.0,
    "meanResTime" : 152.8,
    "medianResTime" : 205.0,
    "minResTime" : 72.0,
    "maxResTime" : 206.0,
    "pct1ResTime" : 206.0,
    "pct2ResTime" : 206.0,
    "pct3ResTime" : 206.0,
    "throughput" : 2.886836027713626,
    "receivedKBytesPerSec" : 1.9187310551385681,
    "sentKBytesPerSec" : 0.8119226327944573
  }
}