{
  "zone activity" : {
    "transaction" : "zone activity",
    "sampleCount" : 5,
    "errorCount" : 0,
    "errorPct" : 0.0,
    "meanResTime" : 433.2,
    "medianResTime" : 407.0,
    "minResTime" : 386.0,
    "maxResTime" : 483.0,
    "pct1ResTime" : 483.0,
    "pct2ResTime" : 483.0,
    "pct3ResTime" : 483.0,
    "throughput" : 1.9069412662090006,
    "receivedKBytesPerSec" : 530.3862896882151,
    "sentKBytesPerSec" : 0.6219906083142639
  },
  "Total" : {
    "transaction" : "Total",
    "sampleCount" : 15,
    "errorCount" : 0,
    "errorPct" : 0.0,
    "meanResTime" : 348.6,
    "medianResTime" : 255.0,
    "minResTime" : 82.0,
    "maxResTime" : 1320.0,
    "pct1ResTime" : 817.8000000000003,
    "pct2ResTime" : 1320.0,
    "pct3ResTime" : 1320.0,
    "throughput" : 3.215434083601286,
    "receivedKBytesPerSec" : 299.6594068193998,
    "sentKBytesPerSec" : 0.9179478161843515
  },
  "login" : {
    "transaction" : "login",
    "sampleCount" : 5,
    "errorCount" : 0,
    "errorPct" : 0.0,
    "meanResTime" : 490.8,
    "medianResTime" : 255.0,
    "minResTime" : 235.0,
    "maxResTime" : 1320.0,
    "pct1ResTime" : 1320.0,
    "pct2ResTime" : 1320.0,
    "pct3ResTime" : 1320.0,
    "throughput" : 1.199328376109379,
    "receivedKBytesPerSec" : 0.9393177320700409,
    "sentKBytesPerSec" : 0.2986608749100504
  },
  "create api key" : {
    "transaction" : "create api key",
    "sampleCount" : 5,
    "errorCount" : 0,
    "errorPct" : 0.0,
    "meanResTime" : 121.8,
    "medianResTime" : 86.0,
    "minResTime" : 82.0,
    "maxResTime" : 178.0,
    "pct1ResTime" : 178.0,
    "pct2ResTime" : 178.0,
    "pct3ResTime" : 178.0,
    "throughput" : 2.077274615704196,
    "receivedKBytesPerSec" : 1.3802516098878272,
    "sentKBytesPerSec" : 0.5842334856668051
  }
}