{
  "zone activity" : {
    "transaction" : "zone activity",
    "sampleCount" : 5,
    "errorCount" : 0,
    "errorPct" : 0.0,
    "meanResTime" : 150.8,
    "medianResTime" : 136.0,
    "minResTime" : 130.0,
    "maxResTime" : 179.0,
    "pct1ResTime" : 179.0,
    "pct2ResTime" : 179.0,
    "pct3ResTime" : 179.0,
    "throughput" : 1.8142235123367199,
    "receivedKBytesPerSec" : 505.4217644457548,
    "sentKBytesPerSec" : 0.5917486846879536
  },
  "Total" : {
    "transaction" : "Total",
    "sampleCount" : 15,
    "errorCount" : 0,
    "errorPct" : 0.0,
    "meanResTime" : 142.26666666666665,
    "medianResTime" : 94.0,
    "minResTime" : 31.0,
    "maxResTime" : 774.0,
    "pct1ResTime" : 417.0000000000002,
    "pct2ResTime" : 774.0,
    "pct3ResTime" : 774.0,
    "throughput" : 3.593675131768088,
    "receivedKBytesPerSec" : 335.45202630869665,
    "sentKBytesPerSec" : 1.0259287404168662
  },
  "login" : {
    "transaction" : "login",
    "sampleCount" : 5,
    "errorCount" : 0,
    "errorPct" : 0.0,
    "meanResTime" : 232.8,
    "medianResTime" : 94.0,
    "minResTime" : 90.0,
    "maxResTime" : 774.0,
    "pct1ResTime" : 774.0,
    "pct2ResTime" : 774.0,
    "pct3ResTime" : 774.0,
    "throughput" : 1.2484394506866416,
    "receivedKBytesPerSec" : 0.9777816791510612,
    "sentKBytesPerSec" : 0.3108906835205993
  },
  "create api key" : {
    "transaction" : "create api key",
    "sampleCount" : 5,
    "errorCount" : 0,
    "errorPct" : 0.0,
    "meanResTime" : 43.2,
    "medianResTime" : 33.0,
    "minResTime" : 31.0,
    "maxResTime" : 61.0,
    "pct1ResTime" : 61.0,
    "pct2ResTime" : 61.0,
    "pct3ResTime" : 61.0,
    "throughput" : 1.855976243504083,
    "receivedKBytesPerSec" : 1.2317592334818115,
    "sentKBytesPerSec" : 0.5219933184855234
  }
}