{
  "zone activity" : {
    "transaction" : "zone activity",
    "sampleCount" : 5,
    "errorCount" : 0,
    "errorPct" : 0.0,
    "meanResTime" : 604.0,
    "medianResTime" : 783.0,
    "minResTime" : 134.0,
    "maxResTime" : 986.0,
    "pct1ResTime" : 986.0,
    "pct2ResTime" : 986.0,
    "pct3ResTime" : 986.0,
    "throughput" : 2.1579628830384117,
    "receivedKBytesPerSec" : 600.3191424794993,
    "sentKBytesPerSec" : 0.7038667997410444
  },
  "Total" : {
    "transaction" : "Total",
    "sampleCount" : 15,
    "errorCount" : 0,
    "errorPct" : 0.0,
    "meanResTime" : 337.73333333333335,
    "medianResTime" : 102.0,
    "minResTime" : 29.0,
    "maxResTime" : 1246.0,
    "pct1ResTime" : 1090.0,
    "pct2ResTime" : 1246.0,
    "pct3ResTime" : 1246.0,
    "throughput" : 3.6031707902954597,
    "receivedKBytesPerSec" : 335.85703856894065,
    "sentKBytesPerSec" : 1.028639577828489
  },
  "login" : {
    "transaction" : "login",
    "sampleCount" : 5,
    "errorCount" : 0,
    "errorPct" : 0.0,
    "meanResTime" : 371.8,
    "medianResTime" : 102.0,
    "minResTime" : 87.0,
    "maxResTime" : 1246.0,
    "pct1ResTime" : 1246.0,
    "pct2ResTime" : 1246.0,
    "pct3ResTime" : 1246.0,
    "throughput" : 1.2509382036527394,
    "receivedKBytesPerSec" : 0.9797387102827121,
    "sentKBytesPerSec" : 0.31151293157368026
  },
  "create api key" : {
    "transaction" : "create api key",
    "sampleCount" : 5,
    "errorCount" : 0,
    "errorPct" : 0.0,
    "meanResTime" : 37.4,
    "medianResTime" : 30.0,
    "minResTime" : 29.0,
    "maxResTime" : 54.0,
    "pct1ResTime" : 54.0,
    "pct2ResTime" : 54.0,
    "pct3ResTime" : 54.0,
    "throughput" : 2.229157378510923,
    "receivedKBytesPerSec" : 1.4789936747659385,
    "sentKBytesPerSec" : 0.6269505127061971
  }
}