{
  "zone activity" : {
    "transaction" : "zone activity",
    "sampleCount" : 5,
    "errorCount" : 0,
    "errorPct" : 0.0,
    "meanResTime" : 305.0,
    "medianResTime" : 300.0,
    "minResTime" : 300.0,
    "maxResTime" : 319.0,
    "pct1ResTime" : 319.0,
    "pct2ResTime" : 319.0,
    "pct3ResTime" : 319.0,
    "throughput" : 1.8261504747991235,
    "receivedKBytesPerSec" : 508.93886390613585,
    "sentKBytesPerSec" : 0.5956389243973703
  },
  "Total" : {
    "transaction" : "Total",
    "sampleCount" : 15,
    "errorCount" : 0,
    "errorPct" : 0.0,
    "meanResTime" : 247.4666666666667,
    "medianResTime" : 192.0,
    "minResTime" : 65.0,
    "maxResTime" : 1050.0,
    "pct1ResTime" : 611.4000000000003,
    "pct2ResTime" : 1050.0,
    "pct3ResTime" : 1050.0,
    "throughput" : 3.36322869955157,
    "receivedKBytesPerSec" : 314.0600914377803,
    "sentKBytesPerSec" : 0.9601404848654709
  },
  "login" : {
    "transaction" : "login",
    "sampleCount" : 5,
    "errorCount" : 0,
    "errorPct" : 0.0,
    "meanResTime" : 366.2,
    "medianResTime" : 192.0,
    "minResTime" : 190.0,
    "maxResTime" : 1050.0,
    "pct1ResTime" : 1050.0,
    "pct2ResTime" : 1050.0,
    "pct3ResTime" : 1050.0,
    "throughput" : 1.2221950623319482,
    "receivedKBytesPerSec" : 0.9572269921779516,
    "sentKBytesPerSec" : 0.30435521571742846
  },
  "create api key" : {
    "transaction" : "create api key",
    "sampleCount" : 5,
    "errorCount" : 0,
    "errorPct" : 0.0,
    "meanResTime" : 71.2,
    "medianResTime" : 65.0,
    "minResTime" : 65.0,
    "maxResTime" : 85.0,
    "pct1ResTime" : 85.0,
    "pct2ResTime" : 85.0,
    "pct3ResTime" : 85.0,
    "throughput" : 1.9786307874950535,
    "receivedKBytesPerSec" : 1.312775153343886,
    "sentKBytesPerSec" : 0.5564899089829838
  }
}