{
  "zone activity" : {
    "transaction" : "zone activity",
    "sampleCount" : 5,
    "errorCount" : 0,
    "errorPct" : 0.0,
    "meanResTime" : 2540.2,
    "medianResTime" : 2583.0,
    "minResTime" : 2320.0,
    "maxResTime" : 2614.0,
    "pct1ResTime" : 2614.0,
    "pct2ResTime" : 2614.0,
    "pct3ResTime" : 2614.0,
    "throughput" : 1.9025875190258752,
    "receivedKBytesPerSec" : 529.2288723601598,
    "sentKBytesPerSec" : 0.6205705384322678
  },
  "Total" : {
    "transaction" : "Total",
    "sampleCount" : 15,
    "errorCount" : 0,
    "errorPct" : 0.0,
    "meanResTime" : 1368.4666666666667,
    "medianResTime" : 1304.0,
    "minResTime" : 71.0,
    "maxResTime" : 3219.0,
    "pct1ResTime" : 2856.0,
    "pct2ResTime" : 3219.0,
    "pct3ResTime" : 3219.0,
    "throughput" : 2.2988505747126435,
    "receivedKBytesPerSec" : 214.26050646551724,
    "sentKBytesPerSec" : 0.6562799329501915
  },
  "login" : {
    "transaction" : "login",
    "sampleCount" : 5,
    "errorCount" : 0,
    "errorPct" : 0.0,
    "meanResTime" : 1458.6,
    "medianResTime" : 1304.0,
    "minResTime" : 218.0,
    "maxResTime" : 3219.0,
    "pct1ResTime" : 3219.0,
    "pct2ResTime" : 3219.0,
    "pct3ResTime" : 3219.0,
    "throughput" : 1.2103606874848705,
    "receivedKBytesPerSec" : 0.9479582728152989,
    "sentKBytesPerSec" : 0.3014081790123457
  },
  "create api key" : {
    "transaction" : "create api key",
    "sampleCount" : 5,
    "errorCount" : 0,
    "errorPct" : 0.0,
    "meanResTime" : 106.6,
    "medianResTime" : 102.0,
    "minResTime" : 71.0,
    "maxResTime" : 129.0,
    "pct1ResTime" : 129.0,
    "pct2ResTime" : 129.0,
    "pct3ResTime" : 129.0,
    "throughput" : 11.79245283018868,
    "receivedKBytesPerSec" : 7.83092570754717,
    "sentKBytesPerSec" : 3.316627358490566
  }
}