{
  "zone activity" : {
    "transaction" : "zone activity",
    "sampleCount" : 5,
    "errorCount" : 0,
    "errorPct" : 0.0,
    "meanResTime" : 1657.6,
    "medianResTime" : 1980.0,
    "minResTime" : 167.0,
    "maxResTime" : 2579.0,
    "pct1ResTime" : 2579.0,
    "pct2ResTime" : 2579.0,
    "pct3ResTime" : 2579.0,
    "throughput" : 1.820830298616169,
    "receivedKBytesPerSec" : 506.5852177030226,
    "sentKBytesPerSec" : 0.5939036325564457
  },
  "Total" : {
    "transaction" : "Total",
    "sampleCount" : 15,
    "errorCount" : 0,
    "errorPct" : 0.0,
    "meanResTime" : 645.4666666666666,
    "medianResTime" : 95.0,
    "minResTime" : 30.0,
    "maxResTime" : 2579.0,
    "pct1ResTime" : 2566.4,
    "pct2ResTime" : 2579.0,
    "pct3ResTime" : 2579.0,
    "throughput" : 3.5671819262782405,
    "receivedKBytesPerSec" : 332.5366007728894,
    "sentKBytesPerSec" : 1.018365413198573
  },
  "login" : {
    "transaction" : "login",
    "sampleCount" : 5,
    "errorCount" : 0,
    "errorPct" : 0.0,
    "meanResTime" : 234.2,
    "medianResTime" : 95.0,
    "minResTime" : 89.0,
    "maxResTime" : 784.0,
    "pct1ResTime" : 784.0,
    "pct2ResTime" : 784.0,
    "pct3ResTime" : 784.0,
    "throughput" : 1.2484394506866416,
    "receivedKBytesPerSec" : 0.9777816791510612,
    "sentKBytesPerSec" : 0.3108906835205993
  },
  "create api key" : {
    "transaction" : "create api key",
    "sampleCount" : 5,
    "errorCount" : 0,
    "errorPct" : 0.0,
    "meanResTime" : 44.6,
    "medianResTime" : 30.0,
    "minResTime" : 30.0,
    "maxResTime" : 75.0,
    "pct1ResTime" : 75.0,
    "pct2ResTime" : 75.0,
    "pct3ResTime" : 75.0,
    "throughput" : 1.8867924528301887,
    "receivedKBytesPerSec" : 1.251842570754717,
    "sentKBytesPerSec" : 0.5306603773584906
  }
}