{
  "zone activity" : {
    "transaction" : "zone activity",
    "sampleCount" : 5,
    "errorCount" : 0,
    "errorPct" : 0.0,
    "meanResTime" : 450.8,
    "medianResTime" : 593.0,
    "minResTime" : 213.0,
    "maxResTime" : 615.0,
    "pct1ResTime" : 615.0,
    "pct2ResTime" : 615.0,
    "pct3ResTime" : 615.0,
    "throughput" : 2.672367717797969,
    "receivedKBytesPerSec" : 743.1572771913416,
    "sentKBytesPerSec" : 0.8716511892036344
  },
  "Total" : {
    "transaction" : "Total",
    "sampleCount" : 15,
    "errorCount" : 0,
    "errorPct" : 0.0,
    "meanResTime" : 365.2666666666667,
    "medianResTime" : 133.0,
    "minResTime" : 48.0,
    "maxResTime" : 1638.0,
    "pct1ResTime" : 1187.4000000000003,
    "pct2ResTime" : 1638.0,
    "pct3ResTime" : 1638.0,
    "throughput" : 3.604902667627974,
    "receivedKBytesPerSec" : 335.9008877072819,
    "sentKBytesPerSec" : 1.0291339972362414
  },
  "login" : {
    "transaction" : "login",
    "sampleCount" : 5,
    "errorCount" : 0,
    "errorPct" : 0.0,
    "meanResTime" : 584.8,
    "medianResTime" : 133.0,
    "minResTime" : 133.0,
    "maxResTime" : 1638.0,
    "pct1ResTime" : 1638.0,
    "pct2ResTime" : 1638.0,
    "pct3ResTime" : 1638.0,
    "throughput" : 1.288659793814433,
    "receivedKBytesPerSec" : 1.0092823775773196,
    "sentKBytesPerSec" : 0.3209064916237114
  },
  "create api key" : {
    "transaction" : "create api key",
    "sampleCount" : 5,
    "errorCount" : 0,
    "errorPct" : 0.0,
    "meanResTime" : 60.2,
    "medianResTime" : 62.0,
    "minResTime" : 48.0,
    "maxResTime" : 75.0,
    "pct1ResTime" : 75.0,
    "pct2ResTime" : 75.0,
    "pct3ResTime" : 75.0,
    "throughput" : 2.9103608847497093,
    "receivedKBytesPerSec" : 1.9326615250291037,
    "sentKBytesPerSec" : 0.8185389988358557
  }
}