{
  "zone activity" : {
    "transaction" : "zone activity",
    "sampleCount" : 5,
    "errorCount" : 0,
    "errorPct" : 0.0,
    "meanResTime" : 670.4,
    "medianResTime" : 666.0,
    "minResTime" : 139.0,
    "maxResTime" : 1203.0,
    "pct1ResTime" : 1203.0,
    "pct2ResTime" : 1203.0,
    "pct3ResTime" : 1203.0,
    "throughput" : 1.8733608092918694,
    "receivedKBytesPerSec" : 521.1397058823529,
    "sentKBytesPerSec" : 0.6110376077182466
  },
  "Total" : {
    "transaction" : "Total",
    "sampleCount" : 15,
    "errorCount" : 0,
    "errorPct" : 0.0,
    "meanResTime" : 322.8666666666667,
    "medianResTime" : 98.0,
    "minResTime" : 29.0,
    "maxResTime" : 1203.0,
    "pct1ResTime" : 1201.8,
    "pct2ResTime" : 1203.0,
    "pct3ResTime" : 1203.0,
    "throughput" : 3.5825173155003585,
    "receivedKBytesPerSec" : 333.9276984565321,
    "sentKBytesPerSec" : 1.0227433872701217
  },
  "login" : {
    "transaction" : "login",
    "sampleCount" : 5,
    "errorCount" : 0,
    "errorPct" : 0.0,
    "meanResTime" : 260.2,
    "medianResTime" : 98.0,
    "minResTime" : 86.0,
    "maxResTime" : 923.0,
    "pct1ResTime" : 923.0,
    "pct2ResTime" : 923.0,
    "pct3ResTime" : 923.0,
    "throughput" : 1.2471938139186831,
    "receivedKBytesPerSec" : 0.9768060925417809,
    "sentKBytesPerSec" : 0.31058049077076577
  },
  "create api key" : {
    "transaction" : "create api key",
    "sampleCount" : 5,
    "errorCount" : 0,
    "errorPct" : 0.0,
    "meanResTime" : 38.0,
    "medianResTime" : 33.0,
    "minResTime" : 29.0,
    "maxResTime" : 52.0,
    "pct1ResTime" : 52.0,
    "pct2ResTime" : 52.0,
    "pct3ResTime" : 52.0,
    "throughput" : 1.932740626207963,
    "receivedKBytesPerSec" : 1.2823281068805565,
    "sentKBytesPerSec" : 0.5435833011209895
  }
}