{
  "zone activity" : {
    "transaction" : "zone activity",
    "sampleCount" : 5,
    "errorCount" : 0,
    "errorPct" : 0.0,
    "meanResTime" : 1847.2,
    "medianResTime" : 2360.0,
    "minResTime" : 374.0,
    "maxResTime" : 2588.0,
    "pct1ResTime" : 2588.0,
    "pct2ResTime" : 2588.0,
    "pct3ResTime" : 2588.0,
    "throughput" : 1.918649270913277,
    "receivedKBytesPerSec" : 533.804576578089,
    "sentKBytesPerSec" : 0.6258094301611665
  },
  "Total" : {
    "transaction" : "Total",
    "sampleCount" : 15,
    "errorCount" : 0,
    "errorPct" : 0.0,
    "meanResTime" : 783.6666666666667,
    "medianResTime" : 199.0,
    "minResTime" : 63.0,
    "maxResTime" : 2588.0,
    "pct1ResTime" : 2567.6,
    "pct2ResTime" : 2588.0,
    "pct3ResTime" : 2588.0,
    "throughput" : 3.3003300330033003,
    "receivedKBytesPerSec" : 307.66316866061607,
    "sentKBytesPerSec" : 0.9421840621562156
  },
  "login" : {
    "transaction" : "login",
    "sampleCount" : 5,
    "errorCount" : 0,
    "errorPct" : 0.0,
    "meanResTime" : 430.4,
    "medianResTime" : 199.0,
    "minResTime" : 191.0,
    "maxResTime" : 1241.0,
    "pct1ResTime" : 1241.0,
    "pct2ResTime" : 1241.0,
    "pct3ResTime" : 1241.0,
    "throughput" : 1.2186205215695831,
    "receivedKBytesPerSec" : 0.9544274006824276,
    "sentKBytesPerSec" : 0.3034650712893005
  },
  "create api key" : {
    "transaction" : "create api key",
    "sampleCount" : 5,
    "errorCount" : 0,
    "errorPct" : 0.0,
    "meanResTime" : 73.4,
    "medianResTime" : 65.0,
    "minResTime" : 63.0,
    "maxResTime" : 93.0,
    "pct1ResTime" : 93.0,
    "pct2ResTime" : 93.0,
    "pct3ResTime" : 93.0,
    "throughput" : 2.1422450728363325,
    "receivedKBytesPerSec" : 1.4217478041988003,
    "sentKBytesPerSec" : 0.6025064267352185
  }
}