{
  "zone activity" : {
    "transaction" : "zone activity",
    "sampleCount" : 5,
    "errorCount" : 0,
    "errorPct" : 0.0,
    "meanResTime" : 1108.0,
    "medianResTime" : 1537.0,
    "minResTime" : 197.0,
    "maxResTime" : 1637.0,
    "pct1ResTime" : 1637.0,
    "pct2ResTime" : 1637.0,
    "pct3ResTime" : 1637.0,
    "throughput" : 2.1805494984736153,
    "receivedKBytesPerSec" : 606.5394338748364,
    "sentKBytesPerSec" : 0.7112339184474488
  },
  "Total" : {
    "transaction" : "Total",
    "sampleCount" : 15,
    "errorCount" : 0,
    "errorPct" : 0.0,
    "meanResTime" : 519.8,
    "medianResTime" : 134.0,
    "minResTime" : 37.0,
    "maxResTime" : 1637.0,
    "pct1ResTime" : 1634.6,
    "pct2ResTime" : 1637.0,
    "pct3ResTime" : 1637.0,
    "throughput" : 3.5244360902255636,
    "receivedKBytesPerSec" : 328.4840978177866,
    "sentKBytesPerSec" : 1.0061622562265038
  },
  "login" : {
    "transaction" : "login",
    "sampleCount" : 5,
    "errorCount" : 0,
    "errorPct" : 0.0,
    "meanResTime" : 393.4,
    "medianResTime" : 134.0,
    "minResTime" : 115.0,
    "maxResTime" : 1253.0,
    "pct1ResTime" : 1253.0,
    "pct2ResTime" : 1253.0,
    "pct3ResTime" : 1253.0,
    "throughput" : 1.243781094527363,
    "receivedKBytesPerSec" : 0.9741332400497513,
    "sentKBytesPerSec" : 0.30973064365671643
  },
  "create api key" : {
    "transaction" : "create api key",
    "sampleCount" : 5,
    "errorCount" : 0,
    "errorPct" : 0.0,
    "meanResTime" : 58.0,
    "medianResTime" : 42.0,
    "minResTime" : 37.0,
    "maxResTime" : 88.0,
    "pct1ResTime" : 88.0,
    "pct2ResTime" : 88.0,
    "pct3ResTime" : 88.0,
    "throughput" : 2.277904328018223,
    "receivedKBytesPerSec" : 1.5113361332574033,
    "sentKBytesPerSec" : 0.6406605922551253
  }
}