{
  "zone activity" : {
    "transaction" : "zone activity",
    "sampleCount" : 5,
    "errorCount" : 0,
    "errorPct" : 0.0,
    "meanResTime" : 486.2,
    "medianResTime" : 457.0,
    "minResTime" : 75.0,
    "maxResTime" : 912.0,
    "pct1ResTime" : 912.0,
    "pct2ResTime" : 912.0,
    "pct3ResTime" : 912.0,
    "throughput" : 1.9786307874950535,
    "receivedKBytesPerSec" : 550.7186448852394,
    "sentKBytesPerSec" : 0.6453737138899881
  },
  "Total" : {
    "transaction" : "Total",
    "sampleCount" : 15,
    "errorCount" : 0,
    "errorPct" : 0.0,
    "meanResTime" : 244.33333333333337,
    "medianResTime" : 57.0,
    "minResTime" : 18.0,
    "maxResTime" : 912.0,
    "pct1ResTime" : 909.0,
    "pct2ResTime" : 912.0,
    "pct3ResTime" : 912.0,
    "throughput" : 3.7018756169792697,
    "receivedKBytesPerSec" : 345.2367754349704,
    "sentKBytesPerSec" : 1.0568180065399804
  },
  "login" : {
    "transaction" : "login",
    "sampleCount" : 5,
    "errorCount" : 0,
    "errorPct" : 0.0,
    "meanResTime" : 213.2,
    "medianResTime" : 56.0,
    "minResTime" : 48.0,
    "maxResTime" : 853.0,
    "pct1ResTime" : 853.0,
    "pct2ResTime" : 853.0,
    "pct3ResTime" : 853.0,
    "throughput" : 1.2651821862348178,
    "receivedKBytesPerSec" : 0.9908946419534413,
    "sentKBytesPerSec" : 0.3150600170799595
  },
  "create api key" : {
    "transaction" : "create api key",
    "sampleCount" : 5,
    "errorCount" : 0,
    "errorPct" : 0.0,
    "meanResTime" : 33.6,
    "medianResTime" : 18.0,
    "minResTime" : 18.0,
    "maxResTime" : 57.0,
    "pct1ResTime" : 57.0,
    "pct2ResTime" : 57.0,
    "pct3ResTime" : 57.0,
    "throughput" : 1.9857029388403493,
    "receivedKBytesPerSec" : 1.317467360007943,
    "sentKBytesPerSec" : 0.5584789515488483
  }
}