{
  "zone activity" : {
    "transaction" : "zone activity",
    "sampleCount" : 5,
    "errorCount" : 0,
    "errorPct" : 0.0,
    "meanResTime" : 416.8,
    "medianResTime" : 427.0,
    "minResTime" : 381.0,
    "maxResTime" : 445.0,
    "pct1ResTime" : 445.0,
    "pct2ResTime" : 445.0,
    "pct3ResTime" : 445.0,
    "throughput" : 1.659475605708596,
    "receivedKBytesPerSec" : 461.63953596913376,
    "sentKBytesPerSec" : 0.5412742698307335
  },
  "Total" : {
    "transaction" : "Total",
    "sampleCount" : 15,
    "errorCount" : 0,
    "errorPct" : 0.0,
    "meanResTime" : 294.5333333333333,
    "medianResTime" : 241.0,
    "minResTime" : 75.0,
    "maxResTime" : 895.0,
    "pct1ResTime" : 625.0000000000002,
    "pct2ResTime" : 895.0,
    "pct3ResTime" : 895.0,
    "throughput" : 3.2530904359141184,
    "receivedKBytesPerSec" : 303.2212796166775,
    "sentKBytesPerSec" : 0.9286980183257428
  },
  "login" : {
    "transaction" : "login",
    "sampleCount" : 5,
    "errorCount" : 0,
    "errorPct" : 0.0,
    "meanResTime" : 369.8,
    "medianResTime" : 241.0,
    "minResTime" : 222.0,
    "maxResTime" : 895.0,
    "pct1ResTime" : 895.0,
    "pct2ResTime" : 895.0,
    "pct3ResTime" : 895.0,
    "throughput" : 1.2097749818533754,
    "receivedKBytesPerSec" : 0.9474995463343818,
    "sentKBytesPerSec" : 0.30126232458262764
  },
  "create api key" : {
    "transaction" : "create api key",
    "sampleCount" : 5,
    "errorCount" : 0,
    "errorPct" : 0.0,
    "meanResTime" : 97.0,
    "medianResTime" : 80.0,
    "minResTime" : 75.0,
    "maxResTime" : 132.0,
    "pct1ResTime" : 132.0,
    "pct2ResTime" : 132.0,
    "pct3ResTime" : 132.0,
    "throughput" : 1.8181818181818181,
    "receivedKBytesPerSec" : 1.2063210227272727,
    "sentKBytesPerSec" : 0.5113636363636364
  }
}