{
  "zone activity" : {
    "transaction" : "zone activity",
    "sampleCount" : 5,
    "errorCount" : 0,
    "errorPct" : 0.0,
    "meanResTime" : 830.4,
    "medianResTime" : 922.0,
    "minResTime" : 278.0,
    "maxResTime" : 1349.0,
    "pct1ResTime" : 1349.0,
    "pct2ResTime" : 1349.0,
    "pct3ResTime" : 1349.0,
    "throughput" : 1.850481125092524,
    "receivedKBytesPerSec" : 514.7760194994448,
    "sentKBytesPerSec" : 0.6035748982235382
  },
  "Total" : {
    "transaction" : "Total",
    "sampleCount" : 15,
    "errorCount" : 0,
    "errorPct" : 0.0,
    "meanResTime" : 420.0666666666666,
    "medianResTime" : 174.0,
    "minResTime" : 58.0,
    "maxResTime" : 1349.0,
    "pct1ResTime" : 1332.2,
    "pct2ResTime" : 1349.0,
    "pct3ResTime" : 1349.0,
    "throughput" : 3.381424706943192,
    "receivedKBytesPerSec" : 315.18444615081154,
    "sentKBytesPerSec" : 0.9653351132777277
  },
  "login" : {
    "transaction" : "login",
    "sampleCount" : 5,
    "errorCount" : 0,
    "errorPct" : 0.0,
    "meanResTime" : 353.6,
    "medianResTime" : 174.0,
    "minResTime" : 163.0,
    "maxResTime" : 1079.0,
    "pct1ResTime" : 1079.0,
    "pct2ResTime" : 1079.0,
    "pct3ResTime" : 1079.0,
    "throughput" : 1.2218963831867058,
    "receivedKBytesPerSec" : 0.9569930657380255,
    "sentKBytesPerSec" : 0.3042808376099707
  },
  "create api key" : {
    "transaction" : "create api key",
    "sampleCount" : 5,
    "errorCount" : 0,
    "errorPct" : 0.0,
    "meanResTime" : 76.2,
    "medianResTime" : 60.0,
    "minResTime" : 58.0,
    "maxResTime" : 105.0,
    "pct1ResTime" : 105.0,
    "pct2ResTime" : 105.0,
    "pct3ResTime" : 105.0,
    "throughput" : 1.9747235387045812,
    "receivedKBytesPerSec" : 1.3101827853475514,
    "sentKBytesPerSec" : 0.5553909952606635
  }
}