{
  "zone activity" : {
    "transaction" : "zone activity",
    "sampleCount" : 5,
    "errorCount" : 0,
    "errorPct" : 0.0,
    "meanResTime" : 835.6,
    "medianResTime" : 1159.0,
    "minResTime" : 162.0,
    "maxResTime" : 1344.0,
    "pct1ResTime" : 1344.0,
    "pct2ResTime" : 1344.0,
    "pct3ResTime" : 1344.0,
    "throughput" : 2.1514629948364887,
    "receivedKBytesPerSec" : 598.4382563737091,
    "sentKBytesPerSec" : 0.7017467190189329
  },
  "Total" : {
    "transaction" : "Total",
    "sampleCount" : 15,
    "errorCount" : 0,
    "errorPct" : 0.0,
    "meanResTime" : 415.26666666666665,
    "medianResTime" : 109.0,
    "minResTime" : 30.0,
    "maxResTime" : 1344.0,
    "pct1ResTime" : 1344.0,
    "pct2ResTime" : 1344.0,
    "pct3ResTime" : 1344.0,
    "throughput" : 3.5850860420650092,
    "receivedKBytesPerSec" : 334.13118614065485,
    "sentKBytesPerSec" : 1.023476711878585
  },
  "login" : {
    "transaction" : "login",
    "sampleCount" : 5,
    "errorCount" : 0,
    "errorPct" : 0.0,
    "meanResTime" : 369.0,
    "medianResTime" : 109.0,
    "minResTime" : 88.0,
    "maxResTime" : 1227.0,
    "pct1ResTime" : 1227.0,
    "pct2ResTime" : 1227.0,
    "pct3ResTime" : 1227.0,
    "throughput" : 1.25344697919278,
    "receivedKBytesPerSec" : 0.9817035911255955,
    "sentKBytesPerSec" : 0.3121376754825771
  },
  "create api key" : {
    "transaction" : "create api key",
    "sampleCount" : 5,
    "errorCount" : 0,
    "errorPct" : 0.0,
    "meanResTime" : 41.2,
    "medianResTime" : 34.0,
    "minResTime" : 30.0,
    "maxResTime" : 57.0,
    "pct1ResTime" : 57.0,
    "pct2ResTime" : 57.0,
    "pct3ResTime" : 57.0,
    "throughput" : 2.244165170556553,
    "receivedKBytesPerSec" : 1.4893893065529622,
    "sentKBytesPerSec" : 0.6311714542190304
  }
}