{
  "zone activity" : {
    "transaction" : "zone activity",
    "sampleCount" : 5,
    "errorCount" : 0,
    "errorPct" : 0.0,
    "meanResTime" : 96.0,
    "medianResTime" : 94.0,
    "minResTime" : 75.0,
    "maxResTime" : 117.0,
    "pct1ResTime" : 117.0,
    "pct2ResTime" : 117.0,
    "pct3ResTime" : 117.0,
    "throughput" : 1.9252984212552946,
    "receivedKBytesPerSec" : 535.4341397525992,
    "sentKBytesPerSec" : 0.6279781959953793
  },
  "Total" : {
    "transaction" : "Total",
    "sampleCount" : 15,
    "errorCount" : 0,
    "errorPct" : 0.0,
    "meanResTime" : 108.73333333333333,
    "medianResTime" : 54.0,
    "minResTime" : 17.0,
    "maxResTime" : 777.0,
    "pct1ResTime" : 381.0000000000002,
    "pct2ResTime" : 777.0,
    "pct3ResTime" : 777.0,
    "throughput" : 3.7064492216456633,
    "receivedKBytesPerSec" : 345.380741135409,
    "sentKBytesPerSec" : 1.0581236872992341
  },
  "login" : {
    "transaction" : "login",
    "sampleCount" : 5,
    "errorCount" : 0,
    "errorPct" : 0.0,
    "meanResTime" : 200.6,
    "medianResTime" : 54.0,
    "minResTime" : 49.0,
    "maxResTime" : 777.0,
    "pct1ResTime" : 777.0,
    "pct2ResTime" : 777.0,
    "pct3ResTime" : 777.0,
    "throughput" : 1.2651821862348178,
    "receivedKBytesPerSec" : 0.9908946419534413,
    "sentKBytesPerSec" : 0.3150600170799595
  },
  "create api key" : {
    "transaction" : "create api key",
    "sampleCount" : 5,
    "errorCount" : 0,
    "errorPct" : 0.0,
    "meanResTime" : 29.6,
    "medianResTime" : 19.0,
    "minResTime" : 17.0,
    "maxResTime" : 49.0,
    "pct1ResTime" : 49.0,
    "pct2ResTime" : 49.0,
    "pct3ResTime" : 49.0,
    "throughput" : 1.9342359767891684,
    "receivedKBytesPerSec" : 1.2833202369439072,
    "sentKBytesPerSec" : 0.5440038684719536
  }
}