{
  "zone activity" : {
    "transaction" : "zone activity",
    "sampleCount" : 5,
    "errorCount" : 0,
    "errorPct" : 0.0,
    "meanResTime" : 101.2,
    "medianResTime" : 81.0,
    "minResTime" : 73.0,
    "maxResTime" : 138.0,
    "pct1ResTime" : 138.0,
    "pct2ResTime" : 138.0,
    "pct3ResTime" : 138.0,
    "throughput" : 2.085070892410342,
    "receivedKBytesPerSec" : 579.988124869683,
    "sentKBytesPerSec" : 0.6800914824854045
  },
  "Total" : {
    "transaction" : "Total",
    "sampleCount" : 15,
    "errorCount" : 0,
    "errorPct" : 0.0,
    "meanResTime" : 121.46666666666667,
    "medianResTime" : 48.0,
    "minResTime" : 15.0,
    "maxResTime" : 981.0,
    "pct1ResTime" : 475.2000000000003,
    "pct2ResTime" : 981.0,
    "pct3ResTime" : 981.0,
    "throughput" : 3.720238095238095,
    "receivedKBytesPerSec" : 346.73805842323907,
    "sentKBytesPerSec" : 1.0620601593501984
  },
  "login" : {
    "transaction" : "login",
    "sampleCount" : 5,
    "errorCount" : 0,
    "errorPct" : 0.0,
    "meanResTime" : 239.0,
    "medianResTime" : 48.0,
    "minResTime" : 39.0,
    "maxResTime" : 981.0,
    "pct1ResTime" : 981.0,
    "pct2ResTime" : 981.0,
    "pct3ResTime" : 981.0,
    "throughput" : 1.2709710218607015,
    "receivedKBytesPerSec" : 0.9954284761057447,
    "sentKBytesPerSec" : 0.31650157282663954
  },
  "create api key" : {
    "transaction" : "create api key",
    "sampleCount" : 5,
    "errorCount" : 0,
    "errorPct" : 0.0,
    "meanResTime" : 24.2,
    "medianResTime" : 16.0,
    "minResTime" : 15.0,
    "maxResTime" : 41.0,
    "pct1ResTime" : 41.0,
    "pct2ResTime" : 41.0,
    "pct3ResTime" : 41.0,
    "throughput" : 2.1114864864864864,
    "receivedKBytesPerSec" : 1.4021589949324325,
    "sentKBytesPerSec" : 0.5938555743243243
  }
}