{
  "zone activity" : {
    "transaction" : "zone activity",
    "sampleCount" : 5,
    "errorCount" : 0,
    "errorPct" : 0.0,
    "meanResTime" : 1255.4,
    "medianResTime" : 1712.0,
    "minResTime" : 185.0,
    "maxResTime" : 1857.0,
    "pct1ResTime" : 1857.0,
    "pct2ResTime" : 1857.0,
    "pct3ResTime" : 1857.0,
    "throughput" : 2.079002079002079,
    "receivedKBytesPerSec" : 578.6674896049897,
    "sentKBytesPerSec" : 0.6781120062370063
  },
  "Total" : {
    "transaction" : "Total",
    "sampleCount" : 15,
    "errorCount" : 0,
    "errorPct" : 0.0,
    "meanResTime" : 538.7333333333333,
    "medianResTime" : 139.0,
    "minResTime" : 15.0,
    "maxResTime" : 1857.0,
    "pct1ResTime" : 1836.0,
    "pct2ResTime" : 1857.0,
    "pct3ResTime" : 1857.0,
    "throughput" : 3.526093088857546,
    "receivedKBytesPerSec" : 328.8506497561119,
    "sentKBytesPerSec" : 1.0066352991302305
  },
  "login" : {
    "transaction" : "login",
    "sampleCount" : 5,
    "errorCount" : 0,
    "errorPct" : 0.0,
    "meanResTime" : 291.0,
    "medianResTime" : 115.0,
    "minResTime" : 52.0,
    "maxResTime" : 1071.0,
    "pct1ResTime" : 1071.0,
    "pct2ResTime" : 1071.0,
    "pct3ResTime" : 1071.0,
    "throughput" : 1.2416190712689348,
    "receivedKBytesPerSec" : 0.9724399366774273,
    "sentKBytesPerSec" : 0.3091922491929476
  },
  "create api key" : {
    "transaction" : "create api key",
    "sampleCount" : 5,
    "errorCount" : 0,
    "errorPct" : 0.0,
    "meanResTime" : 69.8,
    "medianResTime" : 39.0,
    "minResTime" : 15.0,
    "maxResTime" : 139.0,
    "pct1ResTime" : 139.0,
    "pct2ResTime" : 139.0,
    "pct3ResTime" : 139.0,
    "throughput" : 2.1070375052675936,
    "receivedKBytesPerSec" : 1.3987930625790137,
    "sentKBytesPerSec" : 0.5926042983565107
  }
}