{
  "zone activity" : {
    "transaction" : "zone activity",
    "sampleCount" : 5,
    "errorCount" : 0,
    "errorPct" : 0.0,
    "meanResTime" : 1249.6,
    "medianResTime" : 1695.0,
    "minResTime" : 161.0,
    "maxResTime" : 1849.0,
    "pct1ResTime" : 1849.0,
    "pct2ResTime" : 1849.0,
    "pct3ResTime" : 1849.0,
    "throughput" : 2.1710811984368217,
    "receivedKBytesPerSec" : 604.0952867184108,
    "sentKBytesPerSec" : 0.7081456252713851
  },
  "Total" : {
    "transaction" : "Total",
    "sampleCount" : 15,
    "errorCount" : 0,
    "errorPct" : 0.0,
    "meanResTime" : 550.4,
    "medianResTime" : 94.0,
    "minResTime" : 28.0,
    "maxResTime" : 1849.0,
    "pct1ResTime" : 1846.6,
    "pct2ResTime" : 1849.0,
    "pct3ResTime" : 1849.0,
    "throughput" : 3.5945363048166787,
    "receivedKBytesPerSec" : 335.12217679127724,
    "sentKBytesPerSec" : 1.026174589623772
  },
  "login" : {
    "transaction" : "login",
    "sampleCount" : 5,
    "errorCount" : 0,
    "errorPct" : 0.0,
    "meanResTime" : 363.6,
    "medianResTime" : 94.0,
    "minResTime" : 89.0,
    "maxResTime" : 1218.0,
    "pct1ResTime" : 1218.0,
    "pct2ResTime" : 1218.0,
    "pct3ResTime" : 1218.0,
    "throughput" : 1.2559658377292138,
    "receivedKBytesPerSec" : 0.9836763690027631,
    "sentKBytesPerSec" : 0.312764930293896
  },
  "create api key" : {
    "transaction" : "create api key",
    "sampleCount" : 5,
    "errorCount" : 0,
    "errorPct" : 0.0,
    "meanResTime" : 38.0,
    "medianResTime" : 31.0,
    "minResTime" : 28.0,
    "maxResTime" : 54.0,
    "pct1ResTime" : 54.0,
    "pct2ResTime" : 54.0,
    "pct3ResTime" : 54.0,
    "throughput" : 2.2675736961451247,
    "receivedKBytesPerSec" : 1.5044820011337867,
    "sentKBytesPerSec" : 0.6377551020408163
  }
}