{
  "zone activity" : {
    "transaction" : "zone activity",
    "sampleCount" : 10,
    "errorCount" : 0,
    "errorPct" : 0.0,
    "meanResTime" : 141.1,
    "medianResTime" : 141.0,
    "minResTime" : 139.0,
    "maxResTime" : 144.0,
    "pct1ResTime" : 144.0,
    "pct2ResTime" : 144.0,
    "pct3ResTime" : 144.0,
    "throughput" : 1.326787846623325,
    "receivedKBytesPerSec" : 20.699963513334218,
    "sentKBytesPerSec" : 0.4314651884038742
  },
  "Total" : {
    "transaction" : "Total",
    "sampleCount" : 30,
    "errorCount" : 0,
    "errorPct" : 0.0,
    "meanResTime" : 176.6,
    "medianResTime" : 141.0,
    "minResTime" : 73.0,
    "maxResTime" : 1110.0,
    "pct1ResTime" : 229.4,
    "pct2ResTime" : 628.1999999999994,
    "pct3ResTime" : 1110.0,
    "throughput" : 3.215434083601286,
    "receivedKBytesPerSec" : 20.449407154340836,
    "sentKBytesPerSec" : 0.9179478161843515
  },
  "login" : {
    "transaction" : "login",
    "sampleCount" : 10,
    "errorCount" : 0,
    "errorPct" : 0.0,
    "meanResTime" : 310.5,
    "medianResTime" : 220.5,
    "minResTime" : 215.0,
    "maxResTime" : 1110.0,
    "pct1ResTime" : 1022.4000000000003,
    "pct2ResTime" : 1110.0,
    "pct3ResTime" : 1110.0,
    "throughput" : 1.097213078779899,
    "receivedKBytesPerSec" : 1.973697745227123,
    "sentKBytesPerSec" : 0.27430326969497476
  },
  "create api key" : {
    "transaction" : "create api key",
    "sampleCount" : 10,
    "errorCount" : 0,
    "errorPct" : 0.0,
    "meanResTime" : 78.2,
    "medianResTime" : 74.0,
    "minResTime" : 73.0,
    "maxResTime" : 100.0,
    "pct1ResTime" : 98.9,
    "pct2ResTime" : 100.0,
    "pct3ResTime" : 100.0,
    "throughput" : 1.3335111348179758,
    "receivedKBytesPerSec" : 2.2388401786904923,
    "sentKBytesPerSec" : 0.37505000666755567
  }
}