{
  "zone activity" : {
    "transaction" : "zone activity",
    "sampleCount" : 5,
    "errorCount" : 0,
    "errorPct" : 0.0,
    "meanResTime" : 425.2,
    "medianResTime" : 405.0,
    "minResTime" : 394.0,
    "maxResTime" : 475.0,
    "pct1ResTime" : 475.0,
    "pct2ResTime" : 475.0,
    "pct3ResTime" : 475.0,
    "throughput" : 1.8057060310581436,
    "receivedKBytesPerSec" : 502.22574428945467,
    "sentKBytesPerSec" : 0.588970521849043
  },
  "Total" : {
    "transaction" : "Total",
    "sampleCount" : 15,
    "errorCount" : 0,
    "errorPct" : 0.0,
    "meanResTime" : 311.9333333333334,
    "medianResTime" : 235.0,
    "minResTime" : 77.0,
    "maxResTime" : 1154.0,
    "pct1ResTime" : 746.6000000000003,
    "pct2ResTime" : 1154.0,
    "pct3ResTime" : 1154.0,
    "throughput" : 3.2545020611846387,
    "receivedKBytesPerSec" : 303.29755641136904,
    "sentKBytesPerSec" : 0.9291010116077241
  },
  "login" : {
    "transaction" : "login",
    "sampleCount" : 5,
    "errorCount" : 0,
    "errorPct" : 0.0,
    "meanResTime" : 417.8,
    "medianResTime" : 235.0,
    "minResTime" : 225.0,
    "maxResTime" : 1154.0,
    "pct1ResTime" : 1154.0,
    "pct2ResTime" : 1154.0,
    "pct3ResTime" : 1154.0,
    "throughput" : 1.2091898428053203,
    "receivedKBytesPerSec" : 0.9470412636033858,
    "sentKBytesPerSec" : 0.30111661124546557
  },
  "create api key" : {
    "transaction" : "create api key",
    "sampleCount" : 5,
    "errorCount" : 0,
    "errorPct" : 0.0,
    "meanResTime" : 92.8,
    "medianResTime" : 79.0,
    "minResTime" : 77.0,
    "maxResTime" : 119.0,
    "pct1ResTime" : 119.0,
    "pct2ResTime" : 119.0,
    "pct3ResTime" : 119.0,
    "throughput" : 1.9984012789768186,
    "receivedKBytesPerSec" : 1.3266730365707435,
    "sentKBytesPerSec" : 0.5620503597122303
  }
}