{
  "zone activity" : {
    "transaction" : "zone activity",
    "sampleCount" : 5,
    "errorCount" : 0,
    "errorPct" : 0.0,
    "meanResTime" : 160.8,
    "medianResTime" : 161.0,
    "minResTime" : 152.0,
    "maxResTime" : 167.0,
    "pct1ResTime" : 167.0,
    "pct2ResTime" : 167.0,
    "pct3ResTime" : 167.0,
    "throughput" : 2.126754572522331,
    "receivedKBytesPerSec" : 591.6730912377711,
    "sentKBytesPerSec" : 0.6936875265844321
  },
  "Total" : {
    "transaction" : "Total",
    "sampleCount" : 15,
    "errorCount" : 0,
    "errorPct" : 0.0,
    "meanResTime" : 180.33333333333337,
    "medianResTime" : 96.0,
    "minResTime" : 26.0,
    "maxResTime" : 1172.0,
    "pct1ResTime" : 627.2000000000003,
    "pct2ResTime" : 1172.0,
    "pct3ResTime" : 1172.0,
    "throughput" : 3.57824427480916,
    "receivedKBytesPerSec" : 333.55363452707536,
    "sentKBytesPerSec" : 1.0215235120467556
  },
  "login" : {
    "transaction" : "login",
    "sampleCount" : 5,
    "errorCount" : 0,
    "errorPct" : 0.0,
    "meanResTime" : 341.6,
    "medianResTime" : 96.0,
    "minResTime" : 83.0,
    "maxResTime" : 1172.0,
    "pct1ResTime" : 1172.0,
    "pct2ResTime" : 1172.0,
    "pct3ResTime" : 1172.0,
    "throughput" : 1.2503125781445361,
    "receivedKBytesPerSec" : 0.9792487184296074,
    "sentKBytesPerSec" : 0.31135713615903976
  },
  "create api key" : {
    "transaction" : "create api key",
    "sampleCount" : 5,
    "errorCount" : 0,
    "errorPct" : 0.0,
    "meanResTime" : 38.6,
    "medianResTime" : 31.0,
    "minResTime" : 26.0,
    "maxResTime" : 53.0,
    "pct1ResTime" : 53.0,
    "pct2ResTime" : 53.0,
    "pct3ResTime" : 53.0,
    "throughput" : 2.2143489813994686,
    "receivedKBytesPerSec" : 1.4691686503542958,
    "sentKBytesPerSec" : 0.6227856510186005
  }
}