{
  "zone activity" : {
    "transaction" : "zone activity",
    "sampleCount" : 5,
    "errorCount" : 0,
    "errorPct" : 0.0,
    "meanResTime" : 2011.0,
    "medianResTime" : 2420.0,
    "minResTime" : 897.0,
    "maxResTime" : 2426.0,
    "pct1ResTime" : 2426.0,
    "pct2ResTime" : 2426.0,
    "pct3ResTime" : 2426.0,
    "throughput" : 2.0567667626491155,
    "receivedKBytesPerSec" : 572.3118219097079,
    "sentKBytesPerSec" : 0.6708594714109419
  },
  "Total" : {
    "transaction" : "Total",
    "sampleCount" : 15,
    "errorCount" : 0,
    "errorPct" : 0.0,
    "meanResTime" : 883.0666666666666,
    "medianResTime" : 117.0,
    "minResTime" : 32.0,
    "maxResTime" : 2426.0,
    "pct1ResTime" : 2423.6,
    "pct2ResTime" : 2426.0,
    "pct3ResTime" : 2426.0,
    "throughput" : 3.0382823577071094,
    "receivedKBytesPerSec" : 283.2741369379178,
    "sentKBytesPerSec" : 0.8673742277699007
  },
  "login" : {
    "transaction" : "login",
    "sampleCount" : 5,
    "errorCount" : 0,
    "errorPct" : 0.0,
    "meanResTime" : 554.6,
    "medianResTime" : 105.0,
    "minResTime" : 94.0,
    "maxResTime" : 1683.0,
    "pct1ResTime" : 1683.0,
    "pct2ResTime" : 1683.0,
    "pct3ResTime" : 1683.0,
    "throughput" : 1.25,
    "receivedKBytesPerSec" : 0.97900390625,
    "sentKBytesPerSec" : 0.311279296875
  },
  "create api key" : {
    "transaction" : "create api key",
    "sampleCount" : 5,
    "errorCount" : 0,
    "errorPct" : 0.0,
    "meanResTime" : 83.6,
    "medianResTime" : 116.0,
    "minResTime" : 32.0,
    "maxResTime" : 117.0,
    "pct1ResTime" : 117.0,
    "pct2ResTime" : 117.0,
    "pct3ResTime" : 117.0,
    "throughput" : 3.0084235860409145,
    "receivedKBytesPerSec" : 1.9966061221419977,
    "sentKBytesPerSec" : 0.8461191335740073
  }
}