{
  "zone activity" : {
    "transaction" : "zone activity",
    "sampleCount" : 5,
    "errorCount" : 0,
    "errorPct" : 0.0,
    "meanResTime" : 96.8,
    "medianResTime" : 84.0,
    "minResTime" : 79.0,
    "maxResTime" : 120.0,
    "pct1ResTime" : 120.0,
    "pct2ResTime" : 120.0,
    "pct3ResTime" : 120.0,
    "throughput" : 2.3137436372049978,
    "receivedKBytesPerSec" : 643.4615954708469,
    "sentKBytesPerSec" : 0.7546781004164739
  },
  "Total" : {
    "transaction" : "Total",
    "sampleCount" : 15,
    "errorCount" : 0,
    "errorPct" : 0.0,
    "meanResTime" : 154.66666666666669,
    "medianResTime" : 60.0,
    "minResTime" : 19.0,
    "maxResTime" : 1218.0,
    "pct1ResTime" : 674.4000000000003,
    "pct2ResTime" : 1218.0,
    "pct3ResTime" : 1218.0,
    "throughput" : 3.6936715094804233,
    "receivedKBytesPerSec" : 344.1900663321842,
    "sentKBytesPerSec" : 1.0544758834031027
  },
  "login" : {
    "transaction" : "login",
    "sampleCount" : 5,
    "errorCount" : 0,
    "errorPct" : 0.0,
    "meanResTime" : 338.2,
    "medianResTime" : 60.0,
    "minResTime" : 49.0,
    "maxResTime" : 1218.0,
    "pct1ResTime" : 1218.0,
    "pct2ResTime" : 1218.0,
    "pct3ResTime" : 1218.0,
    "throughput" : 1.2642225031605563,
    "receivedKBytesPerSec" : 0.99014301517067,
    "sentKBytesPerSec" : 0.31482103350189633
  },
  "create api key" : {
    "transaction" : "create api key",
    "sampleCount" : 5,
    "errorCount" : 0,
    "errorPct" : 0.0,
    "meanResTime" : 29.0,
    "medianResTime" : 22.0,
    "minResTime" : 19.0,
    "maxResTime" : 42.0,
    "pct1ResTime" : 42.0,
    "pct2ResTime" : 42.0,
    "pct3ResTime" : 42.0,
    "throughput" : 2.3430178069353325,
    "receivedKBytesPerSec" : 1.5554526417525774,
    "sentKBytesPerSec" : 0.6589737582005624
  }
}