{
  "zone activity" : {
    "transaction" : "zone activity",
    "sampleCount" : 5,
    "errorCount" : 0,
    "errorPct" : 0.0,
    "meanResTime" : 156.8,
    "medianResTime" : 159.0,
    "minResTime" : 144.0,
    "maxResTime" : 164.0,
    "pct1ResTime" : 164.0,
    "pct2ResTime" : 164.0,
    "pct3ResTime" : 164.0,
    "throughput" : 2.501250625312656,
    "receivedKBytesPerSec" : 696.5460269197098,
    "sentKBytesPerSec" : 0.8158376063031515
  },
  "Total" : {
    "transaction" : "Total",
    "sampleCount" : 15,
    "errorCount" : 0,
    "errorPct" : 0.0,
    "meanResTime" : 237.53333333333336,
    "medianResTime" : 114.0,
    "minResTime" : 35.0,
    "maxResTime" : 1562.0,
    "pct1ResTime" : 1016.6000000000004,
    "pct2ResTime" : 1562.0,
    "pct3ResTime" : 1562.0,
    "throughput" : 3.5637918745545263,
    "receivedKBytesPerSec" : 332.5331042854598,
    "sentKBytesPerSec" : 1.0173976152292707
  },
  "login" : {
    "transaction" : "login",
    "sampleCount" : 5,
    "errorCount" : 0,
    "errorPct" : 0.0,
    "meanResTime" : 506.6,
    "medianResTime" : 114.0,
    "minResTime" : 98.0,
    "maxResTime" : 1562.0,
    "pct1ResTime" : 1562.0,
    "pct2ResTime" : 1562.0,
    "pct3ResTime" : 1562.0,
    "throughput" : 1.2484394506866416,
    "receivedKBytesPerSec" : 0.9777816791510612,
    "sentKBytesPerSec" : 0.3108906835205993
  },
  "create api key" : {
    "transaction" : "create api key",
    "sampleCount" : 5,
    "errorCount" : 0,
    "errorPct" : 0.0,
    "meanResTime" : 49.2,
    "medianResTime" : 58.0,
    "minResTime" : 35.0,
    "maxResTime" : 58.0,
    "pct1ResTime" : 58.0,
    "pct2ResTime" : 58.0,
    "pct3ResTime" : 58.0,
    "throughput" : 2.620545073375262,
    "receivedKBytesPerSec" : 1.74020571278826,
    "sentKBytesPerSec" : 0.7370283018867925
  }
}