{
  "zone activity" : {
    "transaction" : "zone activity",
    "sampleCount" : 5,
    "errorCount" : 0,
    "errorPct" : 0.0,
    "meanResTime" : 77.8,
    "medianResTime" : 58.0,
    "minResTime" : 56.0,
    "maxResTime" : 110.0,
    "pct1ResTime" : 110.0,
    "pct2ResTime" : 110.0,
    "pct3ResTime" : 110.0,
    "throughput" : 2.2114108801415306,
    "receivedKBytesPerSec" : 615.546218487395,
    "sentKBytesPerSec" : 0.7213000331711632
  },
  "Total" : {
    "transaction" : "Total",
    "sampleCount" : 15,
    "errorCount" : 0,
    "errorPct" : 0.0,
    "meanResTime" : 131.26666666666665,
    "medianResTime" : 45.0,
    "minResTime" : 11.0,
    "maxResTime" : 1128.0,
    "pct1ResTime" : 583.2000000000003,
    "pct2ResTime" : 1128.0,
    "pct3ResTime" : 1128.0,
    "throughput" : 3.7387836490528414,
    "receivedKBytesPerSec" : 348.69975035830015,
    "sentKBytesPerSec" : 1.0673545768943171
  },
  "login" : {
    "transaction" : "login",
    "sampleCount" : 5,
    "errorCount" : 0,
    "errorPct" : 0.0,
    "meanResTime" : 294.6,
    "medianResTime" : 45.0,
    "minResTime" : 37.0,
    "maxResTime" : 1128.0,
    "pct1ResTime" : 1128.0,
    "pct2ResTime" : 1128.0,
    "pct3ResTime" : 1128.0,
    "throughput" : 1.2683916793505834,
    "receivedKBytesPerSec" : 0.9934083269913749,
    "sentKBytesPerSec" : 0.31585925608828
  },
  "create api key" : {
    "transaction" : "create api key",
    "sampleCount" : 5,
    "errorCount" : 0,
    "errorPct" : 0.0,
    "meanResTime" : 21.4,
    "medianResTime" : 14.0,
    "minResTime" : 11.0,
    "maxResTime" : 37.0,
    "pct1ResTime" : 37.0,
    "pct2ResTime" : 37.0,
    "pct3ResTime" : 37.0,
    "throughput" : 2.2232103156958645,
    "receivedKBytesPerSec" : 1.4750479379724322,
    "sentKBytesPerSec" : 0.6252779012894619
  }
}