{
  "zone activity" : {
    "transaction" : "zone activity",
    "sampleCount" : 5,
    "errorCount" : 0,
    "errorPct" : 0.0,
    "meanResTime" : 398.6,
    "medianResTime" : 406.0,
    "minResTime" : 360.0,
    "maxResTime" : 438.0,
    "pct1ResTime" : 438.0,
    "pct2ResTime" : 438.0,
    "pct3ResTime" : 438.0,
    "throughput" : 1.5110305228165608,
    "receivedKBytesPerSec" : 420.5909191787549,
    "sentKBytesPerSec" : 0.49285565880930793
  },
  "Total" : {
    "transaction" : "Total",
    "sampleCount" : 15,
    "errorCount" : 0,
    "errorPct" : 0.0,
    "meanResTime" : 271.59999999999997,
    "medianResTime" : 250.0,
    "minResTime" : 76.0,
    "maxResTime" : 667.0,
    "pct1ResTime" : 529.6000000000001,
    "pct2ResTime" : 667.0,
    "pct3ResTime" : 667.0,
    "throughput" : 3.2481593763534,
    "receivedKBytesPerSec" : 302.93823083585966,
    "sentKBytesPerSec" : 0.9272902907102641
  },
  "login" : {
    "transaction" : "login",
    "sampleCount" : 5,
    "errorCount" : 0,
    "errorPct" : 0.0,
    "meanResTime" : 329.0,
    "medianResTime" : 250.0,
    "minResTime" : 224.0,
    "maxResTime" : 667.0,
    "pct1ResTime" : 667.0,
    "pct2ResTime" : 667.0,
    "pct3ResTime" : 667.0,
    "throughput" : 1.2030798845043311,
    "receivedKBytesPerSec" : 0.9422559251684313,
    "sentKBytesPerSec" : 0.29959508842637156
  },
  "create api key" : {
    "transaction" : "create api key",
    "sampleCount" : 5,
    "errorCount" : 0,
    "errorPct" : 0.0,
    "meanResTime" : 87.2,
    "medianResTime" : 83.0,
    "minResTime" : 76.0,
    "maxResTime" : 99.0,
    "pct1ResTime" : 99.0,
    "pct2ResTime" : 99.0,
    "pct3ResTime" : 99.0,
    "throughput" : 1.644736842105263,
    "receivedKBytesPerSec" : 1.0912443462171053,
    "sentKBytesPerSec" : 0.46258223684210525
  }
}