{
  "zone activity" : {
    "transaction" : "zone activity",
    "sampleCount" : 5,
    "errorCount" : 0,
    "errorPct" : 0.0,
    "meanResTime" : 450.6,
    "medianResTime" : 439.0,
    "minResTime" : 401.0,
    "maxResTime" : 506.0,
    "pct1ResTime" : 506.0,
    "pct2ResTime" : 506.0,
    "pct3ResTime" : 506.0,
    "throughput" : 1.6891891891891893,
    "receivedKBytesPerSec" : 470.07990656672297,
    "sentKBytesPerSec" : 0.5509660050675675
  },
  "Total" : {
    "transaction" : "Total",
    "sampleCount" : 15,
    "errorCount" : 0,
    "errorPct" : 0.0,
    "meanResTime" : 317.19999999999993,
    "medianResTime" : 258.0,
    "minResTime" : 81.0,
    "maxResTime" : 892.0,
    "pct1ResTime" : 660.4000000000001,
    "pct2ResTime" : 892.0,
    "pct3ResTime" : 892.0,
    "throughput" : 3.228583727938011,
    "receivedKBytesPerSec" : 301.0481967014636,
    "sentKBytesPerSec" : 0.9217017999354283
  },
  "login" : {
    "transaction" : "login",
    "sampleCount" : 5,
    "errorCount" : 0,
    "errorPct" : 0.0,
    "meanResTime" : 382.8,
    "medianResTime" : 258.0,
    "minResTime" : 242.0,
    "maxResTime" : 892.0,
    "pct1ResTime" : 892.0,
    "pct2ResTime" : 892.0,
    "pct3ResTime" : 892.0,
    "throughput" : 1.2022120702091847,
    "receivedKBytesPerSec" : 0.941576250300553,
    "sentKBytesPerSec" : 0.29937898232748256
  },
  "create api key" : {
    "transaction" : "create api key",
    "sampleCount" : 5,
    "errorCount" : 0,
    "errorPct" : 0.0,
    "meanResTime" : 118.2,
    "medianResTime" : 83.0,
    "minResTime" : 81.0,
    "maxResTime" : 174.0,
    "pct1ResTime" : 174.0,
    "pct2ResTime" : 174.0,
    "pct3ResTime" : 174.0,
    "throughput" : 1.8221574344023324,
    "receivedKBytesPerSec" : 1.2089587509110786,
    "sentKBytesPerSec" : 0.5124817784256559
  }
}