{
  "zone activity" : {
    "transaction" : "zone activity",
    "sampleCount" : 5,
    "errorCount" : 0,
    "errorPct" : 0.0,
    "meanResTime" : 171.0,
    "medianResTime" : 164.0,
    "minResTime" : 153.0,
    "maxResTime" : 193.0,
    "pct1ResTime" : 193.0,
    "pct2ResTime" : 193.0,
    "pct3ResTime" : 193.0,
    "throughput" : 1.86219739292365,
    "receivedKBytesPerSec" : 517.9145571461825,
    "sentKBytesPerSec" : 0.6073964152700186
  },
  "Total" : {
    "transaction" : "Total",
    "sampleCount" : 15,
    "errorCount" : 0,
    "errorPct" : 0.0,
    "meanResTime" : 158.93333333333334,
    "medianResTime" : 100.0,
    "minResTime" : 32.0,
    "maxResTime" : 925.0,
    "pct1ResTime" : 485.80000000000024,
    "pct2ResTime" : 925.0,
    "pct3ResTime" : 925.0,
    "throughput" : 3.5637918745545263,
    "receivedKBytesPerSec" : 332.1059596994536,
    "sentKBytesPerSec" : 1.0173976152292707
  },
  "login" : {
    "transaction" : "login",
    "sampleCount" : 5,
    "errorCount" : 0,
    "errorPct" : 0.0,
    "meanResTime" : 264.4,
    "medianResTime" : 100.0,
    "minResTime" : 94.0,
    "maxResTime" : 925.0,
    "pct1ResTime" : 925.0,
    "pct2ResTime" : 925.0,
    "pct3ResTime" : 925.0,
    "throughput" : 1.2465719272001994,
    "receivedKBytesPerSec" : 0.9763190289204687,
    "sentKBytesPerSec" : 0.3104256264023934
  },
  "create api key" : {
    "transaction" : "create api key",
    "sampleCount" : 5,
    "errorCount" : 0,
    "errorPct" : 0.0,
    "meanResTime" : 41.4,
    "medianResTime" : 33.0,
    "minResTime" : 32.0,
    "maxResTime" : 55.0,
    "pct1ResTime" : 55.0,
    "pct2ResTime" : 55.0,
    "pct3ResTime" : 55.0,
    "throughput" : 1.9305019305019306,
    "receivedKBytesPerSec" : 1.280842784749035,
    "sentKBytesPerSec" : 0.542953667953668
  }
}