{
  "zone activity" : {
    "transaction" : "zone activity",
    "sampleCount" : 10,
    "errorCount" : 0,
    "errorPct" : 0.0,
    "meanResTime" : 106.2,
    "medianResTime" : 106.5,
    "minResTime" : 102.0,
    "maxResTime" : 111.0,
    "pct1ResTime" : 110.8,
    "pct2ResTime" : 111.0,
    "pct3ResTime" : 111.0,
    "throughput" : 1.3544629554381689,
    "receivedKBytesPerSec" : 21.13200299674929,
    "sentKBytesPerSec" : 0.44046500406338884
  },
  "Total" : {
    "transaction" : "Total",
    "sampleCount" : 30,
    "errorCount" : 0,
    "errorPct" : 0.0,
    "meanResTime" : 146.56666666666666,
    "medianResTime" : 106.5,
    "minResTime" : 55.0,
    "maxResTime" : 1139.0,
    "pct1ResTime" : 178.4,
    "pct2ResTime" : 647.8499999999993,
    "pct3ResTime" : 1139.0,
    "throughput" : 3.2513276254470576,
    "receivedKBytesPerSec" : 20.677893342906685,
    "sentKBytesPerSec" : 0.9281947680719627
  },
  "login" : {
    "transaction" : "login",
    "sampleCount" : 10,
    "errorCount" : 0,
    "errorPct" : 0.0,
    "meanResTime" : 272.3,
    "medianResTime" : 169.5,
    "minResTime" : 159.0,
    "maxResTime" : 1139.0,
    "pct1ResTime" : 1049.7000000000003,
    "pct2ResTime" : 1139.0,
    "pct3ResTime" : 1139.0,
    "throughput" : 1.103996467211305,
    "receivedKBytesPerSec" : 1.9858998951203357,
    "sentKBytesPerSec" : 0.27599911680282624
  },
  "create api key" : {
    "transaction" : "create api key",
    "sampleCount" : 10,
    "errorCount" : 0,
    "errorPct" : 0.0,
    "meanResTime" : 61.199999999999996,
    "medianResTime" : 58.0,
    "minResTime" : 55.0,
    "maxResTime" : 78.0,
    "pct1ResTime" : 77.9,
    "pct2ResTime" : 78.0,
    "pct3ResTime" : 78.0,
    "throughput" : 1.3579576317218902,
    "receivedKBytesPerSec" : 2.27988355513308,
    "sentKBytesPerSec" : 0.38192558392178166
  }
}