{
  "zone activity" : {
    "transaction" : "zone activity",
    "sampleCount" : 5,
    "errorCount" : 0,
    "errorPct" : 0.0,
    "meanResTime" : 424.0,
    "medianResTime" : 415.0,
    "minResTime" : 400.0,
    "maxResTime" : 462.0,
    "pct1ResTime" : 462.0,
    "pct2ResTime" : 462.0,
    "pct3ResTime" : 462.0,
    "throughput" : 1.7946877243359654,
    "receivedKBytesPerSec" : 499.26810391241924,
    "sentKBytesPerSec" : 0.585376660086145
  },
  "Total" : {
    "transaction" : "Total",
    "sampleCount" : 15,
    "errorCount" : 0,
    "errorPct" : 0.0,
    "meanResTime" : 308.40000000000003,
    "medianResTime" : 239.0,
    "minResTime" : 77.0,
    "maxResTime" : 1131.0,
    "pct1ResTime" : 729.6000000000003,
    "pct2ResTime" : 1131.0,
    "pct3ResTime" : 1131.0,
    "throughput" : 3.2369443245576175,
    "receivedKBytesPerSec" : 301.72514802276646,
    "sentKBytesPerSec" : 0.9240885978636166
  },
  "login" : {
    "transaction" : "login",
    "sampleCount" : 5,
    "errorCount" : 0,
    "errorPct" : 0.0,
    "meanResTime" : 416.2,
    "medianResTime" : 239.0,
    "minResTime" : 232.0,
    "maxResTime" : 1131.0,
    "pct1ResTime" : 1131.0,
    "pct2ResTime" : 1131.0,
    "pct3ResTime" : 1131.0,
    "throughput" : 1.208605269518975,
    "receivedKBytesPerSec" : 0.9465834239787286,
    "sentKBytesPerSec" : 0.30097103879622916
  },
  "create api key" : {
    "transaction" : "create api key",
    "sampleCount" : 5,
    "errorCount" : 0,
    "errorPct" : 0.0,
    "meanResTime" : 85.0,
    "medianResTime" : 80.0,
    "minResTime" : 77.0,
    "maxResTime" : 99.0,
    "pct1ResTime" : 99.0,
    "pct2ResTime" : 99.0,
    "pct3ResTime" : 99.0,
    "throughput" : 2.0193861066235863,
    "receivedKBytesPerSec" : 1.3398153523828755,
    "sentKBytesPerSec" : 0.5679523424878837
  }
}