{
  "zone activity" : {
    "transaction" : "zone activity",
    "sampleCount" : 5,
    "errorCount" : 0,
    "errorPct" : 0.0,
    "meanResTime" : 422.4,
    "medianResTime" : 428.0,
    "minResTime" : 383.0,
    "maxResTime" : 447.0,
    "pct1ResTime" : 447.0,
    "pct2ResTime" : 447.0,
    "pct3ResTime" : 447.0,
    "throughput" : 2.320185614849188,
    "receivedKBytesPerSec" : 645.3700514791184,
    "sentKBytesPerSec" : 0.7567792923433876
  },
  "Total" : {
    "transaction" : "Total",
    "sampleCount" : 15,
    "errorCount" : 0,
    "errorPct" : 0.0,
    "meanResTime" : 388.6,
    "medianResTime" : 265.0,
    "minResTime" : 80.0,
    "maxResTime" : 1668.0,
    "pct1ResTime" : 1133.4000000000003,
    "pct2ResTime" : 1668.0,
    "pct3ResTime" : 1668.0,
    "throughput" : 3.269398430688753,
    "receivedKBytesPerSec" : 304.7098494033348,
    "sentKBytesPerSec" : 0.9333536535527462
  },
  "login" : {
    "transaction" : "login",
    "sampleCount" : 5,
    "errorCount" : 0,
    "errorPct" : 0.0,
    "meanResTime" : 638.6,
    "medianResTime" : 265.0,
    "minResTime" : 230.0,
    "maxResTime" : 1668.0,
    "pct1ResTime" : 1668.0,
    "pct2ResTime" : 1668.0,
    "pct3ResTime" : 1668.0,
    "throughput" : 1.21300339640951,
    "receivedKBytesPerSec" : 0.950028050703542,
    "sentKBytesPerSec" : 0.30206627547307136
  },
  "create api key" : {
    "transaction" : "create api key",
    "sampleCount" : 5,
    "errorCount" : 0,
    "errorPct" : 0.0,
    "meanResTime" : 104.8,
    "medianResTime" : 117.0,
    "minResTime" : 80.0,
    "maxResTime" : 121.0,
    "pct1ResTime" : 121.0,
    "pct2ResTime" : 121.0,
    "pct3ResTime" : 121.0,
    "throughput" : 2.627430373095113,
    "receivedKBytesPerSec" : 1.7447779821334735,
    "sentKBytesPerSec" : 0.7389647924330005
  }
}