{
  "zone activity" : {
    "transaction" : "zone activity",
    "sampleCount" : 5,
    "errorCount" : 0,
    "errorPct" : 0.0,
    "meanResTime" : 189.8,
    "medianResTime" : 172.0,
    "minResTime" : 168.0,
    "maxResTime" : 222.0,
    "pct1ResTime" : 222.0,
    "pct2ResTime" : 222.0,
    "pct3ResTime" : 222.0,
    "throughput" : 2.168256721595837,
    "receivedKBytesPerSec" : 603.0332725769731,
    "sentKBytesPerSec" : 0.7072243603642672
  },
  "Total" : {
    "transaction" : "Total",
    "sampleCount" : 15,
    "errorCount" : 0,
    "errorPct" : 0.0,
    "meanResTime" : 199.4,
    "medianResTime" : 135.0,
    "minResTime" : 33.0,
    "maxResTime" : 1183.0,
    "pct1ResTime" : 664.0000000000002,
    "pct2ResTime" : 1183.0,
    "pct3ResTime" : 1183.0,
    "throughput" : 3.600576092174748,
    "receivedKBytesPerSec" : 335.5331384271483,
    "sentKBytesPerSec" : 1.0278988388142103
  },
  "login" : {
    "transaction" : "login",
    "sampleCount" : 5,
    "errorCount" : 0,
    "errorPct" : 0.0,
    "meanResTime" : 365.4,
    "medianResTime" : 135.0,
    "minResTime" : 94.0,
    "maxResTime" : 1183.0,
    "pct1ResTime" : 1183.0,
    "pct2ResTime" : 1183.0,
    "pct3ResTime" : 1183.0,
    "throughput" : 1.2629451881788332,
    "receivedKBytesPerSec" : 0.9891426180853751,
    "sentKBytesPerSec" : 0.31450295213437734
  },
  "create api key" : {
    "transaction" : "create api key",
    "sampleCount" : 5,
    "errorCount" : 0,
    "errorPct" : 0.0,
    "meanResTime" : 43.0,
    "medianResTime" : 37.0,
    "minResTime" : 33.0,
    "maxResTime" : 55.0,
    "pct1ResTime" : 55.0,
    "pct2ResTime" : 55.0,
    "pct3ResTime" : 55.0,
    "throughput" : 2.2675736961451247,
    "receivedKBytesPerSec" : 1.505810657596372,
    "sentKBytesPerSec" : 0.6377551020408163
  }
}