{
  "zone activity" : {
    "transaction" : "zone activity",
    "sampleCount" : 5,
    "errorCount" : 0,
    "errorPct" : 0.0,
    "meanResTime" : 719.6,
    "medianResTime" : 697.0,
    "minResTime" : 150.0,
    "maxResTime" : 1302.0,
    "pct1ResTime" : 1302.0,
    "pct2ResTime" : 1302.0,
    "pct3ResTime" : 1302.0,
    "throughput" : 1.8241517694272165,
    "receivedKBytesPerSec" : 507.29981359449107,
    "sentKBytesPerSec" : 0.5949870029186428
  },
  "Total" : {
    "transaction" : "Total",
    "sampleCount" : 15,
    "errorCount" : 0,
    "errorPct" : 0.0,
    "meanResTime" : 331.6666666666667,
    "medianResTime" : 92.0,
    "minResTime" : 30.0,
    "maxResTime" : 1302.0,
    "pct1ResTime" : 1299.6,
    "pct2ResTime" : 1302.0,
    "pct3ResTime" : 1302.0,
    "throughput" : 3.5808068751492,
    "receivedKBytesPerSec" : 333.6696556457388,
    "sentKBytesPerSec" : 1.0222550877297685
  },
  "login" : {
    "transaction" : "login",
    "sampleCount" : 5,
    "errorCount" : 0,
    "errorPct" : 0.0,
    "meanResTime" : 236.8,
    "medianResTime" : 92.0,
    "minResTime" : 89.0,
    "maxResTime" : 808.0,
    "pct1ResTime" : 808.0,
    "pct2ResTime" : 808.0,
    "pct3ResTime" : 808.0,
    "throughput" : 1.2484394506866416,
    "receivedKBytesPerSec" : 0.9777816791510612,
    "sentKBytesPerSec" : 0.3108906835205993
  },
  "create api key" : {
    "transaction" : "create api key",
    "sampleCount" : 5,
    "errorCount" : 0,
    "errorPct" : 0.0,
    "meanResTime" : 38.6,
    "medianResTime" : 30.0,
    "minResTime" : 30.0,
    "maxResTime" : 52.0,
    "pct1ResTime" : 52.0,
    "pct2ResTime" : 52.0,
    "pct3ResTime" : 52.0,
    "throughput" : 1.8818216033120059,
    "receivedKBytesPerSec" : 1.2485445286036883,
    "sentKBytesPerSec" : 0.5292623259315017
  }
}