{
  "zone activity" : {
    "transaction" : "zone activity",
    "sampleCount" : 5,
    "errorCount" : 0,
    "errorPct" : 0.0,
    "meanResTime" : 67.8,
    "medianResTime" : 67.0,
    "minResTime" : 65.0,
    "maxResTime" : 72.0,
    "pct1ResTime" : 72.0,
    "pct2ResTime" : 72.0,
    "pct3ResTime" : 72.0,
    "throughput" : 2.025111381125962,
    "receivedKBytesPerSec" : 563.6498044501823,
    "sentKBytesPerSec" : 0.6605343762656947
  },
  "Total" : {
    "transaction" : "Total",
    "sampleCount" : 15,
    "errorCount" : 0,
    "errorPct" : 0.0,
    "meanResTime" : 101.60000000000001,
    "medianResTime" : 54.0,
    "minResTime" : 12.0,
    "maxResTime" : 883.0,
    "pct1ResTime" : 396.40000000000026,
    "pct2ResTime" : 883.0,
    "pct3ResTime" : 883.0,
    "throughput" : 3.7183936539414972,
    "receivedKBytesPerSec" : 346.77361567302927,
    "sentKBytesPerSec" : 1.0615336049826476
  },
  "login" : {
    "transaction" : "login",
    "sampleCount" : 5,
    "errorCount" : 0,
    "errorPct" : 0.0,
    "meanResTime" : 210.8,
    "medianResTime" : 39.0,
    "minResTime" : 39.0,
    "maxResTime" : 883.0,
    "pct1ResTime" : 883.0,
    "pct2ResTime" : 883.0,
    "pct3ResTime" : 883.0,
    "throughput" : 1.266784899923993,
    "receivedKBytesPerSec" : 0.9921498923232835,
    "sentKBytesPerSec" : 0.3154591303521662
  },
  "create api key" : {
    "transaction" : "create api key",
    "sampleCount" : 5,
    "errorCount" : 0,
    "errorPct" : 0.0,
    "meanResTime" : 26.2,
    "medianResTime" : 13.0,
    "minResTime" : 12.0,
    "maxResTime" : 60.0,
    "pct1ResTime" : 60.0,
    "pct2ResTime" : 60.0,
    "pct3ResTime" : 60.0,
    "throughput" : 2.044989775051125,
    "receivedKBytesPerSec" : 1.3568027862985685,
    "sentKBytesPerSec" : 0.5751533742331288
  }
}