{
  "zone activity" : {
    "transaction" : "zone activity",
    "sampleCount" : 5,
    "errorCount" : 0,
    "errorPct" : 0.0,
    "meanResTime" : 1044.8,
    "medianResTime" : 1331.0,
    "minResTime" : 400.0,
    "maxResTime" : 1551.0,
    "pct1ResTime" : 1551.0,
    "pct2ResTime" : 1551.0,
    "pct3ResTime" : 1551.0,
    "throughput" : 1.9054878048780488,
    "receivedKBytesPerSec" : 530.1740692883003,
    "sentKBytesPerSec" : 0.6215165301067073
  },
  "Total" : {
    "transaction" : "Total",
    "sampleCount" : 15,
    "errorCount" : 0,
    "errorPct" : 0.0,
    "meanResTime" : 531.0,
    "medianResTime" : 245.0,
    "minResTime" : 77.0,
    "maxResTime" : 1551.0,
    "pct1ResTime" : 1543.8,
    "pct2ResTime" : 1551.0,
    "pct3ResTime" : 1551.0,
    "throughput" : 3.2334554860961413,
    "receivedKBytesPerSec" : 301.4464661026083,
    "sentKBytesPerSec" : 0.923092598081483
  },
  "login" : {
    "transaction" : "login",
    "sampleCount" : 5,
    "errorCount" : 0,
    "errorPct" : 0.0,
    "meanResTime" : 462.0,
    "medianResTime" : 245.0,
    "minResTime" : 233.0,
    "maxResTime" : 1250.0,
    "pct1ResTime" : 1250.0,
    "pct2ResTime" : 1250.0,
    "pct3ResTime" : 1250.0,
    "throughput" : 1.2048192771084338,
    "receivedKBytesPerSec" : 0.9436182228915662,
    "sentKBytesPerSec" : 0.3000282379518072
  },
  "create api key" : {
    "transaction" : "create api key",
    "sampleCount" : 5,
    "errorCount" : 0,
    "errorPct" : 0.0,
    "meanResTime" : 86.2,
    "medianResTime" : 83.0,
    "minResTime" : 77.0,
    "maxResTime" : 99.0,
    "pct1ResTime" : 99.0,
    "pct2ResTime" : 99.0,
    "pct3ResTime" : 99.0,
    "throughput" : 2.1440823327615783,
    "receivedKBytesPerSec" : 1.422548375857633,
    "sentKBytesPerSec" : 0.6030231560891939
  }
}