{
  "zone activity" : {
    "transaction" : "zone activity",
    "sampleCount" : 5,
    "errorCount" : 0,
    "errorPct" : 0.0,
    "meanResTime" : 419.2,
    "medianResTime" : 409.0,
    "minResTime" : 366.0,
    "maxResTime" : 482.0,
    "pct1ResTime" : 482.0,
    "pct2ResTime" : 482.0,
    "pct3ResTime" : 482.0,
    "throughput" : 1.864975755315181,
    "receivedKBytesPerSec" : 518.7991013148079,
    "sentKBytesPerSec" : 0.6083026389406938
  },
  "Total" : {
    "transaction" : "Total",
    "sampleCount" : 15,
    "errorCount" : 0,
    "errorPct" : 0.0,
    "meanResTime" : 313.7333333333333,
    "medianResTime" : 248.0,
    "minResTime" : 76.0,
    "maxResTime" : 1179.0,
    "pct1ResTime" : 760.8000000000002,
    "pct2ResTime" : 1179.0,
    "pct3ResTime" : 1179.0,
    "throughput" : 3.27653997378768,
    "receivedKBytesPerSec" : 305.40274990443424,
    "sentKBytesPerSec" : 0.9353924339231104
  },
  "login" : {
    "transaction" : "login",
    "sampleCount" : 5,
    "errorCount" : 0,
    "errorPct" : 0.0,
    "meanResTime" : 435.2,
    "medianResTime" : 248.0,
    "minResTime" : 225.0,
    "maxResTime" : 1179.0,
    "pct1ResTime" : 1179.0,
    "pct2ResTime" : 1179.0,
    "pct3ResTime" : 1179.0,
    "throughput" : 1.2124151309408342,
    "receivedKBytesPerSec" : 0.9495673193501456,
    "sentKBytesPerSec" : 0.30191978358389915
  },
  "create api key" : {
    "transaction" : "create api key",
    "sampleCount" : 5,
    "errorCount" : 0,
    "errorPct" : 0.0,
    "meanResTime" : 86.8,
    "medianResTime" : 83.0,
    "minResTime" : 76.0,
    "maxResTime" : 102.0,
    "pct1ResTime" : 102.0,
    "pct2ResTime" : 102.0,
    "pct3ResTime" : 102.0,
    "throughput" : 2.0652622883106155,
    "receivedKBytesPerSec" : 1.3702531237092113,
    "sentKBytesPerSec" : 0.5808550185873607
  }
}