{
  "zone activity" : {
    "transaction" : "zone activity",
    "sampleCount" : 5,
    "errorCount" : 0,
    "errorPct" : 0.0,
    "meanResTime" : 811.2,
    "medianResTime" : 1077.0,
    "minResTime" : 65.0,
    "maxResTime" : 1412.0,
    "pct1ResTime" : 1412.0,
    "pct2ResTime" : 1412.0,
    "pct3ResTime" : 1412.0,
    "throughput" : 2.110595187842972,
    "receivedKBytesPerSec" : 587.0216533875052,
    "sentKBytesPerSec" : 0.6884167897847192
  },
  "Total" : {
    "transaction" : "Total",
    "sampleCount" : 15,
    "errorCount" : 0,
    "errorPct" : 0.0,
    "meanResTime" : 355.40000000000003,
    "medianResTime" : 45.0,
    "minResTime" : 10.0,
    "maxResTime" : 1412.0,
    "pct1ResTime" : 1407.2,
    "pct2ResTime" : 1412.0,
    "pct3ResTime" : 1412.0,
    "throughput" : 3.730415319572246,
    "receivedKBytesPerSec" : 347.64677824235264,
    "sentKBytesPerSec" : 1.0649655713752797
  },
  "login" : {
    "transaction" : "login",
    "sampleCount" : 5,
    "errorCount" : 0,
    "errorPct" : 0.0,
    "meanResTime" : 237.4,
    "medianResTime" : 45.0,
    "minResTime" : 34.0,
    "maxResTime" : 991.0,
    "pct1ResTime" : 991.0,
    "pct2ResTime" : 991.0,
    "pct3ResTime" : 991.0,
    "throughput" : 1.2680699974638598,
    "receivedKBytesPerSec" : 0.9931563847324372,
    "sentKBytesPerSec" : 0.3157791497590667
  },
  "create api key" : {
    "transaction" : "create api key",
    "sampleCount" : 5,
    "errorCount" : 0,
    "errorPct" : 0.0,
    "meanResTime" : 17.6,
    "medianResTime" : 11.0,
    "minResTime" : 10.0,
    "maxResTime" : 28.0,
    "pct1ResTime" : 28.0,
    "pct2ResTime" : 28.0,
    "pct3ResTime" : 28.0,
    "throughput" : 2.1321961620469083,
    "receivedKBytesPerSec" : 1.4146621801705757,
    "sentKBytesPerSec" : 0.5996801705756929
  }
}