{
  "zone activity" : {
    "transaction" : "zone activity",
    "sampleCount" : 5,
    "errorCount" : 0,
    "errorPct" : 0.0,
    "meanResTime" : 168.6,
    "medianResTime" : 171.0,
    "minResTime" : 157.0,
    "maxResTime" : 177.0,
    "pct1ResTime" : 177.0,
    "pct2ResTime" : 177.0,
    "pct3ResTime" : 177.0,
    "throughput" : 2.015316404675534,
    "receivedKBytesPerSec" : 560.5488430824265,
    "sentKBytesPerSec" : 0.6573395304312778
  },
  "Total" : {
    "transaction" : "Total",
    "sampleCount" : 15,
    "errorCount" : 0,
    "errorPct" : 0.0,
    "meanResTime" : 175.4,
    "medianResTime" : 101.0,
    "minResTime" : 33.0,
    "maxResTime" : 1064.0,
    "pct1ResTime" : 531.8000000000003,
    "pct2ResTime" : 1064.0,
    "pct3ResTime" : 1064.0,
    "throughput" : 3.5629453681710217,
    "receivedKBytesPerSec" : 332.05653392220904,
    "sentKBytesPerSec" : 1.017155953087886
  },
  "login" : {
    "transaction" : "login",
    "sampleCount" : 5,
    "errorCount" : 0,
    "errorPct" : 0.0,
    "meanResTime" : 305.0,
    "medianResTime" : 101.0,
    "minResTime" : 100.0,
    "maxResTime" : 1064.0,
    "pct1ResTime" : 1064.0,
    "pct2ResTime" : 1064.0,
    "pct3ResTime" : 1064.0,
    "throughput" : 1.2493753123438283,
    "receivedKBytesPerSec" : 0.9785146489255373,
    "sentKBytesPerSec" : 0.3111237350074963
  },
  "create api key" : {
    "transaction" : "create api key",
    "sampleCount" : 5,
    "errorCount" : 0,
    "errorPct" : 0.0,
    "meanResTime" : 52.6,
    "medianResTime" : 56.0,
    "minResTime" : 33.0,
    "maxResTime" : 80.0,
    "pct1ResTime" : 80.0,
    "pct2ResTime" : 80.0,
    "pct3ResTime" : 80.0,
    "throughput" : 2.0964360587002098,
    "receivedKBytesPerSec" : 1.392164570230608,
    "sentKBytesPerSec" : 0.589622641509434
  }
}