{
  "zone activity" : {
    "transaction" : "zone activity",
    "sampleCount" : 5,
    "errorCount" : 0,
    "errorPct" : 0.0,
    "meanResTime" : 229.2,
    "medianResTime" : 204.0,
    "minResTime" : 63.0,
    "maxResTime" : 413.0,
    "pct1ResTime" : 413.0,
    "pct2ResTime" : 413.0,
    "pct3ResTime" : 413.0,
    "throughput" : 2.213368747233289,
    "receivedKBytesPerSec" : 615.6256052180169,
    "sentKBytesPerSec" : 0.721938634351483
  },
  "Total" : {
    "transaction" : "Total",
    "sampleCount" : 15,
    "errorCount" : 0,
    "errorPct" : 0.0,
    "meanResTime" : 175.40000000000003,
    "medianResTime" : 50.0,
    "minResTime" : 13.0,
    "maxResTime" : 1073.0,
    "pct1ResTime" : 677.0000000000002,
    "pct2ResTime" : 1073.0,
    "pct3ResTime" : 1073.0,
    "throughput" : 3.740648379052369,
    "receivedKBytesPerSec" : 348.611381701995,
    "sentKBytesPerSec" : 1.0678869233167083
  },
  "login" : {
    "transaction" : "login",
    "sampleCount" : 5,
    "errorCount" : 0,
    "errorPct" : 0.0,
    "meanResTime" : 277.0,
    "medianResTime" : 50.0,
    "minResTime" : 38.0,
    "maxResTime" : 1073.0,
    "pct1ResTime" : 1073.0,
    "pct2ResTime" : 1073.0,
    "pct3ResTime" : 1073.0,
    "throughput" : 1.272264631043257,
    "receivedKBytesPerSec" : 0.9964416348600509,
    "sentKBytesPerSec" : 0.31682371183206104
  },
  "create api key" : {
    "transaction" : "create api key",
    "sampleCount" : 5,
    "errorCount" : 0,
    "errorPct" : 0.0,
    "meanResTime" : 20.0,
    "medianResTime" : 14.0,
    "minResTime" : 13.0,
    "maxResTime" : 30.0,
    "pct1ResTime" : 30.0,
    "pct2ResTime" : 30.0,
    "pct3ResTime" : 30.0,
    "throughput" : 2.232142857142857,
    "receivedKBytesPerSec" : 1.4809744698660714,
    "sentKBytesPerSec" : 0.6277901785714285
  }
}