{
  "zone activity" : {
    "transaction" : "zone activity",
    "sampleCount" : 5,
    "errorCount" : 0,
    "errorPct" : 0.0,
    "meanResTime" : 1093.4,
    "medianResTime" : 1412.0,
    "minResTime" : 237.0,
    "maxResTime" : 1702.0,
    "pct1ResTime" : 1702.0,
    "pct2ResTime" : 1702.0,
    "pct3ResTime" : 1702.0,
    "throughput" : 1.986491855383393,
    "receivedKBytesPerSec" : 552.5884920043703,
    "sentKBytesPerSec" : 0.6479377731426301
  },
  "Total" : {
    "transaction" : "Total",
    "sampleCount" : 15,
    "errorCount" : 0,
    "errorPct" : 0.0,
    "meanResTime" : 504.06666666666666,
    "medianResTime" : 142.0,
    "minResTime" : 44.0,
    "maxResTime" : 1702.0,
    "pct1ResTime" : 1699.6,
    "pct2ResTime" : 1702.0,
    "pct3ResTime" : 1702.0,
    "throughput" : 3.4738304770727186,
    "receivedKBytesPerSec" : 323.7845211903659,
    "sentKBytesPerSec" : 0.991715276169523
  },
  "login" : {
    "transaction" : "login",
    "sampleCount" : 5,
    "errorCount" : 0,
    "errorPct" : 0.0,
    "meanResTime" : 358.6,
    "medianResTime" : 142.0,
    "minResTime" : 134.0,
    "maxResTime" : 1139.0,
    "pct1ResTime" : 1139.0,
    "pct2ResTime" : 1139.0,
    "pct3ResTime" : 1139.0,
    "throughput" : 1.2403870007442324,
    "receivedKBytesPerSec" : 0.97147497519226,
    "sentKBytesPerSec" : 0.3088854347556438
  },
  "create api key" : {
    "transaction" : "create api key",
    "sampleCount" : 5,
    "errorCount" : 0,
    "errorPct" : 0.0,
    "meanResTime" : 60.2,
    "medianResTime" : 48.0,
    "minResTime" : 44.0,
    "maxResTime" : 91.0,
    "pct1ResTime" : 91.0,
    "pct2ResTime" : 91.0,
    "pct3ResTime" : 91.0,
    "throughput" : 2.1150592216582065,
    "receivedKBytesPerSec" : 1.4045315143824029,
    "sentKBytesPerSec" : 0.5948604060913706
  }
}