{
  "zone activity" : {
    "transaction" : "zone activity",
    "sampleCount" : 5,
    "errorCount" : 0,
    "errorPct" : 0.0,
    "meanResTime" : 1567.0,
    "medianResTime" : 2038.0,
    "minResTime" : 421.0,
    "maxResTime" : 2214.0,
    "pct1ResTime" : 2214.0,
    "pct2ResTime" : 2214.0,
    "pct3ResTime" : 2214.0,
    "throughput" : 1.944012441679627,
    "receivedKBytesPerSec" : 540.868684997084,
    "sentKBytesPerSec" : 0.634082183125972
  },
  "Total" : {
    "transaction" : "Total",
    "sampleCount" : 15,
    "errorCount" : 0,
    "errorPct" : 0.0,
    "meanResTime" : 723.6,
    "medianResTime" : 251.0,
    "minResTime" : 80.0,
    "maxResTime" : 2214.0,
    "pct1ResTime" : 2187.6,
    "pct2ResTime" : 2214.0,
    "pct3ResTime" : 2214.0,
    "throughput" : 3.2251128789507635,
    "receivedKBytesPerSec" : 300.6556889647388,
    "sentKBytesPerSec" : 0.9207109358202538
  },
  "login" : {
    "transaction" : "login",
    "sampleCount" : 5,
    "errorCount" : 0,
    "errorPct" : 0.0,
    "meanResTime" : 506.8,
    "medianResTime" : 251.0,
    "minResTime" : 245.0,
    "maxResTime" : 1344.0,
    "pct1ResTime" : 1344.0,
    "pct2ResTime" : 1344.0,
    "pct3ResTime" : 1344.0,
    "throughput" : 1.2065637065637065,
    "receivedKBytesPerSec" : 0.944984465492278,
    "sentKBytesPerSec" : 0.3004626417712355
  },
  "create api key" : {
    "transaction" : "create api key",
    "sampleCount" : 5,
    "errorCount" : 0,
    "errorPct" : 0.0,
    "meanResTime" : 97.0,
    "medianResTime" : 100.0,
    "minResTime" : 80.0,
    "maxResTime" : 112.0,
    "pct1ResTime" : 112.0,
    "pct2ResTime" : 112.0,
    "pct3ResTime" : 112.0,
    "throughput" : 2.1949078138718177,
    "receivedKBytesPerSec" : 1.4571272772168569,
    "sentKBytesPerSec" : 0.6173178226514486
  }
}