{
  "zone activity" : {
    "transaction" : "zone activity",
    "sampleCount" : 5,
    "errorCount" : 0,
    "errorPct" : 0.0,
    "meanResTime" : 157.6,
    "medianResTime" : 161.0,
    "minResTime" : 145.0,
    "maxResTime" : 162.0,
    "pct1ResTime" : 162.0,
    "pct2ResTime" : 162.0,
    "pct3ResTime" : 162.0,
    "throughput" : 1.938735944164405,
    "receivedKBytesPerSec" : 28.18740306320279,
    "sentKBytesPerSec" : 0.6304678412175261
  },
  "Total" : {
    "transaction" : "Total",
    "sampleCount" : 15,
    "errorCount" : 0,
    "errorPct" : 0.0,
    "meanResTime" : 219.40000000000003,
    "medianResTime" : 161.0,
    "minResTime" : 78.0,
    "maxResTime" : 1080.0,
    "pct1ResTime" : 583.8000000000003,
    "pct2ResTime" : 1080.0,
    "pct3ResTime" : 1080.0,
    "throughput" : 3.43957807842238,
    "receivedKBytesPerSec" : 18.32829339601009,
    "sentKBytesPerSec" : 0.9808171864251319
  },
  "login" : {
    "transaction" : "login",
    "sampleCount" : 5,
    "errorCount" : 0,
    "errorPct" : 0.0,
    "meanResTime" : 411.0,
    "medianResTime" : 251.0,
    "minResTime" : 226.0,
    "maxResTime" : 1080.0,
    "pct1ResTime" : 1080.0,
    "pct2ResTime" : 1080.0,
    "pct3ResTime" : 1080.0,
    "throughput" : 1.2088974854932302,
    "receivedKBytesPerSec" : 0.94681228844294,
    "sentKBytesPerSec" : 0.30104380742263054
  },
  "create api key" : {
    "transaction" : "create api key",
    "sampleCount" : 5,
    "errorCount" : 0,
    "errorPct" : 0.0,
    "meanResTime" : 89.6,
    "medianResTime" : 85.0,
    "minResTime" : 78.0,
    "maxResTime" : 102.0,
    "pct1ResTime" : 102.0,
    "pct2ResTime" : 102.0,
    "pct3ResTime" : 102.0,
    "throughput" : 1.9600156801254411,
    "receivedKBytesPerSec" : 1.3008072814582516,
    "sentKBytesPerSec" : 0.5512544100352802
  }
}