{
  "zone activity" : {
    "transaction" : "zone activity",
    "sampleCount" : 5,
    "errorCount" : 0,
    "errorPct" : 0.0,
    "meanResTime" : 59.0,
    "medianResTime" : 56.0,
    "minResTime" : 50.0,
    "maxResTime" : 69.0,
    "pct1ResTime" : 69.0,
    "pct2ResTime" : 69.0,
    "pct3ResTime" : 69.0,
    "throughput" : 1.725327812284334,
    "receivedKBytesPerSec" : 479.95115165631466,
    "sentKBytesPerSec" : 0.5627534075224292
  },
  "Total" : {
    "transaction" : "Total",
    "sampleCount" : 15,
    "errorCount" : 0,
    "errorPct" : 0.0,
    "meanResTime" : 71.93333333333334,
    "medianResTime" : 37.0,
    "minResTime" : 11.0,
    "maxResTime" : 534.0,
    "pct1ResTime" : 255.00000000000017,
    "pct2ResTime" : 534.0,
    "pct3ResTime" : 534.0,
    "throughput" : 3.723932472691162,
    "receivedKBytesPerSec" : 347.1032363300646,
    "sentKBytesPerSec" : 1.0631148367676266
  },
  "login" : {
    "transaction" : "login",
    "sampleCount" : 5,
    "errorCount" : 0,
    "errorPct" : 0.0,
    "meanResTime" : 140.2,
    "medianResTime" : 37.0,
    "minResTime" : 35.0,
    "maxResTime" : 534.0,
    "pct1ResTime" : 534.0,
    "pct2ResTime" : 534.0,
    "pct3ResTime" : 534.0,
    "throughput" : 1.2629451881788332,
    "receivedKBytesPerSec" : 0.9891426180853751,
    "sentKBytesPerSec" : 0.31450295213437734
  },
  "create api key" : {
    "transaction" : "create api key",
    "sampleCount" : 5,
    "errorCount" : 0,
    "errorPct" : 0.0,
    "meanResTime" : 16.6,
    "medianResTime" : 12.0,
    "minResTime" : 11.0,
    "maxResTime" : 25.0,
    "pct1ResTime" : 25.0,
    "pct2ResTime" : 25.0,
    "pct3ResTime" : 25.0,
    "throughput" : 1.7349063150589867,
    "receivedKBytesPerSec" : 1.1510696781748786,
    "sentKBytesPerSec" : 0.48794240111034004
  }
}