{
  "zone activity" : {
    "transaction" : "zone activity",
    "sampleCount" : 5,
    "errorCount" : 0,
    "errorPct" : 0.0,
    "meanResTime" : 1409.4,
    "medianResTime" : 1681.0,
    "minResTime" : 411.0,
    "maxResTime" : 2145.0,
    "pct1ResTime" : 2145.0,
    "pct2ResTime" : 2145.0,
    "pct3ResTime" : 2145.0,
    "throughput" : 1.7488632388947185,
    "receivedKBytesPerSec" : 486.6153894499825,
    "sentKBytesPerSec" : 0.5704300017488633
  },
  "Total" : {
    "transaction" : "Total",
    "sampleCount" : 15,
    "errorCount" : 0,
    "errorPct" : 0.0,
    "meanResTime" : 638.0666666666667,
    "medianResTime" : 238.0,
    "minResTime" : 75.0,
    "maxResTime" : 2145.0,
    "pct1ResTime" : 2144.4,
    "pct2ResTime" : 2145.0,
    "pct3ResTime" : 2145.0,
    "throughput" : 3.2292787944025836,
    "receivedKBytesPerSec" : 301.0692781216362,
    "sentKBytesPerSec" : 0.9219002287405813
  },
  "login" : {
    "transaction" : "login",
    "sampleCount" : 5,
    "errorCount" : 0,
    "errorPct" : 0.0,
    "meanResTime" : 414.2,
    "medianResTime" : 238.0,
    "minResTime" : 229.0,
    "maxResTime" : 1103.0,
    "pct1ResTime" : 1103.0,
    "pct2ResTime" : 1103.0,
    "pct3ResTime" : 1103.0,
    "throughput" : 1.2042389210019266,
    "receivedKBytesPerSec" : 0.9431636861753372,
    "sentKBytesPerSec" : 0.29988371567919075
  },
  "create api key" : {
    "transaction" : "create api key",
    "sampleCount" : 5,
    "errorCount" : 0,
    "errorPct" : 0.0,
    "meanResTime" : 90.6,
    "medianResTime" : 79.0,
    "minResTime" : 75.0,
    "maxResTime" : 111.0,
    "pct1ResTime" : 111.0,
    "pct2ResTime" : 111.0,
    "pct3ResTime" : 111.0,
    "throughput" : 1.94325689856199,
    "receivedKBytesPerSec" : 1.2893054071123202,
    "sentKBytesPerSec" : 0.5465410027205597
  }
}