{
  "zone activity" : {
    "transaction" : "zone activity",
    "sampleCount" : 5,
    "errorCount" : 0,
    "errorPct" : 0.0,
    "meanResTime" : 1457.0,
    "medianResTime" : 1792.0,
    "minResTime" : 410.0,
    "maxResTime" : 2150.0,
    "pct1ResTime" : 2150.0,
    "pct2ResTime" : 2150.0,
    "pct3ResTime" : 2150.0,
    "throughput" : 1.8221574344023324,
    "receivedKBytesPerSec" : 507.0199326940597,
    "sentKBytesPerSec" : 0.5943365069241981
  },
  "Total" : {
    "transaction" : "Total",
    "sampleCount" : 15,
    "errorCount" : 0,
    "errorPct" : 0.0,
    "meanResTime" : 662.6666666666666,
    "medianResTime" : 242.0,
    "minResTime" : 79.0,
    "maxResTime" : 2150.0,
    "pct1ResTime" : 2146.4,
    "pct2ResTime" : 2150.0,
    "pct3ResTime" : 2150.0,
    "throughput" : 3.2376429958989856,
    "receivedKBytesPerSec" : 301.8554055147852,
    "sentKBytesPerSec" : 0.924288055795381
  },
  "login" : {
    "transaction" : "login",
    "sampleCount" : 5,
    "errorCount" : 0,
    "errorPct" : 0.0,
    "meanResTime" : 439.8,
    "medianResTime" : 242.0,
    "minResTime" : 241.0,
    "maxResTime" : 1187.0,
    "pct1ResTime" : 1187.0,
    "pct2ResTime" : 1187.0,
    "pct3ResTime" : 1187.0,
    "throughput" : 1.2080212611741967,
    "receivedKBytesPerSec" : 0.9461260268180719,
    "sentKBytesPerSec" : 0.30082560703068373
  },
  "create api key" : {
    "transaction" : "create api key",
    "sampleCount" : 5,
    "errorCount" : 0,
    "errorPct" : 0.0,
    "meanResTime" : 91.2,
    "medianResTime" : 81.0,
    "minResTime" : 79.0,
    "maxResTime" : 112.0,
    "pct1ResTime" : 112.0,
    "pct2ResTime" : 112.0,
    "pct3ResTime" : 112.0,
    "throughput" : 2.035830618892508,
    "receivedKBytesPerSec" : 1.350725900855049,
    "sentKBytesPerSec" : 0.5725773615635179
  }
}