{
  "zone activity" : {
    "transaction" : "zone activity",
    "sampleCount" : 5,
    "errorCount" : 0,
    "errorPct" : 0.0,
    "meanResTime" : 1602.8,
    "medianResTime" : 2076.0,
    "minResTime" : 361.0,
    "maxResTime" : 2121.0,
    "pct1ResTime" : 2121.0,
    "pct2ResTime" : 2121.0,
    "pct3ResTime" : 2121.0,
    "throughput" : 2.3573785950023574,
    "receivedKBytesPerSec" : 655.9396732083923,
    "sentKBytesPerSec" : 0.7689105964167845
  },
  "Total" : {
    "transaction" : "Total",
    "sampleCount" : 15,
    "errorCount" : 0,
    "errorPct" : 0.0,
    "meanResTime" : 748.9333333333334,
    "medianResTime" : 179.0,
    "minResTime" : 51.0,
    "maxResTime" : 2121.0,
    "pct1ResTime" : 2112.6,
    "pct2ResTime" : 2121.0,
    "pct3ResTime" : 2121.0,
    "throughput" : 3.341501447983961,
    "receivedKBytesPerSec" : 311.5354025116953,
    "sentKBytesPerSec" : 0.9539377506126087
  },
  "login" : {
    "transaction" : "login",
    "sampleCount" : 5,
    "errorCount" : 0,
    "errorPct" : 0.0,
    "meanResTime" : 577.6,
    "medianResTime" : 179.0,
    "minResTime" : 157.0,
    "maxResTime" : 1638.0,
    "pct1ResTime" : 1638.0,
    "pct2ResTime" : 1638.0,
    "pct3ResTime" : 1638.0,
    "throughput" : 1.2363996043521266,
    "receivedKBytesPerSec" : 0.9683520338773492,
    "sentKBytesPerSec" : 0.3078924795994066
  },
  "create api key" : {
    "transaction" : "create api key",
    "sampleCount" : 5,
    "errorCount" : 0,
    "errorPct" : 0.0,
    "meanResTime" : 66.4,
    "medianResTime" : 74.0,
    "minResTime" : 51.0,
    "maxResTime" : 78.0,
    "pct1ResTime" : 78.0,
    "pct2ResTime" : 78.0,
    "pct3ResTime" : 78.0,
    "throughput" : 2.7502750275027505,
    "receivedKBytesPerSec" : 1.8252801842684268,
    "sentKBytesPerSec" : 0.7735148514851485
  }
}