{
  "zone activity" : {
    "transaction" : "zone activity",
    "sampleCount" : 5,
    "errorCount" : 0,
    "errorPct" : 0.0,
    "meanResTime" : 209.8,
    "medianResTime" : 218.0,
    "minResTime" : 194.0,
    "maxResTime" : 218.0,
    "pct1ResTime" : 218.0,
    "pct2ResTime" : 218.0,
    "pct3ResTime" : 218.0,
    "throughput" : 1.9083969465648853,
    "receivedKBytesPerSec" : 531.1795533158397,
    "sentKBytesPerSec" : 0.6224654103053435
  },
  "Total" : {
    "transaction" : "Total",
    "sampleCount" : 15,
    "errorCount" : 0,
    "errorPct" : 0.0,
    "meanResTime" : 185.20000000000005,
    "medianResTime" : 131.0,
    "minResTime" : 39.0,
    "maxResTime" : 963.0,
    "pct1ResTime" : 516.0000000000002,
    "pct2ResTime" : 963.0,
    "pct3ResTime" : 963.0,
    "throughput" : 3.5211267605633805,
    "receivedKBytesPerSec" : 328.38587514671366,
    "sentKBytesPerSec" : 1.0052175029342723
  },
  "login" : {
    "transaction" : "login",
    "sampleCount" : 5,
    "errorCount" : 0,
    "errorPct" : 0.0,
    "meanResTime" : 295.0,
    "medianResTime" : 131.0,
    "minResTime" : 115.0,
    "maxResTime" : 963.0,
    "pct1ResTime" : 963.0,
    "pct2ResTime" : 963.0,
    "pct3ResTime" : 963.0,
    "throughput" : 1.242544731610338,
    "receivedKBytesPerSec" : 0.973164916749503,
    "sentKBytesPerSec" : 0.30942276031312127
  },
  "create api key" : {
    "transaction" : "create api key",
    "sampleCount" : 5,
    "errorCount" : 0,
    "errorPct" : 0.0,
    "meanResTime" : 50.8,
    "medianResTime" : 45.0,
    "minResTime" : 39.0,
    "maxResTime" : 63.0,
    "pct1ResTime" : 63.0,
    "pct2ResTime" : 63.0,
    "pct3ResTime" : 63.0,
    "throughput" : 1.9992003198720512,
    "receivedKBytesPerSec" : 1.326422555977609,
    "sentKBytesPerSec" : 0.5622750899640144
  }
}