{
  "zone activity" : {
    "transaction" : "zone activity",
    "sampleCount" : 5,
    "errorCount" : 0,
    "errorPct" : 0.0,
    "meanResTime" : 314.6,
    "medianResTime" : 92.0,
    "minResTime" : 66.0,
    "maxResTime" : 674.0,
    "pct1ResTime" : 674.0,
    "pct2ResTime" : 674.0,
    "pct3ResTime" : 674.0,
    "throughput" : 1.8975332068311195,
    "receivedKBytesPerSec" : 528.4982062381405,
    "sentKBytesPerSec" : 0.6189219639468692
  },
  "Total" : {
    "transaction" : "Total",
    "sampleCount" : 15,
    "errorCount" : 0,
    "errorPct" : 0.0,
    "meanResTime" : 178.66666666666666,
    "medianResTime" : 49.0,
    "minResTime" : 18.0,
    "maxResTime" : 775.0,
    "pct1ResTime" : 714.4000000000001,
    "pct2ResTime" : 775.0,
    "pct3ResTime" : 775.0,
    "throughput" : 3.7165510406342914,
    "receivedKBytesPerSec" : 346.83575360815166,
    "sentKBytesPerSec" : 1.0610075724727455
  },
  "login" : {
    "transaction" : "login",
    "sampleCount" : 5,
    "errorCount" : 0,
    "errorPct" : 0.0,
    "meanResTime" : 195.0,
    "medianResTime" : 49.0,
    "minResTime" : 43.0,
    "maxResTime" : 775.0,
    "pct1ResTime" : 775.0,
    "pct2ResTime" : 775.0,
    "pct3ResTime" : 775.0,
    "throughput" : 1.2671059300557526,
    "receivedKBytesPerSec" : 0.9924013241256968,
    "sentKBytesPerSec" : 0.3155390743791181
  },
  "create api key" : {
    "transaction" : "create api key",
    "sampleCount" : 5,
    "errorCount" : 0,
    "errorPct" : 0.0,
    "meanResTime" : 26.4,
    "medianResTime" : 20.0,
    "minResTime" : 18.0,
    "maxResTime" : 38.0,
    "pct1ResTime" : 38.0,
    "pct2ResTime" : 38.0,
    "pct3ResTime" : 38.0,
    "throughput" : 1.9091256204658267,
    "receivedKBytesPerSec" : 1.2677787323405878,
    "sentKBytesPerSec" : 0.5369415807560137
  }
}