{
  "zone activity" : {
    "transaction" : "zone activity",
    "sampleCount" : 5,
    "errorCount" : 0,
    "errorPct" : 0.0,
    "meanResTime" : 233.8,
    "medianResTime" : 239.0,
    "minResTime" : 201.0,
    "maxResTime" : 252.0,
    "pct1ResTime" : 252.0,
    "pct2ResTime" : 252.0,
    "pct3ResTime" : 252.0,
    "throughput" : 1.856665428889714,
    "receivedKBytesPerSec" : 516.3818087402525,
    "sentKBytesPerSec" : 0.6055920441886372
  },
  "Total" : {
    "transaction" : "Total",
    "sampleCount" : 15,
    "errorCount" : 0,
    "errorPct" : 0.0,
    "meanResTime" : 193.79999999999998,
    "medianResTime" : 138.0,
    "minResTime" : 39.0,
    "maxResTime" : 931.0,
    "pct1ResTime" : 523.6000000000003,
    "pct2ResTime" : 931.0,
    "pct3ResTime" : 931.0,
    "throughput" : 3.518648838845883,
    "receivedKBytesPerSec" : 327.903480896669,
    "sentKBytesPerSec" : 1.004510101454375
  },
  "login" : {
    "transaction" : "login",
    "sampleCount" : 5,
    "errorCount" : 0,
    "errorPct" : 0.0,
    "meanResTime" : 292.2,
    "medianResTime" : 138.0,
    "minResTime" : 114.0,
    "maxResTime" : 931.0,
    "pct1ResTime" : 931.0,
    "pct2ResTime" : 931.0,
    "pct3ResTime" : 931.0,
    "throughput" : 1.244090569793481,
    "receivedKBytesPerSec" : 0.9743756220452848,
    "sentKBytesPerSec" : 0.30980771025130627
  },
  "create api key" : {
    "transaction" : "create api key",
    "sampleCount" : 5,
    "errorCount" : 0,
    "errorPct" : 0.0,
    "meanResTime" : 55.4,
    "medianResTime" : 51.0,
    "minResTime" : 39.0,
    "maxResTime" : 69.0,
    "pct1ResTime" : 69.0,
    "pct2ResTime" : 69.0,
    "pct3ResTime" : 69.0,
    "throughput" : 1.94325689856199,
    "receivedKBytesPerSec" : 1.2904440342013215,
    "sentKBytesPerSec" : 0.5465410027205597
  }
}