{
  "zone activity" : {
    "transaction" : "zone activity",
    "sampleCount" : 5,
    "errorCount" : 0,
    "errorPct" : 0.0,
    "meanResTime" : 1513.0,
    "medianResTime" : 1975.0,
    "minResTime" : 298.0,
    "maxResTime" : 2161.0,
    "pct1ResTime" : 2161.0,
    "pct2ResTime" : 2161.0,
    "pct3ResTime" : 2161.0,
    "throughput" : 2.0226537216828477,
    "receivedKBytesPerSec" : 562.8116940989078,
    "sentKBytesPerSec" : 0.6597327568770227
  },
  "Total" : {
    "transaction" : "Total",
    "sampleCount" : 15,
    "errorCount" : 0,
    "errorPct" : 0.0,
    "meanResTime" : 665.0666666666667,
    "medianResTime" : 177.0,
    "minResTime" : 57.0,
    "maxResTime" : 2161.0,
    "pct1ResTime" : 2158.6,
    "pct2ResTime" : 2161.0,
    "pct3ResTime" : 2161.0,
    "throughput" : 3.3837130611324158,
    "receivedKBytesPerSec" : 315.4757289081886,
    "sentKBytesPerSec" : 0.9659883966839612
  },
  "login" : {
    "transaction" : "login",
    "sampleCount" : 5,
    "errorCount" : 0,
    "errorPct" : 0.0,
    "meanResTime" : 418.6,
    "medianResTime" : 177.0,
    "minResTime" : 172.0,
    "maxResTime" : 1236.0,
    "pct1ResTime" : 1236.0,
    "pct2ResTime" : 1236.0,
    "pct3ResTime" : 1236.0,
    "throughput" : 1.2272950417280315,
    "receivedKBytesPerSec" : 0.9612213119783997,
    "sentKBytesPerSec" : 0.30562523011782033
  },
  "create api key" : {
    "transaction" : "create api key",
    "sampleCount" : 5,
    "errorCount" : 0,
    "errorPct" : 0.0,
    "meanResTime" : 63.6,
    "medianResTime" : 59.0,
    "minResTime" : 57.0,
    "maxResTime" : 73.0,
    "pct1ResTime" : 73.0,
    "pct2ResTime" : 73.0,
    "pct3ResTime" : 73.0,
    "throughput" : 2.208480565371025,
    "receivedKBytesPerSec" : 1.4652750938604242,
    "sentKBytesPerSec" : 0.6211351590106008
  }
}