{
  "zone activity" : {
    "transaction" : "zone activity",
    "sampleCount" : 5,
    "errorCount" : 0,
    "errorPct" : 0.0,
    "meanResTime" : 934.8,
    "medianResTime" : 958.0,
    "minResTime" : 405.0,
    "maxResTime" : 1453.0,
    "pct1ResTime" : 1453.0,
    "pct2ResTime" : 1453.0,
    "pct3ResTime" : 1453.0,
    "throughput" : 1.721763085399449,
    "receivedKBytesPerSec" : 478.90100400309916,
    "sentKBytesPerSec" : 0.5615906938705234
  },
  "Total" : {
    "transaction" : "Total",
    "sampleCount" : 15,
    "errorCount" : 0,
    "errorPct" : 0.0,
    "meanResTime" : 477.5999999999999,
    "medianResTime" : 251.0,
    "minResTime" : 82.0,
    "maxResTime" : 1453.0,
    "pct1ResTime" : 1449.4,
    "pct2ResTime" : 1453.0,
    "pct3ResTime" : 1453.0,
    "throughput" : 3.2271944922547333,
    "receivedKBytesPerSec" : 300.76654273343377,
    "sentKBytesPerSec" : 0.9213051984724613
  },
  "login" : {
    "transaction" : "login",
    "sampleCount" : 5,
    "errorCount" : 0,
    "errorPct" : 0.0,
    "meanResTime" : 406.6,
    "medianResTime" : 251.0,
    "minResTime" : 244.0,
    "maxResTime" : 1034.0,
    "pct1ResTime" : 1034.0,
    "pct2ResTime" : 1034.0,
    "pct3ResTime" : 1034.0,
    "throughput" : 1.2045290291496025,
    "receivedKBytesPerSec" : 0.9433908997831848,
    "sentKBytesPerSec" : 0.29995595940737174
  },
  "create api key" : {
    "transaction" : "create api key",
    "sampleCount" : 5,
    "errorCount" : 0,
    "errorPct" : 0.0,
    "meanResTime" : 91.4,
    "medianResTime" : 85.0,
    "minResTime" : 82.0,
    "maxResTime" : 105.0,
    "pct1ResTime" : 105.0,
    "pct2ResTime" : 105.0,
    "pct3ResTime" : 105.0,
    "throughput" : 1.9179133103183736,
    "receivedKBytesPerSec" : 1.2728651227464518,
    "sentKBytesPerSec" : 0.5394131185270425
  }
}