{
  "zone activity" : {
    "transaction" : "zone activity",
    "sampleCount" : 5,
    "errorCount" : 0,
    "errorPct" : 0.0,
    "meanResTime" : 310.4,
    "medianResTime" : 318.0,
    "minResTime" : 290.0,
    "maxResTime" : 327.0,
    "pct1ResTime" : 327.0,
    "pct2ResTime" : 327.0,
    "pct3ResTime" : 327.0,
    "throughput" : 1.4801657785671996,
    "receivedKBytesPerSec" : 411.83560214994077,
    "sentKBytesPerSec" : 0.48278844730609827
  },
  "Total" : {
    "transaction" : "Total",
    "sampleCount" : 15,
    "errorCount" : 0,
    "errorPct" : 0.0,
    "meanResTime" : 215.93333333333337,
    "medianResTime" : 206.0,
    "minResTime" : 65.0,
    "maxResTime" : 506.0,
    "pct1ResTime" : 398.6000000000001,
    "pct2ResTime" : 506.0,
    "pct3ResTime" : 506.0,
    "throughput" : 3.3171163202122957,
    "receivedKBytesPerSec" : 309.2472391917293,
    "sentKBytesPerSec" : 0.9469762411543564
  },
  "login" : {
    "transaction" : "login",
    "sampleCount" : 5,
    "errorCount" : 0,
    "errorPct" : 0.0,
    "meanResTime" : 264.2,
    "medianResTime" : 206.0,
    "minResTime" : 193.0,
    "maxResTime" : 506.0,
    "pct1ResTime" : 506.0,
    "pct2ResTime" : 506.0,
    "pct3ResTime" : 506.0,
    "throughput" : 1.2103606874848705,
    "receivedKBytesPerSec" : 0.9479582728152989,
    "sentKBytesPerSec" : 0.3014081790123457
  },
  "create api key" : {
    "transaction" : "create api key",
    "sampleCount" : 5,
    "errorCount" : 0,
    "errorPct" : 0.0,
    "meanResTime" : 73.2,
    "medianResTime" : 70.0,
    "minResTime" : 65.0,
    "maxResTime" : 90.0,
    "pct1ResTime" : 90.0,
    "pct2ResTime" : 90.0,
    "pct3ResTime" : 90.0,
    "throughput" : 1.5807777426493834,
    "receivedKBytesPerSec" : 1.049426474075245,
    "sentKBytesPerSec" : 0.44459374012013914
  }
}