{
  "zone activity" : {
    "transaction" : "zone activity",
    "sampleCount" : 10,
    "errorCount" : 0,
    "errorPct" : 0.0,
    "meanResTime" : 112.0,
    "medianResTime" : 110.5,
    "minResTime" : 108.0,
    "maxResTime" : 119.0,
    "pct1ResTime" : 118.6,
    "pct2ResTime" : 119.0,
    "pct3ResTime" : 119.0,
    "throughput" : 1.2719409819384382,
    "receivedKBytesPerSec" : 19.950096190536758,
    "sentKBytesPerSec" : 0.41362924510302723
  },
  "Total" : {
    "transaction" : "Total",
    "sampleCount" : 30,
    "errorCount" : 0,
    "errorPct" : 0.0,
    "meanResTime" : 140.5,
    "medianResTime" : 110.5,
    "minResTime" : 59.0,
    "maxResTime" : 772.0,
    "pct1ResTime" : 191.60000000000002,
    "pct2ResTime" : 465.64999999999964,
    "pct3ResTime" : 772.0,
    "throughput" : 3.229626439875121,
    "receivedKBytesPerSec" : 20.807961702013134,
    "sentKBytesPerSec" : 0.9219994751857036
  },
  "login" : {
    "transaction" : "login",
    "sampleCount" : 10,
    "errorCount" : 0,
    "errorPct" : 0.0,
    "meanResTime" : 242.6,
    "medianResTime" : 181.5,
    "minResTime" : 173.0,
    "maxResTime" : 772.0,
    "pct1ResTime" : 716.3000000000002,
    "pct2ResTime" : 772.0,
    "pct3ResTime" : 772.0,
    "throughput" : 1.097574360662935,
    "receivedKBytesPerSec" : 2.065454875974097,
    "sentKBytesPerSec" : 0.2743935901657337
  },
  "create api key" : {
    "transaction" : "create api key",
    "sampleCount" : 10,
    "errorCount" : 0,
    "errorPct" : 0.0,
    "meanResTime" : 66.9,
    "medianResTime" : 62.0,
    "minResTime" : 59.0,
    "maxResTime" : 89.0,
    "pct1ResTime" : 88.4,
    "pct2ResTime" : 89.0,
    "pct3ResTime" : 89.0,
    "throughput" : 1.2737230925996688,
    "receivedKBytesPerSec" : 2.2441906285823463,
    "sentKBytesPerSec" : 0.35823461979365684
  }
}