{
  "zone activity" : {
    "transaction" : "zone activity",
    "sampleCount" : 10,
    "errorCount" : 0,
    "errorPct" : 0.0,
    "meanResTime" : 22.299999999999997,
    "medianResTime" : 21.5,
    "minResTime" : 20.0,
    "maxResTime" : 26.0,
    "pct1ResTime" : 26.0,
    "pct2ResTime" : 26.0,
    "pct3ResTime" : 26.0,
    "throughput" : 1.3477088948787064,
    "receivedKBytesPerSec" : 21.026364555256066,
    "sentKBytesPerSec" : 0.43826861522911054
  },
  "Total" : {
    "transaction" : "Total",
    "sampleCount" : 30,
    "errorCount" : 0,
    "errorPct" : 0.0,
    "meanResTime" : 56.76666666666667,
    "medianResTime" : 22.5,
    "minResTime" : 14.0,
    "maxResTime" : 901.0,
    "pct1ResTime" : 44.0,
    "pct2ResTime" : 438.4499999999994,
    "pct3ResTime" : 901.0,
    "throughput" : 3.3392698130008904,
    "receivedKBytesPerSec" : 21.23697336932324,
    "sentKBytesPerSec" : 0.953300659505788
  },
  "login" : {
    "transaction" : "login",
    "sampleCount" : 10,
    "errorCount" : 0,
    "errorPct" : 0.0,
    "meanResTime" : 130.00000000000003,
    "medianResTime" : 43.0,
    "minResTime" : 40.0,
    "maxResTime" : 901.0,
    "pct1ResTime" : 816.9000000000003,
    "pct2ResTime" : 901.0,
    "pct3ResTime" : 901.0,
    "throughput" : 1.1178180192264697,
    "receivedKBytesPerSec" : 2.010762491616365,
    "sentKBytesPerSec" : 0.2794545048066175
  },
  "create api key" : {
    "transaction" : "create api key",
    "sampleCount" : 10,
    "errorCount" : 0,
    "errorPct" : 0.0,
    "meanResTime" : 18.0,
    "medianResTime" : 14.0,
    "minResTime" : 14.0,
    "maxResTime" : 35.0,
    "pct1ResTime" : 34.6,
    "pct2ResTime" : 35.0,
    "pct3ResTime" : 35.0,
    "throughput" : 1.3426423200859292,
    "receivedKBytesPerSec" : 2.2541705827067666,
    "sentKBytesPerSec" : 0.3776181525241675
  }
}