{
  "zone activity" : {
    "transaction" : "zone activity",
    "sampleCount" : 5,
    "errorCount" : 5,
    "errorPct" : 100.0,
    "meanResTime" : 30193.4,
    "medianResTime" : 30117.0,
    "minResTime" : 30097.0,
    "maxResTime" : 30332.0,
    "pct1ResTime" : 30332.0,
    "pct2ResTime" : 30332.0,
    "pct3ResTime" : 30332.0,
    "throughput" : 0.15181878909333818,
    "receivedKBytesPerSec" : 0.11475365503734743,
    "sentKBytesPerSec" : 0.03276557850549584
  },
  "Total" : {
    "transaction" : "Total",
    "sampleCount" : 15,
    "errorCount" : 15,
    "errorPct" : 100.0,
    "meanResTime" : 30150.53333333333,
    "medianResTime" : 30104.0,
    "minResTime" : 30032.0,
    "maxResTime" : 30671.0,
    "pct1ResTime" : 30467.6,
    "pct2ResTime" : 30671.0,
    "pct3ResTime" : 30671.0,
    "throughput" : 0.15926610180289227,
    "receivedKBytesPerSec" : 0.12707070817672167,
    "sentKBytesPerSec" : 0.03686139270242721
  },
  "login" : {
    "transaction" : "login",
    "sampleCount" : 5,
    "errorCount" : 5,
    "errorPct" : 100.0,
    "meanResTime" : 30223.0,
    "medianResTime" : 30110.0,
    "minResTime" : 30100.0,
    "maxResTime" : 30671.0,
    "pct1ResTime" : 30671.0,
    "pct2ResTime" : 30671.0,
    "pct3ResTime" : 30671.0,
    "throughput" : 0.14693781591630423,
    "receivedKBytesPerSec" : 0.10202420616844951,
    "sentKBytesPerSec" : 0.03659096001822029
  },
  "create api key" : {
    "transaction" : "create api key",
    "sampleCount" : 5,
    "errorCount" : 5,
    "errorPct" : 100.0,
    "meanResTime" : 30035.2,
    "medianResTime" : 30034.0,
    "minResTime" : 30032.0,
    "maxResTime" : 30044.0,
    "pct1ResTime" : 30044.0,
    "pct2ResTime" : 30044.0,
    "pct3ResTime" : 30044.0,
    "throughput" : 0.15215142109427304,
    "receivedKBytesPerSec" : 0.1435334695088552,
    "sentKBytesPerSec" : 0.03491756245815836
  }
}