{
  "zone activity" : {
    "transaction" : "zone activity",
    "sampleCount" : 5,
    "errorCount" : 0,
    "errorPct" : 0.0,
    "meanResTime" : 394.2,
    "medianResTime" : 390.0,
    "minResTime" : 367.0,
    "maxResTime" : 414.0,
    "pct1ResTime" : 414.0,
    "pct2ResTime" : 414.0,
    "pct3ResTime" : 414.0,
    "throughput" : 2.035002035002035,
    "receivedKBytesPerSec" : 566.2711131461132,
    "sentKBytesPerSec" : 0.6637604293854295
  },
  "Total" : {
    "transaction" : "Total",
    "sampleCount" : 15,
    "errorCount" : 0,
    "errorPct" : 0.0,
    "meanResTime" : 342.53333333333336,
    "medianResTime" : 251.0,
    "minResTime" : 80.0,
    "maxResTime" : 1427.0,
    "pct1ResTime" : 888.2000000000003,
    "pct2ResTime" : 1427.0,
    "pct3ResTime" : 1427.0,
    "throughput" : 3.246753246753247,
    "receivedKBytesPerSec" : 302.7195785984848,
    "sentKBytesPerSec" : 0.9268888663419913
  },
  "login" : {
    "transaction" : "login",
    "sampleCount" : 5,
    "errorCount" : 0,
    "errorPct" : 0.0,
    "meanResTime" : 540.8,
    "medianResTime" : 251.0,
    "minResTime" : 247.0,
    "maxResTime" : 1427.0,
    "pct1ResTime" : 1427.0,
    "pct2ResTime" : 1427.0,
    "pct3ResTime" : 1427.0,
    "throughput" : 1.2068549360366883,
    "receivedKBytesPerSec" : 0.9452125573256095,
    "sentKBytesPerSec" : 0.3005351647356988
  },
  "create api key" : {
    "transaction" : "create api key",
    "sampleCount" : 5,
    "errorCount" : 0,
    "errorPct" : 0.0,
    "meanResTime" : 92.6,
    "medianResTime" : 88.0,
    "minResTime" : 80.0,
    "maxResTime" : 105.0,
    "pct1ResTime" : 105.0,
    "pct2ResTime" : 105.0,
    "pct3ResTime" : 105.0,
    "throughput" : 2.2872827081427265,
    "receivedKBytesPerSec" : 1.5188986733760292,
    "sentKBytesPerSec" : 0.6432982616651418
  }
}