{
  "zone activity" : {
    "transaction" : "zone activity",
    "sampleCount" : 5,
    "errorCount" : 0,
    "errorPct" : 0.0,
    "meanResTime" : 57.0,
    "medianResTime" : 41.0,
    "minResTime" : 28.0,
    "maxResTime" : 94.0,
    "pct1ResTime" : 94.0,
    "pct2ResTime" : 94.0,
    "pct3ResTime" : 94.0,
    "throughput" : 2.110595187842972,
    "receivedKBytesPerSec" : 30.686075348248202,
    "sentKBytesPerSec" : 0.6863556616715913
  },
  "Total" : {
    "transaction" : "Total",
    "sampleCount" : 15,
    "errorCount" : 0,
    "errorPct" : 0.0,
    "meanResTime" : 107.93333333333334,
    "medianResTime" : 44.0,
    "minResTime" : 16.0,
    "maxResTime" : 979.0,
    "pct1ResTime" : 448.00000000000034,
    "pct2ResTime" : 979.0,
    "pct3ResTime" : 979.0,
    "throughput" : 3.750937734433608,
    "receivedKBytesPerSec" : 19.987174528007,
    "sentKBytesPerSec" : 1.0696033383345835
  },
  "login" : {
    "transaction" : "login",
    "sampleCount" : 5,
    "errorCount" : 0,
    "errorPct" : 0.0,
    "meanResTime" : 239.8,
    "medianResTime" : 50.0,
    "minResTime" : 48.0,
    "maxResTime" : 979.0,
    "pct1ResTime" : 979.0,
    "pct2ResTime" : 979.0,
    "pct3ResTime" : 979.0,
    "throughput" : 1.2651821862348178,
    "receivedKBytesPerSec" : 0.9908946419534413,
    "sentKBytesPerSec" : 0.3150600170799595
  },
  "create api key" : {
    "transaction" : "create api key",
    "sampleCount" : 5,
    "errorCount" : 0,
    "errorPct" : 0.0,
    "meanResTime" : 27.0,
    "medianResTime" : 17.0,
    "minResTime" : 16.0,
    "maxResTime" : 44.0,
    "pct1ResTime" : 44.0,
    "pct2ResTime" : 44.0,
    "pct3ResTime" : 44.0,
    "throughput" : 2.0859407592824364,
    "receivedKBytesPerSec" : 1.383972804547351,
    "sentKBytesPerSec" : 0.5866708385481852
  }
}