{
  "zone activity" : {
    "transaction" : "zone activity",
    "sampleCount" : 5,
    "errorCount" : 0,
    "errorPct" : 0.0,
    "meanResTime" : 1515.4,
    "medianResTime" : 1906.0,
    "minResTime" : 424.0,
    "maxResTime" : 2172.0,
    "pct1ResTime" : 2172.0,
    "pct2ResTime" : 2172.0,
    "pct3ResTime" : 2172.0,
    "throughput" : 1.8511662347278786,
    "receivedKBytesPerSec" : 514.9817920446131,
    "sentKBytesPerSec" : 0.6037983617178823
  },
  "Total" : {
    "transaction" : "Total",
    "sampleCount" : 15,
    "errorCount" : 0,
    "errorPct" : 0.0,
    "meanResTime" : 689.6,
    "medianResTime" : 266.0,
    "minResTime" : 79.0,
    "maxResTime" : 2172.0,
    "pct1ResTime" : 2166.6,
    "pct2ResTime" : 2172.0,
    "pct3ResTime" : 2172.0,
    "throughput" : 3.2085561497326203,
    "receivedKBytesPerSec" : 299.08067346256684,
    "sentKBytesPerSec" : 0.9159842914438503
  },
  "login" : {
    "transaction" : "login",
    "sampleCount" : 5,
    "errorCount" : 0,
    "errorPct" : 0.0,
    "meanResTime" : 458.0,
    "medianResTime" : 266.0,
    "minResTime" : 230.0,
    "maxResTime" : 1215.0,
    "pct1ResTime" : 1215.0,
    "pct2ResTime" : 1215.0,
    "pct3ResTime" : 1215.0,
    "throughput" : 1.201634222542658,
    "receivedKBytesPerSec" : 0.9411236782023553,
    "sentKBytesPerSec" : 0.2992350847152127
  },
  "create api key" : {
    "transaction" : "create api key",
    "sampleCount" : 5,
    "errorCount" : 0,
    "errorPct" : 0.0,
    "meanResTime" : 95.4,
    "medianResTime" : 87.0,
    "minResTime" : 79.0,
    "maxResTime" : 112.0,
    "pct1ResTime" : 112.0,
    "pct2ResTime" : 112.0,
    "pct3ResTime" : 112.0,
    "throughput" : 2.0807324178110695,
    "receivedKBytesPerSec" : 1.3817363712026633,
    "sentKBytesPerSec" : 0.5852059925093633
  }
}