{
  "zone activity" : {
    "transaction" : "zone activity",
    "sampleCount" : 5,
    "errorCount" : 0,
    "errorPct" : 0.0,
    "meanResTime" : 402.2,
    "medianResTime" : 406.0,
    "minResTime" : 380.0,
    "maxResTime" : 418.0,
    "pct1ResTime" : 418.0,
    "pct2ResTime" : 418.0,
    "pct3ResTime" : 418.0,
    "throughput" : 1.7507002801120448,
    "receivedKBytesPerSec" : 487.2636554621849,
    "sentKBytesPerSec" : 0.5710291929271709
  },
  "Total" : {
    "transaction" : "Total",
    "sampleCount" : 15,
    "errorCount" : 0,
    "errorPct" : 0.0,
    "meanResTime" : 297.1333333333334,
    "medianResTime" : 241.0,
    "minResTime" : 78.0,
    "maxResTime" : 1060.0,
    "pct1ResTime" : 674.8000000000002,
    "pct2ResTime" : 1060.0,
    "pct3ResTime" : 1060.0,
    "throughput" : 3.2439446366782003,
    "receivedKBytesPerSec" : 302.5212799389057,
    "sentKBytesPerSec" : 0.9260870593641869
  },
  "login" : {
    "transaction" : "login",
    "sampleCount" : 5,
    "errorCount" : 0,
    "errorPct" : 0.0,
    "meanResTime" : 402.4,
    "medianResTime" : 241.0,
    "minResTime" : 226.0,
    "maxResTime" : 1060.0,
    "pct1ResTime" : 1060.0,
    "pct2ResTime" : 1060.0,
    "pct3ResTime" : 1060.0,
    "throughput" : 1.2097749818533754,
    "receivedKBytesPerSec" : 0.9474995463343818,
    "sentKBytesPerSec" : 0.30126232458262764
  },
  "create api key" : {
    "transaction" : "create api key",
    "sampleCount" : 5,
    "errorCount" : 0,
    "errorPct" : 0.0,
    "meanResTime" : 86.8,
    "medianResTime" : 82.0,
    "minResTime" : 78.0,
    "maxResTime" : 97.0,
    "pct1ResTime" : 97.0,
    "pct2ResTime" : 97.0,
    "pct3ResTime" : 97.0,
    "throughput" : 1.9523623584537289,
    "receivedKBytesPerSec" : 1.295346666341273,
    "sentKBytesPerSec" : 0.5491019133151113
  }
}