{
  "zone activity" : {
    "transaction" : "zone activity",
    "sampleCount" : 5,
    "errorCount" : 0,
    "errorPct" : 0.0,
    "meanResTime" : 914.2,
    "medianResTime" : 1116.0,
    "minResTime" : 158.0,
    "maxResTime" : 1570.0,
    "pct1ResTime" : 1570.0,
    "pct2ResTime" : 1570.0,
    "pct3ResTime" : 1570.0,
    "throughput" : 1.9164430816404754,
    "receivedKBytesPerSec" : 533.1260181103871,
    "sentKBytesPerSec" : 0.6250898332694519
  },
  "Total" : {
    "transaction" : "Total",
    "sampleCount" : 15,
    "errorCount" : 0,
    "errorPct" : 0.0,
    "meanResTime" : 407.40000000000003,
    "medianResTime" : 94.0,
    "minResTime" : 30.0,
    "maxResTime" : 1570.0,
    "pct1ResTime" : 1569.4,
    "pct2ResTime" : 1570.0,
    "pct3ResTime" : 1570.0,
    "throughput" : 3.58337314859054,
    "receivedKBytesPerSec" : 334.0084041298376,
    "sentKBytesPerSec" : 1.0229877120162447
  },
  "login" : {
    "transaction" : "login",
    "sampleCount" : 5,
    "errorCount" : 0,
    "errorPct" : 0.0,
    "meanResTime" : 270.8,
    "medianResTime" : 94.0,
    "minResTime" : 88.0,
    "maxResTime" : 980.0,
    "pct1ResTime" : 980.0,
    "pct2ResTime" : 980.0,
    "pct3ResTime" : 980.0,
    "throughput" : 1.2515644555694618,
    "receivedKBytesPerSec" : 0.9802291927409261,
    "sentKBytesPerSec" : 0.3116688829787234
  },
  "create api key" : {
    "transaction" : "create api key",
    "sampleCount" : 5,
    "errorCount" : 0,
    "errorPct" : 0.0,
    "meanResTime" : 37.2,
    "medianResTime" : 31.0,
    "minResTime" : 30.0,
    "maxResTime" : 50.0,
    "pct1ResTime" : 50.0,
    "pct2ResTime" : 50.0,
    "pct3ResTime" : 50.0,
    "throughput" : 1.988862370723946,
    "receivedKBytesPerSec" : 1.3195635690135243,
    "sentKBytesPerSec" : 0.5593675417661098
  }
}