{
  "zone activity" : {
    "transaction" : "zone activity",
    "sampleCount" : 10,
    "errorCount" : 0,
    "errorPct" : 0.0,
    "meanResTime" : 76.89999999999999,
    "medianResTime" : 77.5,
    "minResTime" : 66.0,
    "maxResTime" : 85.0,
    "pct1ResTime" : 84.9,
    "pct2ResTime" : 85.0,
    "pct3ResTime" : 85.0,
    "throughput" : 1.4017381553125876,
    "receivedKBytesPerSec" : 21.985660656714323,
    "sentKBytesPerSec" : 0.45583867746005047
  },
  "Total" : {
    "transaction" : "Total",
    "sampleCount" : 30,
    "errorCount" : 0,
    "errorPct" : 0.0,
    "meanResTime" : 133.23333333333332,
    "medianResTime" : 77.5,
    "minResTime" : 36.0,
    "maxResTime" : 1334.0,
    "pct1ResTime" : 135.70000000000002,
    "pct2ResTime" : 836.2499999999993,
    "pct3ResTime" : 1334.0,
    "throughput" : 3.2790468903705325,
    "receivedKBytesPerSec" : 21.126156205596242,
    "sentKBytesPerSec" : 0.9361081129085147
  },
  "login" : {
    "transaction" : "login",
    "sampleCount" : 10,
    "errorCount" : 0,
    "errorPct" : 0.0,
    "meanResTime" : 275.2,
    "medianResTime" : 127.0,
    "minResTime" : 106.0,
    "maxResTime" : 1334.0,
    "pct1ResTime" : 1243.5000000000005,
    "pct2ResTime" : 1334.0,
    "pct3ResTime" : 1334.0,
    "throughput" : 1.1077877478675087,
    "receivedKBytesPerSec" : 2.084674795059267,
    "sentKBytesPerSec" : 0.27694693696687717
  },
  "create api key" : {
    "transaction" : "create api key",
    "sampleCount" : 10,
    "errorCount" : 0,
    "errorPct" : 0.0,
    "meanResTime" : 47.6,
    "medianResTime" : 43.0,
    "minResTime" : 36.0,
    "maxResTime" : 73.0,
    "pct1ResTime" : 72.8,
    "pct2ResTime" : 73.0,
    "pct3ResTime" : 73.0,
    "throughput" : 1.3995801259622112,
    "receivedKBytesPerSec" : 2.4659399055283417,
    "sentKBytesPerSec" : 0.39363191042687196
  }
}