{
  "zone activity" : {
    "transaction" : "zone activity",
    "sampleCount" : 5,
    "errorCount" : 0,
    "errorPct" : 0.0,
    "meanResTime" : 395.6,
    "medianResTime" : 406.0,
    "minResTime" : 81.0,
    "maxResTime" : 709.0,
    "pct1ResTime" : 709.0,
    "pct2ResTime" : 709.0,
    "pct3ResTime" : 709.0,
    "throughput" : 2.110595187842972,
    "receivedKBytesPerSec" : 587.492002822921,
    "sentKBytesPerSec" : 0.6884167897847192
  },
  "Total" : {
    "transaction" : "Total",
    "sampleCount" : 15,
    "errorCount" : 0,
    "errorPct" : 0.0,
    "meanResTime" : 229.99999999999994,
    "medianResTime" : 61.0,
    "minResTime" : 18.0,
    "maxResTime" : 1047.0,
    "pct1ResTime" : 844.2000000000002,
    "pct2ResTime" : 1047.0,
    "pct3ResTime" : 1047.0,
    "throughput" : 3.695491500369549,
    "receivedKBytesPerSec" : 344.66665511825573,
    "sentKBytesPerSec" : 1.0549954576250307
  },
  "login" : {
    "transaction" : "login",
    "sampleCount" : 5,
    "errorCount" : 0,
    "errorPct" : 0.0,
    "meanResTime" : 269.0,
    "medianResTime" : 61.0,
    "minResTime" : 48.0,
    "maxResTime" : 1047.0,
    "pct1ResTime" : 1047.0,
    "pct2ResTime" : 1047.0,
    "pct3ResTime" : 1047.0,
    "throughput" : 1.2635835228708618,
    "receivedKBytesPerSec" : 0.9896425638109679,
    "sentKBytesPerSec" : 0.3146619124336619
  },
  "create api key" : {
    "transaction" : "create api key",
    "sampleCount" : 5,
    "errorCount" : 0,
    "errorPct" : 0.0,
    "meanResTime" : 25.4,
    "medianResTime" : 18.0,
    "minResTime" : 18.0,
    "maxResTime" : 37.0,
    "pct1ResTime" : 37.0,
    "pct2ResTime" : 37.0,
    "pct3ResTime" : 37.0,
    "throughput" : 2.1376656690893547,
    "receivedKBytesPerSec" : 1.4182910699016673,
    "sentKBytesPerSec" : 0.6012184694313809
  }
}