{
  "zone activity" : {
    "transaction" : "zone activity",
    "sampleCount" : 5,
    "errorCount" : 0,
    "errorPct" : 0.0,
    "meanResTime" : 1916.6,
    "medianResTime" : 2070.0,
    "minResTime" : 1319.0,
    "maxResTime" : 2076.0,
    "pct1ResTime" : 2076.0,
    "pct2ResTime" : 2076.0,
    "pct3ResTime" : 2076.0,
    "throughput" : 2.4084778420038533,
    "receivedKBytesPerSec" : 670.1486106093449,
    "sentKBytesPerSec" : 0.7855777336223506
  },
  "Total" : {
    "transaction" : "Total",
    "sampleCount" : 15,
    "errorCount" : 0,
    "errorPct" : 0.0,
    "meanResTime" : 964.0,
    "medianResTime" : 572.0,
    "minResTime" : 19.0,
    "maxResTime" : 2435.0,
    "pct1ResTime" : 2219.6000000000004,
    "pct2ResTime" : 2435.0,
    "pct3ResTime" : 2435.0,
    "throughput" : 2.839833396440742,
    "receivedKBytesPerSec" : 264.7602929169822,
    "sentKBytesPerSec" : 0.8107206668875426
  },
  "login" : {
    "transaction" : "login",
    "sampleCount" : 5,
    "errorCount" : 0,
    "errorPct" : 0.0,
    "meanResTime" : 937.4,
    "medianResTime" : 572.0,
    "minResTime" : 50.0,
    "maxResTime" : 2435.0,
    "pct1ResTime" : 2435.0,
    "pct2ResTime" : 2435.0,
    "pct3ResTime" : 2435.0,
    "throughput" : 1.278118609406953,
    "receivedKBytesPerSec" : 1.00102648900818,
    "sentKBytesPerSec" : 0.3182814896472393
  },
  "create api key" : {
    "transaction" : "create api key",
    "sampleCount" : 5,
    "errorCount" : 0,
    "errorPct" : 0.0,
    "meanResTime" : 38.0,
    "medianResTime" : 42.0,
    "minResTime" : 19.0,
    "maxResTime" : 45.0,
    "pct1ResTime" : 45.0,
    "pct2ResTime" : 45.0,
    "pct3ResTime" : 45.0,
    "throughput" : 6.385696040868455,
    "receivedKBytesPerSec" : 4.239254070881226,
    "sentKBytesPerSec" : 1.7959770114942528
  }
}