{
  "zone activity" : {
    "transaction" : "zone activity",
    "sampleCount" : 5,
    "errorCount" : 0,
    "errorPct" : 0.0,
    "meanResTime" : 627.6,
    "medianResTime" : 621.0,
    "minResTime" : 65.0,
    "maxResTime" : 1191.0,
    "pct1ResTime" : 1191.0,
    "pct2ResTime" : 1191.0,
    "pct3ResTime" : 1191.0,
    "throughput" : 1.8982536066818527,
    "receivedKBytesPerSec" : 528.1616303625665,
    "sentKBytesPerSec" : 0.6191569381169324
  },
  "Total" : {
    "transaction" : "Total",
    "sampleCount" : 15,
    "errorCount" : 0,
    "errorPct" : 0.0,
    "meanResTime" : 283.26666666666665,
    "medianResTime" : 49.0,
    "minResTime" : 16.0,
    "maxResTime" : 1191.0,
    "pct1ResTime" : 1190.4,
    "pct2ResTime" : 1191.0,
    "pct3ResTime" : 1191.0,
    "throughput" : 3.724857213806804,
    "receivedKBytesPerSec" : 347.2595139061336,
    "sentKBytesPerSec" : 1.0633788334988825
  },
  "login" : {
    "transaction" : "login",
    "sampleCount" : 5,
    "errorCount" : 0,
    "errorPct" : 0.0,
    "meanResTime" : 193.4,
    "medianResTime" : 46.0,
    "minResTime" : 40.0,
    "maxResTime" : 783.0,
    "pct1ResTime" : 783.0,
    "pct2ResTime" : 783.0,
    "pct3ResTime" : 783.0,
    "throughput" : 1.2677484787018256,
    "receivedKBytesPerSec" : 0.9929045702332657,
    "sentKBytesPerSec" : 0.31569908405172414
  },
  "create api key" : {
    "transaction" : "create api key",
    "sampleCount" : 5,
    "errorCount" : 0,
    "errorPct" : 0.0,
    "meanResTime" : 28.8,
    "medianResTime" : 16.0,
    "minResTime" : 16.0,
    "maxResTime" : 49.0,
    "pct1ResTime" : 49.0,
    "pct2ResTime" : 49.0,
    "pct3ResTime" : 49.0,
    "throughput" : 1.899696048632219,
    "receivedKBytesPerSec" : 1.2615169072948327,
    "sentKBytesPerSec" : 0.5342895136778115
  }
}