{
  "zone activity" : {
    "transaction" : "zone activity",
    "sampleCount" : 5,
    "errorCount" : 0,
    "errorPct" : 0.0,
    "meanResTime" : 168.6,
    "medianResTime" : 182.0,
    "minResTime" : 145.0,
    "maxResTime" : 186.0,
    "pct1ResTime" : 186.0,
    "pct2ResTime" : 186.0,
    "pct3ResTime" : 186.0,
    "throughput" : 3.1466331025802394,
    "receivedKBytesPerSec" : 875.9298546648836,
    "sentKBytesPerSec" : 1.026343219005664
  },
  "Total" : {
    "transaction" : "Total",
    "sampleCount" : 15,
    "errorCount" : 0,
    "errorPct" : 0.0,
    "meanResTime" : 285.0666666666667,
    "medianResTime" : 98.0,
    "minResTime" : 30.0,
    "maxResTime" : 1871.0,
    "pct1ResTime" : 1331.6000000000004,
    "pct2ResTime" : 1871.0,
    "pct3ResTime" : 1871.0,
    "throughput" : 3.6040365209034118,
    "receivedKBytesPerSec" : 336.1573556132869,
    "sentKBytesPerSec" : 1.0288867281355119
  },
  "login" : {
    "transaction" : "login",
    "sampleCount" : 5,
    "errorCount" : 0,
    "errorPct" : 0.0,
    "meanResTime" : 623.6,
    "medianResTime" : 98.0,
    "minResTime" : 87.0,
    "maxResTime" : 1871.0,
    "pct1ResTime" : 1871.0,
    "pct2ResTime" : 1871.0,
    "pct3ResTime" : 1871.0,
    "throughput" : 1.2547051442910915,
    "receivedKBytesPerSec" : 0.9826889899623589,
    "sentKBytesPerSec" : 0.31245098808030114
  },
  "create api key" : {
    "transaction" : "create api key",
    "sampleCount" : 5,
    "errorCount" : 0,
    "errorPct" : 0.0,
    "meanResTime" : 63.0,
    "medianResTime" : 84.0,
    "minResTime" : 30.0,
    "maxResTime" : 86.0,
    "pct1ResTime" : 86.0,
    "pct2ResTime" : 86.0,
    "pct3ResTime" : 86.0,
    "throughput" : 3.238341968911917,
    "receivedKBytesPerSec" : 2.1491964863989637,
    "sentKBytesPerSec" : 0.9107836787564767
  }
}