{
  "zone activity" : {
    "transaction" : "zone activity",
    "sampleCount" : 5,
    "errorCount" : 0,
    "errorPct" : 0.0,
    "meanResTime" : 53.2,
    "medianResTime" : 53.0,
    "minResTime" : 51.0,
    "maxResTime" : 55.0,
    "pct1ResTime" : 55.0,
    "pct2ResTime" : 55.0,
    "pct3ResTime" : 55.0,
    "throughput" : 2.170138888888889,
    "receivedKBytesPerSec" : 31.549665662977432,
    "sentKBytesPerSec" : 0.705718994140625
  },
  "Total" : {
    "transaction" : "Total",
    "sampleCount" : 15,
    "errorCount" : 0,
    "errorPct" : 0.0,
    "meanResTime" : 134.4,
    "medianResTime" : 53.0,
    "minResTime" : 29.0,
    "maxResTime" : 1108.0,
    "pct1ResTime" : 562.6000000000004,
    "pct2ResTime" : 1108.0,
    "pct3ResTime" : 1108.0,
    "throughput" : 3.672869735553379,
    "receivedKBytesPerSec" : 19.56950905974535,
    "sentKBytesPerSec" : 1.0473417605288933
  },
  "login" : {
    "transaction" : "login",
    "sampleCount" : 5,
    "errorCount" : 0,
    "errorPct" : 0.0,
    "meanResTime" : 319.2,
    "medianResTime" : 100.0,
    "minResTime" : 94.0,
    "maxResTime" : 1108.0,
    "pct1ResTime" : 1108.0,
    "pct2ResTime" : 1108.0,
    "pct3ResTime" : 1108.0,
    "throughput" : 1.2496875781054737,
    "receivedKBytesPerSec" : 0.9787592164458885,
    "sentKBytesPerSec" : 0.31120149650087475
  },
  "create api key" : {
    "transaction" : "create api key",
    "sampleCount" : 5,
    "errorCount" : 0,
    "errorPct" : 0.0,
    "meanResTime" : 30.8,
    "medianResTime" : 31.0,
    "minResTime" : 29.0,
    "maxResTime" : 32.0,
    "pct1ResTime" : 32.0,
    "pct2ResTime" : 32.0,
    "pct3ResTime" : 32.0,
    "throughput" : 2.1691973969631237,
    "receivedKBytesPerSec" : 1.4383642895878523,
    "sentKBytesPerSec" : 0.6100867678958785
  }
}