{
  "zone activity" : {
    "transaction" : "zone activity",
    "sampleCount" : 5,
    "errorCount" : 0,
    "errorPct" : 0.0,
    "meanResTime" : 233.4,
    "medianResTime" : 231.0,
    "minResTime" : 92.0,
    "maxResTime" : 377.0,
    "pct1ResTime" : 377.0,
    "pct2ResTime" : 377.0,
    "pct3ResTime" : 377.0,
    "throughput" : 2.256317689530686,
    "receivedKBytesPerSec" : 627.9433487985108,
    "sentKBytesPerSec" : 0.7359473713898916
  },
  "Total" : {
    "transaction" : "Total",
    "sampleCount" : 15,
    "errorCount" : 0,
    "errorPct" : 0.0,
    "meanResTime" : 193.93333333333334,
    "medianResTime" : 92.0,
    "minResTime" : 17.0,
    "maxResTime" : 1104.0,
    "pct1ResTime" : 667.8000000000002,
    "pct2ResTime" : 1104.0,
    "pct3ResTime" : 1104.0,
    "throughput" : 3.687315634218289,
    "receivedKBytesPerSec" : 343.8436232485251,
    "sentKBytesPerSec" : 1.052661396878073
  },
  "login" : {
    "transaction" : "login",
    "sampleCount" : 5,
    "errorCount" : 0,
    "errorPct" : 0.0,
    "meanResTime" : 293.6,
    "medianResTime" : 62.0,
    "minResTime" : 51.0,
    "maxResTime" : 1104.0,
    "pct1ResTime" : 1104.0,
    "pct2ResTime" : 1104.0,
    "pct3ResTime" : 1104.0,
    "throughput" : 1.2645422357106728,
    "receivedKBytesPerSec" : 0.9903934307030854,
    "sentKBytesPerSec" : 0.31490065440060694
  },
  "create api key" : {
    "transaction" : "create api key",
    "sampleCount" : 5,
    "errorCount" : 0,
    "errorPct" : 0.0,
    "meanResTime" : 54.8,
    "medianResTime" : 19.0,
    "minResTime" : 17.0,
    "maxResTime" : 110.0,
    "pct1ResTime" : 110.0,
    "pct2ResTime" : 110.0,
    "pct3ResTime" : 110.0,
    "throughput" : 2.2232103156958645,
    "receivedKBytesPerSec" : 1.4750479379724322,
    "sentKBytesPerSec" : 0.6252779012894619
  }
}