{
  "zone activity" : {
    "transaction" : "zone activity",
    "sampleCount" : 5,
    "errorCount" : 0,
    "errorPct" : 0.0,
    "meanResTime" : 90.2,
    "medianResTime" : 79.0,
    "minResTime" : 78.0,
    "maxResTime" : 116.0,
    "pct1ResTime" : 116.0,
    "pct2ResTime" : 116.0,
    "pct3ResTime" : 116.0,
    "throughput" : 1.6260162601626016,
    "receivedKBytesPerSec" : 452.18686483739833,
    "sentKBytesPerSec" : 0.5303607723577235
  },
  "Total" : {
    "transaction" : "Total",
    "sampleCount" : 15,
    "errorCount" : 0,
    "errorPct" : 0.0,
    "meanResTime" : 74.66666666666667,
    "medianResTime" : 45.0,
    "minResTime" : 14.0,
    "maxResTime" : 383.0,
    "pct1ResTime" : 222.8000000000001,
    "pct2ResTime" : 383.0,
    "pct3ResTime" : 383.0,
    "throughput" : 3.690944881889764,
    "receivedKBytesPerSec" : 343.92397422490154,
    "sentKBytesPerSec" : 1.053697480930118
  },
  "login" : {
    "transaction" : "login",
    "sampleCount" : 5,
    "errorCount" : 0,
    "errorPct" : 0.0,
    "meanResTime" : 114.8,
    "medianResTime" : 45.0,
    "minResTime" : 44.0,
    "maxResTime" : 383.0,
    "pct1ResTime" : 383.0,
    "pct2ResTime" : 383.0,
    "pct3ResTime" : 383.0,
    "throughput" : 1.2597631645250693,
    "receivedKBytesPerSec" : 0.9866504472159234,
    "sentKBytesPerSec" : 0.31371055366591083
  },
  "create api key" : {
    "transaction" : "create api key",
    "sampleCount" : 5,
    "errorCount" : 0,
    "errorPct" : 0.0,
    "meanResTime" : 19.0,
    "medianResTime" : 15.0,
    "minResTime" : 14.0,
    "maxResTime" : 35.0,
    "pct1ResTime" : 35.0,
    "pct2ResTime" : 35.0,
    "pct3ResTime" : 35.0,
    "throughput" : 1.6425755584756898,
    "receivedKBytesPerSec" : 1.0894895696452036,
    "sentKBytesPerSec" : 0.46197437582128775
  }
}