{
  "zone activity" : {
    "transaction" : "zone activity",
    "sampleCount" : 5,
    "errorCount" : 0,
    "errorPct" : 0.0,
    "meanResTime" : 791.2,
    "medianResTime" : 805.0,
    "minResTime" : 93.0,
    "maxResTime" : 1483.0,
    "pct1ResTime" : 1483.0,
    "pct2ResTime" : 1483.0,
    "pct3ResTime" : 1483.0,
    "throughput" : 1.8142235123367199,
    "receivedKBytesPerSec" : 504.7414306286285,
    "sentKBytesPerSec" : 0.5917486846879536
  },
  "Total" : {
    "transaction" : "Total",
    "sampleCount" : 15,
    "errorCount" : 0,
    "errorPct" : 0.0,
    "meanResTime" : 334.06666666666666,
    "medianResTime" : 56.0,
    "minResTime" : 17.0,
    "maxResTime" : 1483.0,
    "pct1ResTime" : 1482.4,
    "pct2ResTime" : 1483.0,
    "pct3ResTime" : 1483.0,
    "throughput" : 3.6746692797648213,
    "receivedKBytesPerSec" : 342.55286164870165,
    "sentKBytesPerSec" : 1.0490510932141108
  },
  "login" : {
    "transaction" : "login",
    "sampleCount" : 5,
    "errorCount" : 0,
    "errorPct" : 0.0,
    "meanResTime" : 186.0,
    "medianResTime" : 56.0,
    "minResTime" : 46.0,
    "maxResTime" : 708.0,
    "pct1ResTime" : 708.0,
    "pct2ResTime" : 708.0,
    "pct3ResTime" : 708.0,
    "throughput" : 1.2600806451612903,
    "receivedKBytesPerSec" : 0.9868990990423387,
    "sentKBytesPerSec" : 0.31378961378528225
  },
  "create api key" : {
    "transaction" : "create api key",
    "sampleCount" : 5,
    "errorCount" : 0,
    "errorPct" : 0.0,
    "meanResTime" : 25.0,
    "medianResTime" : 18.0,
    "minResTime" : 17.0,
    "maxResTime" : 38.0,
    "pct1ResTime" : 38.0,
    "pct2ResTime" : 38.0,
    "pct3ResTime" : 38.0,
    "throughput" : 1.8429782528566163,
    "receivedKBytesPerSec" : 1.2227728759675636,
    "sentKBytesPerSec" : 0.5183376336159233
  }
}