{
  "zone activity" : {
    "transaction" : "zone activity",
    "sampleCount" : 5,
    "errorCount" : 0,
    "errorPct" : 0.0,
    "meanResTime" : 1526.2,
    "medianResTime" : 1983.0,
    "minResTime" : 402.0,
    "maxResTime" : 2130.0,
    "pct1ResTime" : 2130.0,
    "pct2ResTime" : 2130.0,
    "pct3ResTime" : 2130.0,
    "throughput" : 1.979414093428345,
    "receivedKBytesPerSec" : 550.5949067201109,
    "sentKBytesPerSec" : 0.6456292062549486
  },
  "Total" : {
    "transaction" : "Total",
    "sampleCount" : 15,
    "errorCount" : 0,
    "errorPct" : 0.0,
    "meanResTime" : 708.4666666666668,
    "medianResTime" : 255.0,
    "minResTime" : 83.0,
    "maxResTime" : 2130.0,
    "pct1ResTime" : 2112.6,
    "pct2ResTime" : 2130.0,
    "pct3ResTime" : 2130.0,
    "throughput" : 3.2390412437918377,
    "receivedKBytesPerSec" : 301.8870789246383,
    "sentKBytesPerSec" : 0.9246872300798963
  },
  "login" : {
    "transaction" : "login",
    "sampleCount" : 5,
    "errorCount" : 0,
    "errorPct" : 0.0,
    "meanResTime" : 505.8,
    "medianResTime" : 255.0,
    "minResTime" : 246.0,
    "maxResTime" : 1335.0,
    "pct1ResTime" : 1335.0,
    "pct2ResTime" : 1335.0,
    "pct3ResTime" : 1335.0,
    "throughput" : 1.2071463061323031,
    "receivedKBytesPerSec" : 0.9454407592950265,
    "sentKBytesPerSec" : 0.30060772271849345
  },
  "create api key" : {
    "transaction" : "create api key",
    "sampleCount" : 5,
    "errorCount" : 0,
    "errorPct" : 0.0,
    "meanResTime" : 93.4,
    "medianResTime" : 85.0,
    "minResTime" : 83.0,
    "maxResTime" : 113.0,
    "pct1ResTime" : 113.0,
    "pct2ResTime" : 113.0,
    "pct3ResTime" : 113.0,
    "throughput" : 2.2232103156958645,
    "receivedKBytesPerSec" : 1.4763506002667852,
    "sentKBytesPerSec" : 0.6252779012894619
  }
}