{
  "zone activity" : {
    "transaction" : "zone activity",
    "sampleCount" : 5,
    "errorCount" : 0,
    "errorPct" : 0.0,
    "meanResTime" : 84.4,
    "medianResTime" : 78.0,
    "minResTime" : 75.0,
    "maxResTime" : 97.0,
    "pct1ResTime" : 97.0,
    "pct2ResTime" : 97.0,
    "pct3ResTime" : 97.0,
    "throughput" : 2.0185708518368997,
    "receivedKBytesPerSec" : 561.4252687222447,
    "sentKBytesPerSec" : 0.6584010395639888
  },
  "Total" : {
    "transaction" : "Total",
    "sampleCount" : 15,
    "errorCount" : 0,
    "errorPct" : 0.0,
    "meanResTime" : 116.59999999999998,
    "medianResTime" : 62.0,
    "minResTime" : 20.0,
    "maxResTime" : 912.0,
    "pct1ResTime" : 423.0000000000003,
    "pct2ResTime" : 912.0,
    "pct3ResTime" : 912.0,
    "throughput" : 3.692762186115214,
    "receivedKBytesPerSec" : 344.1375476981782,
    "sentKBytesPerSec" : 1.0542162881585426
  },
  "login" : {
    "transaction" : "login",
    "sampleCount" : 5,
    "errorCount" : 0,
    "errorPct" : 0.0,
    "meanResTime" : 228.6,
    "medianResTime" : 54.0,
    "minResTime" : 53.0,
    "maxResTime" : 912.0,
    "pct1ResTime" : 912.0,
    "pct2ResTime" : 912.0,
    "pct3ResTime" : 912.0,
    "throughput" : 1.2613521695257317,
    "receivedKBytesPerSec" : 0.9878949608980827,
    "sentKBytesPerSec" : 0.3141062531533804
  },
  "create api key" : {
    "transaction" : "create api key",
    "sampleCount" : 5,
    "errorCount" : 0,
    "errorPct" : 0.0,
    "meanResTime" : 36.8,
    "medianResTime" : 20.0,
    "minResTime" : 20.0,
    "maxResTime" : 62.0,
    "pct1ResTime" : 62.0,
    "pct2ResTime" : 62.0,
    "pct3ResTime" : 62.0,
    "throughput" : 2.0185708518368997,
    "receivedKBytesPerSec" : 1.3404572062979412,
    "sentKBytesPerSec" : 0.567723052079128
  }
}