{
  "zone activity" : {
    "transaction" : "zone activity",
    "sampleCount" : 5,
    "errorCount" : 0,
    "errorPct" : 0.0,
    "meanResTime" : 676.2,
    "medianResTime" : 604.0,
    "minResTime" : 141.0,
    "maxResTime" : 1244.0,
    "pct1ResTime" : 1244.0,
    "pct2ResTime" : 1244.0,
    "pct3ResTime" : 1244.0,
    "throughput" : 1.8011527377521612,
    "receivedKBytesPerSec" : 501.07119337626085,
    "sentKBytesPerSec" : 0.5874853656340058
  },
  "Total" : {
    "transaction" : "Total",
    "sampleCount" : 15,
    "errorCount" : 0,
    "errorPct" : 0.0,
    "meanResTime" : 313.93333333333334,
    "medianResTime" : 101.0,
    "minResTime" : 31.0,
    "maxResTime" : 1244.0,
    "pct1ResTime" : 1239.2,
    "pct2ResTime" : 1244.0,
    "pct3ResTime" : 1244.0,
    "throughput" : 3.5731300619342545,
    "receivedKBytesPerSec" : 333.0650384111481,
    "sentKBytesPerSec" : 1.0200634974988088
  },
  "login" : {
    "transaction" : "login",
    "sampleCount" : 5,
    "errorCount" : 0,
    "errorPct" : 0.0,
    "meanResTime" : 227.6,
    "medianResTime" : 101.0,
    "minResTime" : 91.0,
    "maxResTime" : 737.0,
    "pct1ResTime" : 737.0,
    "pct2ResTime" : 737.0,
    "pct3ResTime" : 737.0,
    "throughput" : 1.2478163214374844,
    "receivedKBytesPerSec" : 0.9772936423758424,
    "sentKBytesPerSec" : 0.3107355097329673
  },
  "create api key" : {
    "transaction" : "create api key",
    "sampleCount" : 5,
    "errorCount" : 0,
    "errorPct" : 0.0,
    "meanResTime" : 38.0,
    "medianResTime" : 33.0,
    "minResTime" : 31.0,
    "maxResTime" : 47.0,
    "pct1ResTime" : 47.0,
    "pct2ResTime" : 47.0,
    "pct3ResTime" : 47.0,
    "throughput" : 1.8656716417910448,
    "receivedKBytesPerSec" : 1.2378294076492538,
    "sentKBytesPerSec" : 0.5247201492537313
  }
}