{
  "zone activity" : {
    "transaction" : "zone activity",
    "sampleCount" : 5,
    "errorCount" : 0,
    "errorPct" : 0.0,
    "meanResTime" : 305.4,
    "medianResTime" : 297.0,
    "minResTime" : 143.0,
    "maxResTime" : 470.0,
    "pct1ResTime" : 470.0,
    "pct2ResTime" : 470.0,
    "pct3ResTime" : 470.0,
    "throughput" : 2.1710811984368217,
    "receivedKBytesPerSec" : 603.8760584020843,
    "sentKBytesPerSec" : 0.7081456252713851
  },
  "Total" : {
    "transaction" : "Total",
    "sampleCount" : 15,
    "errorCount" : 0,
    "errorPct" : 0.0,
    "meanResTime" : 235.6,
    "medianResTime" : 98.0,
    "minResTime" : 31.0,
    "maxResTime" : 1192.0,
    "pct1ResTime" : 758.8000000000002,
    "pct2ResTime" : 1192.0,
    "pct3ResTime" : 1192.0,
    "throughput" : 3.6144578313253013,
    "receivedKBytesPerSec" : 336.8582925451807,
    "sentKBytesPerSec" : 1.0318618222891565
  },
  "login" : {
    "transaction" : "login",
    "sampleCount" : 5,
    "errorCount" : 0,
    "errorPct" : 0.0,
    "meanResTime" : 356.8,
    "medianResTime" : 98.0,
    "minResTime" : 91.0,
    "maxResTime" : 1192.0,
    "pct1ResTime" : 1192.0,
    "pct2ResTime" : 1192.0,
    "pct3ResTime" : 1192.0,
    "throughput" : 1.2581781580271767,
    "receivedKBytesPerSec" : 0.9854090651736286,
    "sentKBytesPerSec" : 0.31331584989934574
  },
  "create api key" : {
    "transaction" : "create api key",
    "sampleCount" : 5,
    "errorCount" : 0,
    "errorPct" : 0.0,
    "meanResTime" : 44.6,
    "medianResTime" : 33.0,
    "minResTime" : 31.0,
    "maxResTime" : 64.0,
    "pct1ResTime" : 64.0,
    "pct2ResTime" : 64.0,
    "pct3ResTime" : 64.0,
    "throughput" : 2.2361359570661894,
    "receivedKBytesPerSec" : 1.484497288685152,
    "sentKBytesPerSec" : 0.6289132379248658
  }
}