{
  "zone activity" : {
    "transaction" : "zone activity",
    "sampleCount" : 5,
    "errorCount" : 0,
    "errorPct" : 0.0,
    "meanResTime" : 613.8,
    "medianResTime" : 826.0,
    "minResTime" : 70.0,
    "maxResTime" : 1054.0,
    "pct1ResTime" : 1054.0,
    "pct2ResTime" : 1054.0,
    "pct3ResTime" : 1054.0,
    "throughput" : 2.1920210434020166,
    "receivedKBytesPerSec" : 609.8408044717229,
    "sentKBytesPerSec" : 0.7149756137658921
  },
  "Total" : {
    "transaction" : "Total",
    "sampleCount" : 15,
    "errorCount" : 0,
    "errorPct" : 0.0,
    "meanResTime" : 305.79999999999995,
    "medianResTime" : 69.0,
    "minResTime" : 13.0,
    "maxResTime" : 1059.0,
    "pct1ResTime" : 1056.0,
    "pct2ResTime" : 1059.0,
    "pct3ResTime" : 1059.0,
    "throughput" : 3.724857213806804,
    "receivedKBytesPerSec" : 347.226533399553,
    "sentKBytesPerSec" : 1.0633788334988825
  },
  "login" : {
    "transaction" : "login",
    "sampleCount" : 5,
    "errorCount" : 0,
    "errorPct" : 0.0,
    "meanResTime" : 267.6,
    "medianResTime" : 52.0,
    "minResTime" : 36.0,
    "maxResTime" : 1059.0,
    "pct1ResTime" : 1059.0,
    "pct2ResTime" : 1059.0,
    "pct3ResTime" : 1059.0,
    "throughput" : 1.268713524486171,
    "receivedKBytesPerSec" : 0.9936603971073332,
    "sentKBytesPerSec" : 0.31593940307028673
  },
  "create api key" : {
    "transaction" : "create api key",
    "sampleCount" : 5,
    "errorCount" : 0,
    "errorPct" : 0.0,
    "meanResTime" : 36.0,
    "medianResTime" : 15.0,
    "minResTime" : 13.0,
    "maxResTime" : 69.0,
    "pct1ResTime" : 69.0,
    "pct2ResTime" : 69.0,
    "pct3ResTime" : 69.0,
    "throughput" : 2.1805494984736153,
    "receivedKBytesPerSec" : 1.4471693741822937,
    "sentKBytesPerSec" : 0.6132795464457043
  }
}