{
  "zone activity" : {
    "transaction" : "zone activity",
    "sampleCount" : 5,
    "errorCount" : 0,
    "errorPct" : 0.0,
    "meanResTime" : 389.0,
    "medianResTime" : 391.0,
    "minResTime" : 364.0,
    "maxResTime" : 415.0,
    "pct1ResTime" : 415.0,
    "pct2ResTime" : 415.0,
    "pct3ResTime" : 415.0,
    "throughput" : 1.7895490336435218,
    "receivedKBytesPerSec" : 498.0786814379026,
    "sentKBytesPerSec" : 0.5837005637079455
  },
  "Total" : {
    "transaction" : "Total",
    "sampleCount" : 15,
    "errorCount" : 0,
    "errorPct" : 0.0,
    "meanResTime" : 298.8666666666667,
    "medianResTime" : 242.0,
    "minResTime" : 76.0,
    "maxResTime" : 1107.0,
    "pct1ResTime" : 691.8000000000002,
    "pct2ResTime" : 1107.0,
    "pct3ResTime" : 1107.0,
    "throughput" : 3.248862897985705,
    "receivedKBytesPerSec" : 302.9814239495343,
    "sentKBytesPerSec" : 0.9274911333116742
  },
  "login" : {
    "transaction" : "login",
    "sampleCount" : 5,
    "errorCount" : 0,
    "errorPct" : 0.0,
    "meanResTime" : 413.4,
    "medianResTime" : 242.0,
    "minResTime" : 228.0,
    "maxResTime" : 1107.0,
    "pct1ResTime" : 1107.0,
    "pct2ResTime" : 1107.0,
    "pct3ResTime" : 1107.0,
    "throughput" : 1.208605269518975,
    "receivedKBytesPerSec" : 0.9465834239787286,
    "sentKBytesPerSec" : 0.30097103879622916
  },
  "create api key" : {
    "transaction" : "create api key",
    "sampleCount" : 5,
    "errorCount" : 0,
    "errorPct" : 0.0,
    "meanResTime" : 94.2,
    "medianResTime" : 87.0,
    "minResTime" : 76.0,
    "maxResTime" : 127.0,
    "pct1ResTime" : 127.0,
    "pct2ResTime" : 127.0,
    "pct3ResTime" : 127.0,
    "throughput" : 1.9825535289452814,
    "receivedKBytesPerSec" : 1.3153778003568597,
    "sentKBytesPerSec" : 0.5575931800158604
  }
}