{
  "zone activity" : {
    "transaction" : "zone activity",
    "sampleCount" : 5,
    "errorCount" : 0,
    "errorPct" : 0.0,
    "meanResTime" : 639.2,
    "medianResTime" : 842.0,
    "minResTime" : 76.0,
    "maxResTime" : 1101.0,
    "pct1ResTime" : 1101.0,
    "pct2ResTime" : 1101.0,
    "pct3ResTime" : 1101.0,
    "throughput" : 2.1561017680034498,
    "receivedKBytesPerSec" : 600.17914173674,
    "sentKBytesPerSec" : 0.7032597563605002
  },
  "Total" : {
    "transaction" : "Total",
    "sampleCount" : 15,
    "errorCount" : 0,
    "errorPct" : 0.0,
    "meanResTime" : 317.5333333333333,
    "medianResTime" : 56.0,
    "minResTime" : 15.0,
    "maxResTime" : 1101.0,
    "pct1ResTime" : 1100.4,
    "pct2ResTime" : 1101.0,
    "pct3ResTime" : 1101.0,
    "throughput" : 3.7037037037037037,
    "receivedKBytesPerSec" : 345.4441550925926,
    "sentKBytesPerSec" : 1.0573398919753088
  },
  "login" : {
    "transaction" : "login",
    "sampleCount" : 5,
    "errorCount" : 0,
    "errorPct" : 0.0,
    "meanResTime" : 288.6,
    "medianResTime" : 56.0,
    "minResTime" : 46.0,
    "maxResTime" : 1100.0,
    "pct1ResTime" : 1100.0,
    "pct2ResTime" : 1100.0,
    "pct3ResTime" : 1100.0,
    "throughput" : 1.2639029322548028,
    "receivedKBytesPerSec" : 0.9898927262386249,
    "sentKBytesPerSec" : 0.31474145285642063
  },
  "create api key" : {
    "transaction" : "create api key",
    "sampleCount" : 5,
    "errorCount" : 0,
    "errorPct" : 0.0,
    "meanResTime" : 24.8,
    "medianResTime" : 18.0,
    "minResTime" : 15.0,
    "maxResTime" : 40.0,
    "pct1ResTime" : 40.0,
    "pct2ResTime" : 40.0,
    "pct3ResTime" : 40.0,
    "throughput" : 2.1805494984736153,
    "receivedKBytesPerSec" : 1.4467434856083732,
    "sentKBytesPerSec" : 0.6132795464457043
  }
}