{
  "zone activity" : {
    "transaction" : "zone activity",
    "sampleCount" : 5,
    "errorCount" : 0,
    "errorPct" : 0.0,
    "meanResTime" : 1235.4,
    "medianResTime" : 1507.0,
    "minResTime" : 395.0,
    "maxResTime" : 1905.0,
    "pct1ResTime" : 1905.0,
    "pct2ResTime" : 1905.0,
    "pct3ResTime" : 1905.0,
    "throughput" : 1.8181818181818181,
    "receivedKBytesPerSec" : 505.7574573863636,
    "sentKBytesPerSec" : 0.5930397727272727
  },
  "Total" : {
    "transaction" : "Total",
    "sampleCount" : 15,
    "errorCount" : 0,
    "errorPct" : 0.0,
    "meanResTime" : 589.8,
    "medianResTime" : 255.0,
    "minResTime" : 78.0,
    "maxResTime" : 1905.0,
    "pct1ResTime" : 1885.2,
    "pct2ResTime" : 1905.0,
    "pct3ResTime" : 1905.0,
    "throughput" : 3.250975292587776,
    "receivedKBytesPerSec" : 303.0059245638275,
    "sentKBytesPerSec" : 0.9280941834633724
  },
  "login" : {
    "transaction" : "login",
    "sampleCount" : 5,
    "errorCount" : 0,
    "errorPct" : 0.0,
    "meanResTime" : 440.8,
    "medianResTime" : 255.0,
    "minResTime" : 230.0,
    "maxResTime" : 1188.0,
    "pct1ResTime" : 1188.0,
    "pct2ResTime" : 1188.0,
    "pct3ResTime" : 1188.0,
    "throughput" : 1.208313194780087,
    "receivedKBytesPerSec" : 0.9463546701304979,
    "sentKBytesPerSec" : 0.30089830534074435
  },
  "create api key" : {
    "transaction" : "create api key",
    "sampleCount" : 5,
    "errorCount" : 0,
    "errorPct" : 0.0,
    "meanResTime" : 93.2,
    "medianResTime" : 83.0,
    "minResTime" : 78.0,
    "maxResTime" : 113.0,
    "pct1ResTime" : 113.0,
    "pct2ResTime" : 113.0,
    "pct3ResTime" : 113.0,
    "throughput" : 2.0161290322580645,
    "receivedKBytesPerSec" : 1.338835685483871,
    "sentKBytesPerSec" : 0.5670362903225806
  }
}