{
  "zone activity" : {
    "transaction" : "zone activity",
    "sampleCount" : 5,
    "errorCount" : 0,
    "errorPct" : 0.0,
    "meanResTime" : 128.6,
    "medianResTime" : 75.0,
    "minResTime" : 44.0,
    "maxResTime" : 239.0,
    "pct1ResTime" : 239.0,
    "pct2ResTime" : 239.0,
    "pct3ResTime" : 239.0,
    "throughput" : 2.145002145002145,
    "receivedKBytesPerSec" : 597.9562151437151,
    "sentKBytesPerSec" : 0.6996393715143715
  },
  "Total" : {
    "transaction" : "Total",
    "sampleCount" : 15,
    "errorCount" : 0,
    "errorPct" : 0.0,
    "meanResTime" : 141.13333333333338,
    "medianResTime" : 57.0,
    "minResTime" : 13.0,
    "maxResTime" : 945.0,
    "pct1ResTime" : 521.4000000000003,
    "pct2ResTime" : 945.0,
    "pct3ResTime" : 945.0,
    "throughput" : 3.7415814417560487,
    "receivedKBytesPerSec" : 349.4819761006485,
    "sentKBytesPerSec" : 1.0681532957096531
  },
  "login" : {
    "transaction" : "login",
    "sampleCount" : 5,
    "errorCount" : 0,
    "errorPct" : 0.0,
    "meanResTime" : 233.4,
    "medianResTime" : 57.0,
    "minResTime" : 41.0,
    "maxResTime" : 945.0,
    "pct1ResTime" : 945.0,
    "pct2ResTime" : 945.0,
    "pct3ResTime" : 945.0,
    "throughput" : 1.2680699974638598,
    "receivedKBytesPerSec" : 0.9931563847324372,
    "sentKBytesPerSec" : 0.3157791497590667
  },
  "create api key" : {
    "transaction" : "create api key",
    "sampleCount" : 5,
    "errorCount" : 0,
    "errorPct" : 0.0,
    "meanResTime" : 61.4,
    "medianResTime" : 19.0,
    "minResTime" : 13.0,
    "maxResTime" : 128.0,
    "pct1ResTime" : 128.0,
    "pct2ResTime" : 128.0,
    "pct3ResTime" : 128.0,
    "throughput" : 2.059308072487644,
    "receivedKBytesPerSec" : 1.3679114754942339,
    "sentKBytesPerSec" : 0.5791803953871499
  }
}