{
  "zone activity" : {
    "transaction" : "zone activity",
    "sampleCount" : 5,
    "errorCount" : 0,
    "errorPct" : 0.0,
    "meanResTime" : 434.2,
    "medianResTime" : 449.0,
    "minResTime" : 392.0,
    "maxResTime" : 478.0,
    "pct1ResTime" : 478.0,
    "pct2ResTime" : 478.0,
    "pct3ResTime" : 478.0,
    "throughput" : 1.9402405898331394,
    "receivedKBytesPerSec" : 539.789332314707,
    "sentKBytesPerSec" : 0.632851911136981
  },
  "Total" : {
    "transaction" : "Total",
    "sampleCount" : 15,
    "errorCount" : 0,
    "errorPct" : 0.0,
    "meanResTime" : 330.2,
    "medianResTime" : 247.0,
    "minResTime" : 79.0,
    "maxResTime" : 1150.0,
    "pct1ResTime" : 746.8000000000002,
    "pct2ResTime" : 1150.0,
    "pct3ResTime" : 1150.0,
    "throughput" : 3.36322869955157,
    "receivedKBytesPerSec" : 313.51356677410314,
    "sentKBytesPerSec" : 0.9601404848654709
  },
  "login" : {
    "transaction" : "login",
    "sampleCount" : 5,
    "errorCount" : 0,
    "errorPct" : 0.0,
    "meanResTime" : 469.2,
    "medianResTime" : 247.0,
    "minResTime" : 231.0,
    "maxResTime" : 1150.0,
    "pct1ResTime" : 1150.0,
    "pct2ResTime" : 1150.0,
    "pct3ResTime" : 1150.0,
    "throughput" : 1.2748597654258031,
    "receivedKBytesPerSec" : 0.998474152218256,
    "sentKBytesPerSec" : 0.31746996111677717
  },
  "create api key" : {
    "transaction" : "create api key",
    "sampleCount" : 5,
    "errorCount" : 0,
    "errorPct" : 0.0,
    "meanResTime" : 87.2,
    "medianResTime" : 85.0,
    "minResTime" : 79.0,
    "maxResTime" : 95.0,
    "pct1ResTime" : 95.0,
    "pct2ResTime" : 95.0,
    "pct3ResTime" : 95.0,
    "throughput" : 2.2361359570661894,
    "receivedKBytesPerSec" : 1.483623798076923,
    "sentKBytesPerSec" : 0.6289132379248658
  }
}