{
  "zone activity" : {
    "transaction" : "zone activity",
    "sampleCount" : 5,
    "errorCount" : 0,
    "errorPct" : 0.0,
    "meanResTime" : 108.6,
    "medianResTime" : 89.0,
    "minResTime" : 84.0,
    "maxResTime" : 144.0,
    "pct1ResTime" : 144.0,
    "pct2ResTime" : 144.0,
    "pct3ResTime" : 144.0,
    "throughput" : 2.3277467411545625,
    "receivedKBytesPerSec" : 647.5400445181564,
    "sentKBytesPerSec" : 0.7592455190875232
  },
  "Total" : {
    "transaction" : "Total",
    "sampleCount" : 15,
    "errorCount" : 0,
    "errorPct" : 0.0,
    "meanResTime" : 160.66666666666669,
    "medianResTime" : 56.0,
    "minResTime" : 13.0,
    "maxResTime" : 1249.0,
    "pct1ResTime" : 716.8000000000003,
    "pct2ResTime" : 1249.0,
    "pct3ResTime" : 1249.0,
    "throughput" : 3.7183936539414972,
    "receivedKBytesPerSec" : 346.5913272341349,
    "sentKBytesPerSec" : 1.0615336049826476
  },
  "login" : {
    "transaction" : "login",
    "sampleCount" : 5,
    "errorCount" : 0,
    "errorPct" : 0.0,
    "meanResTime" : 352.8,
    "medianResTime" : 56.0,
    "minResTime" : 47.0,
    "maxResTime" : 1249.0,
    "pct1ResTime" : 1249.0,
    "pct2ResTime" : 1249.0,
    "pct3ResTime" : 1249.0,
    "throughput" : 1.2712941774726674,
    "receivedKBytesPerSec" : 0.9956815725908976,
    "sentKBytesPerSec" : 0.31658204614797864
  },
  "create api key" : {
    "transaction" : "create api key",
    "sampleCount" : 5,
    "errorCount" : 0,
    "errorPct" : 0.0,
    "meanResTime" : 20.6,
    "medianResTime" : 14.0,
    "minResTime" : 13.0,
    "maxResTime" : 32.0,
    "pct1ResTime" : 32.0,
    "pct2ResTime" : 32.0,
    "pct3ResTime" : 32.0,
    "throughput" : 2.371916508538899,
    "receivedKBytesPerSec" : 1.573711011622391,
    "sentKBytesPerSec" : 0.6671015180265655
  }
}