{
  "zone activity" : {
    "transaction" : "zone activity",
    "sampleCount" : 5,
    "errorCount" : 0,
    "errorPct" : 0.0,
    "meanResTime" : 195.6,
    "medianResTime" : 212.0,
    "minResTime" : 153.0,
    "maxResTime" : 231.0,
    "pct1ResTime" : 231.0,
    "pct2ResTime" : 231.0,
    "pct3ResTime" : 231.0,
    "throughput" : 3.6656891495601176,
    "receivedKBytesPerSec" : 1019.8698966733871,
    "sentKBytesPerSec" : 1.1956447030791788
  },
  "Total" : {
    "transaction" : "Total",
    "sampleCount" : 15,
    "errorCount" : 0,
    "errorPct" : 0.0,
    "meanResTime" : 327.6666666666667,
    "medianResTime" : 153.0,
    "minResTime" : 28.0,
    "maxResTime" : 2112.0,
    "pct1ResTime" : 1565.4000000000003,
    "pct2ResTime" : 2112.0,
    "pct3ResTime" : 2112.0,
    "throughput" : 3.57824427480916,
    "receivedKBytesPerSec" : 333.57273713322996,
    "sentKBytesPerSec" : 1.0215235120467556
  },
  "login" : {
    "transaction" : "login",
    "sampleCount" : 5,
    "errorCount" : 0,
    "errorPct" : 0.0,
    "meanResTime" : 738.8,
    "medianResTime" : 202.0,
    "minResTime" : 88.0,
    "maxResTime" : 2112.0,
    "pct1ResTime" : 2112.0,
    "pct2ResTime" : 2112.0,
    "pct3ResTime" : 2112.0,
    "throughput" : 1.2493753123438283,
    "receivedKBytesPerSec" : 0.9785146489255373,
    "sentKBytesPerSec" : 0.3111237350074963
  },
  "create api key" : {
    "transaction" : "create api key",
    "sampleCount" : 5,
    "errorCount" : 0,
    "errorPct" : 0.0,
    "meanResTime" : 48.6,
    "medianResTime" : 57.0,
    "minResTime" : 28.0,
    "maxResTime" : 71.0,
    "pct1ResTime" : 71.0,
    "pct2ResTime" : 71.0,
    "pct3ResTime" : 71.0,
    "throughput" : 3.9215686274509802,
    "receivedKBytesPerSec" : 2.602634803921569,
    "sentKBytesPerSec" : 1.1029411764705883
  }
}