{
  "zone activity" : {
    "transaction" : "zone activity",
    "sampleCount" : 5,
    "errorCount" : 0,
    "errorPct" : 0.0,
    "meanResTime" : 174.0,
    "medianResTime" : 88.0,
    "minResTime" : 78.0,
    "maxResTime" : 313.0,
    "pct1ResTime" : 313.0,
    "pct2ResTime" : 313.0,
    "pct3ResTime" : 313.0,
    "throughput" : 2.1561017680034498,
    "receivedKBytesPerSec" : 599.7302346108237,
    "sentKBytesPerSec" : 0.7032597563605002
  },
  "Total" : {
    "transaction" : "Total",
    "sampleCount" : 15,
    "errorCount" : 0,
    "errorPct" : 0.0,
    "meanResTime" : 169.0666666666667,
    "medianResTime" : 63.0,
    "minResTime" : 20.0,
    "maxResTime" : 1125.0,
    "pct1ResTime" : 637.8000000000003,
    "pct2ResTime" : 1125.0,
    "pct3ResTime" : 1125.0,
    "throughput" : 3.682789098944267,
    "receivedKBytesPerSec" : 343.2385814356739,
    "sentKBytesPerSec" : 1.0513691535723053
  },
  "login" : {
    "transaction" : "login",
    "sampleCount" : 5,
    "errorCount" : 0,
    "errorPct" : 0.0,
    "meanResTime" : 302.4,
    "medianResTime" : 63.0,
    "minResTime" : 55.0,
    "maxResTime" : 1125.0,
    "pct1ResTime" : 1125.0,
    "pct2ResTime" : 1125.0,
    "pct3ResTime" : 1125.0,
    "throughput" : 1.2610340479192939,
    "receivedKBytesPerSec" : 0.9876458070617907,
    "sentKBytesPerSec" : 0.3140270334174023
  },
  "create api key" : {
    "transaction" : "create api key",
    "sampleCount" : 5,
    "errorCount" : 0,
    "errorPct" : 0.0,
    "meanResTime" : 30.8,
    "medianResTime" : 21.0,
    "minResTime" : 20.0,
    "maxResTime" : 47.0,
    "pct1ResTime" : 47.0,
    "pct2ResTime" : 47.0,
    "pct3ResTime" : 47.0,
    "throughput" : 2.177700348432056,
    "receivedKBytesPerSec" : 1.4461291376306622,
    "sentKBytesPerSec" : 0.6124782229965158
  }
}