{
  "zone activity" : {
    "transaction" : "zone activity",
    "sampleCount" : 5,
    "errorCount" : 0,
    "errorPct" : 0.0,
    "meanResTime" : 248.4,
    "medianResTime" : 251.0,
    "minResTime" : 205.0,
    "maxResTime" : 298.0,
    "pct1ResTime" : 298.0,
    "pct2ResTime" : 298.0,
    "pct3ResTime" : 298.0,
    "throughput" : 2.2696323195642307,
    "receivedKBytesPerSec" : 631.2680861325466,
    "sentKBytesPerSec" : 0.7402902292328644
  },
  "Total" : {
    "transaction" : "Total",
    "sampleCount" : 15,
    "errorCount" : 0,
    "errorPct" : 0.0,
    "meanResTime" : 247.39999999999995,
    "medianResTime" : 158.0,
    "minResTime" : 40.0,
    "maxResTime" : 1351.0,
    "pct1ResTime" : 811.6000000000004,
    "pct2ResTime" : 1351.0,
    "pct3ResTime" : 1351.0,
    "throughput" : 3.51288056206089,
    "receivedKBytesPerSec" : 327.3817147248244,
    "sentKBytesPerSec" : 1.0028633635831383
  },
  "login" : {
    "transaction" : "login",
    "sampleCount" : 5,
    "errorCount" : 0,
    "errorPct" : 0.0,
    "meanResTime" : 440.0,
    "medianResTime" : 158.0,
    "minResTime" : 116.0,
    "maxResTime" : 1351.0,
    "pct1ResTime" : 1351.0,
    "pct2ResTime" : 1351.0,
    "pct3ResTime" : 1351.0,
    "throughput" : 1.245019920318725,
    "receivedKBytesPerSec" : 0.9751034922808764,
    "sentKBytesPerSec" : 0.310039140313745
  },
  "create api key" : {
    "transaction" : "create api key",
    "sampleCount" : 5,
    "errorCount" : 0,
    "errorPct" : 0.0,
    "meanResTime" : 53.8,
    "medianResTime" : 47.0,
    "minResTime" : 40.0,
    "maxResTime" : 74.0,
    "pct1ResTime" : 74.0,
    "pct2ResTime" : 74.0,
    "pct3ResTime" : 74.0,
    "throughput" : 2.4015369836695486,
    "receivedKBytesPerSec" : 1.5947706532180597,
    "sentKBytesPerSec" : 0.6754322766570605
  }
}