{
  "zone activity" : {
    "transaction" : "zone activity",
    "sampleCount" : 5,
    "errorCount" : 0,
    "errorPct" : 0.0,
    "meanResTime" : 937.6,
    "medianResTime" : 956.0,
    "minResTime" : 357.0,
    "maxResTime" : 1497.0,
    "pct1ResTime" : 1497.0,
    "pct2ResTime" : 1497.0,
    "pct3ResTime" : 1497.0,
    "throughput" : 1.7391304347826089,
    "receivedKBytesPerSec" : 483.8400135869565,
    "sentKBytesPerSec" : 0.5672554347826086
  },
  "Total" : {
    "transaction" : "Total",
    "sampleCount" : 15,
    "errorCount" : 0,
    "errorPct" : 0.0,
    "meanResTime" : 472.39999999999986,
    "medianResTime" : 242.0,
    "minResTime" : 74.0,
    "maxResTime" : 1497.0,
    "pct1ResTime" : 1492.8,
    "pct2ResTime" : 1497.0,
    "pct3ResTime" : 1497.0,
    "throughput" : 3.2844317932997593,
    "receivedKBytesPerSec" : 306.1689155901029,
    "sentKBytesPerSec" : 0.9376454045325159
  },
  "login" : {
    "transaction" : "login",
    "sampleCount" : 5,
    "errorCount" : 0,
    "errorPct" : 0.0,
    "meanResTime" : 392.4,
    "medianResTime" : 242.0,
    "minResTime" : 221.0,
    "maxResTime" : 1013.0,
    "pct1ResTime" : 1013.0,
    "pct2ResTime" : 1013.0,
    "pct3ResTime" : 1013.0,
    "throughput" : 1.2094823415578133,
    "receivedKBytesPerSec" : 0.9472703495403967,
    "sentKBytesPerSec" : 0.3011894502902757
  },
  "create api key" : {
    "transaction" : "create api key",
    "sampleCount" : 5,
    "errorCount" : 0,
    "errorPct" : 0.0,
    "meanResTime" : 87.2,
    "medianResTime" : 82.0,
    "minResTime" : 74.0,
    "maxResTime" : 102.0,
    "pct1ResTime" : 102.0,
    "pct2ResTime" : 102.0,
    "pct3ResTime" : 102.0,
    "throughput" : 1.89897455374098,
    "receivedKBytesPerSec" : 1.2599251091910368,
    "sentKBytesPerSec" : 0.5340865932396506
  }
}