{
  "zone activity" : {
    "transaction" : "zone activity",
    "sampleCount" : 5,
    "errorCount" : 0,
    "errorPct" : 0.0,
    "meanResTime" : 439.6,
    "medianResTime" : 435.0,
    "minResTime" : 395.0,
    "maxResTime" : 483.0,
    "pct1ResTime" : 483.0,
    "pct2ResTime" : 483.0,
    "pct3ResTime" : 483.0,
    "throughput" : 1.934984520123839,
    "receivedKBytesPerSec" : 538.1150378531347,
    "sentKBytesPerSec" : 0.6311375290247678
  },
  "Total" : {
    "transaction" : "Total",
    "sampleCount" : 15,
    "errorCount" : 0,
    "errorPct" : 0.0,
    "meanResTime" : 339.73333333333335,
    "medianResTime" : 274.0,
    "minResTime" : 81.0,
    "maxResTime" : 1299.0,
    "pct1ResTime" : 809.4000000000003,
    "pct2ResTime" : 1299.0,
    "pct3ResTime" : 1299.0,
    "throughput" : 3.259452411994785,
    "receivedKBytesPerSec" : 303.7206988809213,
    "sentKBytesPerSec" : 0.9305142465232507
  },
  "login" : {
    "transaction" : "login",
    "sampleCount" : 5,
    "errorCount" : 0,
    "errorPct" : 0.0,
    "meanResTime" : 491.4,
    "medianResTime" : 274.0,
    "minResTime" : 228.0,
    "maxResTime" : 1299.0,
    "pct1ResTime" : 1299.0,
    "pct2ResTime" : 1299.0,
    "pct3ResTime" : 1299.0,
    "throughput" : 1.2124151309408342,
    "receivedKBytesPerSec" : 0.9495673193501456,
    "sentKBytesPerSec" : 0.30191978358389915
  },
  "create api key" : {
    "transaction" : "create api key",
    "sampleCount" : 5,
    "errorCount" : 0,
    "errorPct" : 0.0,
    "meanResTime" : 88.2,
    "medianResTime" : 86.0,
    "minResTime" : 81.0,
    "maxResTime" : 98.0,
    "pct1ResTime" : 98.0,
    "pct2ResTime" : 98.0,
    "pct3ResTime" : 98.0,
    "throughput" : 2.1767522855898997,
    "receivedKBytesPerSec" : 1.4442241238572049,
    "sentKBytesPerSec" : 0.6122115803221593
  }
}