{
  "zone activity" : {
    "transaction" : "zone activity",
    "sampleCount" : 5,
    "errorCount" : 0,
    "errorPct" : 0.0,
    "meanResTime" : 31.8,
    "medianResTime" : 32.0,
    "minResTime" : 29.0,
    "maxResTime" : 34.0,
    "pct1ResTime" : 34.0,
    "pct2ResTime" : 34.0,
    "pct3ResTime" : 34.0,
    "throughput" : 2.037489812550937,
    "receivedKBytesPerSec" : 29.62637530562347,
    "sentKBytesPerSec" : 0.6625821363080684
  },
  "Total" : {
    "transaction" : "Total",
    "sampleCount" : 15,
    "errorCount" : 0,
    "errorPct" : 0.0,
    "meanResTime" : 97.46666666666667,
    "medianResTime" : 34.0,
    "minResTime" : 17.0,
    "maxResTime" : 953.0,
    "pct1ResTime" : 417.20000000000033,
    "pct2ResTime" : 953.0,
    "pct3ResTime" : 953.0,
    "throughput" : 3.7359900373599007,
    "receivedKBytesPerSec" : 19.90947034557908,
    "sentKBytesPerSec" : 1.0653409090909092
  },
  "login" : {
    "transaction" : "login",
    "sampleCount" : 5,
    "errorCount" : 0,
    "errorPct" : 0.0,
    "meanResTime" : 233.4,
    "medianResTime" : 52.0,
    "minResTime" : 51.0,
    "maxResTime" : 953.0,
    "pct1ResTime" : 953.0,
    "pct2ResTime" : 953.0,
    "pct3ResTime" : 953.0,
    "throughput" : 1.2607160867372667,
    "receivedKBytesPerSec" : 0.9873967788703983,
    "sentKBytesPerSec" : 0.3139478536308623
  },
  "create api key" : {
    "transaction" : "create api key",
    "sampleCount" : 5,
    "errorCount" : 0,
    "errorPct" : 0.0,
    "meanResTime" : 27.2,
    "medianResTime" : 19.0,
    "minResTime" : 17.0,
    "maxResTime" : 41.0,
    "pct1ResTime" : 41.0,
    "pct2ResTime" : 41.0,
    "pct3ResTime" : 41.0,
    "throughput" : 2.0161290322580645,
    "receivedKBytesPerSec" : 1.3376543598790323,
    "sentKBytesPerSec" : 0.5670362903225806
  }
}