{
  "zone activity" : {
    "transaction" : "zone activity",
    "sampleCount" : 5,
    "errorCount" : 0,
    "errorPct" : 0.0,
    "meanResTime" : 585.8,
    "medianResTime" : 416.0,
    "minResTime" : 390.0,
    "maxResTime" : 866.0,
    "pct1ResTime" : 866.0,
    "pct2ResTime" : 866.0,
    "pct3ResTime" : 866.0,
    "throughput" : 1.7686593562079944,
    "receivedKBytesPerSec" : 492.3422576936682,
    "sentKBytesPerSec" : 0.5768869384506544
  },
  "Total" : {
    "transaction" : "Total",
    "sampleCount" : 15,
    "errorCount" : 0,
    "errorPct" : 0.0,
    "meanResTime" : 366.3333333333333,
    "medianResTime" : 246.0,
    "minResTime" : 80.0,
    "maxResTime" : 1131.0,
    "pct1ResTime" : 972.0000000000001,
    "pct2ResTime" : 1131.0,
    "pct3ResTime" : 1131.0,
    "throughput" : 3.234850118611171,
    "receivedKBytesPerSec" : 301.7220101223852,
    "sentKBytesPerSec" : 0.9234907402415355
  },
  "login" : {
    "transaction" : "login",
    "sampleCount" : 5,
    "errorCount" : 0,
    "errorPct" : 0.0,
    "meanResTime" : 422.8,
    "medianResTime" : 246.0,
    "minResTime" : 235.0,
    "maxResTime" : 1131.0,
    "pct1ResTime" : 1131.0,
    "pct2ResTime" : 1131.0,
    "pct3ResTime" : 1131.0,
    "throughput" : 1.2030798845043311,
    "receivedKBytesPerSec" : 0.9422559251684313,
    "sentKBytesPerSec" : 0.29959508842637156
  },
  "create api key" : {
    "transaction" : "create api key",
    "sampleCount" : 5,
    "errorCount" : 0,
    "errorPct" : 0.0,
    "meanResTime" : 90.4,
    "medianResTime" : 82.0,
    "minResTime" : 80.0,
    "maxResTime" : 105.0,
    "pct1ResTime" : 105.0,
    "pct2ResTime" : 105.0,
    "pct3ResTime" : 105.0,
    "throughput" : 1.9646365422396854,
    "receivedKBytesPerSec" : 1.3034902996070727,
    "sentKBytesPerSec" : 0.5525540275049116
  }
}