{
  "zone activity" : {
    "transaction" : "zone activity",
    "sampleCount" : 5,
    "errorCount" : 0,
    "errorPct" : 0.0,
    "meanResTime" : 534.4,
    "medianResTime" : 425.0,
    "minResTime" : 414.0,
    "maxResTime" : 708.0,
    "pct1ResTime" : 708.0,
    "pct2ResTime" : 708.0,
    "pct3ResTime" : 708.0,
    "throughput" : 1.8608113137327875,
    "receivedKBytesPerSec" : 517.566858368999,
    "sentKBytesPerSec" : 0.6069443152214365
  },
  "Total" : {
    "transaction" : "Total",
    "sampleCount" : 15,
    "errorCount" : 0,
    "errorPct" : 0.0,
    "meanResTime" : 376.8666666666667,
    "medianResTime" : 326.0,
    "minResTime" : 80.0,
    "maxResTime" : 1231.0,
    "pct1ResTime" : 917.2000000000002,
    "pct2ResTime" : 1231.0,
    "pct3ResTime" : 1231.0,
    "throughput" : 3.234850118611171,
    "receivedKBytesPerSec" : 301.47497371684284,
    "sentKBytesPerSec" : 0.9234907402415355
  },
  "login" : {
    "transaction" : "login",
    "sampleCount" : 5,
    "errorCount" : 0,
    "errorPct" : 0.0,
    "meanResTime" : 497.8,
    "medianResTime" : 326.0,
    "minResTime" : 237.0,
    "maxResTime" : 1231.0,
    "pct1ResTime" : 1231.0,
    "pct2ResTime" : 1231.0,
    "pct3ResTime" : 1231.0,
    "throughput" : 1.207437816952427,
    "receivedKBytesPerSec" : 0.9459048991789423,
    "sentKBytesPerSec" : 0.30068031574498916
  },
  "create api key" : {
    "transaction" : "create api key",
    "sampleCount" : 5,
    "errorCount" : 0,
    "errorPct" : 0.0,
    "meanResTime" : 98.4,
    "medianResTime" : 87.0,
    "minResTime" : 80.0,
    "maxResTime" : 124.0,
    "pct1ResTime" : 124.0,
    "pct2ResTime" : 124.0,
    "pct3ResTime" : 124.0,
    "throughput" : 2.0729684908789388,
    "receivedKBytesPerSec" : 1.3765806384742951,
    "sentKBytesPerSec" : 0.5830223880597015
  }
}