{
  "zone activity" : {
    "transaction" : "zone activity",
    "sampleCount" : 5,
    "errorCount" : 0,
    "errorPct" : 0.0,
    "meanResTime" : 54.6,
    "medianResTime" : 54.0,
    "minResTime" : 53.0,
    "maxResTime" : 58.0,
    "pct1ResTime" : 58.0,
    "pct2ResTime" : 58.0,
    "pct3ResTime" : 58.0,
    "throughput" : 2.0056157240272765,
    "receivedKBytesPerSec" : 28.599610158443642,
    "sentKBytesPerSec" : 0.652216832129964
  },
  "Total" : {
    "transaction" : "Total",
    "sampleCount" : 15,
    "errorCount" : 0,
    "errorPct" : 0.0,
    "meanResTime" : 118.06666666666668,
    "medianResTime" : 54.0,
    "minResTime" : 30.0,
    "maxResTime" : 969.0,
    "pct1ResTime" : 447.6000000000003,
    "pct2ResTime" : 969.0,
    "pct3ResTime" : 969.0,
    "throughput" : 3.667481662591687,
    "receivedKBytesPerSec" : 19.200555852689487,
    "sentKBytesPerSec" : 1.0458053178484108
  },
  "login" : {
    "transaction" : "login",
    "sampleCount" : 5,
    "errorCount" : 0,
    "errorPct" : 0.0,
    "meanResTime" : 268.4,
    "medianResTime" : 95.0,
    "minResTime" : 87.0,
    "maxResTime" : 969.0,
    "pct1ResTime" : 969.0,
    "pct2ResTime" : 969.0,
    "pct3ResTime" : 969.0,
    "throughput" : 1.250625312656328,
    "receivedKBytesPerSec" : 0.9794936530765382,
    "sentKBytesPerSec" : 0.31143501438219107
  },
  "create api key" : {
    "transaction" : "create api key",
    "sampleCount" : 5,
    "errorCount" : 0,
    "errorPct" : 0.0,
    "meanResTime" : 31.2,
    "medianResTime" : 31.0,
    "minResTime" : 30.0,
    "maxResTime" : 32.0,
    "pct1ResTime" : 32.0,
    "pct2ResTime" : 32.0,
    "pct3ResTime" : 32.0,
    "throughput" : 2.01450443190975,
    "receivedKBytesPerSec" : 1.3357895598307816,
    "sentKBytesPerSec" : 0.5665793714746172
  }
}