{
  "zone activity" : {
    "transaction" : "zone activity",
    "sampleCount" : 5,
    "errorCount" : 0,
    "errorPct" : 0.0,
    "meanResTime" : 470.4,
    "medianResTime" : 121.0,
    "minResTime" : 62.0,
    "maxResTime" : 1056.0,
    "pct1ResTime" : 1056.0,
    "pct2ResTime" : 1056.0,
    "pct3ResTime" : 1056.0,
    "throughput" : 1.6711229946524064,
    "receivedKBytesPerSec" : 465.17960655497996,
    "sentKBytesPerSec" : 0.5450733205213903
  },
  "Total" : {
    "transaction" : "Total",
    "sampleCount" : 15,
    "errorCount" : 0,
    "errorPct" : 0.0,
    "meanResTime" : 204.53333333333327,
    "medianResTime" : 46.0,
    "minResTime" : 13.0,
    "maxResTime" : 1056.0,
    "pct1ResTime" : 1052.4,
    "pct2ResTime" : 1056.0,
    "pct3ResTime" : 1056.0,
    "throughput" : 3.7128712871287126,
    "receivedKBytesPerSec" : 346.2996983292079,
    "sentKBytesPerSec" : 1.0599570699257426
  },
  "login" : {
    "transaction" : "login",
    "sampleCount" : 5,
    "errorCount" : 0,
    "errorPct" : 0.0,
    "meanResTime" : 116.8,
    "medianResTime" : 46.0,
    "minResTime" : 39.0,
    "maxResTime" : 399.0,
    "pct1ResTime" : 399.0,
    "pct2ResTime" : 399.0,
    "pct3ResTime" : 399.0,
    "throughput" : 1.2616704516780217,
    "receivedKBytesPerSec" : 0.9881442404743881,
    "sentKBytesPerSec" : 0.3141855128690386
  },
  "create api key" : {
    "transaction" : "create api key",
    "sampleCount" : 5,
    "errorCount" : 0,
    "errorPct" : 0.0,
    "meanResTime" : 26.4,
    "medianResTime" : 15.0,
    "minResTime" : 13.0,
    "maxResTime" : 46.0,
    "pct1ResTime" : 46.0,
    "pct2ResTime" : 46.0,
    "pct3ResTime" : 46.0,
    "throughput" : 1.6728002676480427,
    "receivedKBytesPerSec" : 1.1098637713282034,
    "sentKBytesPerSec" : 0.47047507527601207
  }
}