{
  "zone activity" : {
    "transaction" : "zone activity",
    "sampleCount" : 5,
    "errorCount" : 0,
    "errorPct" : 0.0,
    "meanResTime" : 1504.6,
    "medianResTime" : 1504.0,
    "minResTime" : 1502.0,
    "maxResTime" : 1508.0,
    "pct1ResTime" : 1508.0,
    "pct2ResTime" : 1508.0,
    "pct3ResTime" : 1508.0,
    "throughput" : 3.3156498673740056,
    "receivedKBytesPerSec" : 922.5730997181697,
    "sentKBytesPerSec" : 1.0814717340848807
  },
  "Total" : {
    "transaction" : "Total",
    "sampleCount" : 15,
    "errorCount" : 0,
    "errorPct" : 0.0,
    "meanResTime" : 1007.7333333333333,
    "medianResTime" : 1379.0,
    "minResTime" : 39.0,
    "maxResTime" : 3199.0,
    "pct1ResTime" : 2707.6000000000004,
    "pct2ResTime" : 3199.0,
    "pct3ResTime" : 3199.0,
    "throughput" : 2.6742734890354787,
    "receivedKBytesPerSec" : 249.32725307541452,
    "sentKBytesPerSec" : 0.7634563313424853
  },
  "login" : {
    "transaction" : "login",
    "sampleCount" : 5,
    "errorCount" : 0,
    "errorPct" : 0.0,
    "meanResTime" : 1476.4,
    "medianResTime" : 1379.0,
    "minResTime" : 44.0,
    "maxResTime" : 3199.0,
    "pct1ResTime" : 3199.0,
    "pct2ResTime" : 3199.0,
    "pct3ResTime" : 3199.0,
    "throughput" : 1.294665976178146,
    "receivedKBytesPerSec" : 1.0139864383738995,
    "sentKBytesPerSec" : 0.322402171802175
  },
  "create api key" : {
    "transaction" : "create api key",
    "sampleCount" : 5,
    "errorCount" : 0,
    "errorPct" : 0.0,
    "meanResTime" : 42.2,
    "medianResTime" : 40.0,
    "minResTime" : 39.0,
    "maxResTime" : 49.0,
    "pct1ResTime" : 49.0,
    "pct2ResTime" : 49.0,
    "pct3ResTime" : 49.0,
    "throughput" : 102.04081632653062,
    "receivedKBytesPerSec" : 67.76147959183673,
    "sentKBytesPerSec" : 28.698979591836732
  }
}