{
  "zone activity" : {
    "transaction" : "zone activity",
    "sampleCount" : 5,
    "errorCount" : 0,
    "errorPct" : 0.0,
    "meanResTime" : 1541.4,
    "medianResTime" : 1995.0,
    "minResTime" : 301.0,
    "maxResTime" : 2207.0,
    "pct1ResTime" : 2207.0,
    "pct2ResTime" : 2207.0,
    "pct3ResTime" : 2207.0,
    "throughput" : 2.0048115477145148,
    "receivedKBytesPerSec" : 557.835289068765,
    "sentKBytesPerSec" : 0.6539131415396953
  },
  "Total" : {
    "transaction" : "Total",
    "sampleCount" : 15,
    "errorCount" : 0,
    "errorPct" : 0.0,
    "meanResTime" : 681.6,
    "medianResTime" : 182.0,
    "minResTime" : 57.0,
    "maxResTime" : 2207.0,
    "pct1ResTime" : 2201.6,
    "pct2ResTime" : 2207.0,
    "pct3ResTime" : 2207.0,
    "throughput" : 3.3753375337533753,
    "receivedKBytesPerSec" : 314.6882559349685,
    "sentKBytesPerSec" : 0.9635973362961296
  },
  "login" : {
    "transaction" : "login",
    "sampleCount" : 5,
    "errorCount" : 0,
    "errorPct" : 0.0,
    "meanResTime" : 436.8,
    "medianResTime" : 182.0,
    "minResTime" : 171.0,
    "maxResTime" : 1284.0,
    "pct1ResTime" : 1284.0,
    "pct2ResTime" : 1284.0,
    "pct3ResTime" : 1284.0,
    "throughput" : 1.224589762429586,
    "receivedKBytesPerSec" : 0.9591025287778594,
    "sentKBytesPerSec" : 0.30495155216752384
  },
  "create api key" : {
    "transaction" : "create api key",
    "sampleCount" : 5,
    "errorCount" : 0,
    "errorPct" : 0.0,
    "meanResTime" : 66.6,
    "medianResTime" : 58.0,
    "minResTime" : 57.0,
    "maxResTime" : 80.0,
    "pct1ResTime" : 80.0,
    "pct2ResTime" : 80.0,
    "pct3ResTime" : 80.0,
    "throughput" : 2.1862702229995628,
    "receivedKBytesPerSec" : 1.4505390522518584,
    "sentKBytesPerSec" : 0.6148885002186271
  }
}