{
  "zone activity" : {
    "transaction" : "zone activity",
    "sampleCount" : 5,
    "errorCount" : 0,
    "errorPct" : 0.0,
    "meanResTime" : 413.6,
    "medianResTime" : 393.0,
    "minResTime" : 387.0,
    "maxResTime" : 463.0,
    "pct1ResTime" : 463.0,
    "pct2ResTime" : 463.0,
    "pct3ResTime" : 463.0,
    "throughput" : 1.9164430816404754,
    "receivedKBytesPerSec" : 533.2132312428133,
    "sentKBytesPerSec" : 0.6250898332694519
  },
  "Total" : {
    "transaction" : "Total",
    "sampleCount" : 15,
    "errorCount" : 0,
    "errorPct" : 0.0,
    "meanResTime" : 325.46666666666664,
    "medianResTime" : 243.0,
    "minResTime" : 79.0,
    "maxResTime" : 1236.0,
    "pct1ResTime" : 772.2000000000003,
    "pct2ResTime" : 1236.0,
    "pct3ResTime" : 1236.0,
    "throughput" : 3.2453483340545217,
    "receivedKBytesPerSec" : 302.55013387061877,
    "sentKBytesPerSec" : 0.9264877893768931
  },
  "login" : {
    "transaction" : "login",
    "sampleCount" : 5,
    "errorCount" : 0,
    "errorPct" : 0.0,
    "meanResTime" : 457.4,
    "medianResTime" : 243.0,
    "minResTime" : 237.0,
    "maxResTime" : 1236.0,
    "pct1ResTime" : 1236.0,
    "pct2ResTime" : 1236.0,
    "pct3ResTime" : 1236.0,
    "throughput" : 1.2056908608632746,
    "receivedKBytesPerSec" : 0.9443008500120569,
    "sentKBytesPerSec" : 0.30024528273450685
  },
  "create api key" : {
    "transaction" : "create api key",
    "sampleCount" : 5,
    "errorCount" : 0,
    "errorPct" : 0.0,
    "meanResTime" : 105.4,
    "medianResTime" : 82.0,
    "minResTime" : 79.0,
    "maxResTime" : 143.0,
    "pct1ResTime" : 143.0,
    "pct2ResTime" : 143.0,
    "pct3ResTime" : 143.0,
    "throughput" : 2.1070375052675936,
    "receivedKBytesPerSec" : 1.3979700010535185,
    "sentKBytesPerSec" : 0.5926042983565107
  }
}