{
  "zone activity" : {
    "transaction" : "zone activity",
    "sampleCount" : 5,
    "errorCount" : 0,
    "errorPct" : 0.0,
    "meanResTime" : 276.8,
    "medianResTime" : 321.0,
    "minResTime" : 195.0,
    "maxResTime" : 338.0,
    "pct1ResTime" : 338.0,
    "pct2ResTime" : 338.0,
    "pct3ResTime" : 338.0,
    "throughput" : 3.4770514603616136,
    "receivedKBytesPerSec" : 967.2525588925591,
    "sentKBytesPerSec" : 1.1341163942976356
  },
  "Total" : {
    "transaction" : "Total",
    "sampleCount" : 15,
    "errorCount" : 0,
    "errorPct" : 0.0,
    "meanResTime" : 320.1333333333333,
    "medianResTime" : 169.0,
    "minResTime" : 39.0,
    "maxResTime" : 1766.0,
    "pct1ResTime" : 1299.8000000000002,
    "pct2ResTime" : 1766.0,
    "pct3ResTime" : 1766.0,
    "throughput" : 3.6363636363636362,
    "receivedKBytesPerSec" : 338.9436553030303,
    "sentKBytesPerSec" : 1.0381155303030303
  },
  "login" : {
    "transaction" : "login",
    "sampleCount" : 5,
    "errorCount" : 0,
    "errorPct" : 0.0,
    "meanResTime" : 632.4,
    "medianResTime" : 169.0,
    "minResTime" : 114.0,
    "maxResTime" : 1766.0,
    "pct1ResTime" : 1766.0,
    "pct2ResTime" : 1766.0,
    "pct3ResTime" : 1766.0,
    "throughput" : 1.2856775520699408,
    "receivedKBytesPerSec" : 1.006946676523528,
    "sentKBytesPerSec" : 0.32016384353304195
  },
  "create api key" : {
    "transaction" : "create api key",
    "sampleCount" : 5,
    "errorCount" : 0,
    "errorPct" : 0.0,
    "meanResTime" : 51.2,
    "medianResTime" : 44.0,
    "minResTime" : 39.0,
    "maxResTime" : 69.0,
    "pct1ResTime" : 69.0,
    "pct2ResTime" : 69.0,
    "pct3ResTime" : 69.0,
    "throughput" : 3.776435045317221,
    "receivedKBytesPerSec" : 2.505576142371601,
    "sentKBytesPerSec" : 1.0621223564954683
  }
}