{
  "zone activity" : {
    "transaction" : "zone activity",
    "sampleCount" : 5,
    "errorCount" : 0,
    "errorPct" : 0.0,
    "meanResTime" : 1505.0,
    "medianResTime" : 1912.0,
    "minResTime" : 93.0,
    "maxResTime" : 2301.0,
    "pct1ResTime" : 2301.0,
    "pct2ResTime" : 2301.0,
    "pct3ResTime" : 2301.0,
    "throughput" : 2.028397565922921,
    "receivedKBytesPerSec" : 564.4075652890467,
    "sentKBytesPerSec" : 0.6616062373225152
  },
  "Total" : {
    "transaction" : "Total",
    "sampleCount" : 15,
    "errorCount" : 0,
    "errorPct" : 0.0,
    "meanResTime" : 592.4,
    "medianResTime" : 61.0,
    "minResTime" : 19.0,
    "maxResTime" : 2301.0,
    "pct1ResTime" : 2293.8,
    "pct2ResTime" : 2301.0,
    "pct3ResTime" : 2301.0,
    "throughput" : 3.6800785083415115,
    "receivedKBytesPerSec" : 343.10598626104024,
    "sentKBytesPerSec" : 1.0505953293670265
  },
  "login" : {
    "transaction" : "login",
    "sampleCount" : 5,
    "errorCount" : 0,
    "errorPct" : 0.0,
    "meanResTime" : 238.6,
    "medianResTime" : 59.0,
    "minResTime" : 52.0,
    "maxResTime" : 963.0,
    "pct1ResTime" : 963.0,
    "pct2ResTime" : 963.0,
    "pct3ResTime" : 963.0,
    "throughput" : 1.2626262626262628,
    "receivedKBytesPerSec" : 0.9888928345959596,
    "sentKBytesPerSec" : 0.3144235321969697
  },
  "create api key" : {
    "transaction" : "create api key",
    "sampleCount" : 5,
    "errorCount" : 0,
    "errorPct" : 0.0,
    "meanResTime" : 33.6,
    "medianResTime" : 21.0,
    "minResTime" : 19.0,
    "maxResTime" : 63.0,
    "pct1ResTime" : 63.0,
    "pct2ResTime" : 63.0,
    "pct3ResTime" : 63.0,
    "throughput" : 2.05761316872428,
    "receivedKBytesPerSec" : 1.3659818672839505,
    "sentKBytesPerSec" : 0.5787037037037037
  }
}