{
  "zone activity" : {
    "transaction" : "zone activity",
    "sampleCount" : 10,
    "errorCount" : 10,
    "errorPct" : 100.0,
    "meanResTime" : 71.9,
    "medianResTime" : 70.5,
    "minResTime" : 64.0,
    "maxResTime" : 80.0,
    "pct1ResTime" : 80.0,
    "pct2ResTime" : 80.0,
    "pct3ResTime" : 80.0,
    "throughput" : 1.3544629554381689,
    "receivedKBytesPerSec" : 21.131870724976295,
    "sentKBytesPerSec" : 0.44046500406338884
  },
  "Total" : {
    "transaction" : "Total",
    "sampleCount" : 30,
    "errorCount" : 10,
    "errorPct" : 33.333332,
    "meanResTime" : 107.56666666666668,
    "medianResTime" : 70.5,
    "minResTime" : 37.0,
    "maxResTime" : 1039.0,
    "pct1ResTime" : 126.7,
    "pct2ResTime" : 542.8999999999994,
    "pct3ResTime" : 1039.0,
    "throughput" : 3.289473684210526,
    "receivedKBytesPerSec" : 20.920174581962723,
    "sentKBytesPerSec" : 0.9390847724780702
  },
  "login" : {
    "transaction" : "login",
    "sampleCount" : 10,
    "errorCount" : 0,
    "errorPct" : 0.0,
    "meanResTime" : 210.5,
    "medianResTime" : 123.5,
    "minResTime" : 101.0,
    "maxResTime" : 1039.0,
    "pct1ResTime" : 948.8000000000003,
    "pct2ResTime" : 1039.0,
    "pct3ResTime" : 1039.0,
    "throughput" : 1.1098779134295227,
    "receivedKBytesPerSec" : 1.9964796059933407,
    "sentKBytesPerSec" : 0.27746947835738067
  },
  "create api key" : {
    "transaction" : "create api key",
    "sampleCount" : 10,
    "errorCount" : 0,
    "errorPct" : 0.0,
    "meanResTime" : 40.3,
    "medianResTime" : 39.0,
    "minResTime" : 37.0,
    "maxResTime" : 44.0,
    "pct1ResTime" : 44.0,
    "pct2ResTime" : 44.0,
    "pct3ResTime" : 44.0,
    "throughput" : 1.3568521031207597,
    "receivedKBytesPerSec" : 2.2777624660786975,
    "sentKBytesPerSec" : 0.3816146540027137
  }
}