{
  "zone activity" : {
    "transaction" : "zone activity",
    "sampleCount" : 5,
    "errorCount" : 0,
    "errorPct" : 0.0,
    "meanResTime" : 277.4,
    "medianResTime" : 410.0,
    "minResTime" : 74.0,
    "maxResTime" : 414.0,
    "pct1ResTime" : 414.0,
    "pct2ResTime" : 414.0,
    "pct3ResTime" : 414.0,
    "throughput" : 2.4630541871921183,
    "receivedKBytesPerSec" : 686.0423722290641,
    "sentKBytesPerSec" : 0.8033790024630543
  },
  "Total" : {
    "transaction" : "Total",
    "sampleCount" : 15,
    "errorCount" : 0,
    "errorPct" : 0.0,
    "meanResTime" : 214.2,
    "medianResTime" : 74.0,
    "minResTime" : 19.0,
    "maxResTime" : 1066.0,
    "pct1ResTime" : 674.8000000000002,
    "pct2ResTime" : 1066.0,
    "pct3ResTime" : 1066.0,
    "throughput" : 3.926701570680628,
    "receivedKBytesPerSec" : 366.46658213350787,
    "sentKBytesPerSec" : 1.1210017179319371
  },
  "login" : {
    "transaction" : "login",
    "sampleCount" : 5,
    "errorCount" : 0,
    "errorPct" : 0.0,
    "meanResTime" : 331.4,
    "medianResTime" : 80.0,
    "minResTime" : 52.0,
    "maxResTime" : 1066.0,
    "pct1ResTime" : 1066.0,
    "pct2ResTime" : 1066.0,
    "pct3ResTime" : 1066.0,
    "throughput" : 1.3426423200859292,
    "receivedKBytesPerSec" : 1.0515616608485499,
    "sentKBytesPerSec" : 0.33434940588077333
  },
  "create api key" : {
    "transaction" : "create api key",
    "sampleCount" : 5,
    "errorCount" : 0,
    "errorPct" : 0.0,
    "meanResTime" : 33.8,
    "medianResTime" : 22.0,
    "minResTime" : 19.0,
    "maxResTime" : 53.0,
    "pct1ResTime" : 53.0,
    "pct2ResTime" : 53.0,
    "pct3ResTime" : 53.0,
    "throughput" : 2.4691358024691357,
    "receivedKBytesPerSec" : 1.6396604938271606,
    "sentKBytesPerSec" : 0.6944444444444444
  }
}