{
  "zone activity" : {
    "transaction" : "zone activity",
    "sampleCount" : 5,
    "errorCount" : 0,
    "errorPct" : 0.0,
    "meanResTime" : 64.8,
    "medianResTime" : 56.0,
    "minResTime" : 55.0,
    "maxResTime" : 80.0,
    "pct1ResTime" : 80.0,
    "pct2ResTime" : 80.0,
    "pct3ResTime" : 80.0,
    "throughput" : 1.944012441679627,
    "receivedKBytesPerSec" : 541.1302913588647,
    "sentKBytesPerSec" : 0.634082183125972
  },
  "Total" : {
    "transaction" : "Total",
    "sampleCount" : 15,
    "errorCount" : 0,
    "errorPct" : 0.0,
    "meanResTime" : 94.53333333333335,
    "medianResTime" : 43.0,
    "minResTime" : 13.0,
    "maxResTime" : 804.0,
    "pct1ResTime" : 369.60000000000025,
    "pct2ResTime" : 804.0,
    "pct3ResTime" : 804.0,
    "throughput" : 3.723932472691162,
    "receivedKBytesPerSec" : 347.3238599335899,
    "sentKBytesPerSec" : 1.0631148367676266
  },
  "login" : {
    "transaction" : "login",
    "sampleCount" : 5,
    "errorCount" : 0,
    "errorPct" : 0.0,
    "meanResTime" : 195.0,
    "medianResTime" : 43.0,
    "minResTime" : 38.0,
    "maxResTime" : 804.0,
    "pct1ResTime" : 804.0,
    "pct2ResTime" : 804.0,
    "pct3ResTime" : 804.0,
    "throughput" : 1.2635835228708618,
    "receivedKBytesPerSec" : 0.9896425638109679,
    "sentKBytesPerSec" : 0.3146619124336619
  },
  "create api key" : {
    "transaction" : "create api key",
    "sampleCount" : 5,
    "errorCount" : 0,
    "errorPct" : 0.0,
    "meanResTime" : 23.8,
    "medianResTime" : 15.0,
    "minResTime" : 13.0,
    "maxResTime" : 42.0,
    "pct1ResTime" : 42.0,
    "pct2ResTime" : 42.0,
    "pct3ResTime" : 42.0,
    "throughput" : 1.944012441679627,
    "receivedKBytesPerSec" : 1.2898066922628304,
    "sentKBytesPerSec" : 0.546753499222395
  }
}