{
  "zone activity" : {
    "transaction" : "zone activity",
    "sampleCount" : 5,
    "errorCount" : 0,
    "errorPct" : 0.0,
    "meanResTime" : 1605.8,
    "medianResTime" : 2025.0,
    "minResTime" : 420.0,
    "maxResTime" : 2280.0,
    "pct1ResTime" : 2280.0,
    "pct2ResTime" : 2280.0,
    "pct3ResTime" : 2280.0,
    "throughput" : 1.8882175226586104,
    "receivedKBytesPerSec" : 525.40795824679,
    "sentKBytesPerSec" : 0.6158834497734139
  },
  "Total" : {
    "transaction" : "Total",
    "sampleCount" : 15,
    "errorCount" : 0,
    "errorPct" : 0.0,
    "meanResTime" : 727.0666666666667,
    "medianResTime" : 251.0,
    "minResTime" : 79.0,
    "maxResTime" : 2280.0,
    "pct1ResTime" : 2269.8,
    "pct2ResTime" : 2280.0,
    "pct3ResTime" : 2280.0,
    "throughput" : 3.2202662086732503,
    "receivedKBytesPerSec" : 300.23950729927003,
    "sentKBytesPerSec" : 0.919327299806784
  },
  "login" : {
    "transaction" : "login",
    "sampleCount" : 5,
    "errorCount" : 0,
    "errorPct" : 0.0,
    "meanResTime" : 481.2,
    "medianResTime" : 251.0,
    "minResTime" : 243.0,
    "maxResTime" : 1289.0,
    "pct1ResTime" : 1289.0,
    "pct2ResTime" : 1289.0,
    "pct3ResTime" : 1289.0,
    "throughput" : 1.2039489525644114,
    "receivedKBytesPerSec" : 0.9429365819889237,
    "sentKBytesPerSec" : 0.29981150674211415
  },
  "create api key" : {
    "transaction" : "create api key",
    "sampleCount" : 5,
    "errorCount" : 0,
    "errorPct" : 0.0,
    "meanResTime" : 94.2,
    "medianResTime" : 83.0,
    "minResTime" : 79.0,
    "maxResTime" : 114.0,
    "pct1ResTime" : 114.0,
    "pct2ResTime" : 114.0,
    "pct3ResTime" : 114.0,
    "throughput" : 2.1222410865874366,
    "receivedKBytesPerSec" : 1.4088862213497455,
    "sentKBytesPerSec" : 0.5968803056027165
  }
}