{
  "zone activity" : {
    "transaction" : "zone activity",
    "sampleCount" : 5,
    "errorCount" : 0,
    "errorPct" : 0.0,
    "meanResTime" : 1060.6,
    "medianResTime" : 1484.0,
    "minResTime" : 147.0,
    "maxResTime" : 1586.0,
    "pct1ResTime" : 1586.0,
    "pct2ResTime" : 1586.0,
    "pct3ResTime" : 1586.0,
    "throughput" : 2.242152466367713,
    "receivedKBytesPerSec" : 623.6047855941704,
    "sentKBytesPerSec" : 0.7313270739910314
  },
  "Total" : {
    "transaction" : "Total",
    "sampleCount" : 15,
    "errorCount" : 0,
    "errorPct" : 0.0,
    "meanResTime" : 490.2666666666667,
    "medianResTime" : 101.0,
    "minResTime" : 29.0,
    "maxResTime" : 1586.0,
    "pct1ResTime" : 1583.0,
    "pct2ResTime" : 1586.0,
    "pct3ResTime" : 1586.0,
    "throughput" : 3.593675131768088,
    "receivedKBytesPerSec" : 334.89987309834686,
    "sentKBytesPerSec" : 1.0259287404168662
  },
  "login" : {
    "transaction" : "login",
    "sampleCount" : 5,
    "errorCount" : 0,
    "errorPct" : 0.0,
    "meanResTime" : 372.2,
    "medianResTime" : 101.0,
    "minResTime" : 89.0,
    "maxResTime" : 1243.0,
    "pct1ResTime" : 1243.0,
    "pct2ResTime" : 1243.0,
    "pct3ResTime" : 1243.0,
    "throughput" : 1.2518778167250877,
    "receivedKBytesPerSec" : 0.9804746181772659,
    "sentKBytesPerSec" : 0.3117469172508763
  },
  "create api key" : {
    "transaction" : "create api key",
    "sampleCount" : 5,
    "errorCount" : 0,
    "errorPct" : 0.0,
    "meanResTime" : 38.0,
    "medianResTime" : 31.0,
    "minResTime" : 29.0,
    "maxResTime" : 51.0,
    "pct1ResTime" : 51.0,
    "pct2ResTime" : 51.0,
    "pct3ResTime" : 51.0,
    "throughput" : 2.3255813953488373,
    "receivedKBytesPerSec" : 1.54296875,
    "sentKBytesPerSec" : 0.6540697674418605
  }
}