{
  "zone activity" : {
    "transaction" : "zone activity",
    "sampleCount" : 5,
    "errorCount" : 0,
    "errorPct" : 0.0,
    "meanResTime" : 321.2,
    "medianResTime" : 316.0,
    "minResTime" : 298.0,
    "maxResTime" : 339.0,
    "pct1ResTime" : 339.0,
    "pct2ResTime" : 339.0,
    "pct3ResTime" : 339.0,
    "throughput" : 1.856665428889714,
    "receivedKBytesPerSec" : 517.2492196203119,
    "sentKBytesPerSec" : 0.6055920441886372
  },
  "Total" : {
    "transaction" : "Total",
    "sampleCount" : 15,
    "errorCount" : 0,
    "errorPct" : 0.0,
    "meanResTime" : 268.7333333333333,
    "medianResTime" : 205.0,
    "minResTime" : 63.0,
    "maxResTime" : 1173.0,
    "pct1ResTime" : 672.6000000000004,
    "pct2ResTime" : 1173.0,
    "pct3ResTime" : 1173.0,
    "throughput" : 3.3333333333333335,
    "receivedKBytesPerSec" : 311.1525607638889,
    "sentKBytesPerSec" : 0.9516059027777778
  },
  "login" : {
    "transaction" : "login",
    "sampleCount" : 5,
    "errorCount" : 0,
    "errorPct" : 0.0,
    "meanResTime" : 409.2,
    "medianResTime" : 205.0,
    "minResTime" : 197.0,
    "maxResTime" : 1173.0,
    "pct1ResTime" : 1173.0,
    "pct2ResTime" : 1173.0,
    "pct3ResTime" : 1173.0,
    "throughput" : 1.2159533073929962,
    "receivedKBytesPerSec" : 0.9523384302042801,
    "sentKBytesPerSec" : 0.30280087244649806
  },
  "create api key" : {
    "transaction" : "create api key",
    "sampleCount" : 5,
    "errorCount" : 0,
    "errorPct" : 0.0,
    "meanResTime" : 75.8,
    "medianResTime" : 70.0,
    "minResTime" : 63.0,
    "maxResTime" : 92.0,
    "pct1ResTime" : 92.0,
    "pct2ResTime" : 92.0,
    "pct3ResTime" : 92.0,
    "throughput" : 2.0218358269308534,
    "receivedKBytesPerSec" : 1.341835574201375,
    "sentKBytesPerSec" : 0.5686413263243025
  }
}