{
  "zone activity" : {
    "transaction" : "zone activity",
    "sampleCount" : 5,
    "errorCount" : 0,
    "errorPct" : 0.0,
    "meanResTime" : 563.6,
    "medianResTime" : 344.0,
    "minResTime" : 321.0,
    "maxResTime" : 908.0,
    "pct1ResTime" : 908.0,
    "pct2ResTime" : 908.0,
    "pct3ResTime" : 908.0,
    "throughput" : 1.6233766233766236,
    "receivedKBytesPerSec" : 451.61893770292204,
    "sentKBytesPerSec" : 0.529499797077922
  },
  "Total" : {
    "transaction" : "Total",
    "sampleCount" : 15,
    "errorCount" : 0,
    "errorPct" : 0.0,
    "meanResTime" : 323.53333333333336,
    "medianResTime" : 201.0,
    "minResTime" : 63.0,
    "maxResTime" : 908.0,
    "pct1ResTime" : 906.8,
    "pct2ResTime" : 908.0,
    "pct3ResTime" : 908.0,
    "throughput" : 3.3068783068783065,
    "receivedKBytesPerSec" : 308.24949880125666,
    "sentKBytesPerSec" : 0.9440534749779542
  },
  "login" : {
    "transaction" : "login",
    "sampleCount" : 5,
    "errorCount" : 0,
    "errorPct" : 0.0,
    "meanResTime" : 335.0,
    "medianResTime" : 201.0,
    "minResTime" : 190.0,
    "maxResTime" : 884.0,
    "pct1ResTime" : 884.0,
    "pct2ResTime" : 884.0,
    "pct3ResTime" : 884.0,
    "throughput" : 1.21300339640951,
    "receivedKBytesPerSec" : 0.950028050703542,
    "sentKBytesPerSec" : 0.30206627547307136
  },
  "create api key" : {
    "transaction" : "create api key",
    "sampleCount" : 5,
    "errorCount" : 0,
    "errorPct" : 0.0,
    "meanResTime" : 72.0,
    "medianResTime" : 67.0,
    "minResTime" : 63.0,
    "maxResTime" : 83.0,
    "pct1ResTime" : 83.0,
    "pct2ResTime" : 83.0,
    "pct3ResTime" : 83.0,
    "throughput" : 1.7661603673613564,
    "receivedKBytesPerSec" : 1.17180600936065,
    "sentKBytesPerSec" : 0.4967326033203815
  }
}