{
  "zone activity" : {
    "transaction" : "zone activity",
    "sampleCount" : 10,
    "errorCount" : 0,
    "errorPct" : 0.0,
    "meanResTime" : 49.9,
    "medianResTime" : 49.5,
    "minResTime" : 48.0,
    "maxResTime" : 53.0,
    "pct1ResTime" : 52.9,
    "pct2ResTime" : 53.0,
    "pct3ResTime" : 53.0,
    "throughput" : 1.255335174491589,
    "receivedKBytesPerSec" : 19.585190183278936,
    "sentKBytesPerSec" : 0.4082291143610344
  },
  "Total" : {
    "transaction" : "Total",
    "sampleCount" : 30,
    "errorCount" : 0,
    "errorPct" : 0.0,
    "meanResTime" : 71.46666666666668,
    "medianResTime" : 50.0,
    "minResTime" : 27.0,
    "maxResTime" : 522.0,
    "pct1ResTime" : 93.0,
    "pct2ResTime" : 293.1999999999997,
    "pct3ResTime" : 522.0,
    "throughput" : 3.3054208902600264,
    "receivedKBytesPerSec" : 21.021702154032614,
    "sentKBytesPerSec" : 0.9436374091009254
  },
  "login" : {
    "transaction" : "login",
    "sampleCount" : 10,
    "errorCount" : 0,
    "errorPct" : 0.0,
    "meanResTime" : 132.1,
    "medianResTime" : 86.0,
    "minResTime" : 83.0,
    "maxResTime" : 522.0,
    "pct1ResTime" : 480.40000000000015,
    "pct2ResTime" : 522.0,
    "pct3ResTime" : 522.0,
    "throughput" : 1.1114816049794376,
    "receivedKBytesPerSec" : 1.9993643714571525,
    "sentKBytesPerSec" : 0.2778704012448594
  },
  "create api key" : {
    "transaction" : "create api key",
    "sampleCount" : 10,
    "errorCount" : 0,
    "errorPct" : 0.0,
    "meanResTime" : 32.4,
    "medianResTime" : 28.0,
    "minResTime" : 27.0,
    "maxResTime" : 50.0,
    "pct1ResTime" : 49.9,
    "pct2ResTime" : 50.0,
    "pct3ResTime" : 50.0,
    "throughput" : 1.2531328320802004,
    "receivedKBytesPerSec" : 2.103892543859649,
    "sentKBytesPerSec" : 0.3524436090225564
  }
}