{
  "zone activity" : {
    "transaction" : "zone activity",
    "sampleCount" : 10,
    "errorCount" : 0,
    "errorPct" : 0.0,
    "meanResTime" : 108.2,
    "medianResTime" : 107.0,
    "minResTime" : 105.0,
    "maxResTime" : 118.0,
    "pct1ResTime" : 117.2,
    "pct2ResTime" : 118.0,
    "pct3ResTime" : 118.0,
    "throughput" : 1.2695188523549574,
    "receivedKBytesPerSec" : 19.80647771994414,
    "sentKBytesPerSec" : 0.4128415799162118
  },
  "Total" : {
    "transaction" : "Total",
    "sampleCount" : 30,
    "errorCount" : 0,
    "errorPct" : 0.0,
    "meanResTime" : 138.6,
    "medianResTime" : 107.0,
    "minResTime" : 56.0,
    "maxResTime" : 826.0,
    "pct1ResTime" : 213.70000000000007,
    "pct2ResTime" : 491.59999999999957,
    "pct3ResTime" : 826.0,
    "throughput" : 3.221303554171588,
    "receivedKBytesPerSec" : 20.48673561151079,
    "sentKBytesPerSec" : 0.9196234430366155
  },
  "login" : {
    "transaction" : "login",
    "sampleCount" : 10,
    "errorCount" : 0,
    "errorPct" : 0.0,
    "meanResTime" : 246.0,
    "medianResTime" : 170.5,
    "minResTime" : 168.0,
    "maxResTime" : 826.0,
    "pct1ResTime" : 765.2000000000003,
    "pct2ResTime" : 826.0,
    "pct3ResTime" : 826.0,
    "throughput" : 1.0938525486764386,
    "receivedKBytesPerSec" : 1.967652729162109,
    "sentKBytesPerSec" : 0.27346313716910964
  },
  "create api key" : {
    "transaction" : "create api key",
    "sampleCount" : 10,
    "errorCount" : 0,
    "errorPct" : 0.0,
    "meanResTime" : 61.6,
    "medianResTime" : 57.0,
    "minResTime" : 56.0,
    "maxResTime" : 87.0,
    "pct1ResTime" : 85.7,
    "pct2ResTime" : 87.0,
    "pct3ResTime" : 87.0,
    "throughput" : 1.273074474856779,
    "receivedKBytesPerSec" : 2.137372692552514,
    "sentKBytesPerSec" : 0.3580521960534691
  }
}