{
  "zone activity" : {
    "transaction" : "zone activity",
    "sampleCount" : 5,
    "errorCount" : 0,
    "errorPct" : 0.0,
    "meanResTime" : 1193.8,
    "medianResTime" : 1353.0,
    "minResTime" : 315.0,
    "maxResTime" : 1932.0,
    "pct1ResTime" : 1932.0,
    "pct2ResTime" : 1932.0,
    "pct3ResTime" : 1932.0,
    "throughput" : 1.783803068141277,
    "receivedKBytesPerSec" : 496.28118868176955,
    "sentKBytesPerSec" : 0.5818263913663931
  },
  "Total" : {
    "transaction" : "Total",
    "sampleCount" : 15,
    "errorCount" : 0,
    "errorPct" : 0.0,
    "meanResTime" : 544.9999999999999,
    "medianResTime" : 199.0,
    "minResTime" : 63.0,
    "maxResTime" : 1932.0,
    "pct1ResTime" : 1930.8,
    "pct2ResTime" : 1932.0,
    "pct3ResTime" : 1932.0,
    "throughput" : 3.3482142857142856,
    "receivedKBytesPerSec" : 312.12288992745533,
    "sentKBytesPerSec" : 0.9558541434151785
  },
  "login" : {
    "transaction" : "login",
    "sampleCount" : 5,
    "errorCount" : 0,
    "errorPct" : 0.0,
    "meanResTime" : 367.8,
    "medianResTime" : 199.0,
    "minResTime" : 186.0,
    "maxResTime" : 1060.0,
    "pct1ResTime" : 1060.0,
    "pct2ResTime" : 1060.0,
    "pct3ResTime" : 1060.0,
    "throughput" : 1.2198097096852891,
    "receivedKBytesPerSec" : 0.9553587765308611,
    "sentKBytesPerSec" : 0.3037612070017077
  },
  "create api key" : {
    "transaction" : "create api key",
    "sampleCount" : 5,
    "errorCount" : 0,
    "errorPct" : 0.0,
    "meanResTime" : 73.4,
    "medianResTime" : 77.0,
    "minResTime" : 63.0,
    "maxResTime" : 82.0,
    "pct1ResTime" : 82.0,
    "pct2ResTime" : 82.0,
    "pct3ResTime" : 82.0,
    "throughput" : 1.9357336430507162,
    "receivedKBytesPerSec" : 1.2846919763840494,
    "sentKBytesPerSec" : 0.5444250871080138
  }
}