{
  "zone activity" : {
    "transaction" : "zone activity",
    "sampleCount" : 5,
    "errorCount" : 0,
    "errorPct" : 0.0,
    "meanResTime" : 405.6,
    "medianResTime" : 402.0,
    "minResTime" : 388.0,
    "maxResTime" : 431.0,
    "pct1ResTime" : 431.0,
    "pct2ResTime" : 431.0,
    "pct3ResTime" : 431.0,
    "throughput" : 2.1834061135371177,
    "receivedKBytesPerSec" : 607.2913823689956,
    "sentKBytesPerSec" : 0.7121656659388647
  },
  "Total" : {
    "transaction" : "Total",
    "sampleCount" : 15,
    "errorCount" : 0,
    "errorPct" : 0.0,
    "meanResTime" : 373.93333333333334,
    "medianResTime" : 260.0,
    "minResTime" : 86.0,
    "maxResTime" : 1575.0,
    "pct1ResTime" : 1065.0000000000002,
    "pct2ResTime" : 1575.0,
    "pct3ResTime" : 1575.0,
    "throughput" : 3.2665505226480835,
    "receivedKBytesPerSec" : 304.4280474194251,
    "sentKBytesPerSec" : 0.9325406277221255
  },
  "login" : {
    "transaction" : "login",
    "sampleCount" : 5,
    "errorCount" : 0,
    "errorPct" : 0.0,
    "meanResTime" : 612.2,
    "medianResTime" : 260.0,
    "minResTime" : 250.0,
    "maxResTime" : 1575.0,
    "pct1ResTime" : 1575.0,
    "pct2ResTime" : 1575.0,
    "pct3ResTime" : 1575.0,
    "throughput" : 1.2195121951219512,
    "receivedKBytesPerSec" : 0.955125762195122,
    "sentKBytesPerSec" : 0.30368711890243905
  },
  "create api key" : {
    "transaction" : "create api key",
    "sampleCount" : 5,
    "errorCount" : 0,
    "errorPct" : 0.0,
    "meanResTime" : 104.0,
    "medianResTime" : 105.0,
    "minResTime" : 86.0,
    "maxResTime" : 125.0,
    "pct1ResTime" : 125.0,
    "pct2ResTime" : 125.0,
    "pct3ResTime" : 125.0,
    "throughput" : 2.4912805181863478,
    "receivedKBytesPerSec" : 1.6543659691081214,
    "sentKBytesPerSec" : 0.7006726457399103
  }
}