{
  "zone activity" : {
    "transaction" : "zone activity",
    "sampleCount" : 5,
    "errorCount" : 0,
    "errorPct" : 0.0,
    "meanResTime" : 414.4,
    "medianResTime" : 423.0,
    "minResTime" : 381.0,
    "maxResTime" : 434.0,
    "pct1ResTime" : 434.0,
    "pct2ResTime" : 434.0,
    "pct3ResTime" : 434.0,
    "throughput" : 1.676727028839705,
    "receivedKBytesPerSec" : 466.51523725687457,
    "sentKBytesPerSec" : 0.5469011988598256
  },
  "Total" : {
    "transaction" : "Total",
    "sampleCount" : 15,
    "errorCount" : 0,
    "errorPct" : 0.0,
    "meanResTime" : 294.79999999999995,
    "medianResTime" : 241.0,
    "minResTime" : 78.0,
    "maxResTime" : 951.0,
    "pct1ResTime" : 640.8000000000002,
    "pct2ResTime" : 951.0,
    "pct3ResTime" : 951.0,
    "throughput" : 3.2292787944025836,
    "receivedKBytesPerSec" : 301.0511975242196,
    "sentKBytesPerSec" : 0.9219002287405813
  },
  "login" : {
    "transaction" : "login",
    "sampleCount" : 5,
    "errorCount" : 0,
    "errorPct" : 0.0,
    "meanResTime" : 380.8,
    "medianResTime" : 241.0,
    "minResTime" : 230.0,
    "maxResTime" : 951.0,
    "pct1ResTime" : 951.0,
    "pct2ResTime" : 951.0,
    "pct3ResTime" : 951.0,
    "throughput" : 1.2045290291496025,
    "receivedKBytesPerSec" : 0.9433908997831848,
    "sentKBytesPerSec" : 0.29995595940737174
  },
  "create api key" : {
    "transaction" : "create api key",
    "sampleCount" : 5,
    "errorCount" : 0,
    "errorPct" : 0.0,
    "meanResTime" : 89.2,
    "medianResTime" : 81.0,
    "minResTime" : 78.0,
    "maxResTime" : 108.0,
    "pct1ResTime" : 108.0,
    "pct2ResTime" : 108.0,
    "pct3ResTime" : 108.0,
    "throughput" : 1.8615040953090098,
    "receivedKBytesPerSec" : 1.2354279132539092,
    "sentKBytesPerSec" : 0.5235480268056589
  }
}