{
  "zone activity" : {
    "transaction" : "zone activity",
    "sampleCount" : 5,
    "errorCount" : 0,
    "errorPct" : 0.0,
    "meanResTime" : 219.6,
    "medianResTime" : 213.0,
    "minResTime" : 198.0,
    "maxResTime" : 248.0,
    "pct1ResTime" : 248.0,
    "pct2ResTime" : 248.0,
    "pct3ResTime" : 248.0,
    "throughput" : 1.866368047779022,
    "receivedKBytesPerSec" : 519.0442445875327,
    "sentKBytesPerSec" : 0.6087567655841732
  },
  "Total" : {
    "transaction" : "Total",
    "sampleCount" : 15,
    "errorCount" : 0,
    "errorPct" : 0.0,
    "meanResTime" : 190.93333333333334,
    "medianResTime" : 131.0,
    "minResTime" : 41.0,
    "maxResTime" : 973.0,
    "pct1ResTime" : 538.0000000000002,
    "pct2ResTime" : 973.0,
    "pct3ResTime" : 973.0,
    "throughput" : 3.484320557491289,
    "receivedKBytesPerSec" : 324.68128448025556,
    "sentKBytesPerSec" : 0.9947100029036006
  },
  "login" : {
    "transaction" : "login",
    "sampleCount" : 5,
    "errorCount" : 0,
    "errorPct" : 0.0,
    "meanResTime" : 299.8,
    "medianResTime" : 131.0,
    "minResTime" : 122.0,
    "maxResTime" : 973.0,
    "pct1ResTime" : 973.0,
    "pct2ResTime" : 973.0,
    "pct3ResTime" : 973.0,
    "throughput" : 1.2363996043521266,
    "receivedKBytesPerSec" : 0.9683520338773492,
    "sentKBytesPerSec" : 0.3078924795994066
  },
  "create api key" : {
    "transaction" : "create api key",
    "sampleCount" : 5,
    "errorCount" : 0,
    "errorPct" : 0.0,
    "meanResTime" : 53.4,
    "medianResTime" : 46.0,
    "minResTime" : 41.0,
    "maxResTime" : 71.0,
    "pct1ResTime" : 71.0,
    "pct2ResTime" : 71.0,
    "pct3ResTime" : 71.0,
    "throughput" : 1.9646365422396854,
    "receivedKBytesPerSec" : 1.3034902996070727,
    "sentKBytesPerSec" : 0.5525540275049116
  }
}