{
  "zone activity" : {
    "transaction" : "zone activity",
    "sampleCount" : 5,
    "errorCount" : 0,
    "errorPct" : 0.0,
    "meanResTime" : 54.6,
    "medianResTime" : 79.0,
    "minResTime" : 16.0,
    "maxResTime" : 81.0,
    "pct1ResTime" : 81.0,
    "pct2ResTime" : 81.0,
    "pct3ResTime" : 81.0,
    "throughput" : 3.0902348578491963,
    "receivedKBytesPerSec" : 44.49334633807169,
    "sentKBytesPerSec" : 1.0049298902966626
  },
  "Total" : {
    "transaction" : "Total",
    "sampleCount" : 15,
    "errorCount" : 0,
    "errorPct" : 0.0,
    "meanResTime" : 202.79999999999998,
    "medianResTime" : 45.0,
    "minResTime" : 14.0,
    "maxResTime" : 1693.0,
    "pct1ResTime" : 1149.4000000000003,
    "pct2ResTime" : 1693.0,
    "pct3ResTime" : 1693.0,
    "throughput" : 3.7735849056603774,
    "receivedKBytesPerSec" : 19.93071933962264,
    "sentKBytesPerSec" : 1.076061320754717
  },
  "login" : {
    "transaction" : "login",
    "sampleCount" : 5,
    "errorCount" : 0,
    "errorPct" : 0.0,
    "meanResTime" : 520.8,
    "medianResTime" : 51.0,
    "minResTime" : 36.0,
    "maxResTime" : 1693.0,
    "pct1ResTime" : 1693.0,
    "pct2ResTime" : 1693.0,
    "pct3ResTime" : 1693.0,
    "throughput" : 1.2683916793505834,
    "receivedKBytesPerSec" : 0.9934083269913749,
    "sentKBytesPerSec" : 0.31585925608828
  },
  "create api key" : {
    "transaction" : "create api key",
    "sampleCount" : 5,
    "errorCount" : 0,
    "errorPct" : 0.0,
    "meanResTime" : 33.0,
    "medianResTime" : 44.0,
    "minResTime" : 14.0,
    "maxResTime" : 47.0,
    "pct1ResTime" : 47.0,
    "pct2ResTime" : 47.0,
    "pct3ResTime" : 47.0,
    "throughput" : 3.0084235860409145,
    "receivedKBytesPerSec" : 1.9966061221419977,
    "sentKBytesPerSec" : 0.8461191335740073
  }
}