{
  "zone activity" : {
    "transaction" : "zone activity",
    "sampleCount" : 5,
    "errorCount" : 0,
    "errorPct" : 0.0,
    "meanResTime" : 293.0,
    "medianResTime" : 206.0,
    "minResTime" : 140.0,
    "maxResTime" : 468.0,
    "pct1ResTime" : 468.0,
    "pct2ResTime" : 468.0,
    "pct3ResTime" : 468.0,
    "throughput" : 2.095557418273261,
    "receivedKBytesPerSec" : 583.4220125209555,
    "sentKBytesPerSec" : 0.6835118922883486
  },
  "Total" : {
    "transaction" : "Total",
    "sampleCount" : 15,
    "errorCount" : 0,
    "errorPct" : 0.0,
    "meanResTime" : 221.46666666666667,
    "medianResTime" : 104.0,
    "minResTime" : 34.0,
    "maxResTime" : 1133.0,
    "pct1ResTime" : 734.0000000000002,
    "pct2ResTime" : 1133.0,
    "pct3ResTime" : 1133.0,
    "throughput" : 3.597985128328136,
    "receivedKBytesPerSec" : 335.63954185656036,
    "sentKBytesPerSec" : 1.0271591658671144
  },
  "login" : {
    "transaction" : "login",
    "sampleCount" : 5,
    "errorCount" : 0,
    "errorPct" : 0.0,
    "meanResTime" : 333.4,
    "medianResTime" : 104.0,
    "minResTime" : 95.0,
    "maxResTime" : 1133.0,
    "pct1ResTime" : 1133.0,
    "pct2ResTime" : 1133.0,
    "pct3ResTime" : 1133.0,
    "throughput" : 1.25250501002004,
    "receivedKBytesPerSec" : 0.9809658379258517,
    "sentKBytesPerSec" : 0.3119031030811623
  },
  "create api key" : {
    "transaction" : "create api key",
    "sampleCount" : 5,
    "errorCount" : 0,
    "errorPct" : 0.0,
    "meanResTime" : 38.0,
    "medianResTime" : 36.0,
    "minResTime" : 34.0,
    "maxResTime" : 45.0,
    "pct1ResTime" : 45.0,
    "pct2ResTime" : 45.0,
    "pct3ResTime" : 45.0,
    "throughput" : 2.175805047867711,
    "receivedKBytesPerSec" : 1.444870539599652,
    "sentKBytesPerSec" : 0.6119451697127937
  }
}