{
  "zone activity" : {
    "transaction" : "zone activity",
    "sampleCount" : 5,
    "errorCount" : 0,
    "errorPct" : 0.0,
    "meanResTime" : 663.0,
    "medianResTime" : 563.0,
    "minResTime" : 406.0,
    "maxResTime" : 982.0,
    "pct1ResTime" : 982.0,
    "pct2ResTime" : 982.0,
    "pct3ResTime" : 982.0,
    "throughput" : 1.8011527377521612,
    "receivedKBytesPerSec" : 501.1183329205692,
    "sentKBytesPerSec" : 0.5874853656340058
  },
  "Total" : {
    "transaction" : "Total",
    "sampleCount" : 15,
    "errorCount" : 0,
    "errorPct" : 0.0,
    "meanResTime" : 396.2,
    "medianResTime" : 256.0,
    "minResTime" : 80.0,
    "maxResTime" : 1170.0,
    "pct1ResTime" : 1057.2,
    "pct2ResTime" : 1170.0,
    "pct3ResTime" : 1170.0,
    "throughput" : 3.2369443245576175,
    "receivedKBytesPerSec" : 301.7561265914976,
    "sentKBytesPerSec" : 0.9240885978636166
  },
  "login" : {
    "transaction" : "login",
    "sampleCount" : 5,
    "errorCount" : 0,
    "errorPct" : 0.0,
    "meanResTime" : 435.4,
    "medianResTime" : 256.0,
    "minResTime" : 234.0,
    "maxResTime" : 1170.0,
    "pct1ResTime" : 1170.0,
    "pct2ResTime" : 1170.0,
    "pct3ResTime" : 1170.0,
    "throughput" : 1.20598166907863,
    "receivedKBytesPerSec" : 0.944528611915099,
    "sentKBytesPerSec" : 0.3003177007959479
  },
  "create api key" : {
    "transaction" : "create api key",
    "sampleCount" : 5,
    "errorCount" : 0,
    "errorPct" : 0.0,
    "meanResTime" : 90.2,
    "medianResTime" : 82.0,
    "minResTime" : 80.0,
    "maxResTime" : 104.0,
    "pct1ResTime" : 104.0,
    "pct2ResTime" : 104.0,
    "pct3ResTime" : 104.0,
    "throughput" : 2.008838891120932,
    "receivedKBytesPerSec" : 1.3328175220972278,
    "sentKBytesPerSec" : 0.5649859381277622
  }
}