{
  "zone activity" : {
    "transaction" : "zone activity",
    "sampleCount" : 5,
    "errorCount" : 0,
    "errorPct" : 0.0,
    "meanResTime" : 350.4,
    "medianResTime" : 225.0,
    "minResTime" : 140.0,
    "maxResTime" : 623.0,
    "pct1ResTime" : 623.0,
    "pct2ResTime" : 623.0,
    "pct3ResTime" : 623.0,
    "throughput" : 1.996805111821086,
    "receivedKBytesPerSec" : 555.7709227735623,
    "sentKBytesPerSec" : 0.6513016673322684
  },
  "Total" : {
    "transaction" : "Total",
    "sampleCount" : 15,
    "errorCount" : 0,
    "errorPct" : 0.0,
    "meanResTime" : 224.60000000000002,
    "medianResTime" : 95.0,
    "minResTime" : 32.0,
    "maxResTime" : 1020.0,
    "pct1ResTime" : 781.8000000000002,
    "pct2ResTime" : 1020.0,
    "pct3ResTime" : 1020.0,
    "throughput" : 3.5910940866650707,
    "receivedKBytesPerSec" : 334.9015535222648,
    "sentKBytesPerSec" : 1.0251918990902562
  },
  "login" : {
    "transaction" : "login",
    "sampleCount" : 5,
    "errorCount" : 0,
    "errorPct" : 0.0,
    "meanResTime" : 283.0,
    "medianResTime" : 95.0,
    "minResTime" : 94.0,
    "maxResTime" : 1020.0,
    "pct1ResTime" : 1020.0,
    "pct2ResTime" : 1020.0,
    "pct3ResTime" : 1020.0,
    "throughput" : 1.2493753123438283,
    "receivedKBytesPerSec" : 0.9785146489255373,
    "sentKBytesPerSec" : 0.3111237350074963
  },
  "create api key" : {
    "transaction" : "create api key",
    "sampleCount" : 5,
    "errorCount" : 0,
    "errorPct" : 0.0,
    "meanResTime" : 40.4,
    "medianResTime" : 33.0,
    "minResTime" : 32.0,
    "maxResTime" : 53.0,
    "pct1ResTime" : 53.0,
    "pct2ResTime" : 53.0,
    "pct3ResTime" : 53.0,
    "throughput" : 2.05761316872428,
    "receivedKBytesPerSec" : 1.3651781121399176,
    "sentKBytesPerSec" : 0.5787037037037037
  }
}