{
  "zone activity" : {
    "transaction" : "zone activity",
    "sampleCount" : 10,
    "errorCount" : 7,
    "errorPct" : 70.0,
    "meanResTime" : 115.4,
    "medianResTime" : 82.0,
    "minResTime" : 70.0,
    "maxResTime" : 287.0,
    "pct1ResTime" : 272.90000000000003,
    "pct2ResTime" : 287.0,
    "pct3ResTime" : 287.0,
    "throughput" : 1.2514078338130397,
    "receivedKBytesPerSec" : 7.269775176761357,
    "sentKBytesPerSec" : 0.31114104930546865
  },
  "Total" : {
    "transaction" : "Total",
    "sampleCount" : 30,
    "errorCount" : 18,
    "errorPct" : 60.0,
    "meanResTime" : 201.1,
    "medianResTime" : 139.0,
    "minResTime" : 70.0,
    "maxResTime" : 1220.0,
    "pct1ResTime" : 320.30000000000007,
    "pct2ResTime" : 850.9499999999996,
    "pct3ResTime" : 1220.0,
    "throughput" : 3.015378429992964,
    "receivedKBytesPerSec" : 9.190033231983113,
    "sentKBytesPerSec" : 0.7634639787918384
  },
  "login" : {
    "transaction" : "login",
    "sampleCount" : 10,
    "errorCount" : 4,
    "errorPct" : 40.0,
    "meanResTime" : 339.2,
    "medianResTime" : 230.5,
    "minResTime" : 216.0,
    "maxResTime" : 1220.0,
    "pct1ResTime" : 1130.4000000000003,
    "pct2ResTime" : 1220.0,
    "pct3ResTime" : 1220.0,
    "throughput" : 1.097574360662935,
    "receivedKBytesPerSec" : 1.85730161343431,
    "sentKBytesPerSec" : 0.2743935901657337
  },
  "create api key" : {
    "transaction" : "create api key",
    "sampleCount" : 10,
    "errorCount" : 7,
    "errorPct" : 70.0,
    "meanResTime" : 148.7,
    "medianResTime" : 109.0,
    "minResTime" : 71.0,
    "maxResTime" : 549.0,
    "pct1ResTime" : 508.60000000000014,
    "pct2ResTime" : 549.0,
    "pct3ResTime" : 549.0,
    "throughput" : 1.2797542871768621,
    "receivedKBytesPerSec" : 2.1009716134502177,
    "sentKBytesPerSec" : 0.3339358843102124
  }
}