{
  "zone activity" : {
    "transaction" : "zone activity",
    "sampleCount" : 5,
    "errorCount" : 0,
    "errorPct" : 0.0,
    "meanResTime" : 190.6,
    "medianResTime" : 186.0,
    "minResTime" : 174.0,
    "maxResTime" : 206.0,
    "pct1ResTime" : 206.0,
    "pct2ResTime" : 206.0,
    "pct3ResTime" : 206.0,
    "throughput" : 1.7655367231638417,
    "receivedKBytesPerSec" : 491.3012833245057,
    "sentKBytesPerSec" : 0.5758684233757062
  },
  "Total" : {
    "transaction" : "Total",
    "sampleCount" : 15,
    "errorCount" : 0,
    "errorPct" : 0.0,
    "meanResTime" : 174.79999999999998,
    "medianResTime" : 138.0,
    "minResTime" : 42.0,
    "maxResTime" : 829.0,
    "pct1ResTime" : 455.2000000000002,
    "pct2ResTime" : 829.0,
    "pct3ResTime" : 829.0,
    "throughput" : 3.4730261634637647,
    "receivedKBytesPerSec" : 323.8248690379718,
    "sentKBytesPerSec" : 0.9914856592961334
  },
  "login" : {
    "transaction" : "login",
    "sampleCount" : 5,
    "errorCount" : 0,
    "errorPct" : 0.0,
    "meanResTime" : 276.4,
    "medianResTime" : 138.0,
    "minResTime" : 126.0,
    "maxResTime" : 829.0,
    "pct1ResTime" : 829.0,
    "pct2ResTime" : 829.0,
    "pct3ResTime" : 829.0,
    "throughput" : 1.2367054167697256,
    "receivedKBytesPerSec" : 0.9685915471184764,
    "sentKBytesPerSec" : 0.30796863405886715
  },
  "create api key" : {
    "transaction" : "create api key",
    "sampleCount" : 5,
    "errorCount" : 0,
    "errorPct" : 0.0,
    "meanResTime" : 57.4,
    "medianResTime" : 62.0,
    "minResTime" : 42.0,
    "maxResTime" : 69.0,
    "pct1ResTime" : 69.0,
    "pct2ResTime" : 69.0,
    "pct3ResTime" : 69.0,
    "throughput" : 1.846381093057607,
    "receivedKBytesPerSec" : 1.2253912019940916,
    "sentKBytesPerSec" : 0.5192946824224519
  }
}