{
  "zone activity" : {
    "transaction" : "zone activity",
    "sampleCount" : 5,
    "errorCount" : 0,
    "errorPct" : 0.0,
    "meanResTime" : 98.8,
    "medianResTime" : 82.0,
    "minResTime" : 59.0,
    "maxResTime" : 147.0,
    "pct1ResTime" : 147.0,
    "pct2ResTime" : 147.0,
    "pct3ResTime" : 147.0,
    "throughput" : 2.3809523809523814,
    "receivedKBytesPerSec" : 662.7353050595237,
    "sentKBytesPerSec" : 0.7765997023809523
  },
  "Total" : {
    "transaction" : "Total",
    "sampleCount" : 15,
    "errorCount" : 0,
    "errorPct" : 0.0,
    "meanResTime" : 145.13333333333335,
    "medianResTime" : 53.0,
    "minResTime" : 13.0,
    "maxResTime" : 1160.0,
    "pct1ResTime" : 620.0000000000003,
    "pct2ResTime" : 1160.0,
    "pct3ResTime" : 1160.0,
    "throughput" : 3.740648379052369,
    "receivedKBytesPerSec" : 348.87220425498754,
    "sentKBytesPerSec" : 1.0678869233167083
  },
  "login" : {
    "transaction" : "login",
    "sampleCount" : 5,
    "errorCount" : 0,
    "errorPct" : 0.0,
    "meanResTime" : 310.0,
    "medianResTime" : 53.0,
    "minResTime" : 35.0,
    "maxResTime" : 1160.0,
    "pct1ResTime" : 1160.0,
    "pct2ResTime" : 1160.0,
    "pct3ResTime" : 1160.0,
    "throughput" : 1.2709710218607015,
    "receivedKBytesPerSec" : 0.9954284761057447,
    "sentKBytesPerSec" : 0.31650157282663954
  },
  "create api key" : {
    "transaction" : "create api key",
    "sampleCount" : 5,
    "errorCount" : 0,
    "errorPct" : 0.0,
    "meanResTime" : 26.6,
    "medianResTime" : 14.0,
    "minResTime" : 13.0,
    "maxResTime" : 47.0,
    "pct1ResTime" : 47.0,
    "pct2ResTime" : 47.0,
    "pct3ResTime" : 47.0,
    "throughput" : 2.379819133745835,
    "receivedKBytesPerSec" : 1.5789542182294145,
    "sentKBytesPerSec" : 0.6693241313660162
  }
}