{
  "zone activity" : {
    "transaction" : "zone activity",
    "sampleCount" : 5,
    "errorCount" : 0,
    "errorPct" : 0.0,
    "meanResTime" : 441.6,
    "medianResTime" : 426.0,
    "minResTime" : 423.0,
    "maxResTime" : 469.0,
    "pct1ResTime" : 469.0,
    "pct2ResTime" : 469.0,
    "pct3ResTime" : 469.0,
    "throughput" : 1.949317738791423,
    "receivedKBytesPerSec" : 542.190165082846,
    "sentKBytesPerSec" : 0.6358126218323586
  },
  "Total" : {
    "transaction" : "Total",
    "sampleCount" : 15,
    "errorCount" : 0,
    "errorPct" : 0.0,
    "meanResTime" : 352.46666666666664,
    "medianResTime" : 264.0,
    "minResTime" : 85.0,
    "maxResTime" : 1358.0,
    "pct1ResTime" : 824.6000000000004,
    "pct2ResTime" : 1358.0,
    "pct3ResTime" : 1358.0,
    "throughput" : 3.2168132103795837,
    "receivedKBytesPerSec" : 299.79714809403816,
    "sentKBytesPerSec" : 0.9183415317392236
  },
  "login" : {
    "transaction" : "login",
    "sampleCount" : 5,
    "errorCount" : 0,
    "errorPct" : 0.0,
    "meanResTime" : 515.4,
    "medianResTime" : 264.0,
    "minResTime" : 249.0,
    "maxResTime" : 1358.0,
    "pct1ResTime" : 1358.0,
    "pct2ResTime" : 1358.0,
    "pct3ResTime" : 1358.0,
    "throughput" : 1.2042389210019266,
    "receivedKBytesPerSec" : 0.9431636861753372,
    "sentKBytesPerSec" : 0.29988371567919075
  },
  "create api key" : {
    "transaction" : "create api key",
    "sampleCount" : 5,
    "errorCount" : 0,
    "errorPct" : 0.0,
    "meanResTime" : 100.4,
    "medianResTime" : 90.0,
    "minResTime" : 85.0,
    "maxResTime" : 125.0,
    "pct1ResTime" : 125.0,
    "pct2ResTime" : 125.0,
    "pct3ResTime" : 125.0,
    "throughput" : 2.1920210434020166,
    "receivedKBytesPerSec" : 1.4556389741341516,
    "sentKBytesPerSec" : 0.6165059184568171
  }
}