{
  "zone activity" : {
    "transaction" : "zone activity",
    "sampleCount" : 5,
    "errorCount" : 0,
    "errorPct" : 0.0,
    "meanResTime" : 1009.6,
    "medianResTime" : 792.0,
    "minResTime" : 306.0,
    "maxResTime" : 1867.0,
    "pct1ResTime" : 1867.0,
    "pct2ResTime" : 1867.0,
    "pct3ResTime" : 1867.0,
    "throughput" : 1.4775413711583925,
    "receivedKBytesPerSec" : 411.0973168772163,
    "sentKBytesPerSec" : 0.48193243942080377
  },
  "Total" : {
    "transaction" : "Total",
    "sampleCount" : 15,
    "errorCount" : 0,
    "errorPct" : 0.0,
    "meanResTime" : 448.4666666666667,
    "medianResTime" : 199.0,
    "minResTime" : 64.0,
    "maxResTime" : 1867.0,
    "pct1ResTime" : 1810.0,
    "pct2ResTime" : 1867.0,
    "pct3ResTime" : 1867.0,
    "throughput" : 3.328894806924101,
    "receivedKBytesPerSec" : 310.33946924933423,
    "sentKBytesPerSec" : 0.9503387843985797
  },
  "login" : {
    "transaction" : "login",
    "sampleCount" : 5,
    "errorCount" : 0,
    "errorPct" : 0.0,
    "meanResTime" : 259.6,
    "medianResTime" : 199.0,
    "minResTime" : 185.0,
    "maxResTime" : 519.0,
    "pct1ResTime" : 519.0,
    "pct2ResTime" : 519.0,
    "pct3ResTime" : 519.0,
    "throughput" : 1.210946960523129,
    "receivedKBytesPerSec" : 0.9484174436909665,
    "sentKBytesPerSec" : 0.30155417473964646
  },
  "create api key" : {
    "transaction" : "create api key",
    "sampleCount" : 5,
    "errorCount" : 0,
    "errorPct" : 0.0,
    "meanResTime" : 76.2,
    "medianResTime" : 64.0,
    "minResTime" : 64.0,
    "maxResTime" : 122.0,
    "pct1ResTime" : 122.0,
    "pct2ResTime" : 122.0,
    "pct3ResTime" : 122.0,
    "throughput" : 1.5586034912718205,
    "receivedKBytesPerSec" : 1.0350101309226931,
    "sentKBytesPerSec" : 0.4383572319201995
  }
}