{
  "zone activity" : {
    "transaction" : "zone activity",
    "sampleCount" : 5,
    "errorCount" : 0,
    "errorPct" : 0.0,
    "meanResTime" : 232.6,
    "medianResTime" : 236.0,
    "minResTime" : 204.0,
    "maxResTime" : 267.0,
    "pct1ResTime" : 267.0,
    "pct2ResTime" : 267.0,
    "pct3ResTime" : 267.0,
    "throughput" : 2.0136931131695532,
    "receivedKBytesPerSec" : 560.2251560612162,
    "sentKBytesPerSec" : 0.6568100583971003
  },
  "Total" : {
    "transaction" : "Total",
    "sampleCount" : 15,
    "errorCount" : 0,
    "errorPct" : 0.0,
    "meanResTime" : 208.1333333333333,
    "medianResTime" : 135.0,
    "minResTime" : 38.0,
    "maxResTime" : 1126.0,
    "pct1ResTime" : 610.6000000000004,
    "pct2ResTime" : 1126.0,
    "pct3ResTime" : 1126.0,
    "throughput" : 3.520300398967379,
    "receivedKBytesPerSec" : 328.1559401402253,
    "sentKBytesPerSec" : 1.0049815917624971
  },
  "login" : {
    "transaction" : "login",
    "sampleCount" : 5,
    "errorCount" : 0,
    "errorPct" : 0.0,
    "meanResTime" : 344.6,
    "medianResTime" : 135.0,
    "minResTime" : 114.0,
    "maxResTime" : 1126.0,
    "pct1ResTime" : 1126.0,
    "pct2ResTime" : 1126.0,
    "pct3ResTime" : 1126.0,
    "throughput" : 1.245019920318725,
    "receivedKBytesPerSec" : 0.9751034922808764,
    "sentKBytesPerSec" : 0.310039140313745
  },
  "create api key" : {
    "transaction" : "create api key",
    "sampleCount" : 5,
    "errorCount" : 0,
    "errorPct" : 0.0,
    "meanResTime" : 47.2,
    "medianResTime" : 44.0,
    "minResTime" : 38.0,
    "maxResTime" : 61.0,
    "pct1ResTime" : 61.0,
    "pct2ResTime" : 61.0,
    "pct3ResTime" : 61.0,
    "throughput" : 2.131287297527707,
    "receivedKBytesPerSec" : 1.4140591698635976,
    "sentKBytesPerSec" : 0.5994245524296675
  }
}