{
  "zone activity" : {
    "transaction" : "zone activity",
    "sampleCount" : 5,
    "errorCount" : 0,
    "errorPct" : 0.0,
    "meanResTime" : 104.8,
    "medianResTime" : 89.0,
    "minResTime" : 85.0,
    "maxResTime" : 135.0,
    "pct1ResTime" : 135.0,
    "pct2ResTime" : 135.0,
    "pct3ResTime" : 135.0,
    "throughput" : 2.224199288256228,
    "receivedKBytesPerSec" : 618.7366200511565,
    "sentKBytesPerSec" : 0.7254712522241992
  },
  "Total" : {
    "transaction" : "Total",
    "sampleCount" : 15,
    "errorCount" : 0,
    "errorPct" : 0.0,
    "meanResTime" : 144.06666666666666,
    "medianResTime" : 69.0,
    "minResTime" : 16.0,
    "maxResTime" : 1103.0,
    "pct1ResTime" : 572.0000000000003,
    "pct2ResTime" : 1103.0,
    "pct3ResTime" : 1103.0,
    "throughput" : 3.707365299060801,
    "receivedKBytesPerSec" : 345.56458153114187,
    "sentKBytesPerSec" : 1.0583852107019278
  },
  "login" : {
    "transaction" : "login",
    "sampleCount" : 5,
    "errorCount" : 0,
    "errorPct" : 0.0,
    "meanResTime" : 300.0,
    "medianResTime" : 69.0,
    "minResTime" : 53.0,
    "maxResTime" : 1103.0,
    "pct1ResTime" : 1103.0,
    "pct2ResTime" : 1103.0,
    "pct3ResTime" : 1103.0,
    "throughput" : 1.2683916793505834,
    "receivedKBytesPerSec" : 0.9934083269913749,
    "sentKBytesPerSec" : 0.31585925608828
  },
  "create api key" : {
    "transaction" : "create api key",
    "sampleCount" : 5,
    "errorCount" : 0,
    "errorPct" : 0.0,
    "meanResTime" : 27.4,
    "medianResTime" : 25.0,
    "minResTime" : 16.0,
    "maxResTime" : 42.0,
    "pct1ResTime" : 42.0,
    "pct2ResTime" : 42.0,
    "pct3ResTime" : 42.0,
    "throughput" : 2.253267237494367,
    "receivedKBytesPerSec" : 1.4954300923839567,
    "sentKBytesPerSec" : 0.6337314105452907
  }
}