{
  "zone activity" : {
    "transaction" : "zone activity",
    "sampleCount" : 5,
    "errorCount" : 0,
    "errorPct" : 0.0,
    "meanResTime" : 423.6,
    "medianResTime" : 436.0,
    "minResTime" : 377.0,
    "maxResTime" : 461.0,
    "pct1ResTime" : 461.0,
    "pct2ResTime" : 461.0,
    "pct3ResTime" : 461.0,
    "throughput" : 1.5024038461538463,
    "receivedKBytesPerSec" : 417.80413114107574,
    "sentKBytesPerSec" : 0.49004187950721156
  },
  "Total" : {
    "transaction" : "Total",
    "sampleCount" : 15,
    "errorCount" : 0,
    "errorPct" : 0.0,
    "meanResTime" : 283.4,
    "medianResTime" : 245.0,
    "minResTime" : 75.0,
    "maxResTime" : 719.0,
    "pct1ResTime" : 564.2,
    "pct2ResTime" : 719.0,
    "pct3ResTime" : 719.0,
    "throughput" : 3.182011030971574,
    "receivedKBytesPerSec" : 296.4967218657191,
    "sentKBytesPerSec" : 0.9084061439329656
  },
  "login" : {
    "transaction" : "login",
    "sampleCount" : 5,
    "errorCount" : 0,
    "errorPct" : 0.0,
    "meanResTime" : 338.2,
    "medianResTime" : 245.0,
    "minResTime" : 229.0,
    "maxResTime" : 719.0,
    "pct1ResTime" : 719.0,
    "pct2ResTime" : 719.0,
    "pct3ResTime" : 719.0,
    "throughput" : 1.199040767386091,
    "receivedKBytesPerSec" : 0.9390924760191847,
    "sentKBytesPerSec" : 0.2985892535971223
  },
  "create api key" : {
    "transaction" : "create api key",
    "sampleCount" : 5,
    "errorCount" : 0,
    "errorPct" : 0.0,
    "meanResTime" : 88.4,
    "medianResTime" : 80.0,
    "minResTime" : 75.0,
    "maxResTime" : 104.0,
    "pct1ResTime" : 104.0,
    "pct2ResTime" : 104.0,
    "pct3ResTime" : 104.0,
    "throughput" : 1.6750418760469012,
    "receivedKBytesPerSec" : 1.1113510259631492,
    "sentKBytesPerSec" : 0.47110552763819097
  }
}