{
  "zone activity" : {
    "transaction" : "zone activity",
    "sampleCount" : 5,
    "errorCount" : 0,
    "errorPct" : 0.0,
    "meanResTime" : 246.4,
    "medianResTime" : 228.0,
    "minResTime" : 224.0,
    "maxResTime" : 285.0,
    "pct1ResTime" : 285.0,
    "pct2ResTime" : 285.0,
    "pct3ResTime" : 285.0,
    "throughput" : 2.208480565371025,
    "receivedKBytesPerSec" : 614.1991497349824,
    "sentKBytesPerSec" : 0.7203442469081273
  },
  "Total" : {
    "transaction" : "Total",
    "sampleCount" : 15,
    "errorCount" : 0,
    "errorPct" : 0.0,
    "meanResTime" : 255.93333333333334,
    "medianResTime" : 152.0,
    "minResTime" : 46.0,
    "maxResTime" : 1329.0,
    "pct1ResTime" : 786.0000000000003,
    "pct2ResTime" : 1329.0,
    "pct3ResTime" : 1329.0,
    "throughput" : 3.4746351633078527,
    "receivedKBytesPerSec" : 323.78577788394716,
    "sentKBytesPerSec" : 0.9919449994208941
  },
  "login" : {
    "transaction" : "login",
    "sampleCount" : 5,
    "errorCount" : 0,
    "errorPct" : 0.0,
    "meanResTime" : 436.6,
    "medianResTime" : 150.0,
    "minResTime" : 139.0,
    "maxResTime" : 1329.0,
    "pct1ResTime" : 1329.0,
    "pct2ResTime" : 1329.0,
    "pct3ResTime" : 1329.0,
    "throughput" : 1.2360939431396785,
    "receivedKBytesPerSec" : 0.9681126390605687,
    "sentKBytesPerSec" : 0.30781636279357233
  },
  "create api key" : {
    "transaction" : "create api key",
    "sampleCount" : 5,
    "errorCount" : 0,
    "errorPct" : 0.0,
    "meanResTime" : 84.8,
    "medianResTime" : 55.0,
    "minResTime" : 46.0,
    "maxResTime" : 152.0,
    "pct1ResTime" : 152.0,
    "pct2ResTime" : 152.0,
    "pct3ResTime" : 152.0,
    "throughput" : 2.295684113865932,
    "receivedKBytesPerSec" : 1.5244777318640956,
    "sentKBytesPerSec" : 0.6456611570247934
  }
}