{
  "zone activity" : {
    "transaction" : "zone activity",
    "sampleCount" : 5,
    "errorCount" : 0,
    "errorPct" : 0.0,
    "meanResTime" : 154.0,
    "medianResTime" : 139.0,
    "minResTime" : 138.0,
    "maxResTime" : 185.0,
    "pct1ResTime" : 185.0,
    "pct2ResTime" : 185.0,
    "pct3ResTime" : 185.0,
    "throughput" : 1.9267822736030829,
    "receivedKBytesPerSec" : 536.0477631262042,
    "sentKBytesPerSec" : 0.6284621868978805
  },
  "Total" : {
    "transaction" : "Total",
    "sampleCount" : 15,
    "errorCount" : 0,
    "errorPct" : 0.0,
    "meanResTime" : 149.26666666666668,
    "medianResTime" : 84.0,
    "minResTime" : 28.0,
    "maxResTime" : 930.0,
    "pct1ResTime" : 483.0000000000003,
    "pct2ResTime" : 930.0,
    "pct3ResTime" : 930.0,
    "throughput" : 3.6031707902954597,
    "receivedKBytesPerSec" : 335.88213878212827,
    "sentKBytesPerSec" : 1.028639577828489
  },
  "login" : {
    "transaction" : "login",
    "sampleCount" : 5,
    "errorCount" : 0,
    "errorPct" : 0.0,
    "meanResTime" : 258.6,
    "medianResTime" : 84.0,
    "minResTime" : 82.0,
    "maxResTime" : 930.0,
    "pct1ResTime" : 930.0,
    "pct2ResTime" : 930.0,
    "pct3ResTime" : 930.0,
    "throughput" : 1.2518778167250877,
    "receivedKBytesPerSec" : 0.9804746181772659,
    "sentKBytesPerSec" : 0.3117469172508763
  },
  "create api key" : {
    "transaction" : "create api key",
    "sampleCount" : 5,
    "errorCount" : 0,
    "errorPct" : 0.0,
    "meanResTime" : 35.2,
    "medianResTime" : 28.0,
    "minResTime" : 28.0,
    "maxResTime" : 50.0,
    "pct1ResTime" : 50.0,
    "pct2ResTime" : 50.0,
    "pct3ResTime" : 50.0,
    "throughput" : 1.9896538002387585,
    "receivedKBytesPerSec" : 1.3200886639474732,
    "sentKBytesPerSec" : 0.5595901313171509
  }
}