{
  "zone activity" : {
    "transaction" : "zone activity",
    "sampleCount" : 5,
    "errorCount" : 0,
    "errorPct" : 0.0,
    "meanResTime" : 234.4,
    "medianResTime" : 148.0,
    "minResTime" : 145.0,
    "maxResTime" : 369.0,
    "pct1ResTime" : 369.0,
    "pct2ResTime" : 369.0,
    "pct3ResTime" : 369.0,
    "throughput" : 1.639344262295082,
    "receivedKBytesPerSec" : 455.92437243852464,
    "sentKBytesPerSec" : 0.5347079918032788
  },
  "Total" : {
    "transaction" : "Total",
    "sampleCount" : 15,
    "errorCount" : 0,
    "errorPct" : 0.0,
    "meanResTime" : 151.86666666666665,
    "medianResTime" : 94.0,
    "minResTime" : 31.0,
    "maxResTime" : 516.0,
    "pct1ResTime" : 427.80000000000007,
    "pct2ResTime" : 516.0,
    "pct3ResTime" : 516.0,
    "throughput" : 3.57653791130186,
    "receivedKBytesPerSec" : 333.2862981342394,
    "sentKBytesPerSec" : 1.0210363763710062
  },
  "login" : {
    "transaction" : "login",
    "sampleCount" : 5,
    "errorCount" : 0,
    "errorPct" : 0.0,
    "meanResTime" : 181.8,
    "medianResTime" : 94.0,
    "minResTime" : 89.0,
    "maxResTime" : 516.0,
    "pct1ResTime" : 516.0,
    "pct2ResTime" : 516.0,
    "pct3ResTime" : 516.0,
    "throughput" : 1.24595066035385,
    "receivedKBytesPerSec" : 0.975832450784949,
    "sentKBytesPerSec" : 0.31027091639671067
  },
  "create api key" : {
    "transaction" : "create api key",
    "sampleCount" : 5,
    "errorCount" : 0,
    "errorPct" : 0.0,
    "meanResTime" : 39.4,
    "medianResTime" : 33.0,
    "minResTime" : 31.0,
    "maxResTime" : 52.0,
    "pct1ResTime" : 52.0,
    "pct2ResTime" : 52.0,
    "pct3ResTime" : 52.0,
    "throughput" : 1.6835016835016834,
    "receivedKBytesPerSec" : 1.1169639099326598,
    "sentKBytesPerSec" : 0.47348484848484845
  }
}