{
  "zone activity" : {
    "transaction" : "zone activity",
    "sampleCount" : 5,
    "errorCount" : 0,
    "errorPct" : 0.0,
    "meanResTime" : 423.4,
    "medianResTime" : 428.0,
    "minResTime" : 389.0,
    "maxResTime" : 458.0,
    "pct1ResTime" : 458.0,
    "pct2ResTime" : 458.0,
    "pct3ResTime" : 458.0,
    "throughput" : 1.665556295802798,
    "receivedKBytesPerSec" : 463.4020028314457,
    "sentKBytesPerSec" : 0.5432576199200534
  },
  "Total" : {
    "transaction" : "Total",
    "sampleCount" : 15,
    "errorCount" : 0,
    "errorPct" : 0.0,
    "meanResTime" : 295.99999999999994,
    "medianResTime" : 227.0,
    "minResTime" : 76.0,
    "maxResTime" : 982.0,
    "pct1ResTime" : 667.6000000000001,
    "pct2ResTime" : 982.0,
    "pct3ResTime" : 982.0,
    "throughput" : 3.2327586206896552,
    "receivedKBytesPerSec" : 301.3722386853448,
    "sentKBytesPerSec" : 0.922893655711207
  },
  "login" : {
    "transaction" : "login",
    "sampleCount" : 5,
    "errorCount" : 0,
    "errorPct" : 0.0,
    "meanResTime" : 380.2,
    "medianResTime" : 227.0,
    "minResTime" : 224.0,
    "maxResTime" : 982.0,
    "pct1ResTime" : 982.0,
    "pct2ResTime" : 982.0,
    "pct3ResTime" : 982.0,
    "throughput" : 1.2094823415578133,
    "receivedKBytesPerSec" : 0.9472703495403967,
    "sentKBytesPerSec" : 0.3011894502902757
  },
  "create api key" : {
    "transaction" : "create api key",
    "sampleCount" : 5,
    "errorCount" : 0,
    "errorPct" : 0.0,
    "meanResTime" : 84.4,
    "medianResTime" : 89.0,
    "minResTime" : 76.0,
    "maxResTime" : 91.0,
    "pct1ResTime" : 91.0,
    "pct2ResTime" : 91.0,
    "pct3ResTime" : 91.0,
    "throughput" : 1.8677624206200971,
    "receivedKBytesPerSec" : 1.2395813877474784,
    "sentKBytesPerSec" : 0.5253081807994023
  }
}