{
  "zone activity" : {
    "transaction" : "zone activity",
    "sampleCount" : 5,
    "errorCount" : 0,
    "errorPct" : 0.0,
    "meanResTime" : 1055.6,
    "medianResTime" : 1163.0,
    "minResTime" : 386.0,
    "maxResTime" : 1678.0,
    "pct1ResTime" : 1678.0,
    "pct2ResTime" : 1678.0,
    "pct3ResTime" : 1678.0,
    "throughput" : 1.7047391749062393,
    "receivedKBytesPerSec" : 474.2940648440164,
    "sentKBytesPerSec" : 0.556037973065121
  },
  "Total" : {
    "transaction" : "Total",
    "sampleCount" : 15,
    "errorCount" : 0,
    "errorPct" : 0.0,
    "meanResTime" : 509.73333333333335,
    "medianResTime" : 239.0,
    "minResTime" : 76.0,
    "maxResTime" : 1678.0,
    "pct1ResTime" : 1660.0,
    "pct2ResTime" : 1678.0,
    "pct3ResTime" : 1678.0,
    "throughput" : 3.231365790607497,
    "receivedKBytesPerSec" : 301.23629194043514,
    "sentKBytesPerSec" : 0.9224960281128823
  },
  "login" : {
    "transaction" : "login",
    "sampleCount" : 5,
    "errorCount" : 0,
    "errorPct" : 0.0,
    "meanResTime" : 386.8,
    "medianResTime" : 239.0,
    "minResTime" : 229.0,
    "maxResTime" : 993.0,
    "pct1ResTime" : 993.0,
    "pct2ResTime" : 993.0,
    "pct3ResTime" : 993.0,
    "throughput" : 1.203369434416366,
    "receivedKBytesPerSec" : 0.9424827015643802,
    "sentKBytesPerSec" : 0.2996671931407942
  },
  "create api key" : {
    "transaction" : "create api key",
    "sampleCount" : 5,
    "errorCount" : 0,
    "errorPct" : 0.0,
    "meanResTime" : 86.8,
    "medianResTime" : 81.0,
    "minResTime" : 76.0,
    "maxResTime" : 99.0,
    "pct1ResTime" : 99.0,
    "pct2ResTime" : 99.0,
    "pct3ResTime" : 99.0,
    "throughput" : 1.8925056775170326,
    "receivedKBytesPerSec" : 1.2560027914458745,
    "sentKBytesPerSec" : 0.5322672218016654
  }
}