{
  "zone activity" : {
    "transaction" : "zone activity",
    "sampleCount" : 5,
    "errorCount" : 0,
    "errorPct" : 0.0,
    "meanResTime" : 1461.8,
    "medianResTime" : 1833.0,
    "minResTime" : 325.0,
    "maxResTime" : 2163.0,
    "pct1ResTime" : 2163.0,
    "pct2ResTime" : 2163.0,
    "pct3ResTime" : 2163.0,
    "throughput" : 1.8789928598271326,
    "receivedKBytesPerSec" : 522.8235244034198,
    "sentKBytesPerSec" : 0.612874624201428
  },
  "Total" : {
    "transaction" : "Total",
    "sampleCount" : 15,
    "errorCount" : 0,
    "errorPct" : 0.0,
    "meanResTime" : 642.1333333333333,
    "medianResTime" : 189.0,
    "minResTime" : 62.0,
    "maxResTime" : 2163.0,
    "pct1ResTime" : 2162.4,
    "pct2ResTime" : 2163.0,
    "pct3ResTime" : 2163.0,
    "throughput" : 3.342245989304813,
    "receivedKBytesPerSec" : 311.60133620209444,
    "sentKBytesPerSec" : 0.954150303587344
  },
  "login" : {
    "transaction" : "login",
    "sampleCount" : 5,
    "errorCount" : 0,
    "errorPct" : 0.0,
    "meanResTime" : 393.8,
    "medianResTime" : 189.0,
    "minResTime" : 188.0,
    "maxResTime" : 1158.0,
    "pct1ResTime" : 1158.0,
    "pct2ResTime" : 1158.0,
    "pct3ResTime" : 1158.0,
    "throughput" : 1.2198097096852891,
    "receivedKBytesPerSec" : 0.9553587765308611,
    "sentKBytesPerSec" : 0.3037612070017077
  },
  "create api key" : {
    "transaction" : "create api key",
    "sampleCount" : 5,
    "errorCount" : 0,
    "errorPct" : 0.0,
    "meanResTime" : 70.8,
    "medianResTime" : 63.0,
    "minResTime" : 62.0,
    "maxResTime" : 86.0,
    "pct1ResTime" : 86.0,
    "pct2ResTime" : 86.0,
    "pct3ResTime" : 86.0,
    "throughput" : 2.0550760378133988,
    "receivedKBytesPerSec" : 1.3634947852445543,
    "sentKBytesPerSec" : 0.5779901356350186
  }
}