{
  "zone activity" : {
    "transaction" : "zone activity",
    "sampleCount" : 5,
    "errorCount" : 0,
    "errorPct" : 0.0,
    "meanResTime" : 413.8,
    "medianResTime" : 426.0,
    "minResTime" : 373.0,
    "maxResTime" : 431.0,
    "pct1ResTime" : 431.0,
    "pct2ResTime" : 431.0,
    "pct3ResTime" : 431.0,
    "throughput" : 5.675368898978434,
    "receivedKBytesPerSec" : 1579.9329153660613,
    "sentKBytesPerSec" : 1.8511457150964812
  },
  "Total" : {
    "transaction" : "Total",
    "sampleCount" : 15,
    "errorCount" : 0,
    "errorPct" : 0.0,
    "meanResTime" : 615.0666666666667,
    "medianResTime" : 373.0,
    "minResTime" : 76.0,
    "maxResTime" : 3008.0,
    "pct1ResTime" : 2467.4000000000005,
    "pct2ResTime" : 3008.0,
    "pct3ResTime" : 3008.0,
    "throughput" : 3.27653997378768,
    "receivedKBytesPerSec" : 305.62609217999125,
    "sentKBytesPerSec" : 0.9353924339231104
  },
  "login" : {
    "transaction" : "login",
    "sampleCount" : 5,
    "errorCount" : 0,
    "errorPct" : 0.0,
    "meanResTime" : 1336.8,
    "medianResTime" : 1107.0,
    "minResTime" : 226.0,
    "maxResTime" : 3008.0,
    "pct1ResTime" : 3008.0,
    "pct2ResTime" : 3008.0,
    "pct3ResTime" : 3008.0,
    "throughput" : 1.2118274357731458,
    "receivedKBytesPerSec" : 0.9491070346582646,
    "sentKBytesPerSec" : 0.3017734337130392
  },
  "create api key" : {
    "transaction" : "create api key",
    "sampleCount" : 5,
    "errorCount" : 0,
    "errorPct" : 0.0,
    "meanResTime" : 94.6,
    "medianResTime" : 98.0,
    "minResTime" : 76.0,
    "maxResTime" : 102.0,
    "pct1ResTime" : 102.0,
    "pct2ResTime" : 102.0,
    "pct3ResTime" : 102.0,
    "throughput" : 8.077544426494345,
    "receivedKBytesPerSec" : 5.362416700323102,
    "sentKBytesPerSec" : 2.271809369951535
  }
}