{
  "zone activity" : {
    "transaction" : "zone activity",
    "sampleCount" : 5,
    "errorCount" : 0,
    "errorPct" : 0.0,
    "meanResTime" : 148.4,
    "medianResTime" : 144.0,
    "minResTime" : 139.0,
    "maxResTime" : 164.0,
    "pct1ResTime" : 164.0,
    "pct2ResTime" : 164.0,
    "pct3ResTime" : 164.0,
    "throughput" : 3.125,
    "receivedKBytesPerSec" : 870.3704833984375,
    "sentKBytesPerSec" : 1.019287109375
  },
  "Total" : {
    "transaction" : "Total",
    "sampleCount" : 15,
    "errorCount" : 0,
    "errorPct" : 0.0,
    "meanResTime" : 286.66666666666663,
    "medianResTime" : 98.0,
    "minResTime" : 34.0,
    "maxResTime" : 1958.0,
    "pct1ResTime" : 1412.6000000000004,
    "pct2ResTime" : 1958.0,
    "pct3ResTime" : 1958.0,
    "throughput" : 3.5842293906810037,
    "receivedKBytesPerSec" : 334.48724051672644,
    "sentKBytesPerSec" : 1.0232321535244924
  },
  "login" : {
    "transaction" : "login",
    "sampleCount" : 5,
    "errorCount" : 0,
    "errorPct" : 0.0,
    "meanResTime" : 659.4,
    "medianResTime" : 98.0,
    "minResTime" : 95.0,
    "maxResTime" : 1958.0,
    "pct1ResTime" : 1958.0,
    "pct2ResTime" : 1958.0,
    "pct3ResTime" : 1958.0,
    "throughput" : 1.2471938139186831,
    "receivedKBytesPerSec" : 0.9768060925417809,
    "sentKBytesPerSec" : 0.31058049077076577
  },
  "create api key" : {
    "transaction" : "create api key",
    "sampleCount" : 5,
    "errorCount" : 0,
    "errorPct" : 0.0,
    "meanResTime" : 52.2,
    "medianResTime" : 54.0,
    "minResTime" : 34.0,
    "maxResTime" : 65.0,
    "pct1ResTime" : 65.0,
    "pct2ResTime" : 65.0,
    "pct3ResTime" : 65.0,
    "throughput" : 3.2722513089005236,
    "receivedKBytesPerSec" : 2.172979384816754,
    "sentKBytesPerSec" : 0.9203206806282722
  }
}