{
  "zone activity" : {
    "transaction" : "zone activity",
    "sampleCount" : 5,
    "errorCount" : 0,
    "errorPct" : 0.0,
    "meanResTime" : 505.0,
    "medianResTime" : 423.0,
    "minResTime" : 396.0,
    "maxResTime" : 653.0,
    "pct1ResTime" : 653.0,
    "pct2ResTime" : 653.0,
    "pct3ResTime" : 653.0,
    "throughput" : 1.7953321364452424,
    "receivedKBytesPerSec" : 499.87727221723515,
    "sentKBytesPerSec" : 0.5855868491921005
  },
  "Total" : {
    "transaction" : "Total",
    "sampleCount" : 15,
    "errorCount" : 0,
    "errorPct" : 0.0,
    "meanResTime" : 364.53333333333336,
    "medianResTime" : 266.0,
    "minResTime" : 79.0,
    "maxResTime" : 1142.0,
    "pct1ResTime" : 848.6000000000001,
    "pct2ResTime" : 1142.0,
    "pct3ResTime" : 1142.0,
    "throughput" : 3.210616438356164,
    "receivedKBytesPerSec" : 299.52835710081337,
    "sentKBytesPerSec" : 0.9165724662885275
  },
  "login" : {
    "transaction" : "login",
    "sampleCount" : 5,
    "errorCount" : 0,
    "errorPct" : 0.0,
    "meanResTime" : 470.4,
    "medianResTime" : 266.0,
    "minResTime" : 249.0,
    "maxResTime" : 1142.0,
    "pct1ResTime" : 1142.0,
    "pct2ResTime" : 1142.0,
    "pct3ResTime" : 1142.0,
    "throughput" : 1.1999040076793857,
    "receivedKBytesPerSec" : 0.9400029247660188,
    "sentKBytesPerSec" : 0.298804220662347
  },
  "create api key" : {
    "transaction" : "create api key",
    "sampleCount" : 5,
    "errorCount" : 0,
    "errorPct" : 0.0,
    "meanResTime" : 118.2,
    "medianResTime" : 87.0,
    "minResTime" : 79.0,
    "maxResTime" : 174.0,
    "pct1ResTime" : 174.0,
    "pct2ResTime" : 174.0,
    "pct3ResTime" : 174.0,
    "throughput" : 1.9623233908948192,
    "receivedKBytesPerSec" : 1.3034886430533752,
    "sentKBytesPerSec" : 0.5519034536891679
  }
}