{
  "zone activity" : {
    "transaction" : "zone activity",
    "sampleCount" : 5,
    "errorCount" : 0,
    "errorPct" : 0.0,
    "meanResTime" : 549.8,
    "medianResTime" : 815.0,
    "minResTime" : 142.0,
    "maxResTime" : 827.0,
    "pct1ResTime" : 827.0,
    "pct2ResTime" : 827.0,
    "pct3ResTime" : 827.0,
    "throughput" : 2.6939655172413794,
    "receivedKBytesPerSec" : 749.9263368803879,
    "sentKBytesPerSec" : 0.8786957839439655
  },
  "Total" : {
    "transaction" : "Total",
    "sampleCount" : 15,
    "errorCount" : 0,
    "errorPct" : 0.0,
    "meanResTime" : 378.6,
    "medianResTime" : 105.0,
    "minResTime" : 31.0,
    "maxResTime" : 1661.0,
    "pct1ResTime" : 1160.6000000000004,
    "pct2ResTime" : 1661.0,
    "pct3ResTime" : 1661.0,
    "throughput" : 3.593675131768088,
    "receivedKBytesPerSec" : 335.19373090860086,
    "sentKBytesPerSec" : 1.0259287404168662
  },
  "login" : {
    "transaction" : "login",
    "sampleCount" : 5,
    "errorCount" : 0,
    "errorPct" : 0.0,
    "meanResTime" : 539.6,
    "medianResTime" : 105.0,
    "minResTime" : 88.0,
    "maxResTime" : 1661.0,
    "pct1ResTime" : 1661.0,
    "pct2ResTime" : 1661.0,
    "pct3ResTime" : 1661.0,
    "throughput" : 1.250625312656328,
    "receivedKBytesPerSec" : 0.9794936530765382,
    "sentKBytesPerSec" : 0.31143501438219107
  },
  "create api key" : {
    "transaction" : "create api key",
    "sampleCount" : 5,
    "errorCount" : 0,
    "errorPct" : 0.0,
    "meanResTime" : 46.4,
    "medianResTime" : 55.0,
    "minResTime" : 31.0,
    "maxResTime" : 57.0,
    "pct1ResTime" : 57.0,
    "pct2ResTime" : 57.0,
    "pct3ResTime" : 57.0,
    "throughput" : 2.8011204481792715,
    "receivedKBytesPerSec" : 1.8595719537815127,
    "sentKBytesPerSec" : 0.7878151260504203
  }
}