{
  "zone activity" : {
    "transaction" : "zone activity",
    "sampleCount" : 5,
    "errorCount" : 0,
    "errorPct" : 0.0,
    "meanResTime" : 506.4,
    "medianResTime" : 560.0,
    "minResTime" : 74.0,
    "maxResTime" : 906.0,
    "pct1ResTime" : 906.0,
    "pct2ResTime" : 906.0,
    "pct3ResTime" : 906.0,
    "throughput" : 2.127659574468085,
    "receivedKBytesPerSec" : 591.9514627659574,
    "sentKBytesPerSec" : 0.6939827127659575
  },
  "Total" : {
    "transaction" : "Total",
    "sampleCount" : 15,
    "errorCount" : 0,
    "errorPct" : 0.0,
    "meanResTime" : 271.7333333333333,
    "medianResTime" : 66.0,
    "minResTime" : 15.0,
    "maxResTime" : 1062.0,
    "pct1ResTime" : 968.4000000000001,
    "pct2ResTime" : 1062.0,
    "pct3ResTime" : 1062.0,
    "throughput" : 3.7257824143070044,
    "receivedKBytesPerSec" : 347.3222394280924,
    "sentKBytesPerSec" : 1.0636429613760556
  },
  "login" : {
    "transaction" : "login",
    "sampleCount" : 5,
    "errorCount" : 0,
    "errorPct" : 0.0,
    "meanResTime" : 277.2,
    "medianResTime" : 53.0,
    "minResTime" : 48.0,
    "maxResTime" : 1062.0,
    "pct1ResTime" : 1062.0,
    "pct2ResTime" : 1062.0,
    "pct3ResTime" : 1062.0,
    "throughput" : 1.2709710218607015,
    "receivedKBytesPerSec" : 0.9954284761057447,
    "sentKBytesPerSec" : 0.31650157282663954
  },
  "create api key" : {
    "transaction" : "create api key",
    "sampleCount" : 5,
    "errorCount" : 0,
    "errorPct" : 0.0,
    "meanResTime" : 31.6,
    "medianResTime" : 29.0,
    "minResTime" : 15.0,
    "maxResTime" : 66.0,
    "pct1ResTime" : 66.0,
    "pct2ResTime" : 66.0,
    "pct3ResTime" : 66.0,
    "throughput" : 2.155172413793103,
    "receivedKBytesPerSec" : 1.429906384698276,
    "sentKBytesPerSec" : 0.6061422413793104
  }
}