{
  "zone activity" : {
    "transaction" : "zone activity",
    "sampleCount" : 5,
    "errorCount" : 0,
    "errorPct" : 0.0,
    "meanResTime" : 108.8,
    "medianResTime" : 98.0,
    "minResTime" : 83.0,
    "maxResTime" : 141.0,
    "pct1ResTime" : 141.0,
    "pct2ResTime" : 141.0,
    "pct3ResTime" : 141.0,
    "throughput" : 1.6772895001677288,
    "receivedKBytesPerSec" : 466.47648649781956,
    "sentKBytesPerSec" : 0.547084661187521
  },
  "Total" : {
    "transaction" : "Total",
    "sampleCount" : 15,
    "errorCount" : 0,
    "errorPct" : 0.0,
    "meanResTime" : 91.39999999999999,
    "medianResTime" : 56.0,
    "minResTime" : 20.0,
    "maxResTime" : 480.0,
    "pct1ResTime" : 276.60000000000014,
    "pct2ResTime" : 480.0,
    "pct3ResTime" : 480.0,
    "throughput" : 3.663003663003663,
    "receivedKBytesPerSec" : 341.3437690781441,
    "sentKBytesPerSec" : 1.0457207722832724
  },
  "login" : {
    "transaction" : "login",
    "sampleCount" : 5,
    "errorCount" : 0,
    "errorPct" : 0.0,
    "meanResTime" : 143.2,
    "medianResTime" : 56.0,
    "minResTime" : 53.0,
    "maxResTime" : 480.0,
    "pct1ResTime" : 480.0,
    "pct2ResTime" : 480.0,
    "pct3ResTime" : 480.0,
    "throughput" : 1.2584948401711553,
    "receivedKBytesPerSec" : 0.9856570916184244,
    "sentKBytesPerSec" : 0.3133947111754342
  },
  "create api key" : {
    "transaction" : "create api key",
    "sampleCount" : 5,
    "errorCount" : 0,
    "errorPct" : 0.0,
    "meanResTime" : 22.2,
    "medianResTime" : 23.0,
    "minResTime" : 20.0,
    "maxResTime" : 24.0,
    "pct1ResTime" : 24.0,
    "pct2ResTime" : 24.0,
    "pct3ResTime" : 24.0,
    "throughput" : 1.7117425539198905,
    "receivedKBytesPerSec" : 1.1367040397124273,
    "sentKBytesPerSec" : 0.4814275932899692
  }
}