{
  "zone activity" : {
    "transaction" : "zone activity",
    "sampleCount" : 5,
    "errorCount" : 0,
    "errorPct" : 0.0,
    "meanResTime" : 349.2,
    "medianResTime" : 328.0,
    "minResTime" : 322.0,
    "maxResTime" : 395.0,
    "pct1ResTime" : 395.0,
    "pct2ResTime" : 395.0,
    "pct3ResTime" : 395.0,
    "throughput" : 2.035002035002035,
    "receivedKBytesPerSec" : 566.2234177859178,
    "sentKBytesPerSec" : 0.6637604293854295
  },
  "Total" : {
    "transaction" : "Total",
    "sampleCount" : 15,
    "errorCount" : 0,
    "errorPct" : 0.0,
    "meanResTime" : 303.73333333333335,
    "medianResTime" : 207.0,
    "minResTime" : 63.0,
    "maxResTime" : 1387.0,
    "pct1ResTime" : 842.8000000000003,
    "pct2ResTime" : 1387.0,
    "pct3ResTime" : 1387.0,
    "throughput" : 3.345973678340397,
    "receivedKBytesPerSec" : 311.9440804149008,
    "sentKBytesPerSec" : 0.9552144908543387
  },
  "login" : {
    "transaction" : "login",
    "sampleCount" : 5,
    "errorCount" : 0,
    "errorPct" : 0.0,
    "meanResTime" : 490.6,
    "medianResTime" : 207.0,
    "minResTime" : 187.0,
    "maxResTime" : 1387.0,
    "pct1ResTime" : 1387.0,
    "pct2ResTime" : 1387.0,
    "pct3ResTime" : 1387.0,
    "throughput" : 1.2218963831867058,
    "receivedKBytesPerSec" : 0.9569930657380255,
    "sentKBytesPerSec" : 0.3042808376099707
  },
  "create api key" : {
    "transaction" : "create api key",
    "sampleCount" : 5,
    "errorCount" : 0,
    "errorPct" : 0.0,
    "meanResTime" : 71.4,
    "medianResTime" : 68.0,
    "minResTime" : 63.0,
    "maxResTime" : 82.0,
    "pct1ResTime" : 82.0,
    "pct2ResTime" : 82.0,
    "pct3ResTime" : 82.0,
    "throughput" : 2.244165170556553,
    "receivedKBytesPerSec" : 1.4893893065529622,
    "sentKBytesPerSec" : 0.6311714542190304
  }
}