{
  "zone activity" : {
    "transaction" : "zone activity",
    "sampleCount" : 5,
    "errorCount" : 0,
    "errorPct" : 0.0,
    "meanResTime" : 91.6,
    "medianResTime" : 91.0,
    "minResTime" : 89.0,
    "maxResTime" : 97.0,
    "pct1ResTime" : 97.0,
    "pct2ResTime" : 97.0,
    "pct3ResTime" : 97.0,
    "throughput" : 2.044153720359771,
    "receivedKBytesPerSec" : 568.6803710139002,
    "sentKBytesPerSec" : 0.6667454517579722
  },
  "Total" : {
    "transaction" : "Total",
    "sampleCount" : 15,
    "errorCount" : 0,
    "errorPct" : 0.0,
    "meanResTime" : 117.20000000000003,
    "medianResTime" : 61.0,
    "minResTime" : 14.0,
    "maxResTime" : 962.0,
    "pct1ResTime" : 443.0000000000003,
    "pct2ResTime" : 962.0,
    "pct3ResTime" : 962.0,
    "throughput" : 3.700962250185048,
    "receivedKBytesPerSec" : 344.98534071983715,
    "sentKBytesPerSec" : 1.0565572569701456
  },
  "login" : {
    "transaction" : "login",
    "sampleCount" : 5,
    "errorCount" : 0,
    "errorPct" : 0.0,
    "meanResTime" : 232.0,
    "medianResTime" : 46.0,
    "minResTime" : 44.0,
    "maxResTime" : 962.0,
    "pct1ResTime" : 962.0,
    "pct2ResTime" : 962.0,
    "pct3ResTime" : 962.0,
    "throughput" : 1.2674271229404308,
    "receivedKBytesPerSec" : 0.9926528833967048,
    "sentKBytesPerSec" : 0.31561905893536124
  },
  "create api key" : {
    "transaction" : "create api key",
    "sampleCount" : 5,
    "errorCount" : 0,
    "errorPct" : 0.0,
    "meanResTime" : 28.0,
    "medianResTime" : 14.0,
    "minResTime" : 14.0,
    "maxResTime" : 61.0,
    "pct1ResTime" : 61.0,
    "pct2ResTime" : 61.0,
    "pct3ResTime" : 61.0,
    "throughput" : 2.079002079002079,
    "receivedKBytesPerSec" : 1.379369152806653,
    "sentKBytesPerSec" : 0.5847193347193348
  }
}