{
  "zone activity" : {
    "transaction" : "zone activity",
    "sampleCount" : 5,
    "errorCount" : 0,
    "errorPct" : 0.0,
    "meanResTime" : 1520.4,
    "medianResTime" : 1896.0,
    "minResTime" : 419.0,
    "maxResTime" : 1932.0,
    "pct1ResTime" : 1932.0,
    "pct2ResTime" : 1932.0,
    "pct3ResTime" : 1932.0,
    "throughput" : 2.5746652935118437,
    "receivedKBytesPerSec" : 716.2789247554068,
    "sentKBytesPerSec" : 0.8397834062821833
  },
  "Total" : {
    "transaction" : "Total",
    "sampleCount" : 15,
    "errorCount" : 0,
    "errorPct" : 0.0,
    "meanResTime" : 686.0666666666666,
    "medianResTime" : 72.0,
    "minResTime" : 19.0,
    "maxResTime" : 1932.0,
    "pct1ResTime" : 1928.4,
    "pct2ResTime" : 1932.0,
    "pct3ResTime" : 1932.0,
    "throughput" : 3.3821871476888385,
    "receivedKBytesPerSec" : 315.2757715614431,
    "sentKBytesPerSec" : 0.9655527762119505
  },
  "login" : {
    "transaction" : "login",
    "sampleCount" : 5,
    "errorCount" : 0,
    "errorPct" : 0.0,
    "meanResTime" : 506.4,
    "medianResTime" : 72.0,
    "minResTime" : 56.0,
    "maxResTime" : 1630.0,
    "pct1ResTime" : 1630.0,
    "pct2ResTime" : 1630.0,
    "pct3ResTime" : 1630.0,
    "throughput" : 1.2575452716297786,
    "receivedKBytesPerSec" : 0.9849133865694165,
    "sentKBytesPerSec" : 0.31315824635311873
  },
  "create api key" : {
    "transaction" : "create api key",
    "sampleCount" : 5,
    "errorCount" : 0,
    "errorPct" : 0.0,
    "meanResTime" : 31.4,
    "medianResTime" : 28.0,
    "minResTime" : 19.0,
    "maxResTime" : 46.0,
    "pct1ResTime" : 46.0,
    "pct2ResTime" : 46.0,
    "pct3ResTime" : 46.0,
    "throughput" : 3.1847133757961785,
    "receivedKBytesPerSec" : 2.1136046974522293,
    "sentKBytesPerSec" : 0.8957006369426751
  }
}