{
  "zone activity" : {
    "transaction" : "zone activity",
    "sampleCount" : 5,
    "errorCount" : 0,
    "errorPct" : 0.0,
    "meanResTime" : 85.2,
    "medianResTime" : 80.0,
    "minResTime" : 72.0,
    "maxResTime" : 103.0,
    "pct1ResTime" : 103.0,
    "pct2ResTime" : 103.0,
    "pct3ResTime" : 103.0,
    "throughput" : 2.1729682746631895,
    "receivedKBytesPerSec" : 604.8253476749239,
    "sentKBytesPerSec" : 0.7087611364624076
  },
  "Total" : {
    "transaction" : "Total",
    "sampleCount" : 15,
    "errorCount" : 0,
    "errorPct" : 0.0,
    "meanResTime" : 134.20000000000005,
    "medianResTime" : 55.0,
    "minResTime" : 17.0,
    "maxResTime" : 1094.0,
    "pct1ResTime" : 561.8000000000003,
    "pct2ResTime" : 1094.0,
    "pct3ResTime" : 1094.0,
    "throughput" : 3.7165510406342914,
    "receivedKBytesPerSec" : 346.6145994641973,
    "sentKBytesPerSec" : 1.0610075724727455
  },
  "login" : {
    "transaction" : "login",
    "sampleCount" : 5,
    "errorCount" : 0,
    "errorPct" : 0.0,
    "meanResTime" : 291.2,
    "medianResTime" : 55.0,
    "minResTime" : 50.0,
    "maxResTime" : 1094.0,
    "pct1ResTime" : 1094.0,
    "pct2ResTime" : 1094.0,
    "pct3ResTime" : 1094.0,
    "throughput" : 1.2703252032520325,
    "receivedKBytesPerSec" : 0.9949226689532521,
    "sentKBytesPerSec" : 0.3163407488567073
  },
  "create api key" : {
    "transaction" : "create api key",
    "sampleCount" : 5,
    "errorCount" : 0,
    "errorPct" : 0.0,
    "meanResTime" : 26.2,
    "medianResTime" : 18.0,
    "minResTime" : 17.0,
    "maxResTime" : 42.0,
    "pct1ResTime" : 42.0,
    "pct2ResTime" : 42.0,
    "pct3ResTime" : 42.0,
    "throughput" : 2.2026431718061676,
    "receivedKBytesPerSec" : 1.4614021200440528,
    "sentKBytesPerSec" : 0.6194933920704846
  }
}