{
  "zone activity" : {
    "transaction" : "zone activity",
    "sampleCount" : 10,
    "errorCount" : 0,
    "errorPct" : 0.0,
    "meanResTime" : 50.4,
    "medianResTime" : 50.0,
    "minResTime" : 49.0,
    "maxResTime" : 53.0,
    "pct1ResTime" : 52.9,
    "pct2ResTime" : 53.0,
    "pct3ResTime" : 53.0,
    "throughput" : 1.3475272874275706,
    "receivedKBytesPerSec" : 21.0235311952567,
    "sentKBytesPerSec" : 0.43820955733728606
  },
  "Total" : {
    "transaction" : "Total",
    "sampleCount" : 30,
    "errorCount" : 0,
    "errorPct" : 0.0,
    "meanResTime" : 86.1,
    "medianResTime" : 50.0,
    "minResTime" : 28.0,
    "maxResTime" : 999.0,
    "pct1ResTime" : 86.9,
    "pct2ResTime" : 501.2499999999994,
    "pct3ResTime" : 999.0,
    "throughput" : 3.30724286186749,
    "receivedKBytesPerSec" : 21.033289466431487,
    "sentKBytesPerSec" : 0.9441575487818322
  },
  "login" : {
    "transaction" : "login",
    "sampleCount" : 10,
    "errorCount" : 0,
    "errorPct" : 0.0,
    "meanResTime" : 176.10000000000002,
    "medianResTime" : 84.0,
    "minResTime" : 80.0,
    "maxResTime" : 999.0,
    "pct1ResTime" : 908.5000000000003,
    "pct2ResTime" : 999.0,
    "pct3ResTime" : 999.0,
    "throughput" : 1.112470797641562,
    "receivedKBytesPerSec" : 2.001143759038825,
    "sentKBytesPerSec" : 0.27811769941039044
  },
  "create api key" : {
    "transaction" : "create api key",
    "sampleCount" : 10,
    "errorCount" : 0,
    "errorPct" : 0.0,
    "meanResTime" : 31.800000000000004,
    "medianResTime" : 30.0,
    "minResTime" : 28.0,
    "maxResTime" : 45.0,
    "pct1ResTime" : 44.400000000000006,
    "pct2ResTime" : 45.0,
    "pct3ResTime" : 45.0,
    "throughput" : 1.3468013468013469,
    "receivedKBytesPerSec" : 2.2611531986531985,
    "sentKBytesPerSec" : 0.3787878787878788
  }
}