{
  "zone activity" : {
    "transaction" : "zone activity",
    "sampleCount" : 5,
    "errorCount" : 0,
    "errorPct" : 0.0,
    "meanResTime" : 755.6,
    "medianResTime" : 1122.0,
    "minResTime" : 144.0,
    "maxResTime" : 1175.0,
    "pct1ResTime" : 1175.0,
    "pct2ResTime" : 1175.0,
    "pct3ResTime" : 1175.0,
    "throughput" : 2.3030861354214647,
    "receivedKBytesPerSec" : 641.0671745451406,
    "sentKBytesPerSec" : 0.7512019230769231
  },
  "Total" : {
    "transaction" : "Total",
    "sampleCount" : 15,
    "errorCount" : 0,
    "errorPct" : 0.0,
    "meanResTime" : 403.8666666666666,
    "medianResTime" : 99.0,
    "minResTime" : 30.0,
    "maxResTime" : 1330.0,
    "pct1ResTime" : 1237.0,
    "pct2ResTime" : 1330.0,
    "pct3ResTime" : 1330.0,
    "throughput" : 3.5971223021582737,
    "receivedKBytesPerSec" : 335.48949902577937,
    "sentKBytesPerSec" : 1.0269128447242206
  },
  "login" : {
    "transaction" : "login",
    "sampleCount" : 5,
    "errorCount" : 0,
    "errorPct" : 0.0,
    "meanResTime" : 408.00000000000006,
    "medianResTime" : 99.0,
    "minResTime" : 88.0,
    "maxResTime" : 1330.0,
    "pct1ResTime" : 1330.0,
    "pct2ResTime" : 1330.0,
    "pct3ResTime" : 1330.0,
    "throughput" : 1.2518778167250877,
    "receivedKBytesPerSec" : 0.9804746181772659,
    "sentKBytesPerSec" : 0.3117469172508763
  },
  "create api key" : {
    "transaction" : "create api key",
    "sampleCount" : 5,
    "errorCount" : 0,
    "errorPct" : 0.0,
    "meanResTime" : 48.0,
    "medianResTime" : 35.0,
    "minResTime" : 30.0,
    "maxResTime" : 79.0,
    "pct1ResTime" : 79.0,
    "pct2ResTime" : 79.0,
    "pct3ResTime" : 79.0,
    "throughput" : 2.371916508538899,
    "receivedKBytesPerSec" : 1.5741742765654647,
    "sentKBytesPerSec" : 0.6671015180265655
  }
}