{
  "zone activity" : {
    "transaction" : "zone activity",
    "sampleCount" : 5,
    "errorCount" : 0,
    "errorPct" : 0.0,
    "meanResTime" : 827.2,
    "medianResTime" : 1014.0,
    "minResTime" : 202.0,
    "maxResTime" : 1368.0,
    "pct1ResTime" : 1368.0,
    "pct2ResTime" : 1368.0,
    "pct3ResTime" : 1368.0,
    "throughput" : 1.9801980198019802,
    "receivedKBytesPerSec" : 550.8806466584159,
    "sentKBytesPerSec" : 0.645884900990099
  },
  "Total" : {
    "transaction" : "Total",
    "sampleCount" : 15,
    "errorCount" : 0,
    "errorPct" : 0.0,
    "meanResTime" : 406.93333333333334,
    "medianResTime" : 142.0,
    "minResTime" : 44.0,
    "maxResTime" : 1368.0,
    "pct1ResTime" : 1353.0,
    "pct2ResTime" : 1368.0,
    "pct3ResTime" : 1368.0,
    "throughput" : 3.490807540144287,
    "receivedKBytesPerSec" : 325.3916704241331,
    "sentKBytesPerSec" : 0.9965619181987434
  },
  "login" : {
    "transaction" : "login",
    "sampleCount" : 5,
    "errorCount" : 0,
    "errorPct" : 0.0,
    "meanResTime" : 340.6,
    "medianResTime" : 142.0,
    "minResTime" : 134.0,
    "maxResTime" : 1102.0,
    "pct1ResTime" : 1102.0,
    "pct2ResTime" : 1102.0,
    "pct3ResTime" : 1102.0,
    "throughput" : 1.2351778656126482,
    "receivedKBytesPerSec" : 0.9673951642786561,
    "sentKBytesPerSec" : 0.3075882380187747
  },
  "create api key" : {
    "transaction" : "create api key",
    "sampleCount" : 5,
    "errorCount" : 0,
    "errorPct" : 0.0,
    "meanResTime" : 53.0,
    "medianResTime" : 55.0,
    "minResTime" : 44.0,
    "maxResTime" : 61.0,
    "pct1ResTime" : 61.0,
    "pct2ResTime" : 61.0,
    "pct3ResTime" : 61.0,
    "throughput" : 2.085070892410342,
    "receivedKBytesPerSec" : 1.3838029086738948,
    "sentKBytesPerSec" : 0.5864261884904086
  }
}