{
  "zone activity" : {
    "transaction" : "zone activity",
    "sampleCount" : 5,
    "errorCount" : 0,
    "errorPct" : 0.0,
    "meanResTime" : 99.6,
    "medianResTime" : 92.0,
    "minResTime" : 91.0,
    "maxResTime" : 113.0,
    "pct1ResTime" : 113.0,
    "pct2ResTime" : 113.0,
    "pct3ResTime" : 113.0,
    "throughput" : 1.9447685725398676,
    "receivedKBytesPerSec" : 540.9278825116686,
    "sentKBytesPerSec" : 0.6343288117464021
  },
  "Total" : {
    "transaction" : "Total",
    "sampleCount" : 15,
    "errorCount" : 0,
    "errorPct" : 0.0,
    "meanResTime" : 111.73333333333335,
    "medianResTime" : 47.0,
    "minResTime" : 15.0,
    "maxResTime" : 864.0,
    "pct1ResTime" : 413.40000000000026,
    "pct2ResTime" : 864.0,
    "pct3ResTime" : 864.0,
    "throughput" : 3.695491500369549,
    "receivedKBytesPerSec" : 344.40970297487064,
    "sentKBytesPerSec" : 1.0549954576250307
  },
  "login" : {
    "transaction" : "login",
    "sampleCount" : 5,
    "errorCount" : 0,
    "errorPct" : 0.0,
    "meanResTime" : 209.39999999999998,
    "medianResTime" : 43.0,
    "minResTime" : 42.0,
    "maxResTime" : 864.0,
    "pct1ResTime" : 864.0,
    "pct2ResTime" : 864.0,
    "pct3ResTime" : 864.0,
    "throughput" : 1.2661433274246643,
    "receivedKBytesPerSec" : 0.9916474107368954,
    "sentKBytesPerSec" : 0.31529936376297796
  },
  "create api key" : {
    "transaction" : "create api key",
    "sampleCount" : 5,
    "errorCount" : 0,
    "errorPct" : 0.0,
    "meanResTime" : 26.2,
    "medianResTime" : 15.0,
    "minResTime" : 15.0,
    "maxResTime" : 47.0,
    "pct1ResTime" : 47.0,
    "pct2ResTime" : 47.0,
    "pct3ResTime" : 47.0,
    "throughput" : 1.9739439399921042,
    "receivedKBytesPerSec" : 1.3096655398736676,
    "sentKBytesPerSec" : 0.5551717331227793
  }
}