{
  "zone activity" : {
    "transaction" : "zone activity",
    "sampleCount" : 5,
    "errorCount" : 0,
    "errorPct" : 0.0,
    "meanResTime" : 477.8,
    "medianResTime" : 431.0,
    "minResTime" : 412.0,
    "maxResTime" : 570.0,
    "pct1ResTime" : 570.0,
    "pct2ResTime" : 570.0,
    "pct3ResTime" : 570.0,
    "throughput" : 1.9149751053236308,
    "receivedKBytesPerSec" : 532.6985739419762,
    "sentKBytesPerSec" : 0.6246110206817311
  },
  "Total" : {
    "transaction" : "Total",
    "sampleCount" : 15,
    "errorCount" : 0,
    "errorPct" : 0.0,
    "meanResTime" : 369.59999999999997,
    "medianResTime" : 285.0,
    "minResTime" : 94.0,
    "maxResTime" : 1245.0,
    "pct1ResTime" : 840.0000000000002,
    "pct2ResTime" : 1245.0,
    "pct3ResTime" : 1245.0,
    "throughput" : 3.1847133757961785,
    "receivedKBytesPerSec" : 296.839545183121,
    "sentKBytesPerSec" : 0.909177614118896
  },
  "login" : {
    "transaction" : "login",
    "sampleCount" : 5,
    "errorCount" : 0,
    "errorPct" : 0.0,
    "meanResTime" : 483.0,
    "medianResTime" : 285.0,
    "minResTime" : 270.0,
    "maxResTime" : 1245.0,
    "pct1ResTime" : 1245.0,
    "pct2ResTime" : 1245.0,
    "pct3ResTime" : 1245.0,
    "throughput" : 1.1981787682722262,
    "receivedKBytesPerSec" : 0.9384173556194584,
    "sentKBytesPerSec" : 0.2983745956146657
  },
  "create api key" : {
    "transaction" : "create api key",
    "sampleCount" : 5,
    "errorCount" : 0,
    "errorPct" : 0.0,
    "meanResTime" : 148.0,
    "medianResTime" : 103.0,
    "minResTime" : 94.0,
    "maxResTime" : 222.0,
    "pct1ResTime" : 222.0,
    "pct2ResTime" : 222.0,
    "pct3ResTime" : 222.0,
    "throughput" : 2.071251035625518,
    "receivedKBytesPerSec" : 1.3762492232808616,
    "sentKBytesPerSec" : 0.5825393537696768
  }
}