{
  "zone activity" : {
    "transaction" : "zone activity",
    "sampleCount" : 5,
    "errorCount" : 0,
    "errorPct" : 0.0,
    "meanResTime" : 1253.6,
    "medianResTime" : 1522.0,
    "minResTime" : 420.0,
    "maxResTime" : 1899.0,
    "pct1ResTime" : 1899.0,
    "pct2ResTime" : 1899.0,
    "pct3ResTime" : 1899.0,
    "throughput" : 1.7863522686673812,
    "receivedKBytesPerSec" : 497.04030736423726,
    "sentKBytesPerSec" : 0.5826578688817435
  },
  "Total" : {
    "transaction" : "Total",
    "sampleCount" : 15,
    "errorCount" : 0,
    "errorPct" : 0.0,
    "meanResTime" : 590.8,
    "medianResTime" : 253.0,
    "minResTime" : 76.0,
    "maxResTime" : 1899.0,
    "pct1ResTime" : 1896.6,
    "pct2ResTime" : 1899.0,
    "pct3ResTime" : 1899.0,
    "throughput" : 3.218884120171674,
    "receivedKBytesPerSec" : 300.096817998927,
    "sentKBytesPerSec" : 0.9189327387339056
  },
  "login" : {
    "transaction" : "login",
    "sampleCount" : 5,
    "errorCount" : 0,
    "errorPct" : 0.0,
    "meanResTime" : 426.2,
    "medianResTime" : 253.0,
    "minResTime" : 229.0,
    "maxResTime" : 1150.0,
    "pct1ResTime" : 1150.0,
    "pct2ResTime" : 1150.0,
    "pct3ResTime" : 1150.0,
    "throughput" : 1.2045290291496025,
    "receivedKBytesPerSec" : 0.9433908997831848,
    "sentKBytesPerSec" : 0.29995595940737174
  },
  "create api key" : {
    "transaction" : "create api key",
    "sampleCount" : 5,
    "errorCount" : 0,
    "errorPct" : 0.0,
    "meanResTime" : 92.6,
    "medianResTime" : 86.0,
    "minResTime" : 76.0,
    "maxResTime" : 115.0,
    "pct1ResTime" : 115.0,
    "pct2ResTime" : 115.0,
    "pct3ResTime" : 115.0,
    "throughput" : 2.0064205457463884,
    "receivedKBytesPerSec" : 1.33199676464687,
    "sentKBytesPerSec" : 0.5643057784911718
  }
}