{
  "zone activity" : {
    "transaction" : "zone activity",
    "sampleCount" : 5,
    "errorCount" : 0,
    "errorPct" : 0.0,
    "meanResTime" : 1161.4,
    "medianResTime" : 1445.0,
    "minResTime" : 416.0,
    "maxResTime" : 1758.0,
    "pct1ResTime" : 1758.0,
    "pct2ResTime" : 1758.0,
    "pct3ResTime" : 1758.0,
    "throughput" : 1.8450184501845017,
    "receivedKBytesPerSec" : 513.2282777905904,
    "sentKBytesPerSec" : 0.6017931273062731
  },
  "Total" : {
    "transaction" : "Total",
    "sampleCount" : 15,
    "errorCount" : 0,
    "errorPct" : 0.0,
    "meanResTime" : 571.9333333333333,
    "medianResTime" : 261.0,
    "minResTime" : 82.0,
    "maxResTime" : 1758.0,
    "pct1ResTime" : 1747.8,
    "pct2ResTime" : 1758.0,
    "pct3ResTime" : 1758.0,
    "throughput" : 3.225806451612903,
    "receivedKBytesPerSec" : 300.6634324596774,
    "sentKBytesPerSec" : 0.9209089381720429
  },
  "login" : {
    "transaction" : "login",
    "sampleCount" : 5,
    "errorCount" : 0,
    "errorPct" : 0.0,
    "meanResTime" : 458.6,
    "medianResTime" : 261.0,
    "minResTime" : 240.0,
    "maxResTime" : 1223.0,
    "pct1ResTime" : 1223.0,
    "pct2ResTime" : 1223.0,
    "pct3ResTime" : 1223.0,
    "throughput" : 1.2056908608632746,
    "receivedKBytesPerSec" : 0.9443008500120569,
    "sentKBytesPerSec" : 0.30024528273450685
  },
  "create api key" : {
    "transaction" : "create api key",
    "sampleCount" : 5,
    "errorCount" : 0,
    "errorPct" : 0.0,
    "meanResTime" : 95.8,
    "medianResTime" : 86.0,
    "minResTime" : 82.0,
    "maxResTime" : 116.0,
    "pct1ResTime" : 116.0,
    "pct2ResTime" : 116.0,
    "pct3ResTime" : 116.0,
    "throughput" : 2.066969822240595,
    "receivedKBytesPerSec" : 1.3725971475816452,
    "sentKBytesPerSec" : 0.5813352625051674
  }
}