{
  "zone activity" : {
    "transaction" : "zone activity",
    "sampleCount" : 5,
    "errorCount" : 0,
    "errorPct" : 0.0,
    "meanResTime" : 180.8,
    "medianResTime" : 159.0,
    "minResTime" : 153.0,
    "maxResTime" : 219.0,
    "pct1ResTime" : 219.0,
    "pct2ResTime" : 219.0,
    "pct3ResTime" : 219.0,
    "throughput" : 2.139495079161318,
    "receivedKBytesPerSec" : 595.2217386071886,
    "sentKBytesPerSec" : 0.6978431215233204
  },
  "Total" : {
    "transaction" : "Total",
    "sampleCount" : 15,
    "errorCount" : 0,
    "errorPct" : 0.0,
    "meanResTime" : 187.60000000000002,
    "medianResTime" : 97.0,
    "minResTime" : 28.0,
    "maxResTime" : 1180.0,
    "pct1ResTime" : 639.4000000000003,
    "pct2ResTime" : 1180.0,
    "pct3ResTime" : 1180.0,
    "throughput" : 3.5893754486719307,
    "receivedKBytesPerSec" : 334.59358735642496,
    "sentKBytesPerSec" : 1.024701259272553
  },
  "login" : {
    "transaction" : "login",
    "sampleCount" : 5,
    "errorCount" : 0,
    "errorPct" : 0.0,
    "meanResTime" : 346.0,
    "medianResTime" : 97.0,
    "minResTime" : 87.0,
    "maxResTime" : 1180.0,
    "pct1ResTime" : 1180.0,
    "pct2ResTime" : 1180.0,
    "pct3ResTime" : 1180.0,
    "throughput" : 1.254075746175069,
    "receivedKBytesPerSec" : 0.9821960433910208,
    "sentKBytesPerSec" : 0.31229425319789317
  },
  "create api key" : {
    "transaction" : "create api key",
    "sampleCount" : 5,
    "errorCount" : 0,
    "errorPct" : 0.0,
    "meanResTime" : 36.0,
    "medianResTime" : 29.0,
    "minResTime" : 28.0,
    "maxResTime" : 48.0,
    "pct1ResTime" : 48.0,
    "pct2ResTime" : 48.0,
    "pct3ResTime" : 48.0,
    "throughput" : 2.232142857142857,
    "receivedKBytesPerSec" : 1.4809744698660714,
    "sentKBytesPerSec" : 0.6277901785714285
  }
}