{
  "zone activity" : {
    "transaction" : "zone activity",
    "sampleCount" : 5,
    "errorCount" : 0,
    "errorPct" : 0.0,
    "meanResTime" : 80.8,
    "medianResTime" : 75.0,
    "minResTime" : 69.0,
    "maxResTime" : 96.0,
    "pct1ResTime" : 96.0,
    "pct2ResTime" : 96.0,
    "pct3ResTime" : 96.0,
    "throughput" : 1.9833399444664814,
    "receivedKBytesPerSec" : 551.8387730563269,
    "sentKBytesPerSec" : 0.6469097084490282
  },
  "Total" : {
    "transaction" : "Total",
    "sampleCount" : 15,
    "errorCount" : 0,
    "errorPct" : 0.0,
    "meanResTime" : 108.79999999999998,
    "medianResTime" : 51.0,
    "minResTime" : 19.0,
    "maxResTime" : 869.0,
    "pct1ResTime" : 405.2000000000003,
    "pct2ResTime" : 869.0,
    "pct3ResTime" : 869.0,
    "throughput" : 3.708281829419036,
    "receivedKBytesPerSec" : 345.7161619283066,
    "sentKBytesPerSec" : 1.0586468634116193
  },
  "login" : {
    "transaction" : "login",
    "sampleCount" : 5,
    "errorCount" : 0,
    "errorPct" : 0.0,
    "meanResTime" : 218.2,
    "medianResTime" : 51.0,
    "minResTime" : 51.0,
    "maxResTime" : 869.0,
    "pct1ResTime" : 869.0,
    "pct2ResTime" : 869.0,
    "pct3ResTime" : 869.0,
    "throughput" : 1.2645422357106728,
    "receivedKBytesPerSec" : 0.9903934307030854,
    "sentKBytesPerSec" : 0.31490065440060694
  },
  "create api key" : {
    "transaction" : "create api key",
    "sampleCount" : 5,
    "errorCount" : 0,
    "errorPct" : 0.0,
    "meanResTime" : 27.4,
    "medianResTime" : 20.0,
    "minResTime" : 19.0,
    "maxResTime" : 41.0,
    "pct1ResTime" : 41.0,
    "pct2ResTime" : 41.0,
    "pct3ResTime" : 41.0,
    "throughput" : 1.994415636218588,
    "receivedKBytesPerSec" : 1.324416633426406,
    "sentKBytesPerSec" : 0.5609293976864779
  }
}