{
  "zone activity" : {
    "transaction" : "zone activity",
    "sampleCount" : 5,
    "errorCount" : 0,
    "errorPct" : 0.0,
    "meanResTime" : 1394.6,
    "medianResTime" : 1747.0,
    "minResTime" : 393.0,
    "maxResTime" : 2053.0,
    "pct1ResTime" : 2053.0,
    "pct2ResTime" : 2053.0,
    "pct3ResTime" : 2053.0,
    "throughput" : 1.877581674802854,
    "receivedKBytesPerSec" : 522.4044633636876,
    "sentKBytesPerSec" : 0.6124143353360871
  },
  "Total" : {
    "transaction" : "Total",
    "sampleCount" : 15,
    "errorCount" : 0,
    "errorPct" : 0.0,
    "meanResTime" : 636.5333333333332,
    "medianResTime" : 257.0,
    "minResTime" : 80.0,
    "maxResTime" : 2053.0,
    "pct1ResTime" : 2042.8,
    "pct2ResTime" : 2053.0,
    "pct3ResTime" : 2053.0,
    "throughput" : 3.3768572714993246,
    "receivedKBytesPerSec" : 314.812355780054,
    "sentKBytesPerSec" : 0.9640311937190454
  },
  "login" : {
    "transaction" : "login",
    "sampleCount" : 5,
    "errorCount" : 0,
    "errorPct" : 0.0,
    "meanResTime" : 423.4,
    "medianResTime" : 257.0,
    "minResTime" : 232.0,
    "maxResTime" : 1056.0,
    "pct1ResTime" : 1056.0,
    "pct2ResTime" : 1056.0,
    "pct3ResTime" : 1056.0,
    "throughput" : 1.2613521695257317,
    "receivedKBytesPerSec" : 0.9878949608980827,
    "sentKBytesPerSec" : 0.3141062531533804
  },
  "create api key" : {
    "transaction" : "create api key",
    "sampleCount" : 5,
    "errorCount" : 0,
    "errorPct" : 0.0,
    "meanResTime" : 91.6,
    "medianResTime" : 84.0,
    "minResTime" : 80.0,
    "maxResTime" : 107.0,
    "pct1ResTime" : 107.0,
    "pct2ResTime" : 107.0,
    "pct3ResTime" : 107.0,
    "throughput" : 2.092050209205021,
    "receivedKBytesPerSec" : 1.3880262813807531,
    "sentKBytesPerSec" : 0.5883891213389121
  }
}