{
  "zone activity" : {
    "transaction" : "zone activity",
    "sampleCount" : 5,
    "errorCount" : 0,
    "errorPct" : 0.0,
    "meanResTime" : 169.8,
    "medianResTime" : 155.0,
    "minResTime" : 151.0,
    "maxResTime" : 196.0,
    "pct1ResTime" : 196.0,
    "pct2ResTime" : 196.0,
    "pct3ResTime" : 196.0,
    "throughput" : 2.2411474675033616,
    "receivedKBytesPerSec" : 623.5069230445989,
    "sentKBytesPerSec" : 0.7309992716270731
  },
  "Total" : {
    "transaction" : "Total",
    "sampleCount" : 15,
    "errorCount" : 0,
    "errorPct" : 0.0,
    "meanResTime" : 190.20000000000002,
    "medianResTime" : 99.0,
    "minResTime" : 27.0,
    "maxResTime" : 1183.0,
    "pct1ResTime" : 655.0000000000003,
    "pct2ResTime" : 1183.0,
    "pct3ResTime" : 1183.0,
    "throughput" : 3.622313450857281,
    "receivedKBytesPerSec" : 337.66658868630765,
    "sentKBytesPerSec" : 1.034104458464139
  },
  "login" : {
    "transaction" : "login",
    "sampleCount" : 5,
    "errorCount" : 0,
    "errorPct" : 0.0,
    "meanResTime" : 350.4,
    "medianResTime" : 99.0,
    "minResTime" : 82.0,
    "maxResTime" : 1183.0,
    "pct1ResTime" : 1183.0,
    "pct2ResTime" : 1183.0,
    "pct3ResTime" : 1183.0,
    "throughput" : 1.2626262626262628,
    "receivedKBytesPerSec" : 0.9888928345959596,
    "sentKBytesPerSec" : 0.3144235321969697
  },
  "create api key" : {
    "transaction" : "create api key",
    "sampleCount" : 5,
    "errorCount" : 0,
    "errorPct" : 0.0,
    "meanResTime" : 50.4,
    "medianResTime" : 29.0,
    "minResTime" : 27.0,
    "maxResTime" : 85.0,
    "pct1ResTime" : 85.0,
    "pct2ResTime" : 85.0,
    "pct3ResTime" : 85.0,
    "throughput" : 2.294630564479119,
    "receivedKBytesPerSec" : 1.5224335991280404,
    "sentKBytesPerSec" : 0.6453648462597522
  }
}