{
  "zone activity" : {
    "transaction" : "zone activity",
    "sampleCount" : 10,
    "errorCount" : 10,
    "errorPct" : 100.0,
    "meanResTime" : 104.0,
    "medianResTime" : 106.5,
    "minResTime" : 94.0,
    "maxResTime" : 110.0,
    "pct1ResTime" : 109.9,
    "pct2ResTime" : 110.0,
    "pct3ResTime" : 110.0,
    "throughput" : 1.2695188523549574,
    "receivedKBytesPerSec" : 19.80647771994414,
    "sentKBytesPerSec" : 0.4128415799162118
  },
  "Total" : {
    "transaction" : "Total",
    "sampleCount" : 30,
    "errorCount" : 10,
    "errorPct" : 33.333332,
    "meanResTime" : 126.63333333333334,
    "medianResTime" : 106.5,
    "minResTime" : 52.0,
    "maxResTime" : 677.0,
    "pct1ResTime" : 177.10000000000002,
    "pct2ResTime" : 407.49999999999966,
    "pct3ResTime" : 677.0,
    "throughput" : 3.2552083333333335,
    "receivedKBytesPerSec" : 20.702362060546875,
    "sentKBytesPerSec" : 0.9293026394314237
  },
  "login" : {
    "transaction" : "login",
    "sampleCount" : 10,
    "errorCount" : 0,
    "errorPct" : 0.0,
    "meanResTime" : 216.9,
    "medianResTime" : 167.5,
    "minResTime" : 151.0,
    "maxResTime" : 677.0,
    "pct1ResTime" : 628.0000000000002,
    "pct2ResTime" : 677.0,
    "pct3ResTime" : 677.0,
    "throughput" : 1.1027790030877813,
    "receivedKBytesPerSec" : 1.9837098864137628,
    "sentKBytesPerSec" : 0.27569475077194533
  },
  "create api key" : {
    "transaction" : "create api key",
    "sampleCount" : 10,
    "errorCount" : 0,
    "errorPct" : 0.0,
    "meanResTime" : 59.0,
    "medianResTime" : 57.5,
    "minResTime" : 52.0,
    "maxResTime" : 73.0,
    "pct1ResTime" : 73.0,
    "pct2ResTime" : 73.0,
    "pct3ResTime" : 73.0,
    "throughput" : 1.2703252032520325,
    "receivedKBytesPerSec" : 2.1327569232723578,
    "sentKBytesPerSec" : 0.35727896341463417
  }
}