{
  "zone activity" : {
    "transaction" : "zone activity",
    "sampleCount" : 5,
    "errorCount" : 0,
    "errorPct" : 0.0,
    "meanResTime" : 91.4,
    "medianResTime" : 80.0,
    "minResTime" : 78.0,
    "maxResTime" : 111.0,
    "pct1ResTime" : 111.0,
    "pct2ResTime" : 111.0,
    "pct3ResTime" : 111.0,
    "throughput" : 1.9809825673534074,
    "receivedKBytesPerSec" : 551.3906342858558,
    "sentKBytesPerSec" : 0.6461407983359746
  },
  "Total" : {
    "transaction" : "Total",
    "sampleCount" : 15,
    "errorCount" : 0,
    "errorPct" : 0.0,
    "meanResTime" : 110.46666666666665,
    "medianResTime" : 51.0,
    "minResTime" : 16.0,
    "maxResTime" : 858.0,
    "pct1ResTime" : 409.80000000000024,
    "pct2ResTime" : 858.0,
    "pct3ResTime" : 858.0,
    "throughput" : 3.7220843672456576,
    "receivedKBytesPerSec" : 347.1323472394541,
    "sentKBytesPerSec" : 1.0625872363523572
  },
  "login" : {
    "transaction" : "login",
    "sampleCount" : 5,
    "errorCount" : 0,
    "errorPct" : 0.0,
    "meanResTime" : 215.4,
    "medianResTime" : 51.0,
    "minResTime" : 49.0,
    "maxResTime" : 858.0,
    "pct1ResTime" : 858.0,
    "pct2ResTime" : 858.0,
    "pct3ResTime" : 858.0,
    "throughput" : 1.2719409819384382,
    "receivedKBytesPerSec" : 0.9961881518697532,
    "sentKBytesPerSec" : 0.31674311561943524
  },
  "create api key" : {
    "transaction" : "create api key",
    "sampleCount" : 5,
    "errorCount" : 0,
    "errorPct" : 0.0,
    "meanResTime" : 24.6,
    "medianResTime" : 17.0,
    "minResTime" : 16.0,
    "maxResTime" : 40.0,
    "pct1ResTime" : 40.0,
    "pct2ResTime" : 40.0,
    "pct3ResTime" : 40.0,
    "throughput" : 2.0048115477145148,
    "receivedKBytesPerSec" : 1.3301454741379308,
    "sentKBytesPerSec" : 0.5638532477947072
  }
}