{
  "zone activity" : {
    "transaction" : "zone activity",
    "sampleCount" : 10,
    "errorCount" : 0,
    "errorPct" : 0.0,
    "meanResTime" : 51.5,
    "medianResTime" : 51.5,
    "minResTime" : 50.0,
    "maxResTime" : 55.0,
    "pct1ResTime" : 54.7,
    "pct2ResTime" : 55.0,
    "pct3ResTime" : 55.0,
    "throughput" : 1.4064697609001406,
    "receivedKBytesPerSec" : 21.945460838607595,
    "sentKBytesPerSec" : 0.4573773734177215
  },
  "Total" : {
    "transaction" : "Total",
    "sampleCount" : 30,
    "errorCount" : 0,
    "errorPct" : 0.0,
    "meanResTime" : 107.80000000000001,
    "medianResTime" : 52.0,
    "minResTime" : 29.0,
    "maxResTime" : 1282.0,
    "pct1ResTime" : 92.80000000000001,
    "pct2ResTime" : 790.2999999999994,
    "pct3ResTime" : 1282.0,
    "throughput" : 3.3116237995363726,
    "receivedKBytesPerSec" : 21.062983807539464,
    "sentKBytesPerSec" : 0.9454082266254554
  },
  "login" : {
    "transaction" : "login",
    "sampleCount" : 10,
    "errorCount" : 0,
    "errorPct" : 0.0,
    "meanResTime" : 236.8,
    "medianResTime" : 89.5,
    "minResTime" : 83.0,
    "maxResTime" : 1282.0,
    "pct1ResTime" : 1192.6000000000004,
    "pct2ResTime" : 1282.0,
    "pct3ResTime" : 1282.0,
    "throughput" : 1.1139578923916675,
    "receivedKBytesPerSec" : 2.003818786899855,
    "sentKBytesPerSec" : 0.2784894730979169
  },
  "create api key" : {
    "transaction" : "create api key",
    "sampleCount" : 10,
    "errorCount" : 0,
    "errorPct" : 0.0,
    "meanResTime" : 35.10000000000001,
    "medianResTime" : 30.0,
    "minResTime" : 29.0,
    "maxResTime" : 55.0,
    "pct1ResTime" : 54.9,
    "pct2ResTime" : 55.0,
    "pct3ResTime" : 55.0,
    "throughput" : 1.4031149151115476,
    "receivedKBytesPerSec" : 2.355698400448997,
    "sentKBytesPerSec" : 0.3946260698751228
  }
}