{
  "zone activity" : {
    "transaction" : "zone activity",
    "sampleCount" : 5,
    "errorCount" : 0,
    "errorPct" : 0.0,
    "meanResTime" : 1228.2,
    "medianResTime" : 1377.0,
    "minResTime" : 231.0,
    "maxResTime" : 2077.0,
    "pct1ResTime" : 2077.0,
    "pct2ResTime" : 2077.0,
    "pct3ResTime" : 2077.0,
    "throughput" : 1.7111567419575633,
    "receivedKBytesPerSec" : 476.14774501625595,
    "sentKBytesPerSec" : 0.5581312029431895
  },
  "Total" : {
    "transaction" : "Total",
    "sampleCount" : 15,
    "errorCount" : 0,
    "errorPct" : 0.0,
    "meanResTime" : 516.7333333333333,
    "medianResTime" : 144.0,
    "minResTime" : 42.0,
    "maxResTime" : 2077.0,
    "pct1ResTime" : 2070.4,
    "pct2ResTime" : 2077.0,
    "pct3ResTime" : 2077.0,
    "throughput" : 3.461005999077065,
    "receivedKBytesPerSec" : 322.68991369116293,
    "sentKBytesPerSec" : 0.9880541214813107
  },
  "login" : {
    "transaction" : "login",
    "sampleCount" : 5,
    "errorCount" : 0,
    "errorPct" : 0.0,
    "meanResTime" : 245.4,
    "medianResTime" : 144.0,
    "minResTime" : 129.0,
    "maxResTime" : 676.0,
    "pct1ResTime" : 676.0,
    "pct2ResTime" : 676.0,
    "pct3ResTime" : 676.0,
    "throughput" : 1.23334977799704,
    "receivedKBytesPerSec" : 0.9659634003453379,
    "sentKBytesPerSec" : 0.30713300135668475
  },
  "create api key" : {
    "transaction" : "create api key",
    "sampleCount" : 5,
    "errorCount" : 0,
    "errorPct" : 0.0,
    "meanResTime" : 76.6,
    "medianResTime" : 48.0,
    "minResTime" : 42.0,
    "maxResTime" : 124.0,
    "pct1ResTime" : 124.0,
    "pct2ResTime" : 124.0,
    "pct3ResTime" : 124.0,
    "throughput" : 1.768033946251768,
    "receivedKBytesPerSec" : 1.1733944041725601,
    "sentKBytesPerSec" : 0.4972595473833098
  }
}