{
  "zone activity" : {
    "transaction" : "zone activity",
    "sampleCount" : 5,
    "errorCount" : 0,
    "errorPct" : 0.0,
    "meanResTime" : 585.4,
    "medianResTime" : 722.0,
    "minResTime" : 65.0,
    "maxResTime" : 1032.0,
    "pct1ResTime" : 1032.0,
    "pct2ResTime" : 1032.0,
    "pct3ResTime" : 1032.0,
    "throughput" : 2.095557418273261,
    "receivedKBytesPerSec" : 583.2742593514249,
    "sentKBytesPerSec" : 0.6835118922883486
  },
  "Total" : {
    "transaction" : "Total",
    "sampleCount" : 15,
    "errorCount" : 0,
    "errorPct" : 0.0,
    "meanResTime" : 283.4666666666667,
    "medianResTime" : 47.0,
    "minResTime" : 14.0,
    "maxResTime" : 1032.0,
    "pct1ResTime" : 1028.4,
    "pct2ResTime" : 1032.0,
    "pct3ResTime" : 1032.0,
    "throughput" : 3.7064492216456633,
    "receivedKBytesPerSec" : 345.6698248702743,
    "sentKBytesPerSec" : 1.0581236872992341
  },
  "login" : {
    "transaction" : "login",
    "sampleCount" : 5,
    "errorCount" : 0,
    "errorPct" : 0.0,
    "meanResTime" : 238.4,
    "medianResTime" : 47.0,
    "minResTime" : 39.0,
    "maxResTime" : 984.0,
    "pct1ResTime" : 984.0,
    "pct2ResTime" : 984.0,
    "pct3ResTime" : 984.0,
    "throughput" : 1.2664640324214793,
    "receivedKBytesPerSec" : 0.9918985878926039,
    "sentKBytesPerSec" : 0.3153792268237082
  },
  "create api key" : {
    "transaction" : "create api key",
    "sampleCount" : 5,
    "errorCount" : 0,
    "errorPct" : 0.0,
    "meanResTime" : 26.6,
    "medianResTime" : 15.0,
    "minResTime" : 14.0,
    "maxResTime" : 47.0,
    "pct1ResTime" : 47.0,
    "pct2ResTime" : 47.0,
    "pct3ResTime" : 47.0,
    "throughput" : 2.1141649048625792,
    "receivedKBytesPerSec" : 1.4026988636363635,
    "sentKBytesPerSec" : 0.5946088794926003
  }
}