{
  "zone activity" : {
    "transaction" : "zone activity",
    "sampleCount" : 5,
    "errorCount" : 0,
    "errorPct" : 0.0,
    "meanResTime" : 116.8,
    "medianResTime" : 107.0,
    "minResTime" : 81.0,
    "maxResTime" : 166.0,
    "pct1ResTime" : 166.0,
    "pct2ResTime" : 166.0,
    "pct3ResTime" : 166.0,
    "throughput" : 1.9402405898331394,
    "receivedKBytesPerSec" : 539.577118500194,
    "sentKBytesPerSec" : 0.632851911136981
  },
  "Total" : {
    "transaction" : "Total",
    "sampleCount" : 15,
    "errorCount" : 0,
    "errorPct" : 0.0,
    "meanResTime" : 120.86666666666667,
    "medianResTime" : 65.0,
    "minResTime" : 14.0,
    "maxResTime" : 868.0,
    "pct1ResTime" : 446.80000000000024,
    "pct2ResTime" : 868.0,
    "pct3ResTime" : 868.0,
    "throughput" : 3.690944881889764,
    "receivedKBytesPerSec" : 343.9280592550443,
    "sentKBytesPerSec" : 1.053697480930118
  },
  "login" : {
    "transaction" : "login",
    "sampleCount" : 5,
    "errorCount" : 0,
    "errorPct" : 0.0,
    "meanResTime" : 223.2,
    "medianResTime" : 65.0,
    "minResTime" : 49.0,
    "maxResTime" : 868.0,
    "pct1ResTime" : 868.0,
    "pct2ResTime" : 868.0,
    "pct3ResTime" : 868.0,
    "throughput" : 1.2607160867372667,
    "receivedKBytesPerSec" : 0.9873967788703983,
    "sentKBytesPerSec" : 0.3139478536308623
  },
  "create api key" : {
    "transaction" : "create api key",
    "sampleCount" : 5,
    "errorCount" : 0,
    "errorPct" : 0.0,
    "meanResTime" : 22.6,
    "medianResTime" : 19.0,
    "minResTime" : 14.0,
    "maxResTime" : 34.0,
    "pct1ResTime" : 34.0,
    "pct2ResTime" : 34.0,
    "pct3ResTime" : 34.0,
    "throughput" : 1.966955153422502,
    "receivedKBytesPerSec" : 1.3050286437844218,
    "sentKBytesPerSec" : 0.5532061369000787
  }
}