{
  "zone activity" : {
    "transaction" : "zone activity",
    "sampleCount" : 5,
    "errorCount" : 0,
    "errorPct" : 0.0,
    "meanResTime" : 457.2,
    "medianResTime" : 434.0,
    "minResTime" : 408.0,
    "maxResTime" : 525.0,
    "pct1ResTime" : 525.0,
    "pct2ResTime" : 525.0,
    "pct3ResTime" : 525.0,
    "throughput" : 1.7844396859386151,
    "receivedKBytesPerSec" : 496.38441849571734,
    "sentKBytesPerSec" : 0.5820340381870093
  },
  "Total" : {
    "transaction" : "Total",
    "sampleCount" : 15,
    "errorCount" : 0,
    "errorPct" : 0.0,
    "meanResTime" : 325.80000000000007,
    "medianResTime" : 263.0,
    "minResTime" : 83.0,
    "maxResTime" : 1134.0,
    "pct1ResTime" : 768.6000000000003,
    "pct2ResTime" : 1134.0,
    "pct3ResTime" : 1134.0,
    "throughput" : 3.2244196044711955,
    "receivedKBytesPerSec" : 300.5379490676053,
    "sentKBytesPerSec" : 0.920513018594153
  },
  "login" : {
    "transaction" : "login",
    "sampleCount" : 5,
    "errorCount" : 0,
    "errorPct" : 0.0,
    "meanResTime" : 431.2,
    "medianResTime" : 263.0,
    "minResTime" : 241.0,
    "maxResTime" : 1134.0,
    "pct1ResTime" : 1134.0,
    "pct2ResTime" : 1134.0,
    "pct3ResTime" : 1134.0,
    "throughput" : 1.203369434416366,
    "receivedKBytesPerSec" : 0.9424827015643802,
    "sentKBytesPerSec" : 0.2996671931407942
  },
  "create api key" : {
    "transaction" : "create api key",
    "sampleCount" : 5,
    "errorCount" : 0,
    "errorPct" : 0.0,
    "meanResTime" : 89.0,
    "medianResTime" : 85.0,
    "minResTime" : 83.0,
    "maxResTime" : 101.0,
    "pct1ResTime" : 101.0,
    "pct2ResTime" : 101.0,
    "pct3ResTime" : 101.0,
    "throughput" : 1.997602876548142,
    "receivedKBytesPerSec" : 1.3253626897722732,
    "sentKBytesPerSec" : 0.561825809029165
  }
}