{
  "zone activity" : {
    "transaction" : "zone activity",
    "sampleCount" : 5,
    "errorCount" : 0,
    "errorPct" : 0.0,
    "meanResTime" : 317.6,
    "medianResTime" : 304.0,
    "minResTime" : 270.0,
    "maxResTime" : 360.0,
    "pct1ResTime" : 360.0,
    "pct2ResTime" : 360.0,
    "pct3ResTime" : 360.0,
    "throughput" : 1.6212710765239948,
    "receivedKBytesPerSec" : 451.0490130512322,
    "sentKBytesPerSec" : 0.5288130269130998
  },
  "Total" : {
    "transaction" : "Total",
    "sampleCount" : 15,
    "errorCount" : 0,
    "errorPct" : 0.0,
    "meanResTime" : 218.0,
    "medianResTime" : 178.0,
    "minResTime" : 52.0,
    "maxResTime" : 671.0,
    "pct1ResTime" : 484.4000000000001,
    "pct2ResTime" : 671.0,
    "pct3ResTime" : 671.0,
    "throughput" : 3.40522133938706,
    "receivedKBytesPerSec" : 317.42759470771847,
    "sentKBytesPerSec" : 0.972128618047673
  },
  "login" : {
    "transaction" : "login",
    "sampleCount" : 5,
    "errorCount" : 0,
    "errorPct" : 0.0,
    "meanResTime" : 273.4,
    "medianResTime" : 178.0,
    "minResTime" : 154.0,
    "maxResTime" : 671.0,
    "pct1ResTime" : 671.0,
    "pct2ResTime" : 671.0,
    "pct3ResTime" : 671.0,
    "throughput" : 1.2251899044351875,
    "receivedKBytesPerSec" : 0.9595725618720901,
    "sentKBytesPerSec" : 0.30510100159274683
  },
  "create api key" : {
    "transaction" : "create api key",
    "sampleCount" : 5,
    "errorCount" : 0,
    "errorPct" : 0.0,
    "meanResTime" : 63.0,
    "medianResTime" : 58.0,
    "minResTime" : 52.0,
    "maxResTime" : 74.0,
    "pct1ResTime" : 74.0,
    "pct2ResTime" : 74.0,
    "pct3ResTime" : 74.0,
    "throughput" : 1.722949689869056,
    "receivedKBytesPerSec" : 1.143136737594762,
    "sentKBytesPerSec" : 0.48457960027567193
  }
}