{
  "zone activity" : {
    "transaction" : "zone activity",
    "sampleCount" : 5,
    "errorCount" : 0,
    "errorPct" : 0.0,
    "meanResTime" : 305.2,
    "medianResTime" : 285.0,
    "minResTime" : 268.0,
    "maxResTime" : 351.0,
    "pct1ResTime" : 351.0,
    "pct2ResTime" : 351.0,
    "pct3ResTime" : 351.0,
    "throughput" : 2.089427496865859,
    "receivedKBytesPerSec" : 581.2860752716256,
    "sentKBytesPerSec" : 0.6815124843292938
  },
  "Total" : {
    "transaction" : "Total",
    "sampleCount" : 15,
    "errorCount" : 0,
    "errorPct" : 0.0,
    "meanResTime" : 273.6000000000001,
    "medianResTime" : 167.0,
    "minResTime" : 54.0,
    "maxResTime" : 1335.0,
    "pct1ResTime" : 796.2000000000003,
    "pct2ResTime" : 1335.0,
    "pct3ResTime" : 1335.0,
    "throughput" : 3.4262220191868433,
    "receivedKBytesPerSec" : 319.38121894986296,
    "sentKBytesPerSec" : 0.978123929305619
  },
  "login" : {
    "transaction" : "login",
    "sampleCount" : 5,
    "errorCount" : 0,
    "errorPct" : 0.0,
    "meanResTime" : 451.2,
    "medianResTime" : 167.0,
    "minResTime" : 155.0,
    "maxResTime" : 1335.0,
    "pct1ResTime" : 1335.0,
    "pct2ResTime" : 1335.0,
    "pct3ResTime" : 1335.0,
    "throughput" : 1.23334977799704,
    "receivedKBytesPerSec" : 0.9659634003453379,
    "sentKBytesPerSec" : 0.30713300135668475
  },
  "create api key" : {
    "transaction" : "create api key",
    "sampleCount" : 5,
    "errorCount" : 0,
    "errorPct" : 0.0,
    "meanResTime" : 64.4,
    "medianResTime" : 55.0,
    "minResTime" : 54.0,
    "maxResTime" : 87.0,
    "pct1ResTime" : 87.0,
    "pct2ResTime" : 87.0,
    "pct3ResTime" : 87.0,
    "throughput" : 2.261420171867933,
    "receivedKBytesPerSec" : 1.5003992819990954,
    "sentKBytesPerSec" : 0.6360244233378562
  }
}