{
  "zone activity" : {
    "transaction" : "zone activity",
    "sampleCount" : 5,
    "errorCount" : 0,
    "errorPct" : 0.0,
    "meanResTime" : 1302.6,
    "medianResTime" : 1679.0,
    "minResTime" : 189.0,
    "maxResTime" : 1996.0,
    "pct1ResTime" : 1996.0,
    "pct2ResTime" : 1996.0,
    "pct3ResTime" : 1996.0,
    "throughput" : 2.025111381125962,
    "receivedKBytesPerSec" : 563.4698384973674,
    "sentKBytesPerSec" : 0.6605343762656947
  },
  "Total" : {
    "transaction" : "Total",
    "sampleCount" : 15,
    "errorCount" : 0,
    "errorPct" : 0.0,
    "meanResTime" : 559.8000000000001,
    "medianResTime" : 100.0,
    "minResTime" : 33.0,
    "maxResTime" : 1996.0,
    "pct1ResTime" : 1976.2,
    "pct2ResTime" : 1996.0,
    "pct3ResTime" : 1996.0,
    "throughput" : 3.544423440453686,
    "receivedKBytesPerSec" : 330.4450282077032,
    "sentKBytesPerSec" : 1.011868280363894
  },
  "login" : {
    "transaction" : "login",
    "sampleCount" : 5,
    "errorCount" : 0,
    "errorPct" : 0.0,
    "meanResTime" : 329.0,
    "medianResTime" : 100.0,
    "minResTime" : 92.0,
    "maxResTime" : 1139.0,
    "pct1ResTime" : 1139.0,
    "pct2ResTime" : 1139.0,
    "pct3ResTime" : 1139.0,
    "throughput" : 1.2475049900199602,
    "receivedKBytesPerSec" : 0.9770498066367266,
    "sentKBytesPerSec" : 0.31065798091317365
  },
  "create api key" : {
    "transaction" : "create api key",
    "sampleCount" : 5,
    "errorCount" : 0,
    "errorPct" : 0.0,
    "meanResTime" : 47.8,
    "medianResTime" : 35.0,
    "minResTime" : 33.0,
    "maxResTime" : 70.0,
    "pct1ResTime" : 70.0,
    "pct2ResTime" : 70.0,
    "pct3ResTime" : 70.0,
    "throughput" : 2.1168501270110074,
    "receivedKBytesPerSec" : 1.4057207874682471,
    "sentKBytesPerSec" : 0.5953640982218459
  }
}