{
  "zone activity" : {
    "transaction" : "zone activity",
    "sampleCount" : 5,
    "errorCount" : 0,
    "errorPct" : 0.0,
    "meanResTime" : 417.0,
    "medianResTime" : 413.0,
    "minResTime" : 393.0,
    "maxResTime" : 440.0,
    "pct1ResTime" : 440.0,
    "pct2ResTime" : 440.0,
    "pct3ResTime" : 440.0,
    "throughput" : 1.815541031227306,
    "receivedKBytesPerSec" : 505.1033723674655,
    "sentKBytesPerSec" : 0.5921784222948439
  },
  "Total" : {
    "transaction" : "Total",
    "sampleCount" : 15,
    "errorCount" : 0,
    "errorPct" : 0.0,
    "meanResTime" : 315.8,
    "medianResTime" : 249.0,
    "minResTime" : 79.0,
    "maxResTime" : 1198.0,
    "pct1ResTime" : 743.2000000000003,
    "pct2ResTime" : 1198.0,
    "pct3ResTime" : 1198.0,
    "throughput" : 3.2271944922547333,
    "receivedKBytesPerSec" : 300.8369275091437,
    "sentKBytesPerSec" : 0.9213051984724613
  },
  "login" : {
    "transaction" : "login",
    "sampleCount" : 5,
    "errorCount" : 0,
    "errorPct" : 0.0,
    "meanResTime" : 441.0,
    "medianResTime" : 249.0,
    "minResTime" : 231.0,
    "maxResTime" : 1198.0,
    "pct1ResTime" : 1198.0,
    "pct2ResTime" : 1198.0,
    "pct3ResTime" : 1198.0,
    "throughput" : 1.205109664979513,
    "receivedKBytesPerSec" : 0.9438456555796577,
    "sentKBytesPerSec" : 0.3001005513376717
  },
  "create api key" : {
    "transaction" : "create api key",
    "sampleCount" : 5,
    "errorCount" : 0,
    "errorPct" : 0.0,
    "meanResTime" : 89.4,
    "medianResTime" : 88.0,
    "minResTime" : 79.0,
    "maxResTime" : 99.0,
    "pct1ResTime" : 99.0,
    "pct2ResTime" : 99.0,
    "pct3ResTime" : 99.0,
    "throughput" : 2.039151712887439,
    "receivedKBytesPerSec" : 1.3537259125203915,
    "sentKBytesPerSec" : 0.5735114192495921
  }
}