{
  "zone activity" : {
    "transaction" : "zone activity",
    "sampleCount" : 5,
    "errorCount" : 0,
    "errorPct" : 0.0,
    "meanResTime" : 1617.0,
    "medianResTime" : 2080.0,
    "minResTime" : 388.0,
    "maxResTime" : 2297.0,
    "pct1ResTime" : 2297.0,
    "pct2ResTime" : 2297.0,
    "pct3ResTime" : 2297.0,
    "throughput" : 1.9992003198720512,
    "receivedKBytesPerSec" : 556.2454705617753,
    "sentKBytesPerSec" : 0.6520829168332667
  },
  "Total" : {
    "transaction" : "Total",
    "sampleCount" : 15,
    "errorCount" : 0,
    "errorPct" : 0.0,
    "meanResTime" : 753.2666666666665,
    "medianResTime" : 301.0,
    "minResTime" : 83.0,
    "maxResTime" : 2297.0,
    "pct1ResTime" : 2211.8,
    "pct2ResTime" : 2297.0,
    "pct3ResTime" : 2297.0,
    "throughput" : 3.2425421530479897,
    "receivedKBytesPerSec" : 302.29338082306526,
    "sentKBytesPerSec" : 0.9256866758538693
  },
  "login" : {
    "transaction" : "login",
    "sampleCount" : 5,
    "errorCount" : 0,
    "errorPct" : 0.0,
    "meanResTime" : 473.2,
    "medianResTime" : 301.0,
    "minResTime" : 257.0,
    "maxResTime" : 1199.0,
    "pct1ResTime" : 1199.0,
    "pct2ResTime" : 1199.0,
    "pct3ResTime" : 1199.0,
    "throughput" : 1.2039489525644114,
    "receivedKBytesPerSec" : 0.9431717282687215,
    "sentKBytesPerSec" : 0.29981150674211415
  },
  "create api key" : {
    "transaction" : "create api key",
    "sampleCount" : 5,
    "errorCount" : 0,
    "errorPct" : 0.0,
    "meanResTime" : 169.6,
    "medianResTime" : 97.0,
    "minResTime" : 83.0,
    "maxResTime" : 293.0,
    "pct1ResTime" : 293.0,
    "pct2ResTime" : 293.0,
    "pct3ResTime" : 293.0,
    "throughput" : 2.068680182043856,
    "receivedKBytesPerSec" : 1.374541011584609,
    "sentKBytesPerSec" : 0.5818163011998345
  }
}