{
  "zone activity" : {
    "transaction" : "zone activity",
    "sampleCount" : 5,
    "errorCount" : 0,
    "errorPct" : 0.0,
    "meanResTime" : 379.8,
    "medianResTime" : 381.0,
    "minResTime" : 367.0,
    "maxResTime" : 391.0,
    "pct1ResTime" : 391.0,
    "pct2ResTime" : 391.0,
    "pct3ResTime" : 391.0,
    "throughput" : 1.8057060310581436,
    "receivedKBytesPerSec" : 502.3103867596605,
    "sentKBytesPerSec" : 0.588970521849043
  },
  "Total" : {
    "transaction" : "Total",
    "sampleCount" : 15,
    "errorCount" : 0,
    "errorPct" : 0.0,
    "meanResTime" : 292.0,
    "medianResTime" : 238.0,
    "minResTime" : 76.0,
    "maxResTime" : 1129.0,
    "pct1ResTime" : 686.2000000000003,
    "pct2ResTime" : 1129.0,
    "pct3ResTime" : 1129.0,
    "throughput" : 3.277972027972028,
    "receivedKBytesPerSec" : 305.5355898983829,
    "sentKBytesPerSec" : 0.9358012592875875
  },
  "login" : {
    "transaction" : "login",
    "sampleCount" : 5,
    "errorCount" : 0,
    "errorPct" : 0.0,
    "meanResTime" : 412.6,
    "medianResTime" : 238.0,
    "minResTime" : 225.0,
    "maxResTime" : 1129.0,
    "pct1ResTime" : 1129.0,
    "pct2ResTime" : 1129.0,
    "pct3ResTime" : 1129.0,
    "throughput" : 1.2118274357731458,
    "receivedKBytesPerSec" : 0.9491070346582646,
    "sentKBytesPerSec" : 0.3017734337130392
  },
  "create api key" : {
    "transaction" : "create api key",
    "sampleCount" : 5,
    "errorCount" : 0,
    "errorPct" : 0.0,
    "meanResTime" : 83.6,
    "medianResTime" : 82.0,
    "minResTime" : 76.0,
    "maxResTime" : 91.0,
    "pct1ResTime" : 91.0,
    "pct2ResTime" : 91.0,
    "pct3ResTime" : 91.0,
    "throughput" : 1.9984012789768186,
    "receivedKBytesPerSec" : 1.3258924110711432,
    "sentKBytesPerSec" : 0.5620503597122303
  }
}