{
  "zone activity" : {
    "transaction" : "zone activity",
    "sampleCount" : 5,
    "errorCount" : 0,
    "errorPct" : 0.0,
    "meanResTime" : 284.4,
    "medianResTime" : 284.0,
    "minResTime" : 258.0,
    "maxResTime" : 314.0,
    "pct1ResTime" : 314.0,
    "pct2ResTime" : 314.0,
    "pct3ResTime" : 314.0,
    "throughput" : 2.0136931131695532,
    "receivedKBytesPerSec" : 560.1555420610149,
    "sentKBytesPerSec" : 0.6568100583971003
  },
  "Total" : {
    "transaction" : "Total",
    "sampleCount" : 15,
    "errorCount" : 0,
    "errorPct" : 0.0,
    "meanResTime" : 270.6,
    "medianResTime" : 258.0,
    "minResTime" : 56.0,
    "maxResTime" : 1258.0,
    "pct1ResTime" : 710.2000000000003,
    "pct2ResTime" : 1258.0,
    "pct3ResTime" : 1258.0,
    "throughput" : 3.3852403520649967,
    "receivedKBytesPerSec" : 315.5273217106748,
    "sentKBytesPerSec" : 0.966424410403972
  },
  "login" : {
    "transaction" : "login",
    "sampleCount" : 5,
    "errorCount" : 0,
    "errorPct" : 0.0,
    "meanResTime" : 455.4,
    "medianResTime" : 328.0,
    "minResTime" : 169.0,
    "maxResTime" : 1258.0,
    "pct1ResTime" : 1258.0,
    "pct2ResTime" : 1258.0,
    "pct3ResTime" : 1258.0,
    "throughput" : 1.223091976516634,
    "receivedKBytesPerSec" : 0.9581683433219178,
    "sentKBytesPerSec" : 0.30457856837084146
  },
  "create api key" : {
    "transaction" : "create api key",
    "sampleCount" : 5,
    "errorCount" : 0,
    "errorPct" : 0.0,
    "meanResTime" : 72.0,
    "medianResTime" : 60.0,
    "minResTime" : 56.0,
    "maxResTime" : 96.0,
    "pct1ResTime" : 96.0,
    "pct2ResTime" : 96.0,
    "pct3ResTime" : 96.0,
    "throughput" : 2.166377816291161,
    "receivedKBytesPerSec" : 1.4377640272963605,
    "sentKBytesPerSec" : 0.6092937608318891
  }
}