{
  "zone activity" : {
    "transaction" : "zone activity",
    "sampleCount" : 5,
    "errorCount" : 0,
    "errorPct" : 0.0,
    "meanResTime" : 709.0,
    "medianResTime" : 619.0,
    "minResTime" : 151.0,
    "maxResTime" : 1315.0,
    "pct1ResTime" : 1315.0,
    "pct2ResTime" : 1315.0,
    "pct3ResTime" : 1315.0,
    "throughput" : 1.763046544428773,
    "receivedKBytesPerSec" : 490.56666795222145,
    "sentKBytesPerSec" : 0.5750561971086037
  },
  "Total" : {
    "transaction" : "Total",
    "sampleCount" : 15,
    "errorCount" : 0,
    "errorPct" : 0.0,
    "meanResTime" : 330.8,
    "medianResTime" : 123.0,
    "minResTime" : 34.0,
    "maxResTime" : 1315.0,
    "pct1ResTime" : 1311.4,
    "pct2ResTime" : 1315.0,
    "pct3ResTime" : 1315.0,
    "throughput" : 3.5688793718772303,
    "receivedKBytesPerSec" : 332.7350348709255,
    "sentKBytesPerSec" : 1.0188500029740661
  },
  "login" : {
    "transaction" : "login",
    "sampleCount" : 5,
    "errorCount" : 0,
    "errorPct" : 0.0,
    "meanResTime" : 212.6,
    "medianResTime" : 99.0,
    "minResTime" : 95.0,
    "maxResTime" : 654.0,
    "pct1ResTime" : 654.0,
    "pct2ResTime" : 654.0,
    "pct3ResTime" : 654.0,
    "throughput" : 1.2462612163509472,
    "receivedKBytesPerSec" : 0.976075679212363,
    "sentKBytesPerSec" : 0.3103482521186441
  },
  "create api key" : {
    "transaction" : "create api key",
    "sampleCount" : 5,
    "errorCount" : 0,
    "errorPct" : 0.0,
    "meanResTime" : 70.8,
    "medianResTime" : 37.0,
    "minResTime" : 34.0,
    "maxResTime" : 124.0,
    "pct1ResTime" : 124.0,
    "pct2ResTime" : 124.0,
    "pct3ResTime" : 124.0,
    "throughput" : 1.7711654268508679,
    "receivedKBytesPerSec" : 1.1768564027630182,
    "sentKBytesPerSec" : 0.4981402763018066
  }
}