{
  "zone activity" : {
    "transaction" : "zone activity",
    "sampleCount" : 5,
    "errorCount" : 0,
    "errorPct" : 0.0,
    "meanResTime" : 250.2,
    "medianResTime" : 233.0,
    "minResTime" : 133.0,
    "maxResTime" : 382.0,
    "pct1ResTime" : 382.0,
    "pct2ResTime" : 382.0,
    "pct3ResTime" : 382.0,
    "throughput" : 2.213368747233289,
    "receivedKBytesPerSec" : 616.068711266047,
    "sentKBytesPerSec" : 0.721938634351483
  },
  "Total" : {
    "transaction" : "Total",
    "sampleCount" : 15,
    "errorCount" : 0,
    "errorPct" : 0.0,
    "meanResTime" : 219.26666666666662,
    "medianResTime" : 101.0,
    "minResTime" : 30.0,
    "maxResTime" : 1236.0,
    "pct1ResTime" : 723.6000000000004,
    "pct2ResTime" : 1236.0,
    "pct3ResTime" : 1236.0,
    "throughput" : 3.6231884057971016,
    "receivedKBytesPerSec" : 337.906429272343,
    "sentKBytesPerSec" : 1.0343542421497585
  },
  "login" : {
    "transaction" : "login",
    "sampleCount" : 5,
    "errorCount" : 0,
    "errorPct" : 0.0,
    "meanResTime" : 370.6,
    "medianResTime" : 101.0,
    "minResTime" : 85.0,
    "maxResTime" : 1236.0,
    "pct1ResTime" : 1236.0,
    "pct2ResTime" : 1236.0,
    "pct3ResTime" : 1236.0,
    "throughput" : 1.2578616352201257,
    "receivedKBytesPerSec" : 0.9851611635220126,
    "sentKBytesPerSec" : 0.31323702830188677
  },
  "create api key" : {
    "transaction" : "create api key",
    "sampleCount" : 5,
    "errorCount" : 0,
    "errorPct" : 0.0,
    "meanResTime" : 37.0,
    "medianResTime" : 31.0,
    "minResTime" : 30.0,
    "maxResTime" : 47.0,
    "pct1ResTime" : 47.0,
    "pct2ResTime" : 47.0,
    "pct3ResTime" : 47.0,
    "throughput" : 2.2841480127912286,
    "receivedKBytesPerSec" : 1.5154786717679305,
    "sentKBytesPerSec" : 0.6424166285975331
  }
}