{
  "zone activity" : {
    "transaction" : "zone activity",
    "sampleCount" : 5,
    "errorCount" : 0,
    "errorPct" : 0.0,
    "meanResTime" : 89.6,
    "medianResTime" : 83.0,
    "minResTime" : 75.0,
    "maxResTime" : 105.0,
    "pct1ResTime" : 105.0,
    "pct2ResTime" : 105.0,
    "pct3ResTime" : 105.0,
    "throughput" : 1.8832391713747645,
    "receivedKBytesPerSec" : 523.979299081921,
    "sentKBytesPerSec" : 0.6142596516007534
  },
  "Total" : {
    "transaction" : "Total",
    "sampleCount" : 15,
    "errorCount" : 0,
    "errorPct" : 0.0,
    "meanResTime" : 106.66666666666667,
    "medianResTime" : 61.0,
    "minResTime" : 15.0,
    "maxResTime" : 763.0,
    "pct1ResTime" : 368.2000000000002,
    "pct2ResTime" : 763.0,
    "pct3ResTime" : 763.0,
    "throughput" : 3.704618424302297,
    "receivedKBytesPerSec" : 345.36884107186955,
    "sentKBytesPerSec" : 1.0576010280316126
  },
  "login" : {
    "transaction" : "login",
    "sampleCount" : 5,
    "errorCount" : 0,
    "errorPct" : 0.0,
    "meanResTime" : 196.6,
    "medianResTime" : 49.0,
    "minResTime" : 45.0,
    "maxResTime" : 763.0,
    "pct1ResTime" : 763.0,
    "pct2ResTime" : 763.0,
    "pct3ResTime" : 763.0,
    "throughput" : 1.2639029322548028,
    "receivedKBytesPerSec" : 0.9898927262386249,
    "sentKBytesPerSec" : 0.31474145285642063
  },
  "create api key" : {
    "transaction" : "create api key",
    "sampleCount" : 5,
    "errorCount" : 0,
    "errorPct" : 0.0,
    "meanResTime" : 33.8,
    "medianResTime" : 17.0,
    "minResTime" : 15.0,
    "maxResTime" : 61.0,
    "pct1ResTime" : 61.0,
    "pct2ResTime" : 61.0,
    "pct3ResTime" : 61.0,
    "throughput" : 1.8832391713747645,
    "receivedKBytesPerSec" : 1.2494850517890772,
    "sentKBytesPerSec" : 0.5296610169491526
  }
}