{
  "zone activity" : {
    "transaction" : "zone activity",
    "sampleCount" : 5,
    "errorCount" : 0,
    "errorPct" : 0.0,
    "meanResTime" : 552.2,
    "medianResTime" : 615.0,
    "minResTime" : 437.0,
    "maxResTime" : 645.0,
    "pct1ResTime" : 645.0,
    "pct2ResTime" : 645.0,
    "pct3ResTime" : 645.0,
    "throughput" : 2.2810218978102186,
    "receivedKBytesPerSec" : 634.5981124543795,
    "sentKBytesPerSec" : 0.7440051893248174
  },
  "Total" : {
    "transaction" : "Total",
    "sampleCount" : 15,
    "errorCount" : 0,
    "errorPct" : 0.0,
    "meanResTime" : 457.4666666666665,
    "medianResTime" : 272.0,
    "minResTime" : 94.0,
    "maxResTime" : 1652.0,
    "pct1ResTime" : 1138.4000000000003,
    "pct2ResTime" : 1652.0,
    "pct3ResTime" : 1652.0,
    "throughput" : 3.205813207950417,
    "receivedKBytesPerSec" : 298.84127384323574,
    "sentKBytesPerSec" : 0.915201231566574
  },
  "login" : {
    "transaction" : "login",
    "sampleCount" : 5,
    "errorCount" : 0,
    "errorPct" : 0.0,
    "meanResTime" : 650.6,
    "medianResTime" : 272.0,
    "minResTime" : 261.0,
    "maxResTime" : 1652.0,
    "pct1ResTime" : 1652.0,
    "pct2ResTime" : 1652.0,
    "pct3ResTime" : 1652.0,
    "throughput" : 1.2112403100775193,
    "receivedKBytesPerSec" : 0.9486471959786822,
    "sentKBytesPerSec" : 0.30162722565406974
  },
  "create api key" : {
    "transaction" : "create api key",
    "sampleCount" : 5,
    "errorCount" : 0,
    "errorPct" : 0.0,
    "meanResTime" : 169.6,
    "medianResTime" : 209.0,
    "minResTime" : 94.0,
    "maxResTime" : 226.0,
    "pct1ResTime" : 226.0,
    "pct2ResTime" : 226.0,
    "pct3ResTime" : 226.0,
    "throughput" : 2.536783358701167,
    "receivedKBytesPerSec" : 1.6860690956367326,
    "sentKBytesPerSec" : 0.7134703196347032
  }
}