{
  "zone activity" : {
    "transaction" : "zone activity",
    "sampleCount" : 5,
    "errorCount" : 0,
    "errorPct" : 0.0,
    "meanResTime" : 986.6,
    "medianResTime" : 992.0,
    "minResTime" : 933.0,
    "maxResTime" : 1071.0,
    "pct1ResTime" : 1071.0,
    "pct2ResTime" : 1071.0,
    "pct3ResTime" : 1071.0,
    "throughput" : 4.440497335701599,
    "receivedKBytesPerSec" : 1235.6490411301068,
    "sentKBytesPerSec" : 1.448365341918295
  },
  "Total" : {
    "transaction" : "Total",
    "sampleCount" : 15,
    "errorCount" : 0,
    "errorPct" : 0.0,
    "meanResTime" : 803.4666666666668,
    "medianResTime" : 933.0,
    "minResTime" : 15.0,
    "maxResTime" : 3053.0,
    "pct1ResTime" : 2522.6000000000004,
    "pct2ResTime" : 3053.0,
    "pct3ResTime" : 3053.0,
    "throughput" : 3.075030750307503,
    "receivedKBytesPerSec" : 286.7119833307708,
    "sentKBytesPerSec" : 0.8778652239647396
  },
  "login" : {
    "transaction" : "login",
    "sampleCount" : 5,
    "errorCount" : 0,
    "errorPct" : 0.0,
    "meanResTime" : 1321.2,
    "medianResTime" : 1169.0,
    "minResTime" : 48.0,
    "maxResTime" : 3053.0,
    "pct1ResTime" : 3053.0,
    "pct2ResTime" : 3053.0,
    "pct3ResTime" : 3053.0,
    "throughput" : 1.2929919834497026,
    "receivedKBytesPerSec" : 1.0129278995345228,
    "sentKBytesPerSec" : 0.3219853083785881
  },
  "create api key" : {
    "transaction" : "create api key",
    "sampleCount" : 5,
    "errorCount" : 0,
    "errorPct" : 0.0,
    "meanResTime" : 102.6,
    "medianResTime" : 139.0,
    "minResTime" : 15.0,
    "maxResTime" : 141.0,
    "pct1ResTime" : 141.0,
    "pct2ResTime" : 141.0,
    "pct3ResTime" : 141.0,
    "throughput" : 22.123893805309734,
    "receivedKBytesPerSec" : 14.704611449115044,
    "sentKBytesPerSec" : 6.222345132743363
  }
}