{
  "zone activity" : {
    "transaction" : "zone activity",
    "sampleCount" : 5,
    "errorCount" : 0,
    "errorPct" : 0.0,
    "meanResTime" : 354.0,
    "medianResTime" : 332.0,
    "minResTime" : 279.0,
    "maxResTime" : 455.0,
    "pct1ResTime" : 455.0,
    "pct2ResTime" : 455.0,
    "pct3ResTime" : 455.0,
    "throughput" : 1.9896538002387585,
    "receivedKBytesPerSec" : 553.7902127686033,
    "sentKBytesPerSec" : 0.6489691106247513
  },
  "Total" : {
    "transaction" : "Total",
    "sampleCount" : 15,
    "errorCount" : 0,
    "errorPct" : 0.0,
    "meanResTime" : 276.1333333333334,
    "medianResTime" : 185.0,
    "minResTime" : 59.0,
    "maxResTime" : 1196.0,
    "pct1ResTime" : 751.4000000000003,
    "pct2ResTime" : 1196.0,
    "pct3ResTime" : 1196.0,
    "throughput" : 3.3806626098715347,
    "receivedKBytesPerSec" : 315.2824437964841,
    "sentKBytesPerSec" : 0.965117548456164
  },
  "login" : {
    "transaction" : "login",
    "sampleCount" : 5,
    "errorCount" : 0,
    "errorPct" : 0.0,
    "meanResTime" : 405.4,
    "medianResTime" : 185.0,
    "minResTime" : 177.0,
    "maxResTime" : 1196.0,
    "pct1ResTime" : 1196.0,
    "pct2ResTime" : 1196.0,
    "pct3ResTime" : 1196.0,
    "throughput" : 1.223091976516634,
    "receivedKBytesPerSec" : 0.9579294581702544,
    "sentKBytesPerSec" : 0.30457856837084146
  },
  "create api key" : {
    "transaction" : "create api key",
    "sampleCount" : 5,
    "errorCount" : 0,
    "errorPct" : 0.0,
    "meanResTime" : 69.0,
    "medianResTime" : 66.0,
    "minResTime" : 59.0,
    "maxResTime" : 83.0,
    "pct1ResTime" : 83.0,
    "pct2ResTime" : 83.0,
    "pct3ResTime" : 83.0,
    "throughput" : 2.1542438604049976,
    "receivedKBytesPerSec" : 1.4292903112882378,
    "sentKBytesPerSec" : 0.6058810857389056
  }
}