{
  "zone activity" : {
    "transaction" : "zone activity",
    "sampleCount" : 5,
    "errorCount" : 0,
    "errorPct" : 0.0,
    "meanResTime" : 333.2,
    "medianResTime" : 233.0,
    "minResTime" : 225.0,
    "maxResTime" : 500.0,
    "pct1ResTime" : 500.0,
    "pct2ResTime" : 500.0,
    "pct3ResTime" : 500.0,
    "throughput" : 1.9809825673534074,
    "receivedKBytesPerSec" : 551.1085764164026,
    "sentKBytesPerSec" : 0.6461407983359746
  },
  "Total" : {
    "transaction" : "Total",
    "sampleCount" : 15,
    "errorCount" : 0,
    "errorPct" : 0.0,
    "meanResTime" : 249.06666666666672,
    "medianResTime" : 143.0,
    "minResTime" : 45.0,
    "maxResTime" : 1150.0,
    "pct1ResTime" : 760.0000000000002,
    "pct2ResTime" : 1150.0,
    "pct3ResTime" : 1150.0,
    "throughput" : 3.4786641929499074,
    "receivedKBytesPerSec" : 324.265177484346,
    "sentKBytesPerSec" : 0.9930952139378478
  },
  "login" : {
    "transaction" : "login",
    "sampleCount" : 5,
    "errorCount" : 0,
    "errorPct" : 0.0,
    "meanResTime" : 359.2,
    "medianResTime" : 143.0,
    "minResTime" : 130.0,
    "maxResTime" : 1150.0,
    "pct1ResTime" : 1150.0,
    "pct2ResTime" : 1150.0,
    "pct3ResTime" : 1150.0,
    "throughput" : 1.2379301807378065,
    "receivedKBytesPerSec" : 0.9695507860856648,
    "sentKBytesPerSec" : 0.30827362899232486
  },
  "create api key" : {
    "transaction" : "create api key",
    "sampleCount" : 5,
    "errorCount" : 0,
    "errorPct" : 0.0,
    "meanResTime" : 54.8,
    "medianResTime" : 48.0,
    "minResTime" : 45.0,
    "maxResTime" : 71.0,
    "pct1ResTime" : 71.0,
    "pct2ResTime" : 71.0,
    "pct3ResTime" : 71.0,
    "throughput" : 2.103491796381994,
    "receivedKBytesPerSec" : 1.3956175063104754,
    "sentKBytesPerSec" : 0.5916070677324359
  }
}