{
  "zone activity" : {
    "transaction" : "zone activity",
    "sampleCount" : 5,
    "errorCount" : 0,
    "errorPct" : 0.0,
    "meanResTime" : 95.6,
    "medianResTime" : 101.0,
    "minResTime" : 84.0,
    "maxResTime" : 104.0,
    "pct1ResTime" : 104.0,
    "pct2ResTime" : 104.0,
    "pct3ResTime" : 104.0,
    "throughput" : 1.9584802193497848,
    "receivedKBytesPerSec" : 544.9348805327066,
    "sentKBytesPerSec" : 0.6388011652957305
  },
  "Total" : {
    "transaction" : "Total",
    "sampleCount" : 15,
    "errorCount" : 0,
    "errorPct" : 0.0,
    "meanResTime" : 108.93333333333334,
    "medianResTime" : 46.0,
    "minResTime" : 13.0,
    "maxResTime" : 850.0,
    "pct1ResTime" : 402.40000000000026,
    "pct2ResTime" : 850.0,
    "pct3ResTime" : 850.0,
    "throughput" : 3.695491500369549,
    "receivedKBytesPerSec" : 344.5312018816211,
    "sentKBytesPerSec" : 1.0549954576250307
  },
  "login" : {
    "transaction" : "login",
    "sampleCount" : 5,
    "errorCount" : 0,
    "errorPct" : 0.0,
    "meanResTime" : 208.20000000000002,
    "medianResTime" : 46.0,
    "minResTime" : 40.0,
    "maxResTime" : 850.0,
    "pct1ResTime" : 850.0,
    "pct2ResTime" : 850.0,
    "pct3ResTime" : 850.0,
    "throughput" : 1.2645422357106728,
    "receivedKBytesPerSec" : 0.9903934307030854,
    "sentKBytesPerSec" : 0.31490065440060694
  },
  "create api key" : {
    "transaction" : "create api key",
    "sampleCount" : 5,
    "errorCount" : 0,
    "errorPct" : 0.0,
    "meanResTime" : 23.0,
    "medianResTime" : 15.0,
    "minResTime" : 13.0,
    "maxResTime" : 36.0,
    "pct1ResTime" : 36.0,
    "pct2ResTime" : 36.0,
    "pct3ResTime" : 36.0,
    "throughput" : 1.9880715705765406,
    "receivedKBytesPerSec" : 1.3190388916500992,
    "sentKBytesPerSec" : 0.5591451292246521
  }
}