{
  "zone activity" : {
    "transaction" : "zone activity",
    "sampleCount" : 5,
    "errorCount" : 0,
    "errorPct" : 0.0,
    "meanResTime" : 326.4,
    "medianResTime" : 239.0,
    "minResTime" : 156.0,
    "maxResTime" : 542.0,
    "pct1ResTime" : 542.0,
    "pct2ResTime" : 542.0,
    "pct3ResTime" : 542.0,
    "throughput" : 2.052545155993432,
    "receivedKBytesPerSec" : 571.0898213002873,
    "sentKBytesPerSec" : 0.6694825020525452
  },
  "Total" : {
    "transaction" : "Total",
    "sampleCount" : 15,
    "errorCount" : 0,
    "errorPct" : 0.0,
    "meanResTime" : 227.80000000000004,
    "medianResTime" : 94.0,
    "minResTime" : 28.0,
    "maxResTime" : 1128.0,
    "pct1ResTime" : 776.4000000000002,
    "pct2ResTime" : 1128.0,
    "pct3ResTime" : 1128.0,
    "throughput" : 3.5893754486719307,
    "receivedKBytesPerSec" : 334.6274714345537,
    "sentKBytesPerSec" : 1.024701259272553
  },
  "login" : {
    "transaction" : "login",
    "sampleCount" : 5,
    "errorCount" : 0,
    "errorPct" : 0.0,
    "meanResTime" : 322.6,
    "medianResTime" : 94.0,
    "minResTime" : 85.0,
    "maxResTime" : 1128.0,
    "pct1ResTime" : 1128.0,
    "pct2ResTime" : 1128.0,
    "pct3ResTime" : 1128.0,
    "throughput" : 1.252191334835963,
    "receivedKBytesPerSec" : 0.9807201665414476,
    "sentKBytesPerSec" : 0.311824990608565
  },
  "create api key" : {
    "transaction" : "create api key",
    "sampleCount" : 5,
    "errorCount" : 0,
    "errorPct" : 0.0,
    "meanResTime" : 34.4,
    "medianResTime" : 28.0,
    "minResTime" : 28.0,
    "maxResTime" : 44.0,
    "pct1ResTime" : 44.0,
    "pct2ResTime" : 44.0,
    "pct3ResTime" : 44.0,
    "throughput" : 2.1385799828913603,
    "receivedKBytesPerSec" : 1.4188976956800683,
    "sentKBytesPerSec" : 0.601475620188195
  }
}