{
  "zone activity" : {
    "transaction" : "zone activity",
    "sampleCount" : 5,
    "errorCount" : 0,
    "errorPct" : 0.0,
    "meanResTime" : 54.6,
    "medianResTime" : 67.0,
    "minResTime" : 29.0,
    "maxResTime" : 71.0,
    "pct1ResTime" : 71.0,
    "pct2ResTime" : 71.0,
    "pct3ResTime" : 71.0,
    "throughput" : 2.579979360165119,
    "receivedKBytesPerSec" : 37.55482456140351,
    "sentKBytesPerSec" : 0.8389971942724458
  },
  "Total" : {
    "transaction" : "Total",
    "sampleCount" : 15,
    "errorCount" : 0,
    "errorPct" : 0.0,
    "meanResTime" : 171.39999999999998,
    "medianResTime" : 54.0,
    "minResTime" : 21.0,
    "maxResTime" : 1410.0,
    "pct1ResTime" : 873.0000000000003,
    "pct2ResTime" : 1410.0,
    "pct3ResTime" : 1410.0,
    "throughput" : 3.7537537537537538,
    "receivedKBytesPerSec" : 20.02417456519019,
    "sentKBytesPerSec" : 1.0704063438438438
  },
  "login" : {
    "transaction" : "login",
    "sampleCount" : 5,
    "errorCount" : 0,
    "errorPct" : 0.0,
    "meanResTime" : 424.0,
    "medianResTime" : 74.0,
    "minResTime" : 50.0,
    "maxResTime" : 1410.0,
    "pct1ResTime" : 1410.0,
    "pct2ResTime" : 1410.0,
    "pct3ResTime" : 1410.0,
    "throughput" : 1.2677484787018256,
    "receivedKBytesPerSec" : 0.9929045702332657,
    "sentKBytesPerSec" : 0.31569908405172414
  },
  "create api key" : {
    "transaction" : "create api key",
    "sampleCount" : 5,
    "errorCount" : 0,
    "errorPct" : 0.0,
    "meanResTime" : 35.6,
    "medianResTime" : 38.0,
    "minResTime" : 21.0,
    "maxResTime" : 54.0,
    "pct1ResTime" : 54.0,
    "pct2ResTime" : 54.0,
    "pct3ResTime" : 54.0,
    "throughput" : 2.5458248472505094,
    "receivedKBytesPerSec" : 1.6900895812118126,
    "sentKBytesPerSec" : 0.7160132382892057
  }
}