{
  "zone activity" : {
    "transaction" : "zone activity",
    "sampleCount" : 5,
    "errorCount" : 0,
    "errorPct" : 0.0,
    "meanResTime" : 65.0,
    "medianResTime" : 61.0,
    "minResTime" : 59.0,
    "maxResTime" : 74.0,
    "pct1ResTime" : 74.0,
    "pct2ResTime" : 74.0,
    "pct3ResTime" : 74.0,
    "throughput" : 1.926040061633282,
    "receivedKBytesPerSec" : 536.0741284668721,
    "sentKBytesPerSec" : 0.6282200982280431
  },
  "Total" : {
    "transaction" : "Total",
    "sampleCount" : 15,
    "errorCount" : 0,
    "errorPct" : 0.0,
    "meanResTime" : 92.80000000000001,
    "medianResTime" : 49.0,
    "minResTime" : 12.0,
    "maxResTime" : 789.0,
    "pct1ResTime" : 360.0000000000002,
    "pct2ResTime" : 789.0,
    "pct3ResTime" : 789.0,
    "throughput" : 3.7257824143070044,
    "receivedKBytesPerSec" : 347.4619562686289,
    "sentKBytesPerSec" : 1.0636429613760556
  },
  "login" : {
    "transaction" : "login",
    "sampleCount" : 5,
    "errorCount" : 0,
    "errorPct" : 0.0,
    "meanResTime" : 189.2,
    "medianResTime" : 38.0,
    "minResTime" : 33.0,
    "maxResTime" : 789.0,
    "pct1ResTime" : 789.0,
    "pct2ResTime" : 789.0,
    "pct3ResTime" : 789.0,
    "throughput" : 1.2658227848101267,
    "receivedKBytesPerSec" : 0.9913963607594937,
    "sentKBytesPerSec" : 0.3152195411392405
  },
  "create api key" : {
    "transaction" : "create api key",
    "sampleCount" : 5,
    "errorCount" : 0,
    "errorPct" : 0.0,
    "meanResTime" : 24.2,
    "medianResTime" : 12.0,
    "minResTime" : 12.0,
    "maxResTime" : 49.0,
    "pct1ResTime" : 49.0,
    "pct2ResTime" : 49.0,
    "pct3ResTime" : 49.0,
    "throughput" : 1.9357336430507162,
    "receivedKBytesPerSec" : 1.284313903406891,
    "sentKBytesPerSec" : 0.5444250871080138
  }
}