{
  "zone activity" : {
    "transaction" : "zone activity",
    "sampleCount" : 5,
    "errorCount" : 0,
    "errorPct" : 0.0,
    "meanResTime" : 68.4,
    "medianResTime" : 67.0,
    "minResTime" : 60.0,
    "maxResTime" : 76.0,
    "pct1ResTime" : 76.0,
    "pct2ResTime" : 76.0,
    "pct3ResTime" : 76.0,
    "throughput" : 2.239140170174653,
    "receivedKBytesPerSec" : 622.9532859381997,
    "sentKBytesPerSec" : 0.7303445476936856
  },
  "Total" : {
    "transaction" : "Total",
    "sampleCount" : 15,
    "errorCount" : 0,
    "errorPct" : 0.0,
    "meanResTime" : 128.39999999999998,
    "medianResTime" : 43.0,
    "minResTime" : 11.0,
    "maxResTime" : 1130.0,
    "pct1ResTime" : 590.0000000000003,
    "pct2ResTime" : 1130.0,
    "pct3ResTime" : 1130.0,
    "throughput" : 3.7267080745341614,
    "receivedKBytesPerSec" : 347.40100931677017,
    "sentKBytesPerSec" : 1.0639072204968942
  },
  "login" : {
    "transaction" : "login",
    "sampleCount" : 5,
    "errorCount" : 0,
    "errorPct" : 0.0,
    "meanResTime" : 294.8,
    "medianResTime" : 43.0,
    "minResTime" : 33.0,
    "maxResTime" : 1130.0,
    "pct1ResTime" : 1130.0,
    "pct2ResTime" : 1130.0,
    "pct3ResTime" : 1130.0,
    "throughput" : 1.2716174974567651,
    "receivedKBytesPerSec" : 0.9959347978128179,
    "sentKBytesPerSec" : 0.31666256040183116
  },
  "create api key" : {
    "transaction" : "create api key",
    "sampleCount" : 5,
    "errorCount" : 0,
    "errorPct" : 0.0,
    "meanResTime" : 22.0,
    "medianResTime" : 27.0,
    "minResTime" : 11.0,
    "maxResTime" : 30.0,
    "pct1ResTime" : 30.0,
    "pct2ResTime" : 30.0,
    "pct3ResTime" : 30.0,
    "throughput" : 2.2583559168925023,
    "receivedKBytesPerSec" : 1.498807305781391,
    "sentKBytesPerSec" : 0.6351626016260162
  }
}